game_id,start_time,league_name,home_team,away_team,home_score,away_score,status,date_scraped
252871,2025-04-22T22:10:00.000Z,mlb,Guardians,Yankees,3,2,complete,2026-04-21 18:21:43.850299
252872,2025-04-22T22:40:00.000Z,mlb,Marlins,Reds,4,3,complete,2026-04-21 18:21:43.850299
252873,2025-04-22T22:40:00.000Z,mlb,Tigers,Padres,0,2,complete,2026-04-21 18:21:43.850299
252874,2025-04-22T22:45:00.000Z,mlb,Nationals,Orioles,7,0,complete,2026-04-21 18:21:43.850299
252875,2025-04-22T22:45:00.000Z,mlb,Red Sox,Mariners,8,3,complete,2026-04-21 18:21:43.850299
252876,2025-04-22T23:10:00.000Z,mlb,Mets,Phillies,5,1,complete,2026-04-21 18:21:43.850299
252877,2025-04-22T23:15:00.000Z,mlb,Braves,Cardinals,4,10,complete,2026-04-21 18:21:43.850299
252878,2025-04-22T23:40:00.000Z,mlb,Cubs,Dodgers,11,10,complete,2026-04-21 18:21:43.850299
252879,2025-04-22T23:40:00.000Z,mlb,Royals,Rockies,4,3,complete,2026-04-21 18:21:43.850299
252880,2025-04-22T23:40:00.000Z,mlb,Twins,White Sox,4,2,complete,2026-04-21 18:21:43.850299
252881,2025-04-23T00:10:00.000Z,mlb,Astros,Blue Jays,5,1,complete,2026-04-21 18:21:43.850299
252882,2025-04-23T01:38:00.000Z,mlb,Angels,Pirates,3,9,complete,2026-04-21 18:21:43.850299
252883,2025-04-23T01:40:00.000Z,mlb,Diamondbacks,Rays,5,1,complete,2026-04-21 18:21:43.850299
252884,2025-04-23T01:45:00.000Z,mlb,Giants,Brewers,3,11,complete,2026-04-21 18:21:43.850299
252885,2025-04-23T02:05:00.000Z,mlb,Athletics,Rangers,5,8,complete,2026-04-21 18:21:43.850299
252926,2025-04-23T16:15:00.000Z,mlb,Braves,Cardinals,4,1,complete,2026-04-21 18:21:43.850299
252927,2025-04-23T17:10:00.000Z,mlb,Mets,Phillies,4,3,complete,2026-04-21 18:21:43.850299
252928,2025-04-23T17:10:00.000Z,mlb,Tigers,Padres,6,0,complete,2026-04-21 18:21:43.850299
252929,2025-04-23T17:10:00.000Z,mlb,Guardians,Yankees,1,5,complete,2026-04-21 18:21:43.850299
252930,2025-04-23T17:10:00.000Z,mlb,Marlins,Reds,2,5,complete,2026-04-21 18:21:43.850299
252931,2025-04-23T22:45:00.000Z,mlb,Nationals,Orioles,4,3,complete,2026-04-21 18:21:43.850299
252932,2025-04-23T22:45:00.000Z,mlb,Red Sox,Mariners,5,8,complete,2026-04-21 18:21:43.850299
252933,2025-04-23T23:00:00.000Z,mlb,Cubs,Dodgers,7,6,complete,2026-04-21 18:21:43.850299
252935,2025-04-23T23:40:00.000Z,mlb,Astros,Blue Jays,3,1,complete,2026-04-21 18:21:43.850299
252936,2025-04-23T23:40:00.000Z,mlb,Twins,White Sox,6,3,complete,2026-04-21 18:21:43.850299
252937,2025-04-24T01:38:00.000Z,mlb,Angels,Pirates,0,3,complete,2026-04-21 18:21:43.850299
252938,2025-04-24T01:40:00.000Z,mlb,Diamondbacks,Rays,6,7,complete,2026-04-21 18:21:43.850299
252939,2025-04-24T01:45:00.000Z,mlb,Giants,Brewers,4,2,complete,2026-04-21 18:21:43.850299
252940,2025-04-24T02:05:00.000Z,mlb,Athletics,Rangers,5,2,complete,2026-04-21 18:21:43.850299
252970,2025-04-24T17:10:00.000Z,mlb,Twins,White Sox,0,3,complete,2026-04-21 18:21:43.850299
252971,2025-04-24T17:35:00.000Z,mlb,Red Sox,Mariners,3,4,complete,2026-04-21 18:21:43.850299
252972,2025-04-24T18:10:00.000Z,mlb,Royals,Rockies,7,4,complete,2026-04-21 18:21:43.850299
252973,2025-04-24T19:45:00.000Z,mlb,Giants,Brewers,6,5,complete,2026-04-21 18:21:43.850299
255872,2025-04-24T21:25:00.000Z,mlb,Royals,Rockies,6,2,complete,2026-04-21 18:21:43.850299
252974,2025-04-24T22:45:00.000Z,mlb,Nationals,Orioles,1,2,complete,2026-04-21 18:21:43.850299
252975,2025-04-25T01:29:00.000Z,mlb,Angels,Pirates,4,3,complete,2026-04-21 18:21:43.850299
252976,2025-04-25T01:40:00.000Z,mlb,Diamondbacks,Rays,4,7,complete,2026-04-21 18:21:43.850299
252977,2025-04-25T02:05:00.000Z,mlb,Athletics,Rangers,4,3,complete,2026-04-21 18:21:43.850299
253012,2025-04-25T18:20:00.000Z,mlb,Cubs,Phillies,4,0,complete,2026-04-21 18:21:43.850299
253014,2025-04-25T22:45:00.000Z,mlb,Nationals,Mets,5,4,complete,2026-04-21 18:21:43.850299
253015,2025-04-25T23:05:00.000Z,mlb,Yankees,Blue Jays,2,4,complete,2026-04-21 18:21:43.850299
253017,2025-04-25T23:40:00.000Z,mlb,Royals,Astros,2,0,complete,2026-04-21 18:21:43.850299
253018,2025-04-25T23:40:00.000Z,mlb,Twins,Angels,11,4,complete,2026-04-21 18:21:43.850299
253019,2025-04-26T00:15:00.000Z,mlb,Cardinals,Brewers,3,2,complete,2026-04-21 18:21:43.850299
253020,2025-04-26T00:40:00.000Z,mlb,Rockies,Reds,7,8,complete,2026-04-21 18:21:43.850299
253021,2025-04-26T01:40:00.000Z,mlb,Diamondbacks,Braves,2,8,complete,2026-04-21 18:21:43.850299
253022,2025-04-26T01:40:00.000Z,mlb,Mariners,Marlins,4,8,complete,2026-04-21 18:21:43.850299
253023,2025-04-26T01:40:00.000Z,mlb,Padres,Rays,0,1,complete,2026-04-21 18:21:43.850299
253024,2025-04-26T02:05:00.000Z,mlb,Athletics,White Sox,6,5,complete,2026-04-21 18:21:43.850299
253025,2025-04-26T02:10:00.000Z,mlb,Dodgers,Pirates,0,3,complete,2026-04-21 18:21:43.850299
253026,2025-04-26T02:15:00.000Z,mlb,Giants,Rangers,0,2,complete,2026-04-21 18:21:43.850299
253062,2025-04-26T17:10:00.000Z,mlb,Tigers,Orioles,4,3,complete,2026-04-21 18:21:43.850299
255905,2025-04-26T17:10:00.000Z,mlb,Guardians,Red Sox,5,4,complete,2026-04-21 18:21:43.850299
253063,2025-04-26T18:10:00.000Z,mlb,Twins,Angels,5,1,complete,2026-04-21 18:21:43.850299
253064,2025-04-26T18:15:00.000Z,mlb,Cardinals,Brewers,6,5,complete,2026-04-21 18:21:43.850299
253065,2025-04-26T19:10:00.000Z,mlb,Rockies,Reds,4,6,complete,2026-04-21 18:21:43.850299
253066,2025-04-26T20:05:00.000Z,mlb,Athletics,White Sox,3,10,complete,2026-04-21 18:21:43.850299
253067,2025-04-26T20:05:00.000Z,mlb,Giants,Rangers,3,2,complete,2026-04-21 18:21:43.850299
253068,2025-04-26T20:05:00.000Z,mlb,Cubs,Phillies,4,10,complete,2026-04-21 18:21:43.850299
253069,2025-04-26T20:05:00.000Z,mlb,Nationals,Mets,0,2,complete,2026-04-21 18:21:43.850299
253070,2025-04-26T22:10:00.000Z,mlb,Guardians,Red Sox,3,7,complete,2026-04-21 18:21:43.850299
255906,2025-04-26T22:10:00.000Z,mlb,Tigers,Orioles,6,2,complete,2026-04-21 18:21:43.850299
253071,2025-04-26T23:10:00.000Z,mlb,Royals,Astros,2,0,complete,2026-04-21 18:21:43.850299
253072,2025-04-27T00:10:00.000Z,mlb,Diamondbacks,Braves,7,8,complete,2026-04-21 18:21:43.850299
253073,2025-04-27T00:40:00.000Z,mlb,Padres,Rays,1,4,complete,2026-04-21 18:21:43.850299
253074,2025-04-27T01:10:00.000Z,mlb,Dodgers,Pirates,8,4,complete,2026-04-21 18:21:43.850299
253075,2025-04-27T01:40:00.000Z,mlb,Mariners,Marlins,14,0,complete,2026-04-21 18:21:43.850299
253117,2025-04-27T17:35:00.000Z,mlb,Yankees,Blue Jays,11,2,complete,2026-04-21 18:21:43.850299
253118,2025-04-27T17:35:00.000Z,mlb,Nationals,Mets,8,7,complete,2026-04-21 18:21:43.850299
253119,2025-04-27T17:40:00.000Z,mlb,Guardians,Red Sox,3,13,complete,2026-04-21 18:21:43.850299
253120,2025-04-27T17:40:00.000Z,mlb,Tigers,Orioles,7,0,complete,2026-04-21 18:21:43.850299
253122,2025-04-27T17:40:00.000Z,mlb,Twins,Angels,5,0,complete,2026-04-21 18:21:43.850299
253121,2025-04-27T18:10:00.000Z,mlb,Royals,Astros,3,7,complete,2026-04-21 18:21:43.850299
253123,2025-04-27T18:15:00.000Z,mlb,Cardinals,Brewers,1,7,complete,2026-04-21 18:21:43.850299
253124,2025-04-27T19:10:00.000Z,mlb,Rockies,Reds,1,8,complete,2026-04-21 18:21:43.850299
253125,2025-04-27T20:05:00.000Z,mlb,Giants,Rangers,3,2,complete,2026-04-21 18:21:43.850299
253126,2025-04-27T20:05:00.000Z,mlb,Athletics,White Sox,3,2,complete,2026-04-21 18:21:43.850299
253127,2025-04-27T20:10:00.000Z,mlb,Mariners,Marlins,7,6,complete,2026-04-21 18:21:43.850299
253128,2025-04-27T20:10:00.000Z,mlb,Dodgers,Pirates,9,2,complete,2026-04-21 18:21:43.850299
253129,2025-04-27T20:10:00.000Z,mlb,Diamondbacks,Braves,6,4,complete,2026-04-21 18:21:43.850299
253130,2025-04-27T20:10:00.000Z,mlb,Padres,Rays,2,4,complete,2026-04-21 18:21:43.850299
255930,2025-04-27T21:25:00.000Z,mlb,Yankees,Blue Jays,5,1,complete,2026-04-21 18:21:43.850299
253131,2025-04-27T23:10:00.000Z,mlb,Cubs,Phillies,1,3,complete,2026-04-21 18:21:43.850299
253155,2025-04-28T20:05:00.000Z,mlb,Nationals,Mets,5,19,complete,2026-04-21 18:21:43.850299
253156,2025-04-28T22:10:00.000Z,mlb,Guardians,Twins,1,11,complete,2026-04-21 18:21:43.850299
253157,2025-04-28T22:35:00.000Z,mlb,Orioles,Yankees,4,3,complete,2026-04-21 18:21:43.850299
253158,2025-04-28T22:40:00.000Z,mlb,Reds,Cardinals,3,1,complete,2026-04-21 18:21:43.850299
253159,2025-04-29T00:05:00.000Z,mlb,Rangers,Athletics,1,2,complete,2026-04-21 18:21:43.850299
253160,2025-04-29T00:10:00.000Z,mlb,Astros,Tigers,8,5,complete,2026-04-21 18:21:43.850299
253161,2025-04-29T00:40:00.000Z,mlb,Rockies,Braves,3,6,complete,2026-04-21 18:21:43.850299
253162,2025-04-29T02:10:00.000Z,mlb,Dodgers,Marlins,7,6,complete,2026-04-21 18:21:43.850299
253182,2025-04-29T22:10:00.000Z,mlb,Guardians,Twins,2,1,complete,2026-04-21 18:21:43.850299
253183,2025-04-29T22:35:00.000Z,mlb,Orioles,Yankees,3,15,complete,2026-04-21 18:21:43.850299
253184,2025-04-29T22:40:00.000Z,mlb,Pirates,Cubs,0,9,complete,2026-04-21 18:21:43.850299
253186,2025-04-29T22:45:00.000Z,mlb,Phillies,Nationals,7,6,complete,2026-04-21 18:21:43.850299
253187,2025-04-29T23:05:00.000Z,mlb,Rays,Royals,1,3,complete,2026-04-21 18:21:43.850299
253188,2025-04-29T23:07:00.000Z,mlb,Blue Jays,Red Sox,2,10,complete,2026-04-21 18:21:43.850299
253189,2025-04-29T23:10:00.000Z,mlb,Mets,Diamondbacks,8,3,complete,2026-04-21 18:21:43.850299
253190,2025-04-29T23:40:00.000Z,mlb,White Sox,Brewers,2,7,complete,2026-04-21 18:21:43.850299
253191,2025-04-30T00:05:00.000Z,mlb,Rangers,Athletics,15,2,complete,2026-04-21 18:21:43.850299
253192,2025-04-30T00:10:00.000Z,mlb,Astros,Tigers,6,4,complete,2026-04-21 18:21:43.850299
253193,2025-04-30T00:40:00.000Z,mlb,Rockies,Braves,2,8,complete,2026-04-21 18:21:43.850299
253194,2025-04-30T01:40:00.000Z,mlb,Mariners,Angels,5,3,complete,2026-04-21 18:21:43.850299
253195,2025-04-30T01:40:00.000Z,mlb,Padres,Giants,7,4,complete,2026-04-21 18:21:43.850299
253196,2025-04-30T02:10:00.000Z,mlb,Dodgers,Marlins,15,2,complete,2026-04-21 18:21:43.850299
256037,2025-04-30T16:40:00.000Z,mlb,Reds,Cardinals,0,6,complete,2026-04-21 18:21:43.850299
253245,2025-04-30T18:10:00.000Z,mlb,Astros,Tigers,4,7,complete,2026-04-21 18:21:43.850299
253246,2025-04-30T19:10:00.000Z,mlb,Rockies,Braves,2,1,complete,2026-04-21 18:21:43.850299
253247,2025-04-30T19:10:00.000Z,mlb,Dodgers,Marlins,12,7,complete,2026-04-21 18:21:43.850299
253248,2025-04-30T20:10:00.000Z,mlb,Mariners,Angels,9,3,complete,2026-04-21 18:21:43.850299
253249,2025-04-30T20:10:00.000Z,mlb,Padres,Giants,5,3,complete,2026-04-21 18:21:43.850299
253250,2025-04-30T22:10:00.000Z,mlb,Guardians,Twins,4,2,complete,2026-04-21 18:21:43.850299
253251,2025-04-30T22:35:00.000Z,mlb,Orioles,Yankees,5,4,complete,2026-04-21 18:21:43.850299
253252,2025-04-30T22:40:00.000Z,mlb,Pirates,Cubs,4,3,complete,2026-04-21 18:21:43.850299
253253,2025-04-30T22:40:00.000Z,mlb,Reds,Cardinals,1,9,complete,2026-04-21 18:21:43.850299
253254,2025-04-30T22:45:00.000Z,mlb,Phillies,Nationals,7,2,complete,2026-04-21 18:21:43.850299
253255,2025-04-30T23:05:00.000Z,mlb,Rays,Royals,0,3,complete,2026-04-21 18:21:43.850299
253256,2025-04-30T23:07:00.000Z,mlb,Blue Jays,Red Sox,7,6,complete,2026-04-21 18:21:43.850299
253257,2025-04-30T23:10:00.000Z,mlb,Mets,Diamondbacks,3,4,complete,2026-04-21 18:21:43.850299
253258,2025-04-30T23:40:00.000Z,mlb,White Sox,Brewers,4,6,complete,2026-04-21 18:21:43.850299
253259,2025-05-01T00:05:00.000Z,mlb,Rangers,Athletics,1,7,complete,2026-04-21 18:21:43.850299
253268,2025-05-01T16:35:00.000Z,mlb,Pirates,Cubs,3,8,complete,2026-04-21 18:21:43.850299
253269,2025-05-01T16:40:00.000Z,mlb,Reds,Cardinals,9,1,complete,2026-04-21 18:21:43.850299
253270,2025-05-01T17:10:00.000Z,mlb,Guardians,Twins,4,3,complete,2026-04-21 18:21:43.850299
253271,2025-05-01T17:10:00.000Z,mlb,Mets,Diamondbacks,2,4,complete,2026-04-21 18:21:43.850299
253272,2025-05-01T17:10:00.000Z,mlb,Rays,Royals,2,8,complete,2026-04-21 18:21:43.850299
253273,2025-05-01T18:10:00.000Z,mlb,White Sox,Brewers,8,0,complete,2026-04-21 18:21:43.850299
253274,2025-05-01T18:35:00.000Z,mlb,Rangers,Athletics,0,3,complete,2026-04-21 18:21:43.850299
253275,2025-05-01T22:45:00.000Z,mlb,Phillies,Nationals,2,4,complete,2026-04-21 18:21:43.850299
253276,2025-05-01T23:07:00.000Z,mlb,Blue Jays,Red Sox,4,2,complete,2026-04-21 18:21:43.850299
253277,2025-05-02T01:38:00.000Z,mlb,Angels,Tigers,4,10,complete,2026-04-21 18:21:43.850299
253278,2025-05-02T01:45:00.000Z,mlb,Giants,Rockies,3,4,complete,2026-04-21 18:21:43.850299
253300,2025-05-02T22:10:00.000Z,mlb,Reds,Nationals,6,1,complete,2026-04-21 18:21:43.850299
253301,2025-05-02T22:40:00.000Z,mlb,Pirates,Padres,4,9,complete,2026-04-21 18:21:43.850299
253302,2025-05-02T22:45:00.000Z,mlb,Phillies,Diamondbacks,3,2,complete,2026-04-21 18:21:43.850299
253303,2025-05-02T23:05:00.000Z,mlb,Orioles,Royals,3,0,complete,2026-04-21 18:21:43.850299
253304,2025-05-02T23:05:00.000Z,mlb,Yankees,Rays,3,0,complete,2026-04-21 18:21:43.850299
253305,2025-05-02T23:07:00.000Z,mlb,Blue Jays,Guardians,5,3,complete,2026-04-21 18:21:43.850299
253306,2025-05-02T23:10:00.000Z,mlb,Red Sox,Twins,6,1,complete,2026-04-21 18:21:43.850299
253307,2025-05-02T23:10:00.000Z,mlb,Marlins,Athletics,1,6,complete,2026-04-21 18:21:43.850299
253308,2025-05-02T23:15:00.000Z,mlb,Braves,Dodgers,1,2,complete,2026-04-21 18:21:43.850299
253309,2025-05-02T23:40:00.000Z,mlb,White Sox,Astros,7,3,complete,2026-04-21 18:21:43.850299
253310,2025-05-03T00:05:00.000Z,mlb,Rangers,Mariners,1,13,complete,2026-04-21 18:21:43.850299
253311,2025-05-03T00:10:00.000Z,mlb,Brewers,Cubs,0,10,complete,2026-04-21 18:21:43.850299
253312,2025-05-03T00:15:00.000Z,mlb,Cardinals,Mets,3,9,complete,2026-04-21 18:21:43.850299
253313,2025-05-03T01:38:00.000Z,mlb,Angels,Tigers,1,9,complete,2026-04-21 18:21:43.850299
253314,2025-05-03T02:15:00.000Z,mlb,Giants,Rockies,4,0,complete,2026-04-21 18:21:43.850299
253336,2025-05-03T17:05:00.000Z,mlb,Yankees,Rays,2,3,complete,2026-04-21 18:21:43.850299
253337,2025-05-03T18:10:00.000Z,mlb,White Sox,Astros,3,8,complete,2026-04-21 18:21:43.850299
253339,2025-05-03T19:07:00.000Z,mlb,Blue Jays,Guardians,3,5,complete,2026-04-21 18:21:43.850299
253340,2025-05-03T20:05:00.000Z,mlb,Pirates,Padres,1,2,complete,2026-04-21 18:21:43.850299
253341,2025-05-03T20:05:00.000Z,mlb,Giants,Rockies,6,3,complete,2026-04-21 18:21:43.850299
253342,2025-05-03T20:10:00.000Z,mlb,Marlins,Athletics,9,6,complete,2026-04-21 18:21:43.850299
253343,2025-05-03T20:10:00.000Z,mlb,Red Sox,Twins,3,4,complete,2026-04-21 18:21:43.850299
253344,2025-05-03T22:05:00.000Z,mlb,Phillies,Diamondbacks,7,2,complete,2026-04-21 18:21:43.850299
253345,2025-05-03T22:40:00.000Z,mlb,Reds,Nationals,6,11,complete,2026-04-21 18:21:43.850299
253346,2025-05-03T23:05:00.000Z,mlb,Rangers,Mariners,1,2,complete,2026-04-21 18:21:43.850299
253347,2025-05-03T23:10:00.000Z,mlb,Brewers,Cubs,2,6,complete,2026-04-21 18:21:43.850299
253348,2025-05-03T23:15:00.000Z,mlb,Orioles,Royals,0,4,complete,2026-04-21 18:21:43.850299
253349,2025-05-03T23:15:00.000Z,mlb,Braves,Dodgers,3,10,complete,2026-04-21 18:21:43.850299
253350,2025-05-04T01:38:00.000Z,mlb,Angels,Tigers,5,2,complete,2026-04-21 18:21:43.850299
253368,2025-05-04T17:15:00.000Z,mlb,Cardinals,Mets,6,5,complete,2026-04-21 18:21:43.850299
253359,2025-05-04T17:35:00.000Z,mlb,Pirates,Padres,0,4,complete,2026-04-21 18:21:43.850299
253360,2025-05-04T17:35:00.000Z,mlb,Red Sox,Twins,4,5,complete,2026-04-21 18:21:43.850299
253361,2025-05-04T17:35:00.000Z,mlb,Yankees,Rays,5,7,complete,2026-04-21 18:21:43.850299
253362,2025-05-04T17:35:00.000Z,mlb,Orioles,Royals,6,11,complete,2026-04-21 18:21:43.850299
253363,2025-05-04T17:37:00.000Z,mlb,Blue Jays,Guardians,4,5,complete,2026-04-21 18:21:43.850299
253364,2025-05-04T17:40:00.000Z,mlb,Marlins,Athletics,2,3,complete,2026-04-21 18:21:43.850299
253365,2025-05-04T18:05:00.000Z,mlb,Phillies,Diamondbacks,9,11,complete,2026-04-21 18:21:43.850299
253366,2025-05-04T18:10:00.000Z,mlb,White Sox,Astros,5,4,complete,2026-04-21 18:21:43.850299
253367,2025-05-04T18:10:00.000Z,mlb,Brewers,Cubs,4,0,complete,2026-04-21 18:21:43.850299
253369,2025-05-04T18:35:00.000Z,mlb,Rangers,Mariners,8,1,complete,2026-04-21 18:21:43.850299
253370,2025-05-04T20:05:00.000Z,mlb,Giants,Rockies,9,3,complete,2026-04-21 18:21:43.850299
253371,2025-05-04T20:07:00.000Z,mlb,Angels,Tigers,1,13,complete,2026-04-21 18:21:43.850299
253372,2025-05-04T20:10:00.000Z,mlb,Reds,Nationals,1,4,complete,2026-04-21 18:21:43.850299
256153,2025-05-04T22:15:00.000Z,mlb,Cardinals,Mets,5,4,complete,2026-04-21 18:21:43.850299
253373,2025-05-04T23:10:00.000Z,mlb,Braves,Dodgers,4,3,complete,2026-04-21 18:21:43.850299
253382,2025-05-05T22:40:00.000Z,mlb,Marlins,Dodgers,4,7,complete,2026-04-21 18:21:43.850299
253384,2025-05-05T23:05:00.000Z,mlb,Yankees,Padres,3,4,complete,2026-04-21 18:21:43.850299
253385,2025-05-05T23:15:00.000Z,mlb,Braves,Reds,4,0,complete,2026-04-21 18:21:43.850299
253386,2025-05-05T23:40:00.000Z,mlb,Cubs,Giants,9,2,complete,2026-04-21 18:21:43.850299
253387,2025-05-05T23:40:00.000Z,mlb,Brewers,Astros,5,1,complete,2026-04-21 18:21:43.850299
253388,2025-05-05T23:40:00.000Z,mlb,Royals,White Sox,3,0,complete,2026-04-21 18:21:43.850299
253389,2025-05-05T23:45:00.000Z,mlb,Cardinals,Pirates,6,3,complete,2026-04-21 18:21:43.850299
253390,2025-05-06T01:40:00.000Z,mlb,Diamondbacks,Mets,4,5,complete,2026-04-21 18:21:43.850299
253391,2025-05-06T02:05:00.000Z,mlb,Athletics,Mariners,7,6,complete,2026-04-21 18:21:43.850299
253434,2025-05-06T19:35:00.000Z,mlb,Nationals,Guardians,10,9,complete,2026-04-21 18:21:43.850299
253432,2025-05-06T22:40:00.000Z,mlb,Marlins,Dodgers,5,4,complete,2026-04-21 18:21:43.850299
253433,2025-05-06T22:45:00.000Z,mlb,Red Sox,Rangers,1,6,complete,2026-04-21 18:21:43.850299
253435,2025-05-06T23:05:00.000Z,mlb,Yankees,Padres,12,3,complete,2026-04-21 18:21:43.850299
253436,2025-05-06T23:05:00.000Z,mlb,Rays,Phillies,4,8,complete,2026-04-21 18:21:43.850299
256268,2025-05-06T23:10:00.000Z,mlb,Nationals,Guardians,1,9,complete,2026-04-21 18:21:43.850299
253437,2025-05-06T23:15:00.000Z,mlb,Braves,Reds,2,1,complete,2026-04-21 18:21:43.850299
253438,2025-05-06T23:40:00.000Z,mlb,Cubs,Giants,5,14,complete,2026-04-21 18:21:43.850299
253439,2025-05-06T23:40:00.000Z,mlb,Brewers,Astros,4,3,complete,2026-04-21 18:21:43.850299
253440,2025-05-06T23:40:00.000Z,mlb,Royals,White Sox,4,3,complete,2026-04-21 18:21:43.850299
253441,2025-05-06T23:40:00.000Z,mlb,Twins,Orioles,9,1,complete,2026-04-21 18:21:43.850299
253442,2025-05-06T23:45:00.000Z,mlb,Cardinals,Pirates,2,1,complete,2026-04-21 18:21:43.850299
253444,2025-05-07T01:38:00.000Z,mlb,Angels,Blue Jays,8,3,complete,2026-04-21 18:21:43.850299
253445,2025-05-07T01:40:00.000Z,mlb,Diamondbacks,Mets,5,1,complete,2026-04-21 18:21:43.850299
253446,2025-05-07T02:05:00.000Z,mlb,Athletics,Mariners,3,5,complete,2026-04-21 18:21:43.850299
253468,2025-05-07T16:05:00.000Z,mlb,Nationals,Guardians,6,8,complete,2026-04-21 18:21:43.850299
253469,2025-05-07T17:10:00.000Z,mlb,Brewers,Astros,1,9,complete,2026-04-21 18:21:43.850299
253470,2025-05-07T17:15:00.000Z,mlb,Cardinals,Pirates,5,0,complete,2026-04-21 18:21:43.850299
253471,2025-05-07T18:20:00.000Z,mlb,Cubs,Giants,1,3,complete,2026-04-21 18:21:43.850299
253472,2025-05-07T19:35:00.000Z,mlb,Athletics,Mariners,5,6,complete,2026-04-21 18:21:43.850299
253473,2025-05-07T19:40:00.000Z,mlb,Diamondbacks,Mets,1,7,complete,2026-04-21 18:21:43.850299
253474,2025-05-07T20:40:00.000Z,mlb,Marlins,Dodgers,1,10,complete,2026-04-21 18:21:43.850299
253475,2025-05-07T22:45:00.000Z,mlb,Red Sox,Rangers,6,4,complete,2026-04-21 18:21:43.850299
253476,2025-05-07T23:05:00.000Z,mlb,Yankees,Padres,4,3,complete,2026-04-21 18:21:43.850299
253477,2025-05-07T23:05:00.000Z,mlb,Rays,Phillies,0,7,complete,2026-04-21 18:21:43.850299
253478,2025-05-07T23:15:00.000Z,mlb,Braves,Reds,3,4,complete,2026-04-21 18:21:43.850299
253479,2025-05-07T23:40:00.000Z,mlb,Royals,White Sox,2,1,complete,2026-04-21 18:21:43.850299
253480,2025-05-07T23:40:00.000Z,mlb,Twins,Orioles,5,2,complete,2026-04-21 18:21:43.850299
253481,2025-05-08T00:40:00.000Z,mlb,Rockies,Tigers,6,8,complete,2026-04-21 18:21:43.850299
253482,2025-05-08T01:38:00.000Z,mlb,Angels,Blue Jays,5,4,complete,2026-04-21 18:21:43.850299
253499,2025-05-08T17:10:00.000Z,mlb,Twins,Orioles,5,2,complete,2026-04-21 18:21:43.850299
253500,2025-05-08T17:35:00.000Z,mlb,Red Sox,Rangers,5,0,complete,2026-04-21 18:21:43.850299
253501,2025-05-08T18:10:00.000Z,mlb,Royals,White Sox,10,0,complete,2026-04-21 18:21:43.850299
253502,2025-05-08T19:10:00.000Z,mlb,Rockies,Tigers,2,10,complete,2026-04-21 18:21:43.850299
256334,2025-05-08T22:10:00.000Z,mlb,Rockies,Tigers,1,11,complete,2026-04-21 18:21:43.850299
253503,2025-05-08T23:05:00.000Z,mlb,Rays,Phillies,6,7,complete,2026-04-21 18:21:43.850299
253504,2025-05-08T23:15:00.000Z,mlb,Braves,Reds,5,4,complete,2026-04-21 18:21:43.850299
253505,2025-05-09T01:38:00.000Z,mlb,Angels,Blue Jays,5,8,complete,2026-04-21 18:21:43.850299
253506,2025-05-09T01:40:00.000Z,mlb,Diamondbacks,Dodgers,5,3,complete,2026-04-21 18:21:43.850299
253531,2025-05-09T22:40:00.000Z,mlb,Tigers,Rangers,2,1,complete,2026-04-21 18:21:43.850299
253532,2025-05-09T22:40:00.000Z,mlb,Pirates,Braves,3,2,complete,2026-04-21 18:21:43.850299
253533,2025-05-09T22:45:00.000Z,mlb,Nationals,Cardinals,0,10,complete,2026-04-21 18:21:43.850299
253534,2025-05-09T23:05:00.000Z,mlb,Rays,Brewers,4,3,complete,2026-04-21 18:21:43.850299
253535,2025-05-09T23:10:00.000Z,mlb,Guardians,Phillies,6,0,complete,2026-04-21 18:21:43.850299
253536,2025-05-09T23:10:00.000Z,mlb,Mets,Cubs,7,2,complete,2026-04-21 18:21:43.850299
253537,2025-05-09T23:40:00.000Z,mlb,Royals,Red Sox,2,1,complete,2026-04-21 18:21:43.850299
253538,2025-05-09T23:40:00.000Z,mlb,White Sox,Marlins,6,2,complete,2026-04-21 18:21:43.850299
253539,2025-05-10T00:10:00.000Z,mlb,Astros,Reds,3,0,complete,2026-04-21 18:21:43.850299
253540,2025-05-10T00:10:00.000Z,mlb,Twins,Giants,3,1,complete,2026-04-21 18:21:43.850299
253541,2025-05-10T00:40:00.000Z,mlb,Rockies,Padres,9,13,complete,2026-04-21 18:21:43.850299
253542,2025-05-10T01:38:00.000Z,mlb,Angels,Orioles,1,4,complete,2026-04-21 18:21:43.850299
253543,2025-05-10T01:40:00.000Z,mlb,Mariners,Blue Jays,3,6,complete,2026-04-21 18:21:43.850299
253544,2025-05-10T01:40:00.000Z,mlb,Diamondbacks,Dodgers,11,14,complete,2026-04-21 18:21:43.850299
253545,2025-05-10T02:05:00.000Z,mlb,Athletics,Yankees,2,10,complete,2026-04-21 18:21:43.850299
253563,2025-05-10T20:05:00.000Z,mlb,Pirates,Braves,2,3,complete,2026-04-21 18:21:43.850299
253564,2025-05-10T20:05:00.000Z,mlb,Nationals,Cardinals,2,4,complete,2026-04-21 18:21:43.850299
253565,2025-05-10T20:05:00.000Z,mlb,Athletics,Yankees,11,7,complete,2026-04-21 18:21:43.850299
253566,2025-05-10T20:10:00.000Z,mlb,Rays,Brewers,3,2,complete,2026-04-21 18:21:43.850299
253567,2025-05-10T22:10:00.000Z,mlb,Guardians,Phillies,1,7,complete,2026-04-21 18:21:43.850299
253568,2025-05-10T22:10:00.000Z,mlb,Tigers,Rangers,3,10,complete,2026-04-21 18:21:43.850299
253569,2025-05-10T23:10:00.000Z,mlb,White Sox,Marlins,1,3,complete,2026-04-21 18:21:43.850299
253570,2025-05-10T23:10:00.000Z,mlb,Royals,Red Sox,1,10,complete,2026-04-21 18:21:43.850299
253571,2025-05-10T23:10:00.000Z,mlb,Astros,Reds,9,13,complete,2026-04-21 18:21:43.850299
253572,2025-05-10T23:15:00.000Z,mlb,Mets,Cubs,5,6,complete,2026-04-21 18:21:43.850299
253573,2025-05-10T23:15:00.000Z,mlb,Twins,Giants,2,1,complete,2026-04-21 18:21:43.850299
253574,2025-05-11T00:10:00.000Z,mlb,Diamondbacks,Dodgers,3,0,complete,2026-04-21 18:21:43.850299
253575,2025-05-11T00:10:00.000Z,mlb,Rockies,Padres,0,21,complete,2026-04-21 18:21:43.850299
253576,2025-05-11T01:38:00.000Z,mlb,Angels,Orioles,5,2,complete,2026-04-21 18:21:43.850299
253577,2025-05-11T01:40:00.000Z,mlb,Mariners,Blue Jays,3,6,complete,2026-04-21 18:21:43.850299
253583,2025-05-11T16:05:00.000Z,mlb,Mets,Cubs,6,2,complete,2026-04-21 18:21:43.850299
253584,2025-05-11T17:35:00.000Z,mlb,Pirates,Braves,4,3,complete,2026-04-21 18:21:43.850299
253585,2025-05-11T17:35:00.000Z,mlb,Nationals,Cardinals,1,6,complete,2026-04-21 18:21:43.850299
253586,2025-05-11T17:40:00.000Z,mlb,Rays,Brewers,2,4,complete,2026-04-21 18:21:43.850299
253587,2025-05-11T17:40:00.000Z,mlb,Tigers,Rangers,1,6,complete,2026-04-21 18:21:43.850299
253588,2025-05-11T18:10:00.000Z,mlb,White Sox,Marlins,4,2,complete,2026-04-21 18:21:43.850299
253589,2025-05-11T18:10:00.000Z,mlb,Astros,Reds,6,0,complete,2026-04-21 18:21:43.850299
253590,2025-05-11T18:10:00.000Z,mlb,Royals,Red Sox,1,3,complete,2026-04-21 18:21:43.850299
253591,2025-05-11T18:10:00.000Z,mlb,Twins,Giants,7,6,complete,2026-04-21 18:21:43.850299
253592,2025-05-11T19:10:00.000Z,mlb,Rockies,Padres,9,3,complete,2026-04-21 18:21:43.850299
253593,2025-05-11T20:05:00.000Z,mlb,Athletics,Yankees,2,12,complete,2026-04-21 18:21:43.850299
253594,2025-05-11T20:07:00.000Z,mlb,Angels,Orioles,3,7,complete,2026-04-21 18:21:43.850299
253595,2025-05-11T20:10:00.000Z,mlb,Mariners,Blue Jays,1,9,complete,2026-04-21 18:21:43.850299
253596,2025-05-11T20:10:00.000Z,mlb,Diamondbacks,Dodgers,1,8,complete,2026-04-21 18:21:43.850299
253597,2025-05-11T23:10:00.000Z,mlb,Guardians,Phillies,0,3,complete,2026-04-21 18:21:43.850299
253629,2025-05-12T22:10:00.000Z,mlb,Guardians,Brewers,5,0,complete,2026-04-21 18:21:43.850299
253630,2025-05-12T22:40:00.000Z,mlb,Tigers,Red Sox,14,2,complete,2026-04-21 18:21:43.850299
253631,2025-05-12T22:45:00.000Z,mlb,Phillies,Cardinals,2,3,complete,2026-04-21 18:21:43.850299
253632,2025-05-12T23:10:00.000Z,mlb,Mets,Pirates,4,3,complete,2026-04-21 18:21:43.850299
253633,2025-05-12T23:15:00.000Z,mlb,Braves,Nationals,4,3,complete,2026-04-21 18:21:43.850299
253634,2025-05-12T23:40:00.000Z,mlb,Cubs,Marlins,5,2,complete,2026-04-21 18:21:43.850299
253635,2025-05-13T00:05:00.000Z,mlb,Rangers,Rockies,2,1,complete,2026-04-21 18:21:43.850299
253636,2025-05-13T00:10:00.000Z,mlb,Astros,Royals,5,7,complete,2026-04-21 18:21:43.850299
253637,2025-05-13T01:40:00.000Z,mlb,Mariners,Yankees,5,11,complete,2026-04-21 18:21:43.850299
253638,2025-05-13T01:40:00.000Z,mlb,Padres,Angels,5,9,complete,2026-04-21 18:21:43.850299
253639,2025-05-13T01:45:00.000Z,mlb,Giants,Diamondbacks,1,2,complete,2026-04-21 18:21:43.850299
253694,2025-05-13T22:10:00.000Z,mlb,Guardians,Brewers,2,0,complete,2026-04-21 18:21:43.850299
253696,2025-05-13T22:40:00.000Z,mlb,Reds,White Sox,1,5,complete,2026-04-21 18:21:43.850299
253697,2025-05-13T22:40:00.000Z,mlb,Tigers,Red Sox,10,9,complete,2026-04-21 18:21:43.850299
253699,2025-05-13T23:07:00.000Z,mlb,Blue Jays,Rays,9,11,complete,2026-04-21 18:21:43.850299
253700,2025-05-13T23:10:00.000Z,mlb,Mets,Pirates,2,1,complete,2026-04-21 18:21:43.850299
253701,2025-05-13T23:15:00.000Z,mlb,Braves,Nationals,5,2,complete,2026-04-21 18:21:43.850299
253702,2025-05-13T23:40:00.000Z,mlb,Cubs,Marlins,5,4,complete,2026-04-21 18:21:43.850299
253703,2025-05-14T00:05:00.000Z,mlb,Rangers,Rockies,4,1,complete,2026-04-21 18:21:43.850299
253704,2025-05-14T00:10:00.000Z,mlb,Astros,Royals,2,1,complete,2026-04-21 18:21:43.850299
253705,2025-05-14T01:40:00.000Z,mlb,Mariners,Yankees,2,1,complete,2026-04-21 18:21:43.850299
253706,2025-05-14T01:40:00.000Z,mlb,Padres,Angels,6,4,complete,2026-04-21 18:21:43.850299
253707,2025-05-14T01:45:00.000Z,mlb,Giants,Diamondbacks,10,6,complete,2026-04-21 18:21:43.850299
253708,2025-05-14T02:10:00.000Z,mlb,Dodgers,Athletics,1,11,complete,2026-04-21 18:21:43.850299
253769,2025-05-14T16:05:00.000Z,mlb,Orioles,Twins,3,6,complete,2026-04-21 18:21:43.850299
253765,2025-05-14T17:05:00.000Z,mlb,Phillies,Cardinals,2,1,complete,2026-04-21 18:21:43.850299
253766,2025-05-14T17:10:00.000Z,mlb,Guardians,Brewers,5,9,complete,2026-04-21 18:21:43.850299
253767,2025-05-14T19:45:00.000Z,mlb,Giants,Diamondbacks,7,8,complete,2026-04-21 18:21:43.850299
256605,2025-05-14T19:45:00.000Z,mlb,Orioles,Twins,6,8,complete,2026-04-21 18:21:43.850299
253768,2025-05-14T20:10:00.000Z,mlb,Mariners,Yankees,2,3,complete,2026-04-21 18:21:43.850299
256606,2025-05-14T22:15:00.000Z,mlb,Phillies,Cardinals,7,14,complete,2026-04-21 18:21:43.850299
253770,2025-05-14T22:40:00.000Z,mlb,Tigers,Red Sox,6,5,complete,2026-04-21 18:21:43.850299
253771,2025-05-14T23:07:00.000Z,mlb,Blue Jays,Rays,3,1,complete,2026-04-21 18:21:43.850299
253772,2025-05-14T23:10:00.000Z,mlb,Mets,Pirates,0,4,complete,2026-04-21 18:21:43.850299
253773,2025-05-14T23:14:00.000Z,mlb,Reds,White Sox,2,4,complete,2026-04-21 18:21:43.850299
253774,2025-05-14T23:15:00.000Z,mlb,Braves,Nationals,4,5,complete,2026-04-21 18:21:43.850299
253775,2025-05-14T23:40:00.000Z,mlb,Cubs,Marlins,1,3,complete,2026-04-21 18:21:43.850299
253776,2025-05-15T00:05:00.000Z,mlb,Rangers,Rockies,8,3,complete,2026-04-21 18:21:43.850299
253777,2025-05-15T00:10:00.000Z,mlb,Astros,Royals,4,3,complete,2026-04-21 18:21:43.850299
253778,2025-05-15T01:40:00.000Z,mlb,Padres,Angels,5,1,complete,2026-04-21 18:21:43.850299
253779,2025-05-15T02:10:00.000Z,mlb,Dodgers,Athletics,9,3,complete,2026-04-21 18:21:43.850299
253780,2025-05-15T16:15:00.000Z,mlb,Braves,Nationals,5,2,complete,2026-04-21 18:21:43.850299
253781,2025-05-15T16:35:00.000Z,mlb,Orioles,Twins,0,4,complete,2026-04-21 18:21:43.850299
253782,2025-05-15T16:40:00.000Z,mlb,Reds,White Sox,7,1,complete,2026-04-21 18:21:43.850299
253783,2025-05-15T19:07:00.000Z,mlb,Blue Jays,Rays,3,8,complete,2026-04-21 18:21:43.850299
253784,2025-05-16T00:05:00.000Z,mlb,Rangers,Astros,1,0,complete,2026-04-21 18:21:43.850299
253785,2025-05-16T02:10:00.000Z,mlb,Dodgers,Athletics,19,2,complete,2026-04-21 18:21:43.850299
253786,2025-05-16T18:20:00.000Z,mlb,Cubs,White Sox,13,3,complete,2026-04-21 18:21:43.850299
253787,2025-05-16T21:10:00.000Z,mlb,Reds,Guardians,5,4,complete,2026-04-21 18:21:43.850299
253788,2025-05-16T22:45:00.000Z,mlb,Phillies,Pirates,8,4,complete,2026-04-21 18:21:43.850299
253789,2025-05-16T23:05:00.000Z,mlb,Orioles,Nationals,3,4,complete,2026-04-21 18:21:43.850299
253790,2025-05-16T23:05:00.000Z,mlb,Yankees,Mets,6,2,complete,2026-04-21 18:21:43.850299
253791,2025-05-16T23:07:00.000Z,mlb,Blue Jays,Tigers,4,5,complete,2026-04-21 18:21:43.850299
253792,2025-05-16T23:10:00.000Z,mlb,Red Sox,Braves,2,4,complete,2026-04-21 18:21:43.850299
253793,2025-05-16T23:10:00.000Z,mlb,Marlins,Rays,9,4,complete,2026-04-21 18:21:43.850299
253794,2025-05-16T23:40:00.000Z,mlb,Royals,Cardinals,3,10,complete,2026-04-21 18:21:43.850299
253795,2025-05-17T00:05:00.000Z,mlb,Rangers,Astros,3,6,complete,2026-04-21 18:21:43.850299
253796,2025-05-17T00:10:00.000Z,mlb,Brewers,Twins,0,3,complete,2026-04-21 18:21:43.850299
253797,2025-05-17T01:40:00.000Z,mlb,Padres,Mariners,1,5,complete,2026-04-21 18:21:43.850299
253798,2025-05-17T01:40:00.000Z,mlb,Diamondbacks,Rockies,8,0,complete,2026-04-21 18:21:43.850299
253799,2025-05-17T02:10:00.000Z,mlb,Dodgers,Angels,2,6,complete,2026-04-21 18:21:43.850299
253800,2025-05-17T02:15:00.000Z,mlb,Giants,Athletics,9,1,complete,2026-04-21 18:21:43.850299
253801,2025-05-17T17:05:00.000Z,mlb,Yankees,Mets,2,3,complete,2026-04-21 18:21:43.850299
253802,2025-05-17T18:20:00.000Z,mlb,Cubs,White Sox,7,3,complete,2026-04-21 18:21:43.850299
253803,2025-05-17T19:07:00.000Z,mlb,Blue Jays,Tigers,2,1,complete,2026-04-21 18:21:43.850299
253804,2025-05-17T20:05:00.000Z,mlb,Orioles,Nationals,6,10,complete,2026-04-21 18:21:43.850299
253805,2025-05-17T20:10:00.000Z,mlb,Marlins,Rays,0,4,complete,2026-04-21 18:21:43.850299
253806,2025-05-17T22:05:00.000Z,mlb,Phillies,Pirates,5,2,complete,2026-04-21 18:21:43.850299
253807,2025-05-17T22:40:00.000Z,mlb,Reds,Guardians,4,1,complete,2026-04-21 18:21:43.850299
253808,2025-05-17T23:05:00.000Z,mlb,Rangers,Astros,5,1,complete,2026-04-21 18:21:43.850299
253809,2025-05-17T23:10:00.000Z,mlb,Royals,Cardinals,0,1,complete,2026-04-21 18:21:43.850299
253810,2025-05-17T23:15:00.000Z,mlb,Brewers,Twins,0,7,complete,2026-04-21 18:21:43.850299
253811,2025-05-17T23:15:00.000Z,mlb,Red Sox,Braves,7,6,complete,2026-04-21 18:21:43.850299
253812,2025-05-18T00:10:00.000Z,mlb,Diamondbacks,Rockies,12,14,complete,2026-04-21 18:21:43.850299
253813,2025-05-18T00:40:00.000Z,mlb,Padres,Mariners,1,4,complete,2026-04-21 18:21:43.850299
253814,2025-05-18T01:05:00.000Z,mlb,Giants,Athletics,1,0,complete,2026-04-21 18:21:43.850299
253815,2025-05-18T01:10:00.000Z,mlb,Dodgers,Angels,9,11,complete,2026-04-21 18:21:43.850299
253819,2025-05-18T17:05:00.000Z,mlb,Rangers,Astros,3,4,complete,2026-04-21 18:21:43.850299
253820,2025-05-18T17:35:00.000Z,mlb,Orioles,Nationals,4,10,complete,2026-04-21 18:21:43.850299
253821,2025-05-18T17:35:00.000Z,mlb,Red Sox,Braves,4,10,complete,2026-04-21 18:21:43.850299
253822,2025-05-18T17:35:00.000Z,mlb,Phillies,Pirates,1,0,complete,2026-04-21 18:21:43.850299
253823,2025-05-18T17:37:00.000Z,mlb,Blue Jays,Tigers,2,3,complete,2026-04-21 18:21:43.850299
253824,2025-05-18T17:40:00.000Z,mlb,Marlins,Rays,5,1,complete,2026-04-21 18:21:43.850299
253825,2025-05-18T17:40:00.000Z,mlb,Reds,Guardians,3,1,complete,2026-04-21 18:21:43.850299
253826,2025-05-18T18:10:00.000Z,mlb,Brewers,Twins,5,2,complete,2026-04-21 18:21:43.850299
253827,2025-05-18T18:10:00.000Z,mlb,Royals,Cardinals,2,1,complete,2026-04-21 18:21:43.850299
253828,2025-05-18T18:20:00.000Z,mlb,Cubs,White Sox,6,2,complete,2026-04-21 18:21:43.850299
253829,2025-05-18T20:05:00.000Z,mlb,Giants,Athletics,3,2,complete,2026-04-21 18:21:43.850299
253830,2025-05-18T20:10:00.000Z,mlb,Diamondbacks,Rockies,1,0,complete,2026-04-21 18:21:43.850299
253831,2025-05-18T20:10:00.000Z,mlb,Dodgers,Angels,4,6,complete,2026-04-21 18:21:43.850299
253832,2025-05-18T20:10:00.000Z,mlb,Padres,Mariners,1,6,complete,2026-04-21 18:21:43.850299
253833,2025-05-18T23:10:00.000Z,mlb,Yankees,Mets,8,2,complete,2026-04-21 18:21:43.850299
253860,2025-05-19T22:40:00.000Z,mlb,Marlins,Cubs,8,7,complete,2026-04-21 18:21:43.850299
253861,2025-05-19T22:40:00.000Z,mlb,Pirates,Reds,1,7,complete,2026-04-21 18:21:43.850299
253862,2025-05-19T22:45:00.000Z,mlb,Red Sox,Mets,3,1,complete,2026-04-21 18:21:43.850299
253863,2025-05-19T23:05:00.000Z,mlb,Rays,Astros,3,4,complete,2026-04-21 18:21:43.850299
253865,2025-05-19T23:40:00.000Z,mlb,White Sox,Mariners,1,5,complete,2026-04-21 18:21:43.850299
253866,2025-05-19T23:40:00.000Z,mlb,Brewers,Orioles,5,4,complete,2026-04-21 18:21:43.850299
253867,2025-05-19T23:45:00.000Z,mlb,Cardinals,Tigers,11,4,complete,2026-04-21 18:21:43.850299
253868,2025-05-20T00:40:00.000Z,mlb,Rockies,Phillies,3,9,complete,2026-04-21 18:21:43.850299
253869,2025-05-20T01:45:00.000Z,mlb,Giants,Royals,1,3,complete,2026-04-21 18:21:43.850299
253870,2025-05-20T02:05:00.000Z,mlb,Athletics,Angels,3,4,complete,2026-04-21 18:21:43.850299
253871,2025-05-20T02:10:00.000Z,mlb,Dodgers,Diamondbacks,5,9,complete,2026-04-21 18:21:43.850299
253894,2025-05-20T22:40:00.000Z,mlb,Pirates,Reds,1,0,complete,2026-04-21 18:21:43.850299
253895,2025-05-20T22:40:00.000Z,mlb,Marlins,Cubs,1,14,complete,2026-04-21 18:21:43.850299
253896,2025-05-20T22:45:00.000Z,mlb,Nationals,Braves,5,3,complete,2026-04-21 18:21:43.850299
253897,2025-05-20T22:45:00.000Z,mlb,Red Sox,Mets,2,0,complete,2026-04-21 18:21:43.850299
253898,2025-05-20T23:05:00.000Z,mlb,Rays,Astros,3,2,complete,2026-04-21 18:21:43.850299
253899,2025-05-20T23:05:00.000Z,mlb,Yankees,Rangers,5,2,complete,2026-04-21 18:21:43.850299
253900,2025-05-20T23:07:00.000Z,mlb,Blue Jays,Padres,3,0,complete,2026-04-21 18:21:43.850299
253901,2025-05-20T23:40:00.000Z,mlb,Brewers,Orioles,5,2,complete,2026-04-21 18:21:43.850299
253902,2025-05-20T23:40:00.000Z,mlb,White Sox,Mariners,1,0,complete,2026-04-21 18:21:43.850299
253904,2025-05-20T23:45:00.000Z,mlb,Cardinals,Tigers,4,5,complete,2026-04-21 18:21:43.850299
253905,2025-05-21T00:40:00.000Z,mlb,Rockies,Phillies,4,7,complete,2026-04-21 18:21:43.850299
253906,2025-05-21T01:45:00.000Z,mlb,Giants,Royals,3,2,complete,2026-04-21 18:21:43.850299
253907,2025-05-21T02:05:00.000Z,mlb,Athletics,Angels,5,7,complete,2026-04-21 18:21:43.850299
253908,2025-05-21T02:10:00.000Z,mlb,Dodgers,Diamondbacks,4,3,complete,2026-04-21 18:21:43.850299
253925,2025-05-21T16:35:00.000Z,mlb,Pirates,Reds,3,1,complete,2026-04-21 18:21:43.850299
253926,2025-05-21T17:10:00.000Z,mlb,Rays,Astros,8,4,complete,2026-04-21 18:21:43.850299
253928,2025-05-21T17:10:00.000Z,mlb,Brewers,Orioles,4,8,complete,2026-04-21 18:21:43.850299
253929,2025-05-21T17:10:00.000Z,mlb,Marlins,Cubs,1,2,complete,2026-04-21 18:21:43.850299
257143,2025-05-21T17:10:00.000Z,mlb,Twins,Guardians,6,5,complete,2026-04-21 18:21:43.850299
253930,2025-05-21T17:15:00.000Z,mlb,Cardinals,Tigers,1,5,complete,2026-04-21 18:21:43.850299
253931,2025-05-21T18:10:00.000Z,mlb,White Sox,Mariners,5,6,complete,2026-04-21 18:21:43.850299
253932,2025-05-21T19:45:00.000Z,mlb,Giants,Royals,4,8,complete,2026-04-21 18:21:43.850299
253927,2025-05-21T19:55:00.000Z,mlb,Twins,Guardians,1,5,complete,2026-04-21 18:21:43.850299
253934,2025-05-21T22:45:00.000Z,mlb,Red Sox,Mets,1,5,complete,2026-04-21 18:21:43.850299
253935,2025-05-21T23:05:00.000Z,mlb,Yankees,Rangers,4,3,complete,2026-04-21 18:21:43.850299
253936,2025-05-21T23:07:00.000Z,mlb,Blue Jays,Padres,14,0,complete,2026-04-21 18:21:43.850299
253937,2025-05-22T00:40:00.000Z,mlb,Rockies,Phillies,5,9,complete,2026-04-21 18:21:43.850299
253938,2025-05-22T02:05:00.000Z,mlb,Athletics,Angels,5,10,complete,2026-04-21 18:21:43.850299
253939,2025-05-22T02:10:00.000Z,mlb,Dodgers,Diamondbacks,3,1,complete,2026-04-21 18:21:43.850299
253958,2025-05-22T16:35:00.000Z,mlb,Yankees,Rangers,1,0,complete,2026-04-21 18:21:43.850299
253959,2025-05-22T17:07:00.000Z,mlb,Blue Jays,Padres,7,6,complete,2026-04-21 18:21:43.850299
253960,2025-05-22T19:10:00.000Z,mlb,Rockies,Phillies,0,2,complete,2026-04-21 18:21:43.850299
253961,2025-05-22T19:35:00.000Z,mlb,Athletics,Angels,5,10,complete,2026-04-21 18:21:43.850299
253962,2025-05-22T22:40:00.000Z,mlb,Pirates,Brewers,5,8,complete,2026-04-21 18:21:43.850299
253963,2025-05-22T22:40:00.000Z,mlb,Tigers,Guardians,0,7,complete,2026-04-21 18:21:43.850299
253964,2025-05-22T22:45:00.000Z,mlb,Nationals,Braves,8,7,complete,2026-04-21 18:21:43.850299
253966,2025-05-23T00:10:00.000Z,mlb,Astros,Mariners,9,2,complete,2026-04-21 18:21:43.850299
257241,2025-05-23T17:35:00.000Z,mlb,Red Sox,Orioles,19,5,complete,2026-04-21 18:21:43.850299
254025,2025-05-23T22:40:00.000Z,mlb,Pirates,Brewers,6,5,complete,2026-04-21 18:21:43.850299
254026,2025-05-23T22:40:00.000Z,mlb,Reds,Cubs,6,13,complete,2026-04-21 18:21:43.850299
254027,2025-05-23T22:45:00.000Z,mlb,Nationals,Giants,0,4,complete,2026-04-21 18:21:43.850299
254028,2025-05-23T23:05:00.000Z,mlb,Rays,Blue Jays,3,1,complete,2026-04-21 18:21:43.850299
254029,2025-05-23T23:10:00.000Z,mlb,Tigers,Guardians,1,3,complete,2026-04-21 18:21:43.850299
254030,2025-05-23T23:10:00.000Z,mlb,Mets,Dodgers,5,7,complete,2026-04-21 18:21:43.850299
254032,2025-05-23T23:15:00.000Z,mlb,Braves,Padres,1,2,complete,2026-04-21 18:21:43.850299
254033,2025-05-23T23:40:00.000Z,mlb,White Sox,Rangers,4,1,complete,2026-04-21 18:21:43.850299
254034,2025-05-24T00:10:00.000Z,mlb,Astros,Mariners,3,5,complete,2026-04-21 18:21:43.850299
254035,2025-05-24T00:10:00.000Z,mlb,Twins,Royals,3,1,complete,2026-04-21 18:21:43.850299
254036,2025-05-24T00:15:00.000Z,mlb,Cardinals,Diamondbacks,4,3,complete,2026-04-21 18:21:43.850299
254037,2025-05-24T00:40:00.000Z,mlb,Rockies,Yankees,3,2,complete,2026-04-21 18:21:43.850299
254038,2025-05-24T01:38:00.000Z,mlb,Angels,Marlins,7,4,complete,2026-04-21 18:21:43.850299
254039,2025-05-24T02:05:00.000Z,mlb,Athletics,Phillies,3,4,complete,2026-04-21 18:21:43.850299
257263,2025-05-24T17:05:00.000Z,mlb,Red Sox,Orioles,6,5,complete,2026-04-21 18:21:43.850299
255607,2025-05-24T18:10:00.000Z,mlb,Twins,Royals,5,4,complete,2026-04-21 18:21:43.850299
255608,2025-05-24T18:15:00.000Z,mlb,Cardinals,Diamondbacks,6,5,complete,2026-04-21 18:21:43.850299
255609,2025-05-24T20:05:00.000Z,mlb,Pirates,Brewers,2,1,complete,2026-04-21 18:21:43.850299
255610,2025-05-24T20:05:00.000Z,mlb,Nationals,Giants,3,0,complete,2026-04-21 18:21:43.850299
255611,2025-05-24T20:10:00.000Z,mlb,Rockies,Yankees,1,13,complete,2026-04-21 18:21:43.850299
255612,2025-05-24T20:10:00.000Z,mlb,Braves,Padres,7,1,complete,2026-04-21 18:21:43.850299
255614,2025-05-24T20:10:00.000Z,mlb,Reds,Cubs,6,4,complete,2026-04-21 18:21:43.850299
255615,2025-05-24T20:10:00.000Z,mlb,Astros,Mariners,2,1,complete,2026-04-21 18:21:43.850299
255616,2025-05-24T20:10:00.000Z,mlb,White Sox,Rangers,10,5,complete,2026-04-21 18:21:43.850299
255613,2025-05-24T22:35:00.000Z,mlb,Red Sox,Orioles,1,2,complete,2026-04-21 18:21:43.850299
255617,2025-05-24T23:05:00.000Z,mlb,Rays,Blue Jays,3,1,complete,2026-04-21 18:21:43.850299
255618,2025-05-24T23:15:00.000Z,mlb,Mets,Dodgers,5,2,complete,2026-04-21 18:21:43.850299
255619,2025-05-24T23:15:00.000Z,mlb,Tigers,Guardians,5,7,complete,2026-04-21 18:21:43.850299
255620,2025-05-25T02:05:00.000Z,mlb,Athletics,Phillies,6,9,complete,2026-04-21 18:21:43.850299
255621,2025-05-25T02:07:00.000Z,mlb,Angels,Marlins,2,6,complete,2026-04-21 18:21:43.850299
255696,2025-05-25T15:35:00.000Z,mlb,Tigers,Guardians,5,0,complete,2026-04-21 18:21:43.850299
255697,2025-05-25T17:35:00.000Z,mlb,Red Sox,Orioles,1,5,complete,2026-04-21 18:21:43.850299
255698,2025-05-25T17:35:00.000Z,mlb,Nationals,Giants,2,3,complete,2026-04-21 18:21:43.850299
255699,2025-05-25T17:35:00.000Z,mlb,Pirates,Brewers,5,6,complete,2026-04-21 18:21:43.850299
255700,2025-05-25T17:40:00.000Z,mlb,Reds,Cubs,8,11,complete,2026-04-21 18:21:43.850299
255701,2025-05-25T17:40:00.000Z,mlb,Rays,Blue Jays,13,0,complete,2026-04-21 18:21:43.850299
255702,2025-05-25T18:10:00.000Z,mlb,White Sox,Rangers,4,5,complete,2026-04-21 18:21:43.850299
255703,2025-05-25T18:10:00.000Z,mlb,Astros,Mariners,5,3,complete,2026-04-21 18:21:43.850299
255704,2025-05-25T18:10:00.000Z,mlb,Twins,Royals,1,2,complete,2026-04-21 18:21:43.850299
255705,2025-05-25T18:15:00.000Z,mlb,Cardinals,Diamondbacks,4,3,complete,2026-04-21 18:21:43.850299
255706,2025-05-25T19:10:00.000Z,mlb,Rockies,Yankees,4,5,complete,2026-04-21 18:21:43.850299
255707,2025-05-25T20:05:00.000Z,mlb,Athletics,Phillies,5,4,complete,2026-04-21 18:21:43.850299
255708,2025-05-25T20:07:00.000Z,mlb,Angels,Marlins,0,3,complete,2026-04-21 18:21:43.850299
255709,2025-05-25T20:10:00.000Z,mlb,Braves,Padres,3,5,complete,2026-04-21 18:21:43.850299
255710,2025-05-25T23:10:00.000Z,mlb,Mets,Dodgers,3,1,complete,2026-04-21 18:21:43.850299
255740,2025-05-26T17:10:00.000Z,mlb,Tigers,Giants,3,1,complete,2026-04-21 18:21:43.850299
255741,2025-05-26T18:10:00.000Z,mlb,Brewers,Red Sox,3,2,complete,2026-04-21 18:21:43.850299
255742,2025-05-26T18:20:00.000Z,mlb,Cubs,Rockies,3,1,complete,2026-04-21 18:21:43.850299
255743,2025-05-26T19:05:00.000Z,mlb,Orioles,Cardinals,5,2,complete,2026-04-21 18:21:43.850299
255744,2025-05-26T20:05:00.000Z,mlb,Rangers,Blue Jays,1,2,complete,2026-04-21 18:21:43.850299
255745,2025-05-26T20:10:00.000Z,mlb,Mets,White Sox,2,1,complete,2026-04-21 18:21:43.850299
255746,2025-05-26T20:10:00.000Z,mlb,Royals,Reds,4,7,complete,2026-04-21 18:21:43.850299
255747,2025-05-26T22:10:00.000Z,mlb,Guardians,Dodgers,2,7,complete,2026-04-21 18:21:43.850299
255748,2025-05-26T23:05:00.000Z,mlb,Rays,Twins,7,2,complete,2026-04-21 18:21:43.850299
255749,2025-05-27T00:10:00.000Z,mlb,Diamondbacks,Pirates,5,0,complete,2026-04-21 18:21:43.850299
255750,2025-05-27T00:40:00.000Z,mlb,Padres,Marlins,4,3,complete,2026-04-21 18:21:43.850299
255751,2025-05-27T01:38:00.000Z,mlb,Angels,Yankees,1,5,complete,2026-04-21 18:21:43.850299
255773,2025-05-27T22:10:00.000Z,mlb,Guardians,Dodgers,5,9,complete,2026-04-21 18:21:43.850299
255774,2025-05-27T22:35:00.000Z,mlb,Orioles,Cardinals,4,7,complete,2026-04-21 18:21:43.850299
255775,2025-05-27T22:40:00.000Z,mlb,Tigers,Giants,3,1,complete,2026-04-21 18:21:43.850299
255776,2025-05-27T22:45:00.000Z,mlb,Phillies,Braves,2,0,complete,2026-04-21 18:21:43.850299
255777,2025-05-27T23:05:00.000Z,mlb,Rays,Twins,2,4,complete,2026-04-21 18:21:43.850299
255778,2025-05-27T23:10:00.000Z,mlb,Mets,White Sox,6,4,complete,2026-04-21 18:21:43.850299
255779,2025-05-27T23:40:00.000Z,mlb,Royals,Reds,2,7,complete,2026-04-21 18:21:43.850299
255780,2025-05-27T23:40:00.000Z,mlb,Brewers,Red Sox,5,1,complete,2026-04-21 18:21:43.850299
255781,2025-05-28T00:05:00.000Z,mlb,Rangers,Blue Jays,2,0,complete,2026-04-21 18:21:43.850299
255782,2025-05-28T00:05:00.000Z,mlb,Cubs,Rockies,4,3,complete,2026-04-21 18:21:43.850299
255783,2025-05-28T00:10:00.000Z,mlb,Astros,Athletics,11,1,complete,2026-04-21 18:21:43.850299
255784,2025-05-28T01:38:00.000Z,mlb,Angels,Yankees,2,3,complete,2026-04-21 18:21:43.850299
255785,2025-05-28T01:40:00.000Z,mlb,Diamondbacks,Pirates,6,9,complete,2026-04-21 18:21:43.850299
255786,2025-05-28T01:40:00.000Z,mlb,Mariners,Nationals,9,1,complete,2026-04-21 18:21:43.850299
255787,2025-05-28T01:40:00.000Z,mlb,Padres,Marlins,8,6,complete,2026-04-21 18:21:43.850299
255806,2025-05-28T17:10:00.000Z,mlb,Rays,Twins,5,0,complete,2026-04-21 18:21:43.850299
255807,2025-05-28T17:10:00.000Z,mlb,Tigers,Giants,4,3,complete,2026-04-21 18:21:43.850299
255808,2025-05-28T17:10:00.000Z,mlb,Brewers,Red Sox,6,5,complete,2026-04-21 18:21:43.850299
255809,2025-05-28T17:10:00.000Z,mlb,Guardians,Dodgers,7,4,complete,2026-04-21 18:21:43.850299
255815,2025-05-28T17:10:00.000Z,mlb,Mets,White Sox,4,9,complete,2026-04-21 18:21:43.850299
255810,2025-05-28T18:10:00.000Z,mlb,Astros,Athletics,5,3,complete,2026-04-21 18:21:43.850299
255811,2025-05-28T19:40:00.000Z,mlb,Diamondbacks,Pirates,1,10,complete,2026-04-21 18:21:43.850299
255812,2025-05-28T20:10:00.000Z,mlb,Padres,Marlins,8,10,complete,2026-04-21 18:21:43.850299
255813,2025-05-28T22:35:00.000Z,mlb,Orioles,Cardinals,4,6,complete,2026-04-21 18:21:43.850299
255816,2025-05-28T23:40:00.000Z,mlb,Royals,Reds,3,2,complete,2026-04-21 18:21:43.850299
255817,2025-05-29T00:05:00.000Z,mlb,Cubs,Rockies,2,1,complete,2026-04-21 18:21:43.850299
255818,2025-05-29T00:05:00.000Z,mlb,Rangers,Blue Jays,0,2,complete,2026-04-21 18:21:43.850299
255819,2025-05-29T01:38:00.000Z,mlb,Angels,Yankees,0,1,complete,2026-04-21 18:21:43.850299
255820,2025-05-29T01:40:00.000Z,mlb,Mariners,Nationals,0,9,complete,2026-04-21 18:21:43.850299
257400,2025-05-29T17:05:00.000Z,mlb,Phillies,Braves,5,4,complete,2026-04-21 18:21:43.850299
255839,2025-05-29T22:45:00.000Z,mlb,Phillies,Braves,3,9,complete,2026-04-21 18:21:43.850299
255840,2025-05-29T23:07:00.000Z,mlb,Blue Jays,Athletics,12,0,complete,2026-04-21 18:21:43.850299
255841,2025-05-30T00:10:00.000Z,mlb,Astros,Rays,3,13,complete,2026-04-21 18:21:43.850299
255842,2025-05-30T01:40:00.000Z,mlb,Mariners,Nationals,3,9,complete,2026-04-21 18:21:43.850299
255873,2025-05-30T18:20:00.000Z,mlb,Cubs,Reds,2,6,complete,2026-04-21 18:21:43.850299
255875,2025-05-30T20:30:00.000Z,mlb,Orioles,White Sox,2,1,complete,2026-04-21 18:21:43.850299
255874,2025-05-30T22:45:00.000Z,mlb,Phillies,Brewers,2,6,complete,2026-04-21 18:21:43.850299
255876,2025-05-30T23:07:00.000Z,mlb,Blue Jays,Athletics,11,7,complete,2026-04-21 18:21:43.850299
255877,2025-05-30T23:10:00.000Z,mlb,Guardians,Angels,1,4,complete,2026-04-21 18:21:43.850299
255878,2025-05-30T23:10:00.000Z,mlb,Marlins,Giants,0,2,complete,2026-04-21 18:21:43.850299
255879,2025-05-30T23:10:00.000Z,mlb,Mets,Rockies,4,2,complete,2026-04-21 18:21:43.850299
255880,2025-05-30T23:15:00.000Z,mlb,Braves,Red Sox,1,5,complete,2026-04-21 18:21:43.850299
255881,2025-05-31T00:05:00.000Z,mlb,Rangers,Cardinals,11,1,complete,2026-04-21 18:21:43.850299
255882,2025-05-31T00:10:00.000Z,mlb,Astros,Rays,2,1,complete,2026-04-21 18:21:43.850299
255883,2025-05-31T00:10:00.000Z,mlb,Royals,Tigers,5,7,complete,2026-04-21 18:21:43.850299
255884,2025-05-31T01:40:00.000Z,mlb,Diamondbacks,Nationals,7,9,complete,2026-04-21 18:21:43.850299
255885,2025-05-31T01:40:00.000Z,mlb,Padres,Pirates,3,2,complete,2026-04-21 18:21:43.850299
255886,2025-05-31T02:10:00.000Z,mlb,Mariners,Twins,6,12,complete,2026-04-21 18:21:43.850299
255887,2025-05-31T02:10:00.000Z,mlb,Dodgers,Yankees,8,5,complete,2026-04-21 18:21:43.850299
255889,2025-05-31T18:20:00.000Z,mlb,Cubs,Reds,2,0,complete,2026-04-21 18:21:43.850299
255890,2025-05-31T19:07:00.000Z,mlb,Blue Jays,Athletics,8,7,complete,2026-04-21 18:21:43.850299
255891,2025-05-31T20:05:00.000Z,mlb,Phillies,Brewers,7,17,complete,2026-04-21 18:21:43.850299
255892,2025-05-31T20:05:00.000Z,mlb,Rangers,Cardinals,0,2,complete,2026-04-21 18:21:43.850299
255893,2025-05-31T20:05:00.000Z,mlb,Orioles,White Sox,4,2,complete,2026-04-21 18:21:43.850299
255894,2025-05-31T20:10:00.000Z,mlb,Mets,Rockies,8,2,complete,2026-04-21 18:21:43.850299
255895,2025-05-31T20:10:00.000Z,mlb,Guardians,Angels,7,5,complete,2026-04-21 18:21:43.850299
255896,2025-05-31T20:10:00.000Z,mlb,Royals,Tigers,1,0,complete,2026-04-21 18:21:43.850299
255897,2025-05-31T20:10:00.000Z,mlb,Marlins,Giants,1,0,complete,2026-04-21 18:21:43.850299
255898,2025-05-31T20:10:00.000Z,mlb,Braves,Red Sox,5,0,complete,2026-04-21 18:21:43.850299
255899,2025-05-31T20:10:00.000Z,mlb,Astros,Rays,3,16,complete,2026-04-21 18:21:43.850299
255900,2025-05-31T23:15:00.000Z,mlb,Dodgers,Yankees,18,2,complete,2026-04-21 18:21:43.850299
255901,2025-05-31T23:15:00.000Z,mlb,Mariners,Twins,5,4,complete,2026-04-21 18:21:43.850299
255902,2025-06-01T01:40:00.000Z,mlb,Padres,Pirates,0,5,complete,2026-04-21 18:21:43.850299
255903,2025-06-01T02:10:00.000Z,mlb,Diamondbacks,Nationals,7,11,complete,2026-04-21 18:21:43.850299
255907,2025-06-01T17:05:00.000Z,mlb,Rangers,Cardinals,8,1,complete,2026-04-21 18:21:43.850299
255908,2025-06-01T17:35:00.000Z,mlb,Phillies,Brewers,2,5,complete,2026-04-21 18:21:43.850299
255909,2025-06-01T17:35:00.000Z,mlb,Braves,Red Sox,1,3,complete,2026-04-21 18:21:43.850299
255910,2025-06-01T17:35:00.000Z,mlb,Orioles,White Sox,3,2,complete,2026-04-21 18:21:43.850299
255911,2025-06-01T17:37:00.000Z,mlb,Blue Jays,Athletics,8,4,complete,2026-04-21 18:21:43.850299
255912,2025-06-01T17:40:00.000Z,mlb,Marlins,Giants,2,4,complete,2026-04-21 18:21:43.850299
255913,2025-06-01T17:40:00.000Z,mlb,Mets,Rockies,5,3,complete,2026-04-21 18:21:43.850299
255914,2025-06-01T17:40:00.000Z,mlb,Guardians,Angels,4,2,complete,2026-04-21 18:21:43.850299
255915,2025-06-01T18:10:00.000Z,mlb,Royals,Tigers,0,1,complete,2026-04-21 18:21:43.850299
255916,2025-06-01T18:10:00.000Z,mlb,Astros,Rays,1,0,complete,2026-04-21 18:21:43.850299
255917,2025-06-01T18:20:00.000Z,mlb,Cubs,Reds,7,3,complete,2026-04-21 18:21:43.850299
255918,2025-06-01T20:10:00.000Z,mlb,Mariners,Twins,2,1,complete,2026-04-21 18:21:43.850299
255919,2025-06-01T20:10:00.000Z,mlb,Diamondbacks,Nationals,3,1,complete,2026-04-21 18:21:43.850299
255920,2025-06-01T21:10:00.000Z,mlb,Padres,Pirates,6,4,complete,2026-04-21 18:21:43.850299
255921,2025-06-01T23:10:00.000Z,mlb,Dodgers,Yankees,3,7,complete,2026-04-21 18:21:43.850299
255931,2025-06-02T22:40:00.000Z,mlb,Marlins,Rockies,4,6,complete,2026-04-21 18:21:43.850299
255932,2025-06-02T23:10:00.000Z,mlb,Red Sox,Angels,6,7,complete,2026-04-21 18:21:43.850299
255933,2025-06-02T23:10:00.000Z,mlb,Reds,Brewers,2,3,complete,2026-04-21 18:21:43.850299
255934,2025-06-02T23:40:00.000Z,mlb,White Sox,Tigers,1,13,complete,2026-04-21 18:21:43.850299
255935,2025-06-03T01:45:00.000Z,mlb,Giants,Padres,0,1,complete,2026-04-21 18:21:43.850299
255936,2025-06-03T02:05:00.000Z,mlb,Athletics,Twins,4,10,complete,2026-04-21 18:21:43.850299
255937,2025-06-03T02:10:00.000Z,mlb,Dodgers,Mets,3,4,complete,2026-04-21 18:21:43.850299
255971,2025-06-03T22:40:00.000Z,mlb,Pirates,Astros,0,3,complete,2026-04-21 18:21:43.850299
255972,2025-06-03T22:40:00.000Z,mlb,Marlins,Rockies,2,3,complete,2026-04-21 18:21:43.850299
255973,2025-06-03T22:45:00.000Z,mlb,Nationals,Cubs,3,8,complete,2026-04-21 18:21:43.850299
255974,2025-06-03T23:05:00.000Z,mlb,Yankees,Guardians,3,2,complete,2026-04-21 18:21:43.850299
255975,2025-06-03T23:07:00.000Z,mlb,Blue Jays,Phillies,3,8,complete,2026-04-21 18:21:43.850299
255976,2025-06-03T23:10:00.000Z,mlb,Red Sox,Angels,3,4,complete,2026-04-21 18:21:43.850299
255977,2025-06-03T23:10:00.000Z,mlb,Reds,Brewers,4,2,complete,2026-04-21 18:21:43.850299
255978,2025-06-03T23:15:00.000Z,mlb,Braves,Diamondbacks,3,8,complete,2026-04-21 18:21:43.850299
255979,2025-06-03T23:35:00.000Z,mlb,Rays,Rangers,5,1,complete,2026-04-21 18:21:43.850299
255980,2025-06-03T23:40:00.000Z,mlb,White Sox,Tigers,8,1,complete,2026-04-21 18:21:43.850299
255981,2025-06-03T23:45:00.000Z,mlb,Cardinals,Royals,7,10,complete,2026-04-21 18:21:43.850299
255982,2025-06-04T01:40:00.000Z,mlb,Mariners,Orioles,1,5,complete,2026-04-21 18:21:43.850299
255983,2025-06-04T01:45:00.000Z,mlb,Giants,Padres,2,3,complete,2026-04-21 18:21:43.850299
255984,2025-06-04T02:05:00.000Z,mlb,Athletics,Twins,3,10,complete,2026-04-21 18:21:43.850299
255985,2025-06-04T02:10:00.000Z,mlb,Dodgers,Mets,6,5,complete,2026-04-21 18:21:43.850299
256004,2025-06-04T16:10:00.000Z,mlb,Marlins,Rockies,2,3,complete,2026-04-21 18:21:43.850299
256005,2025-06-04T16:40:00.000Z,mlb,Reds,Brewers,1,9,complete,2026-04-21 18:21:43.850299
256006,2025-06-04T17:35:00.000Z,mlb,Red Sox,Angels,11,9,complete,2026-04-21 18:21:43.850299
256007,2025-06-04T22:40:00.000Z,mlb,Pirates,Astros,3,0,complete,2026-04-21 18:21:43.850299
256008,2025-06-04T22:45:00.000Z,mlb,Nationals,Cubs,2,0,complete,2026-04-21 18:21:43.850299
256009,2025-06-04T23:05:00.000Z,mlb,Yankees,Guardians,0,4,complete,2026-04-21 18:21:43.850299
256010,2025-06-04T23:07:00.000Z,mlb,Blue Jays,Phillies,2,1,complete,2026-04-21 18:21:43.850299
256011,2025-06-04T23:15:00.000Z,mlb,Braves,Diamondbacks,0,2,complete,2026-04-21 18:21:43.850299
256012,2025-06-04T23:35:00.000Z,mlb,Rays,Rangers,5,4,complete,2026-04-21 18:21:43.850299
256013,2025-06-04T23:40:00.000Z,mlb,White Sox,Tigers,4,5,complete,2026-04-21 18:21:43.850299
256015,2025-06-05T01:40:00.000Z,mlb,Mariners,Orioles,2,3,complete,2026-04-21 18:21:43.850299
256016,2025-06-05T01:45:00.000Z,mlb,Giants,Padres,6,5,complete,2026-04-21 18:21:43.850299
256017,2025-06-05T02:05:00.000Z,mlb,Athletics,Twins,1,6,complete,2026-04-21 18:21:43.850299
256018,2025-06-05T02:10:00.000Z,mlb,Dodgers,Mets,1,6,complete,2026-04-21 18:21:43.850299
256038,2025-06-05T16:15:00.000Z,mlb,Braves,Diamondbacks,10,11,complete,2026-04-21 18:21:43.850299
257621,2025-06-05T17:45:00.000Z,mlb,Cardinals,Royals,6,5,complete,2026-04-21 18:21:43.850299
256039,2025-06-05T18:10:00.000Z,mlb,White Sox,Tigers,3,2,complete,2026-04-21 18:21:43.850299
256040,2025-06-05T19:07:00.000Z,mlb,Blue Jays,Phillies,9,1,complete,2026-04-21 18:21:43.850299
256041,2025-06-05T19:35:00.000Z,mlb,Athletics,Twins,14,3,complete,2026-04-21 18:21:43.850299
256042,2025-06-05T19:40:00.000Z,mlb,Mariners,Orioles,3,4,complete,2026-04-21 18:21:43.850299
256043,2025-06-05T19:45:00.000Z,mlb,Giants,Padres,3,2,complete,2026-04-21 18:21:43.850299
256044,2025-06-05T20:10:00.000Z,mlb,Dodgers,Mets,6,5,complete,2026-04-21 18:21:43.850299
256045,2025-06-05T22:40:00.000Z,mlb,Pirates,Astros,2,8,complete,2026-04-21 18:21:43.850299
256046,2025-06-05T22:45:00.000Z,mlb,Nationals,Cubs,1,7,complete,2026-04-21 18:21:43.850299
256047,2025-06-05T23:05:00.000Z,mlb,Yankees,Guardians,4,0,complete,2026-04-21 18:21:43.850299
256048,2025-06-05T23:35:00.000Z,mlb,Rays,Rangers,4,3,complete,2026-04-21 18:21:43.850299
256049,2025-06-05T23:45:00.000Z,mlb,Cardinals,Royals,5,7,complete,2026-04-21 18:21:43.850299
256076,2025-06-06T17:10:00.000Z,mlb,Rays,Marlins,4,3,complete,2026-04-21 18:21:43.850299
256077,2025-06-06T22:40:00.000Z,mlb,Pirates,Phillies,5,4,complete,2026-04-21 18:21:43.850299
256078,2025-06-06T22:45:00.000Z,mlb,Nationals,Rangers,2,0,complete,2026-04-21 18:21:43.850299
256079,2025-06-06T23:05:00.000Z,mlb,Yankees,Red Sox,9,6,complete,2026-04-21 18:21:43.850299
256081,2025-06-06T23:10:00.000Z,mlb,Guardians,Astros,2,4,complete,2026-04-21 18:21:43.850299
256082,2025-06-06T23:10:00.000Z,mlb,Tigers,Cubs,3,1,complete,2026-04-21 18:21:43.850299
256083,2025-06-06T23:40:00.000Z,mlb,White Sox,Royals,7,2,complete,2026-04-21 18:21:43.850299
256084,2025-06-07T00:10:00.000Z,mlb,Twins,Blue Jays,4,6,complete,2026-04-21 18:21:43.850299
256085,2025-06-07T00:10:00.000Z,mlb,Brewers,Padres,0,2,complete,2026-04-21 18:21:43.850299
256086,2025-06-07T00:15:00.000Z,mlb,Cardinals,Dodgers,5,0,complete,2026-04-21 18:21:43.850299
256087,2025-06-07T00:40:00.000Z,mlb,Rockies,Mets,2,4,complete,2026-04-21 18:21:43.850299
256088,2025-06-07T01:38:00.000Z,mlb,Angels,Mariners,5,4,complete,2026-04-21 18:21:43.850299
256089,2025-06-07T02:05:00.000Z,mlb,Athletics,Orioles,5,4,complete,2026-04-21 18:21:43.850299
256090,2025-06-07T02:15:00.000Z,mlb,Giants,Braves,5,4,complete,2026-04-21 18:21:43.850299
256110,2025-06-07T17:10:00.000Z,mlb,Tigers,Cubs,1,6,complete,2026-04-21 18:21:43.850299
256111,2025-06-07T18:10:00.000Z,mlb,Twins,Blue Jays,4,5,complete,2026-04-21 18:21:43.850299
257652,2025-06-07T18:10:00.000Z,mlb,Reds,Diamondbacks,4,3,complete,2026-04-21 18:21:43.850299
256112,2025-06-07T18:15:00.000Z,mlb,Cardinals,Dodgers,2,1,complete,2026-04-21 18:21:43.850299
256113,2025-06-07T20:05:00.000Z,mlb,Giants,Braves,3,2,complete,2026-04-21 18:21:43.850299
256114,2025-06-07T20:05:00.000Z,mlb,Nationals,Rangers,0,5,complete,2026-04-21 18:21:43.850299
256115,2025-06-07T20:05:00.000Z,mlb,Pirates,Phillies,2,1,complete,2026-04-21 18:21:43.850299
256116,2025-06-07T20:10:00.000Z,mlb,Reds,Diamondbacks,13,1,complete,2026-04-21 18:21:43.850299
256117,2025-06-07T20:10:00.000Z,mlb,Guardians,Astros,3,5,complete,2026-04-21 18:21:43.850299
256118,2025-06-07T20:10:00.000Z,mlb,White Sox,Royals,4,1,complete,2026-04-21 18:21:43.850299
256119,2025-06-07T20:10:00.000Z,mlb,Rays,Marlins,10,11,complete,2026-04-21 18:21:43.850299
256120,2025-06-07T23:35:00.000Z,mlb,Yankees,Red Sox,7,10,complete,2026-04-21 18:21:43.850299
256121,2025-06-07T23:35:00.000Z,mlb,Brewers,Padres,4,3,complete,2026-04-21 18:21:43.850299
256122,2025-06-08T01:38:00.000Z,mlb,Angels,Mariners,8,6,complete,2026-04-21 18:21:43.850299
256123,2025-06-08T01:40:00.000Z,mlb,Rockies,Mets,1,8,complete,2026-04-21 18:21:43.850299
256124,2025-06-08T02:05:00.000Z,mlb,Athletics,Orioles,4,7,complete,2026-04-21 18:21:43.850299
256136,2025-06-08T16:10:00.000Z,mlb,Rays,Marlins,3,2,complete,2026-04-21 18:21:43.850299
256137,2025-06-08T17:05:00.000Z,mlb,Brewers,Padres,0,1,complete,2026-04-21 18:21:43.850299
256138,2025-06-08T17:35:00.000Z,mlb,Pirates,Phillies,2,1,complete,2026-04-21 18:21:43.850299
256139,2025-06-08T17:35:00.000Z,mlb,Nationals,Rangers,2,4,complete,2026-04-21 18:21:43.850299
256141,2025-06-08T17:40:00.000Z,mlb,Tigers,Cubs,4,0,complete,2026-04-21 18:21:43.850299
256142,2025-06-08T17:40:00.000Z,mlb,Guardians,Astros,4,2,complete,2026-04-21 18:21:43.850299
256143,2025-06-08T17:40:00.000Z,mlb,Reds,Diamondbacks,4,2,complete,2026-04-21 18:21:43.850299
256144,2025-06-08T18:10:00.000Z,mlb,Twins,Blue Jays,6,3,complete,2026-04-21 18:21:43.850299
256145,2025-06-08T18:10:00.000Z,mlb,White Sox,Royals,5,7,complete,2026-04-21 18:21:43.850299
256146,2025-06-08T18:15:00.000Z,mlb,Cardinals,Dodgers,3,7,complete,2026-04-21 18:21:43.850299
256147,2025-06-08T19:10:00.000Z,mlb,Rockies,Mets,5,13,complete,2026-04-21 18:21:43.850299
256148,2025-06-08T20:05:00.000Z,mlb,Giants,Braves,4,3,complete,2026-04-21 18:21:43.850299
256149,2025-06-08T20:05:00.000Z,mlb,Athletics,Orioles,5,1,complete,2026-04-21 18:21:43.850299
256150,2025-06-08T20:07:00.000Z,mlb,Angels,Mariners,2,3,complete,2026-04-21 18:21:43.850299
256140,2025-06-08T23:10:00.000Z,mlb,Yankees,Red Sox,7,11,complete,2026-04-21 18:21:43.850299
256173,2025-06-09T22:40:00.000Z,mlb,Guardians,Reds,4,7,complete,2026-04-21 18:21:43.850299
256174,2025-06-09T22:40:00.000Z,mlb,Pirates,Marlins,10,3,complete,2026-04-21 18:21:43.850299
256175,2025-06-09T22:45:00.000Z,mlb,Phillies,Cubs,4,3,complete,2026-04-21 18:21:43.850299
256176,2025-06-09T23:10:00.000Z,mlb,Red Sox,Rays,8,10,complete,2026-04-21 18:21:43.850299
256177,2025-06-09T23:40:00.000Z,mlb,Brewers,Braves,1,7,complete,2026-04-21 18:21:43.850299
256178,2025-06-09T23:45:00.000Z,mlb,Cardinals,Blue Jays,4,5,complete,2026-04-21 18:21:43.850299
256179,2025-06-10T01:38:00.000Z,mlb,Angels,Athletics,7,4,complete,2026-04-21 18:21:43.850299
256180,2025-06-10T01:40:00.000Z,mlb,Diamondbacks,Mariners,8,4,complete,2026-04-21 18:21:43.850299
256181,2025-06-10T01:40:00.000Z,mlb,Padres,Dodgers,6,8,complete,2026-04-21 18:21:43.850299
256202,2025-06-10T22:35:00.000Z,mlb,Orioles,Tigers,3,5,complete,2026-04-21 18:21:43.850299
256203,2025-06-10T22:40:00.000Z,mlb,Guardians,Reds,0,1,complete,2026-04-21 18:21:43.850299
256204,2025-06-10T22:40:00.000Z,mlb,Pirates,Marlins,2,3,complete,2026-04-21 18:21:43.850299
256205,2025-06-10T22:45:00.000Z,mlb,Phillies,Cubs,4,8,complete,2026-04-21 18:21:43.850299
256206,2025-06-10T23:10:00.000Z,mlb,Mets,Nationals,5,4,complete,2026-04-21 18:21:43.850299
256207,2025-06-10T23:10:00.000Z,mlb,Red Sox,Rays,3,1,complete,2026-04-21 18:21:43.850299
256208,2025-06-10T23:40:00.000Z,mlb,Royals,Yankees,2,10,complete,2026-04-21 18:21:43.850299
256209,2025-06-10T23:40:00.000Z,mlb,Brewers,Braves,4,1,complete,2026-04-21 18:21:43.850299
256210,2025-06-10T23:40:00.000Z,mlb,Twins,Rangers,4,16,complete,2026-04-21 18:21:43.850299
256211,2025-06-10T23:45:00.000Z,mlb,Cardinals,Blue Jays,9,10,complete,2026-04-21 18:21:43.850299
256212,2025-06-11T00:10:00.000Z,mlb,Astros,White Sox,2,4,complete,2026-04-21 18:21:43.850299
256213,2025-06-11T00:40:00.000Z,mlb,Rockies,Giants,5,6,complete,2026-04-21 18:21:43.850299
256214,2025-06-11T01:38:00.000Z,mlb,Angels,Athletics,2,1,complete,2026-04-21 18:21:43.850299
256215,2025-06-11T01:40:00.000Z,mlb,Diamondbacks,Mariners,10,3,complete,2026-04-21 18:21:43.850299
256216,2025-06-11T01:40:00.000Z,mlb,Padres,Dodgers,11,1,complete,2026-04-21 18:21:43.850299
256301,2025-06-11T16:35:00.000Z,mlb,Pirates,Marlins,5,2,complete,2026-04-21 18:21:43.850299
256302,2025-06-11T17:05:00.000Z,mlb,Phillies,Cubs,7,2,complete,2026-04-21 18:21:43.850299
256303,2025-06-11T17:10:00.000Z,mlb,Guardians,Reds,11,2,complete,2026-04-21 18:21:43.850299
256304,2025-06-11T18:10:00.000Z,mlb,Brewers,Braves,2,6,complete,2026-04-21 18:21:43.850299
256305,2025-06-11T18:15:00.000Z,mlb,Cardinals,Blue Jays,2,5,complete,2026-04-21 18:21:43.850299
256306,2025-06-11T19:40:00.000Z,mlb,Diamondbacks,Mariners,5,2,complete,2026-04-21 18:21:43.850299
256307,2025-06-11T20:07:00.000Z,mlb,Angels,Athletics,6,5,complete,2026-04-21 18:21:43.850299
256308,2025-06-11T20:10:00.000Z,mlb,Padres,Dodgers,2,5,complete,2026-04-21 18:21:43.850299
256309,2025-06-11T22:35:00.000Z,mlb,Orioles,Tigers,10,1,complete,2026-04-21 18:21:43.850299
256310,2025-06-11T23:10:00.000Z,mlb,Red Sox,Rays,4,3,complete,2026-04-21 18:21:43.850299
256311,2025-06-11T23:10:00.000Z,mlb,Mets,Nationals,5,0,complete,2026-04-21 18:21:43.850299
256312,2025-06-11T23:40:00.000Z,mlb,Twins,Rangers,6,2,complete,2026-04-21 18:21:43.850299
256313,2025-06-11T23:40:00.000Z,mlb,Royals,Yankees,3,6,complete,2026-04-21 18:21:43.850299
256314,2025-06-12T00:10:00.000Z,mlb,Astros,White Sox,10,2,complete,2026-04-21 18:21:43.850299
256315,2025-06-12T00:40:00.000Z,mlb,Rockies,Giants,7,10,complete,2026-04-21 18:21:43.850299
256367,2025-06-12T17:10:00.000Z,mlb,Twins,Rangers,3,16,complete,2026-04-21 18:21:43.850299
256368,2025-06-12T17:10:00.000Z,mlb,Mets,Nationals,4,3,complete,2026-04-21 18:21:43.850299
256369,2025-06-12T19:10:00.000Z,mlb,Rockies,Giants,8,7,complete,2026-04-21 18:21:43.850299
256370,2025-06-12T22:35:00.000Z,mlb,Orioles,Tigers,1,4,complete,2026-04-21 18:21:43.850299
256371,2025-06-12T23:40:00.000Z,mlb,Brewers,Cardinals,6,0,complete,2026-04-21 18:21:43.850299
256372,2025-06-12T23:40:00.000Z,mlb,Royals,Yankees,0,1,complete,2026-04-21 18:21:43.850299
256373,2025-06-13T00:05:00.000Z,mlb,Cubs,Pirates,3,2,complete,2026-04-21 18:21:43.850299
256374,2025-06-13T00:10:00.000Z,mlb,Astros,White Sox,4,3,complete,2026-04-21 18:21:43.850299
256400,2025-06-13T18:20:00.000Z,mlb,Cubs,Pirates,1,2,complete,2026-04-21 18:21:43.850299
256401,2025-06-13T22:45:00.000Z,mlb,Nationals,Marlins,9,11,complete,2026-04-21 18:21:43.850299
256402,2025-06-13T22:45:00.000Z,mlb,Phillies,Blue Jays,8,0,complete,2026-04-21 18:21:43.850299
256403,2025-06-13T23:08:00.000Z,mlb,Orioles,Angels,2,0,complete,2026-04-21 18:21:43.850299
256404,2025-06-13T23:10:00.000Z,mlb,Red Sox,Yankees,2,1,complete,2026-04-21 18:21:43.850299
256405,2025-06-13T23:10:00.000Z,mlb,Tigers,Reds,11,5,complete,2026-04-21 18:21:43.850299
256406,2025-06-13T23:10:00.000Z,mlb,Mets,Rays,5,7,complete,2026-04-21 18:21:43.850299
256407,2025-06-13T23:15:00.000Z,mlb,Braves,Rockies,12,4,complete,2026-04-21 18:21:43.850299
256408,2025-06-14T00:05:00.000Z,mlb,Rangers,White Sox,3,1,complete,2026-04-21 18:21:43.850299
256409,2025-06-14T00:10:00.000Z,mlb,Royals,Athletics,4,6,complete,2026-04-21 18:21:43.850299
256410,2025-06-14T00:10:00.000Z,mlb,Astros,Twins,10,3,complete,2026-04-21 18:21:43.850299
256411,2025-06-14T00:10:00.000Z,mlb,Brewers,Cardinals,3,2,complete,2026-04-21 18:21:43.850299
256412,2025-06-14T01:40:00.000Z,mlb,Diamondbacks,Padres,5,1,complete,2026-04-21 18:21:43.850299
256413,2025-06-14T02:10:00.000Z,mlb,Dodgers,Giants,2,6,complete,2026-04-21 18:21:43.850299
256414,2025-06-14T02:10:00.000Z,mlb,Mariners,Guardians,7,2,complete,2026-04-21 18:21:43.850299
256437,2025-06-14T17:05:00.000Z,mlb,Nationals,Marlins,3,4,complete,2026-04-21 18:21:43.850299
256433,2025-06-14T17:10:00.000Z,mlb,Tigers,Reds,1,11,complete,2026-04-21 18:21:43.850299
256434,2025-06-14T18:20:00.000Z,mlb,Cubs,Pirates,2,1,complete,2026-04-21 18:21:43.850299
256435,2025-06-14T20:05:00.000Z,mlb,Orioles,Angels,6,5,complete,2026-04-21 18:21:43.850299
256436,2025-06-14T20:05:00.000Z,mlb,Phillies,Blue Jays,3,2,complete,2026-04-21 18:21:43.850299
256438,2025-06-14T20:05:00.000Z,mlb,Rangers,White Sox,5,4,complete,2026-04-21 18:21:43.850299
256439,2025-06-14T20:10:00.000Z,mlb,Brewers,Cardinals,5,8,complete,2026-04-21 18:21:43.850299
256440,2025-06-14T20:10:00.000Z,mlb,Royals,Athletics,0,4,complete,2026-04-21 18:21:43.850299
256441,2025-06-14T20:10:00.000Z,mlb,Braves,Rockies,4,1,complete,2026-04-21 18:21:43.850299
256442,2025-06-14T20:10:00.000Z,mlb,Astros,Twins,3,2,complete,2026-04-21 18:21:43.850299
256443,2025-06-14T20:10:00.000Z,mlb,Mets,Rays,4,8,complete,2026-04-21 18:21:43.850299
256444,2025-06-14T23:15:00.000Z,mlb,Red Sox,Yankees,4,3,complete,2026-04-21 18:21:43.850299
256445,2025-06-14T23:15:00.000Z,mlb,Diamondbacks,Padres,8,7,complete,2026-04-21 18:21:43.850299
256446,2025-06-15T01:40:00.000Z,mlb,Mariners,Guardians,4,3,complete,2026-04-21 18:21:43.850299
256447,2025-06-15T02:10:00.000Z,mlb,Dodgers,Giants,11,5,complete,2026-04-21 18:21:43.850299
256466,2025-06-15T16:05:00.000Z,mlb,Tigers,Reds,4,8,complete,2026-04-21 18:21:43.850299
256467,2025-06-15T17:35:00.000Z,mlb,Orioles,Angels,11,2,complete,2026-04-21 18:21:43.850299
256468,2025-06-15T17:35:00.000Z,mlb,Phillies,Blue Jays,11,4,complete,2026-04-21 18:21:43.850299
256469,2025-06-15T17:35:00.000Z,mlb,Red Sox,Yankees,2,0,complete,2026-04-21 18:21:43.850299
256470,2025-06-15T17:35:00.000Z,mlb,Braves,Rockies,1,10,complete,2026-04-21 18:21:43.850299
256471,2025-06-15T17:35:00.000Z,mlb,Nationals,Marlins,1,3,complete,2026-04-21 18:21:43.850299
256472,2025-06-15T17:40:00.000Z,mlb,Mets,Rays,0,9,complete,2026-04-21 18:21:43.850299
256473,2025-06-15T18:10:00.000Z,mlb,Astros,Twins,2,1,complete,2026-04-21 18:21:43.850299
256474,2025-06-15T18:10:00.000Z,mlb,Brewers,Cardinals,3,2,complete,2026-04-21 18:21:43.850299
256475,2025-06-15T18:10:00.000Z,mlb,Royals,Athletics,2,3,complete,2026-04-21 18:21:43.850299
256476,2025-06-15T18:20:00.000Z,mlb,Cubs,Pirates,3,2,complete,2026-04-21 18:21:43.850299
256477,2025-06-15T18:35:00.000Z,mlb,Rangers,White Sox,2,1,complete,2026-04-21 18:21:43.850299
256478,2025-06-15T20:10:00.000Z,mlb,Diamondbacks,Padres,2,8,complete,2026-04-21 18:21:43.850299
256480,2025-06-15T20:10:00.000Z,mlb,Mariners,Guardians,6,0,complete,2026-04-21 18:21:43.850299
256479,2025-06-15T23:10:00.000Z,mlb,Dodgers,Giants,5,4,complete,2026-04-21 18:21:43.850299
256499,2025-06-16T22:40:00.000Z,mlb,Marlins,Phillies,2,5,complete,2026-04-21 18:21:43.850299
256500,2025-06-16T22:45:00.000Z,mlb,Nationals,Rockies,4,6,complete,2026-04-21 18:21:43.850299
256501,2025-06-16T23:05:00.000Z,mlb,Yankees,Angels,0,1,complete,2026-04-21 18:21:43.850299
256502,2025-06-16T23:35:00.000Z,mlb,Rays,Orioles,7,1,complete,2026-04-21 18:21:43.850299
256503,2025-06-17T01:40:00.000Z,mlb,Mariners,Red Sox,0,2,complete,2026-04-21 18:21:43.850299
256504,2025-06-17T02:05:00.000Z,mlb,Athletics,Astros,3,1,complete,2026-04-21 18:21:43.850299
256505,2025-06-17T02:10:00.000Z,mlb,Dodgers,Padres,6,3,complete,2026-04-21 18:21:43.850299
256532,2025-06-17T22:10:00.000Z,mlb,Marlins,Phillies,8,3,complete,2026-04-21 18:21:43.850299
256533,2025-06-17T22:40:00.000Z,mlb,Tigers,Pirates,7,3,complete,2026-04-21 18:21:43.850299
256534,2025-06-17T22:45:00.000Z,mlb,Nationals,Rockies,6,10,complete,2026-04-21 18:21:43.850299
256535,2025-06-17T23:05:00.000Z,mlb,Yankees,Angels,0,4,complete,2026-04-21 18:21:43.850299
256536,2025-06-17T23:07:00.000Z,mlb,Blue Jays,Diamondbacks,5,4,complete,2026-04-21 18:21:43.850299
256537,2025-06-17T23:10:00.000Z,mlb,Reds,Twins,6,5,complete,2026-04-21 18:21:43.850299
256538,2025-06-17T23:15:00.000Z,mlb,Braves,Mets,5,4,complete,2026-04-21 18:21:43.850299
256539,2025-06-17T23:35:00.000Z,mlb,Rays,Orioles,1,5,complete,2026-04-21 18:21:43.850299
256540,2025-06-17T23:40:00.000Z,mlb,White Sox,Cardinals,2,12,complete,2026-04-21 18:21:43.850299
256541,2025-06-18T00:05:00.000Z,mlb,Rangers,Royals,1,6,complete,2026-04-21 18:21:43.850299
256542,2025-06-18T00:05:00.000Z,mlb,Cubs,Brewers,5,3,complete,2026-04-21 18:21:43.850299
256543,2025-06-18T01:40:00.000Z,mlb,Mariners,Red Sox,8,0,complete,2026-04-21 18:21:43.850299
256544,2025-06-18T01:45:00.000Z,mlb,Giants,Guardians,2,3,complete,2026-04-21 18:21:43.850299
256545,2025-06-18T02:05:00.000Z,mlb,Athletics,Astros,3,13,complete,2026-04-21 18:21:43.850299
256546,2025-06-18T02:10:00.000Z,mlb,Dodgers,Padres,8,6,complete,2026-04-21 18:21:43.850299
256568,2025-06-18T20:10:00.000Z,mlb,Mariners,Red Sox,1,3,complete,2026-04-21 18:21:43.850299
256569,2025-06-18T22:40:00.000Z,mlb,Marlins,Phillies,2,4,complete,2026-04-21 18:21:43.850299
256571,2025-06-18T22:45:00.000Z,mlb,Nationals,Rockies,1,3,complete,2026-04-21 18:21:43.850299
256572,2025-06-18T23:05:00.000Z,mlb,Yankees,Angels,2,3,complete,2026-04-21 18:21:43.850299
256573,2025-06-18T23:07:00.000Z,mlb,Blue Jays,Diamondbacks,8,1,complete,2026-04-21 18:21:43.850299
256574,2025-06-18T23:10:00.000Z,mlb,Reds,Twins,4,2,complete,2026-04-21 18:21:43.850299
256575,2025-06-18T23:15:00.000Z,mlb,Braves,Mets,5,0,complete,2026-04-21 18:21:43.850299
256576,2025-06-18T23:35:00.000Z,mlb,Rays,Orioles,12,8,complete,2026-04-21 18:21:43.850299
256579,2025-06-19T00:05:00.000Z,mlb,Rangers,Royals,3,6,complete,2026-04-21 18:21:43.850299
256580,2025-06-19T01:45:00.000Z,mlb,Giants,Guardians,2,4,complete,2026-04-21 18:21:43.850299
256581,2025-06-19T02:05:00.000Z,mlb,Athletics,Astros,4,11,complete,2026-04-21 18:21:43.850299
256582,2025-06-19T02:10:00.000Z,mlb,Dodgers,Padres,4,3,complete,2026-04-21 18:21:43.850299
256607,2025-06-19T16:40:00.000Z,mlb,Reds,Twins,5,12,complete,2026-04-21 18:21:43.850299
256608,2025-06-19T17:05:00.000Z,mlb,Yankees,Angels,7,3,complete,2026-04-21 18:21:43.850299
256609,2025-06-19T17:05:00.000Z,mlb,Nationals,Rockies,4,3,complete,2026-04-21 18:21:43.850299
256610,2025-06-19T17:10:00.000Z,mlb,Tigers,Pirates,9,2,complete,2026-04-21 18:21:43.850299
256611,2025-06-19T18:10:00.000Z,mlb,White Sox,Cardinals,4,5,complete,2026-04-21 18:21:43.850299
256612,2025-06-19T18:20:00.000Z,mlb,Cubs,Brewers,7,8,complete,2026-04-21 18:21:43.850299
256613,2025-06-19T18:35:00.000Z,mlb,Rangers,Royals,1,4,complete,2026-04-21 18:21:43.850299
256614,2025-06-19T19:07:00.000Z,mlb,Blue Jays,Diamondbacks,5,9,complete,2026-04-21 18:21:43.850299
256615,2025-06-19T20:05:00.000Z,mlb,Giants,Guardians,2,1,complete,2026-04-21 18:21:43.850299
258150,2025-06-19T21:40:00.000Z,mlb,White Sox,Cardinals,6,8,complete,2026-04-21 18:21:43.850299
258149,2025-06-19T22:10:00.000Z,mlb,Tigers,Pirates,4,8,complete,2026-04-21 18:21:43.850299
256616,2025-06-19T22:40:00.000Z,mlb,Marlins,Phillies,1,2,complete,2026-04-21 18:21:43.850299
256617,2025-06-19T23:15:00.000Z,mlb,Braves,Mets,7,1,complete,2026-04-21 18:21:43.850299
256618,2025-06-19T23:35:00.000Z,mlb,Rays,Orioles,1,4,complete,2026-04-21 18:21:43.850299
256619,2025-06-20T02:05:00.000Z,mlb,Athletics,Astros,6,4,complete,2026-04-21 18:21:43.850299
256620,2025-06-20T02:10:00.000Z,mlb,Dodgers,Padres,3,5,complete,2026-04-21 18:21:43.850299
256897,2025-06-20T18:20:00.000Z,mlb,Cubs,Mariners,4,9,complete,2026-04-21 18:21:43.850299
256898,2025-06-20T22:40:00.000Z,mlb,Pirates,Rangers,2,6,complete,2026-04-21 18:21:43.850299
256899,2025-06-20T23:05:00.000Z,mlb,Yankees,Orioles,3,5,complete,2026-04-21 18:21:43.850299
256900,2025-06-20T23:05:00.000Z,mlb,Rays,Tigers,14,8,complete,2026-04-21 18:21:43.850299
256901,2025-06-20T23:07:00.000Z,mlb,Blue Jays,White Sox,1,7,complete,2026-04-21 18:21:43.850299
256902,2025-06-20T23:10:00.000Z,mlb,Marlins,Braves,6,2,complete,2026-04-21 18:21:43.850299
256903,2025-06-20T23:15:00.000Z,mlb,Cardinals,Reds,6,1,complete,2026-04-21 18:21:43.850299
256904,2025-06-20T23:15:00.000Z,mlb,Phillies,Mets,10,2,complete,2026-04-21 18:21:43.850299
256905,2025-06-21T00:10:00.000Z,mlb,Twins,Brewers,6,17,complete,2026-04-21 18:21:43.850299
256906,2025-06-21T00:40:00.000Z,mlb,Rockies,Diamondbacks,8,14,complete,2026-04-21 18:21:43.850299
256907,2025-06-21T01:38:00.000Z,mlb,Angels,Astros,2,3,complete,2026-04-21 18:21:43.850299
256908,2025-06-21T01:40:00.000Z,mlb,Padres,Royals,5,6,complete,2026-04-21 18:21:43.850299
256909,2025-06-21T02:05:00.000Z,mlb,Athletics,Guardians,5,1,complete,2026-04-21 18:21:43.850299
256910,2025-06-21T02:10:00.000Z,mlb,Dodgers,Nationals,6,5,complete,2026-04-21 18:21:43.850299
256911,2025-06-21T02:15:00.000Z,mlb,Giants,Red Sox,5,7,complete,2026-04-21 18:21:43.850299
256946,2025-06-21T16:10:00.000Z,mlb,Rays,Tigers,8,3,complete,2026-04-21 18:21:43.850299
256947,2025-06-21T17:05:00.000Z,mlb,Yankees,Orioles,9,0,complete,2026-04-21 18:21:43.850299
256948,2025-06-21T18:10:00.000Z,mlb,Twins,Brewers,0,9,complete,2026-04-21 18:21:43.850299
256949,2025-06-21T18:15:00.000Z,mlb,Cardinals,Reds,6,5,complete,2026-04-21 18:21:43.850299
256950,2025-06-21T18:20:00.000Z,mlb,Cubs,Mariners,10,7,complete,2026-04-21 18:21:43.850299
256951,2025-06-21T19:07:00.000Z,mlb,Blue Jays,White Sox,7,1,complete,2026-04-21 18:21:43.850299
256952,2025-06-21T20:05:00.000Z,mlb,Giants,Red Sox,3,2,complete,2026-04-21 18:21:43.850299
256953,2025-06-21T20:05:00.000Z,mlb,Pirates,Rangers,2,3,complete,2026-04-21 18:21:43.850299
256954,2025-06-21T20:10:00.000Z,mlb,Marlins,Braves,0,7,complete,2026-04-21 18:21:43.850299
256955,2025-06-21T23:15:00.000Z,mlb,Padres,Royals,5,1,complete,2026-04-21 18:21:43.850299
256956,2025-06-21T23:15:00.000Z,mlb,Phillies,Mets,4,11,complete,2026-04-21 18:21:43.850299
256957,2025-06-22T01:10:00.000Z,mlb,Rockies,Diamondbacks,3,5,complete,2026-04-21 18:21:43.850299
256958,2025-06-22T01:38:00.000Z,mlb,Angels,Astros,9,1,complete,2026-04-21 18:21:43.850299
256959,2025-06-22T02:05:00.000Z,mlb,Athletics,Guardians,2,4,complete,2026-04-21 18:21:43.850299
256960,2025-06-22T02:10:00.000Z,mlb,Dodgers,Nationals,3,7,complete,2026-04-21 18:21:43.850299
256994,2025-06-22T15:35:00.000Z,mlb,Yankees,Orioles,4,2,complete,2026-04-21 18:21:43.850299
256995,2025-06-22T16:10:00.000Z,mlb,Rays,Tigers,3,9,complete,2026-04-21 18:21:43.850299
256996,2025-06-22T17:35:00.000Z,mlb,Pirates,Rangers,8,3,complete,2026-04-21 18:21:43.850299
256997,2025-06-22T17:37:00.000Z,mlb,Blue Jays,White Sox,2,4,complete,2026-04-21 18:21:43.850299
256998,2025-06-22T17:40:00.000Z,mlb,Marlins,Braves,5,3,complete,2026-04-21 18:21:43.850299
256999,2025-06-22T18:10:00.000Z,mlb,Twins,Brewers,8,9,complete,2026-04-21 18:21:43.850299
257000,2025-06-22T18:15:00.000Z,mlb,Cardinals,Reds,1,4,complete,2026-04-21 18:21:43.850299
257001,2025-06-22T18:20:00.000Z,mlb,Cubs,Mariners,6,14,complete,2026-04-21 18:21:43.850299
257002,2025-06-22T19:10:00.000Z,mlb,Rockies,Diamondbacks,4,2,complete,2026-04-21 18:21:43.850299
257003,2025-06-22T20:05:00.000Z,mlb,Athletics,Guardians,0,3,complete,2026-04-21 18:21:43.850299
257004,2025-06-22T20:05:00.000Z,mlb,Giants,Red Sox,9,5,complete,2026-04-21 18:21:43.850299
257005,2025-06-22T20:07:00.000Z,mlb,Angels,Astros,7,8,complete,2026-04-21 18:21:43.850299
257006,2025-06-22T20:10:00.000Z,mlb,Dodgers,Nationals,13,7,complete,2026-04-21 18:21:43.850299
257007,2025-06-22T20:10:00.000Z,mlb,Padres,Royals,3,2,complete,2026-04-21 18:21:43.850299
257008,2025-06-22T23:10:00.000Z,mlb,Phillies,Mets,7,1,complete,2026-04-21 18:21:43.850299
257027,2025-06-23T22:35:00.000Z,mlb,Orioles,Rangers,6,0,complete,2026-04-21 18:21:43.850299
257028,2025-06-23T23:10:00.000Z,mlb,Reds,Yankees,6,1,complete,2026-04-21 18:21:43.850299
257029,2025-06-23T23:10:00.000Z,mlb,Mets,Braves,2,3,complete,2026-04-21 18:21:43.850299
257030,2025-06-23T23:40:00.000Z,mlb,Twins,Mariners,2,11,complete,2026-04-21 18:21:43.850299
257031,2025-06-23T23:40:00.000Z,mlb,Brewers,Pirates,4,5,complete,2026-04-21 18:21:43.850299
257032,2025-06-23T23:40:00.000Z,mlb,White Sox,Diamondbacks,0,10,complete,2026-04-21 18:21:43.850299
257033,2025-06-23T23:45:00.000Z,mlb,Cardinals,Cubs,8,2,complete,2026-04-21 18:21:43.850299
257034,2025-06-24T01:38:00.000Z,mlb,Angels,Red Sox,9,5,complete,2026-04-21 18:21:43.850299
257035,2025-06-24T01:40:00.000Z,mlb,Padres,Nationals,6,10,complete,2026-04-21 18:21:43.850299
257079,2025-06-24T22:35:00.000Z,mlb,Orioles,Rangers,5,6,complete,2026-04-21 18:21:43.850299
257080,2025-06-24T22:40:00.000Z,mlb,Tigers,Athletics,11,4,complete,2026-04-21 18:21:43.850299
257081,2025-06-24T22:40:00.000Z,mlb,Guardians,Blue Jays,6,10,complete,2026-04-21 18:21:43.850299
257082,2025-06-24T23:10:00.000Z,mlb,Reds,Yankees,5,4,complete,2026-04-21 18:21:43.850299
257083,2025-06-24T23:10:00.000Z,mlb,Mets,Braves,4,7,complete,2026-04-21 18:21:43.850299
257084,2025-06-24T23:40:00.000Z,mlb,Brewers,Pirates,9,3,complete,2026-04-21 18:21:43.850299
257085,2025-06-24T23:40:00.000Z,mlb,Twins,Mariners,5,6,complete,2026-04-21 18:21:43.850299
257086,2025-06-24T23:40:00.000Z,mlb,Royals,Rays,1,5,complete,2026-04-21 18:21:43.850299
257087,2025-06-24T23:40:00.000Z,mlb,White Sox,Diamondbacks,1,4,complete,2026-04-21 18:21:43.850299
257088,2025-06-24T23:45:00.000Z,mlb,Cardinals,Cubs,8,7,complete,2026-04-21 18:21:43.850299
257089,2025-06-25T00:10:00.000Z,mlb,Astros,Phillies,1,0,complete,2026-04-21 18:21:43.850299
257090,2025-06-25T00:40:00.000Z,mlb,Rockies,Dodgers,7,9,complete,2026-04-21 18:21:43.850299
257091,2025-06-25T01:38:00.000Z,mlb,Angels,Red Sox,3,2,complete,2026-04-21 18:21:43.850299
257092,2025-06-25T01:40:00.000Z,mlb,Padres,Nationals,4,3,complete,2026-04-21 18:21:43.850299
257093,2025-06-25T01:45:00.000Z,mlb,Giants,Marlins,2,4,complete,2026-04-21 18:21:43.850299
257126,2025-06-25T18:10:00.000Z,mlb,Brewers,Pirates,4,2,complete,2026-04-21 18:21:43.850299
257127,2025-06-25T18:10:00.000Z,mlb,White Sox,Diamondbacks,7,3,complete,2026-04-21 18:21:43.850299
257128,2025-06-25T20:07:00.000Z,mlb,Angels,Red Sox,5,2,complete,2026-04-21 18:21:43.850299
257129,2025-06-25T20:10:00.000Z,mlb,Padres,Nationals,1,0,complete,2026-04-21 18:21:43.850299
257130,2025-06-25T22:35:00.000Z,mlb,Orioles,Rangers,0,7,complete,2026-04-21 18:21:43.850299
257131,2025-06-25T22:40:00.000Z,mlb,Guardians,Blue Jays,5,4,complete,2026-04-21 18:21:43.850299
257132,2025-06-25T22:40:00.000Z,mlb,Tigers,Athletics,0,3,complete,2026-04-21 18:21:43.850299
257133,2025-06-25T23:10:00.000Z,mlb,Mets,Braves,7,3,complete,2026-04-21 18:21:43.850299
257134,2025-06-25T23:10:00.000Z,mlb,Reds,Yankees,1,7,complete,2026-04-21 18:21:43.850299
257135,2025-06-25T23:40:00.000Z,mlb,Twins,Mariners,2,0,complete,2026-04-21 18:21:43.850299
257136,2025-06-25T23:40:00.000Z,mlb,Royals,Rays,0,3,complete,2026-04-21 18:21:43.850299
257137,2025-06-25T23:45:00.000Z,mlb,Cardinals,Cubs,0,8,complete,2026-04-21 18:21:43.850299
257138,2025-06-26T00:10:00.000Z,mlb,Astros,Phillies,2,0,complete,2026-04-21 18:21:43.850299
257139,2025-06-26T00:40:00.000Z,mlb,Rockies,Dodgers,1,8,complete,2026-04-21 18:21:43.850299
257140,2025-06-26T01:45:00.000Z,mlb,Giants,Marlins,5,8,complete,2026-04-21 18:21:43.850299
257159,2025-06-26T17:10:00.000Z,mlb,Twins,Mariners,10,1,complete,2026-04-21 18:21:43.850299
257160,2025-06-26T17:10:00.000Z,mlb,Tigers,Athletics,8,0,complete,2026-04-21 18:21:43.850299
257161,2025-06-26T17:10:00.000Z,mlb,Guardians,Blue Jays,0,6,complete,2026-04-21 18:21:43.850299
257162,2025-06-26T18:10:00.000Z,mlb,Royals,Rays,0,4,complete,2026-04-21 18:21:43.850299
257163,2025-06-26T18:10:00.000Z,mlb,Astros,Phillies,2,1,complete,2026-04-21 18:21:43.850299
257164,2025-06-26T18:15:00.000Z,mlb,Cardinals,Cubs,0,3,complete,2026-04-21 18:21:43.850299
257165,2025-06-26T19:10:00.000Z,mlb,Rockies,Dodgers,1,3,complete,2026-04-21 18:21:43.850299
257166,2025-06-26T19:45:00.000Z,mlb,Giants,Marlins,5,12,complete,2026-04-21 18:21:43.850299
257167,2025-06-26T23:10:00.000Z,mlb,Mets,Braves,4,0,complete,2026-04-21 18:21:43.850299
257225,2025-06-27T22:40:00.000Z,mlb,Pirates,Mets,9,1,complete,2026-04-21 18:21:43.850299
257226,2025-06-27T23:05:00.000Z,mlb,Orioles,Rays,22,8,complete,2026-04-21 18:21:43.850299
257227,2025-06-27T23:05:00.000Z,mlb,Yankees,Athletics,3,0,complete,2026-04-21 18:21:43.850299
257228,2025-06-27T23:10:00.000Z,mlb,Reds,Padres,8,1,complete,2026-04-21 18:21:43.850299
257229,2025-06-27T23:10:00.000Z,mlb,Red Sox,Blue Jays,0,9,complete,2026-04-21 18:21:43.850299
257230,2025-06-27T23:10:00.000Z,mlb,Tigers,Twins,1,4,complete,2026-04-21 18:21:43.850299
257231,2025-06-27T23:10:00.000Z,mlb,Guardians,Cardinals,0,5,complete,2026-04-21 18:21:43.850299
257232,2025-06-27T23:15:00.000Z,mlb,Braves,Phillies,0,13,complete,2026-04-21 18:21:43.850299
257233,2025-06-27T23:40:00.000Z,mlb,White Sox,Giants,1,3,complete,2026-04-21 18:21:43.850299
257234,2025-06-28T00:05:00.000Z,mlb,Rangers,Mariners,6,7,complete,2026-04-21 18:21:43.850299
257235,2025-06-28T00:10:00.000Z,mlb,Brewers,Rockies,10,6,complete,2026-04-21 18:21:43.850299
257236,2025-06-28T00:10:00.000Z,mlb,Royals,Dodgers,4,5,complete,2026-04-21 18:21:43.850299
257237,2025-06-28T00:10:00.000Z,mlb,Astros,Cubs,7,4,complete,2026-04-21 18:21:43.850299
257238,2025-06-28T01:38:00.000Z,mlb,Angels,Nationals,9,15,complete,2026-04-21 18:21:43.850299
257239,2025-06-28T01:40:00.000Z,mlb,Diamondbacks,Marlins,8,9,complete,2026-04-21 18:21:43.850299
257248,2025-06-28T17:05:00.000Z,mlb,Yankees,Athletics,0,7,complete,2026-04-21 18:21:43.850299
257249,2025-06-28T17:10:00.000Z,mlb,Tigers,Twins,10,5,complete,2026-04-21 18:21:43.850299
257250,2025-06-28T20:05:00.000Z,mlb,Rangers,Mariners,3,2,complete,2026-04-21 18:21:43.850299
257251,2025-06-28T20:05:00.000Z,mlb,Orioles,Rays,3,11,complete,2026-04-21 18:21:43.850299
257252,2025-06-28T20:05:00.000Z,mlb,Pirates,Mets,9,2,complete,2026-04-21 18:21:43.850299
257253,2025-06-28T20:10:00.000Z,mlb,Reds,Padres,4,6,complete,2026-04-21 18:21:43.850299
257254,2025-06-28T20:10:00.000Z,mlb,White Sox,Giants,1,0,complete,2026-04-21 18:21:43.850299
257255,2025-06-28T20:10:00.000Z,mlb,Guardians,Cardinals,6,9,complete,2026-04-21 18:21:43.850299
257256,2025-06-28T20:10:00.000Z,mlb,Diamondbacks,Marlins,7,8,complete,2026-04-21 18:21:43.850299
257257,2025-06-28T20:10:00.000Z,mlb,Red Sox,Blue Jays,15,1,complete,2026-04-21 18:21:43.850299
257258,2025-06-28T20:10:00.000Z,mlb,Royals,Dodgers,9,5,complete,2026-04-21 18:21:43.850299
257259,2025-06-28T20:10:00.000Z,mlb,Brewers,Rockies,5,0,complete,2026-04-21 18:21:43.850299
257260,2025-06-28T23:15:00.000Z,mlb,Braves,Phillies,6,1,complete,2026-04-21 18:21:43.850299
257261,2025-06-28T23:15:00.000Z,mlb,Astros,Cubs,3,12,complete,2026-04-21 18:21:43.850299
257262,2025-06-29T01:38:00.000Z,mlb,Angels,Nationals,8,2,complete,2026-04-21 18:21:43.850299
257264,2025-06-29T16:05:00.000Z,mlb,Guardians,Cardinals,0,7,complete,2026-04-21 18:21:43.850299
257265,2025-06-29T17:35:00.000Z,mlb,Red Sox,Blue Jays,3,5,complete,2026-04-21 18:21:43.850299
257266,2025-06-29T17:35:00.000Z,mlb,Yankees,Athletics,12,5,complete,2026-04-21 18:21:43.850299
257267,2025-06-29T17:35:00.000Z,mlb,Orioles,Rays,5,1,complete,2026-04-21 18:21:43.850299
257268,2025-06-29T17:35:00.000Z,mlb,Braves,Phillies,1,2,complete,2026-04-21 18:21:43.850299
257269,2025-06-29T17:35:00.000Z,mlb,Pirates,Mets,12,1,complete,2026-04-21 18:21:43.850299
257270,2025-06-29T17:40:00.000Z,mlb,Reds,Padres,3,2,complete,2026-04-21 18:21:43.850299
257272,2025-06-29T18:10:00.000Z,mlb,Brewers,Rockies,3,4,complete,2026-04-21 18:21:43.850299
257273,2025-06-29T18:10:00.000Z,mlb,White Sox,Giants,5,2,complete,2026-04-21 18:21:43.850299
257274,2025-06-29T18:10:00.000Z,mlb,Royals,Dodgers,1,5,complete,2026-04-21 18:21:43.850299
257275,2025-06-29T18:10:00.000Z,mlb,Astros,Cubs,2,0,complete,2026-04-21 18:21:43.850299
257276,2025-06-29T18:35:00.000Z,mlb,Rangers,Mariners,4,6,complete,2026-04-21 18:21:43.850299
257277,2025-06-29T20:07:00.000Z,mlb,Angels,Nationals,4,7,complete,2026-04-21 18:21:43.850299
257278,2025-06-29T20:10:00.000Z,mlb,Diamondbacks,Marlins,4,6,complete,2026-04-21 18:21:43.850299
257271,2025-06-29T23:10:00.000Z,mlb,Tigers,Twins,3,0,complete,2026-04-21 18:21:43.850299
257291,2025-06-30T22:35:00.000Z,mlb,Phillies,Padres,4,0,complete,2026-04-21 18:21:43.850299
257292,2025-06-30T22:40:00.000Z,mlb,Pirates,Cardinals,7,0,complete,2026-04-21 18:21:43.850299
257293,2025-06-30T23:07:00.000Z,mlb,Blue Jays,Yankees,5,4,complete,2026-04-21 18:21:43.850299
257294,2025-06-30T23:10:00.000Z,mlb,Red Sox,Reds,13,6,complete,2026-04-21 18:21:43.850299
257295,2025-06-30T23:35:00.000Z,mlb,Rays,Athletics,4,6,complete,2026-04-21 18:21:43.850299
257296,2025-07-01T00:05:00.000Z,mlb,Rangers,Orioles,6,10,complete,2026-04-21 18:21:43.850299
257297,2025-07-01T01:40:00.000Z,mlb,Diamondbacks,Giants,4,2,complete,2026-04-21 18:21:43.850299
257298,2025-07-01T01:40:00.000Z,mlb,Mariners,Royals,6,2,complete,2026-04-21 18:21:43.850299
257324,2025-07-01T19:07:00.000Z,mlb,Blue Jays,Yankees,12,5,complete,2026-04-21 18:21:43.850299
257326,2025-07-01T22:40:00.000Z,mlb,Pirates,Cardinals,1,0,complete,2026-04-21 18:21:43.850299
257327,2025-07-01T22:40:00.000Z,mlb,Marlins,Twins,2,0,complete,2026-04-21 18:21:43.850299
257329,2025-07-01T23:05:00.000Z,mlb,Rays,Athletics,3,4,complete,2026-04-21 18:21:43.850299
257330,2025-07-01T23:10:00.000Z,mlb,Red Sox,Reds,2,1,complete,2026-04-21 18:21:43.850299
257332,2025-07-01T23:15:00.000Z,mlb,Braves,Angels,0,4,complete,2026-04-21 18:21:43.850299
257333,2025-07-02T00:05:00.000Z,mlb,Rangers,Orioles,10,2,complete,2026-04-21 18:21:43.850299
257334,2025-07-02T00:05:00.000Z,mlb,Cubs,Guardians,5,2,complete,2026-04-21 18:21:43.850299
257335,2025-07-02T00:40:00.000Z,mlb,Rockies,Astros,5,6,complete,2026-04-21 18:21:43.850299
257336,2025-07-02T01:40:00.000Z,mlb,Diamondbacks,Giants,8,2,complete,2026-04-21 18:21:43.850299
257337,2025-07-02T01:40:00.000Z,mlb,Mariners,Royals,3,6,complete,2026-04-21 18:21:43.850299
257338,2025-07-02T02:10:00.000Z,mlb,Dodgers,White Sox,6,1,complete,2026-04-21 18:21:43.850299
257357,2025-07-02T16:10:00.000Z,mlb,Rays,Athletics,6,5,complete,2026-04-21 18:21:43.850299
257358,2025-07-02T16:35:00.000Z,mlb,Pirates,Cardinals,5,0,complete,2026-04-21 18:21:43.850299
257359,2025-07-02T17:05:00.000Z,mlb,Phillies,Padres,4,6,complete,2026-04-21 18:21:43.850299
258726,2025-07-02T17:05:00.000Z,mlb,Nationals,Tigers,2,11,complete,2026-04-21 18:21:43.850299
258728,2025-07-02T17:10:00.000Z,mlb,Mets,Brewers,2,7,complete,2026-04-21 18:21:43.850299
258729,2025-07-02T18:30:00.000Z,mlb,Red Sox,Reds,5,3,complete,2026-04-21 18:21:43.850299
258727,2025-07-02T22:15:00.000Z,mlb,Phillies,Padres,5,1,complete,2026-04-21 18:21:43.850299
257360,2025-07-02T22:40:00.000Z,mlb,Marlins,Twins,1,2,complete,2026-04-21 18:21:43.850299
257361,2025-07-02T22:45:00.000Z,mlb,Nationals,Tigers,9,4,complete,2026-04-21 18:21:43.850299
257362,2025-07-02T23:07:00.000Z,mlb,Blue Jays,Yankees,11,9,complete,2026-04-21 18:21:43.850299
257363,2025-07-02T23:10:00.000Z,mlb,Red Sox,Reds,4,8,complete,2026-04-21 18:21:43.850299
257364,2025-07-02T23:10:00.000Z,mlb,Mets,Brewers,7,3,complete,2026-04-21 18:21:43.850299
257365,2025-07-02T23:15:00.000Z,mlb,Braves,Angels,8,3,complete,2026-04-21 18:21:43.850299
257366,2025-07-03T00:05:00.000Z,mlb,Rangers,Orioles,6,0,complete,2026-04-21 18:21:43.850299
257367,2025-07-03T00:05:00.000Z,mlb,Cubs,Guardians,5,4,complete,2026-04-21 18:21:43.850299
257368,2025-07-03T00:40:00.000Z,mlb,Rockies,Astros,3,5,complete,2026-04-21 18:21:43.850299
257369,2025-07-03T01:40:00.000Z,mlb,Mariners,Royals,3,2,complete,2026-04-21 18:21:43.850299
257370,2025-07-03T01:40:00.000Z,mlb,Diamondbacks,Giants,5,6,complete,2026-04-21 18:21:43.850299
257371,2025-07-03T02:10:00.000Z,mlb,Dodgers,White Sox,5,4,complete,2026-04-21 18:21:43.850299
257390,2025-07-03T16:10:00.000Z,mlb,Marlins,Twins,4,1,complete,2026-04-21 18:21:43.850299
257391,2025-07-03T19:10:00.000Z,mlb,Rockies,Astros,7,6,complete,2026-04-21 18:21:43.850299
257392,2025-07-03T22:45:00.000Z,mlb,Nationals,Tigers,11,7,complete,2026-04-21 18:21:43.850299
257393,2025-07-03T23:07:00.000Z,mlb,Blue Jays,Yankees,8,5,complete,2026-04-21 18:21:43.850299
257394,2025-07-03T23:10:00.000Z,mlb,Mets,Brewers,3,2,complete,2026-04-21 18:21:43.850299
257395,2025-07-03T23:15:00.000Z,mlb,Braves,Angels,1,5,complete,2026-04-21 18:21:43.850299
257396,2025-07-04T00:05:00.000Z,mlb,Cubs,Guardians,1,0,complete,2026-04-21 18:21:43.850299
257397,2025-07-04T01:40:00.000Z,mlb,Diamondbacks,Giants,2,7,complete,2026-04-21 18:21:43.850299
257398,2025-07-04T02:10:00.000Z,mlb,Mariners,Royals,2,3,complete,2026-04-21 18:21:43.850299
257399,2025-07-04T02:10:00.000Z,mlb,Dodgers,White Sox,6,2,complete,2026-04-21 18:21:43.850299
257401,2025-07-04T15:05:00.000Z,mlb,Nationals,Red Sox,2,11,complete,2026-04-21 18:21:43.850299
257402,2025-07-04T17:05:00.000Z,mlb,Phillies,Reds,6,9,complete,2026-04-21 18:21:43.850299
257403,2025-07-04T18:20:00.000Z,mlb,Cubs,Cardinals,11,3,complete,2026-04-21 18:21:43.850299
257404,2025-07-04T19:10:00.000Z,mlb,Mets,Yankees,6,5,complete,2026-04-21 18:21:43.850299
257405,2025-07-04T20:10:00.000Z,mlb,Twins,Rays,4,3,complete,2026-04-21 18:21:43.850299
257406,2025-07-04T20:10:00.000Z,mlb,Mariners,Pirates,6,0,complete,2026-04-21 18:21:43.850299
257407,2025-07-04T22:40:00.000Z,mlb,Padres,Rangers,3,2,complete,2026-04-21 18:21:43.850299
257408,2025-07-04T23:07:00.000Z,mlb,Blue Jays,Angels,4,3,complete,2026-04-21 18:21:43.850299
257409,2025-07-04T23:10:00.000Z,mlb,Marlins,Brewers,5,6,complete,2026-04-21 18:21:43.850299
257410,2025-07-04T23:10:00.000Z,mlb,Guardians,Tigers,1,2,complete,2026-04-21 18:21:43.850299
257411,2025-07-04T23:15:00.000Z,mlb,Braves,Orioles,2,3,complete,2026-04-21 18:21:43.850299
257412,2025-07-05T00:10:00.000Z,mlb,Rockies,White Sox,2,3,complete,2026-04-21 18:21:43.850299
257413,2025-07-05T01:10:00.000Z,mlb,Dodgers,Astros,1,18,complete,2026-04-21 18:21:43.850299
257414,2025-07-05T01:40:00.000Z,mlb,Diamondbacks,Royals,3,9,complete,2026-04-21 18:21:43.850299
257415,2025-07-05T02:05:00.000Z,mlb,Athletics,Giants,11,2,complete,2026-04-21 18:21:43.850299
257423,2025-07-05T18:10:00.000Z,mlb,Twins,Rays,6,5,complete,2026-04-21 18:21:43.850299
257424,2025-07-05T18:20:00.000Z,mlb,Cubs,Cardinals,6,8,complete,2026-04-21 18:21:43.850299
257425,2025-07-05T19:07:00.000Z,mlb,Blue Jays,Angels,4,3,complete,2026-04-21 18:21:43.850299
257426,2025-07-05T20:05:00.000Z,mlb,Phillies,Reds,5,1,complete,2026-04-21 18:21:43.850299
257427,2025-07-05T20:05:00.000Z,mlb,Nationals,Red Sox,3,10,complete,2026-04-21 18:21:43.850299
257428,2025-07-05T20:10:00.000Z,mlb,Marlins,Brewers,4,2,complete,2026-04-21 18:21:43.850299
257429,2025-07-05T20:10:00.000Z,mlb,Braves,Orioles,6,9,complete,2026-04-21 18:21:43.850299
257430,2025-07-05T20:10:00.000Z,mlb,Diamondbacks,Royals,7,1,complete,2026-04-21 18:21:43.850299
257431,2025-07-05T20:10:00.000Z,mlb,Mets,Yankees,12,6,complete,2026-04-21 18:21:43.850299
257432,2025-07-05T23:15:00.000Z,mlb,Dodgers,Astros,4,6,complete,2026-04-21 18:21:43.850299
257433,2025-07-05T23:15:00.000Z,mlb,Guardians,Tigers,0,1,complete,2026-04-21 18:21:43.850299
257434,2025-07-06T01:10:00.000Z,mlb,Rockies,White Sox,3,10,complete,2026-04-21 18:21:43.850299
257435,2025-07-06T01:40:00.000Z,mlb,Padres,Rangers,4,7,complete,2026-04-21 18:21:43.850299
257436,2025-07-06T02:05:00.000Z,mlb,Athletics,Giants,2,7,complete,2026-04-21 18:21:43.850299
257437,2025-07-06T02:10:00.000Z,mlb,Mariners,Pirates,1,0,complete,2026-04-21 18:21:43.850299
257456,2025-07-06T15:35:00.000Z,mlb,Braves,Orioles,1,2,complete,2026-04-21 18:21:43.850299
257457,2025-07-06T17:35:00.000Z,mlb,Phillies,Reds,3,1,complete,2026-04-21 18:21:43.850299
257458,2025-07-06T17:35:00.000Z,mlb,Nationals,Red Sox,4,6,complete,2026-04-21 18:21:43.850299
257459,2025-07-06T17:37:00.000Z,mlb,Blue Jays,Angels,3,2,complete,2026-04-21 18:21:43.850299
257460,2025-07-06T17:40:00.000Z,mlb,Guardians,Tigers,2,7,complete,2026-04-21 18:21:43.850299
257461,2025-07-06T17:40:00.000Z,mlb,Mets,Yankees,4,6,complete,2026-04-21 18:21:43.850299
257462,2025-07-06T17:40:00.000Z,mlb,Marlins,Brewers,1,3,complete,2026-04-21 18:21:43.850299
257463,2025-07-06T18:10:00.000Z,mlb,Twins,Rays,5,7,complete,2026-04-21 18:21:43.850299
257465,2025-07-06T19:10:00.000Z,mlb,Rockies,White Sox,6,4,complete,2026-04-21 18:21:43.850299
257466,2025-07-06T20:10:00.000Z,mlb,Mariners,Pirates,1,0,complete,2026-04-21 18:21:43.850299
257467,2025-07-06T20:10:00.000Z,mlb,Dodgers,Astros,1,5,complete,2026-04-21 18:21:43.850299
257468,2025-07-06T20:10:00.000Z,mlb,Diamondbacks,Royals,0,4,complete,2026-04-21 18:21:43.850299
257464,2025-07-06T22:10:00.000Z,mlb,Cubs,Cardinals,11,0,complete,2026-04-21 18:21:43.850299
257469,2025-07-07T01:10:00.000Z,mlb,Padres,Rangers,4,1,complete,2026-04-21 18:21:43.850299
257470,2025-07-07T02:05:00.000Z,mlb,Athletics,Giants,2,6,complete,2026-04-21 18:21:43.850299
257471,2025-07-07T22:40:00.000Z,mlb,Tigers,Rays,5,1,complete,2026-04-21 18:21:43.850299
257472,2025-07-07T23:10:00.000Z,mlb,Reds,Marlins,1,5,complete,2026-04-21 18:21:43.850299
257473,2025-07-07T23:10:00.000Z,mlb,Red Sox,Rockies,9,3,complete,2026-04-21 18:21:43.850299
257474,2025-07-07T23:40:00.000Z,mlb,Royals,Pirates,9,3,complete,2026-04-21 18:21:43.850299
257475,2025-07-07T23:40:00.000Z,mlb,White Sox,Blue Jays,4,8,complete,2026-04-21 18:21:43.850299
257476,2025-07-07T23:40:00.000Z,mlb,Brewers,Dodgers,9,1,complete,2026-04-21 18:21:43.850299
257477,2025-07-08T00:10:00.000Z,mlb,Astros,Guardians,5,7,complete,2026-04-21 18:21:43.850299
257478,2025-07-08T01:38:00.000Z,mlb,Angels,Rangers,6,5,complete,2026-04-21 18:21:43.850299
257479,2025-07-08T01:40:00.000Z,mlb,Padres,Diamondbacks,3,6,complete,2026-04-21 18:21:43.850299
257480,2025-07-08T01:45:00.000Z,mlb,Giants,Phillies,3,1,complete,2026-04-21 18:21:43.850299
257522,2025-07-08T22:35:00.000Z,mlb,Orioles,Mets,6,7,complete,2026-04-21 18:21:43.850299
257523,2025-07-08T22:40:00.000Z,mlb,Tigers,Rays,4,2,complete,2026-04-21 18:21:43.850299
257524,2025-07-08T23:05:00.000Z,mlb,Yankees,Mariners,10,3,complete,2026-04-21 18:21:43.850299
257525,2025-07-08T23:10:00.000Z,mlb,Red Sox,Rockies,10,2,complete,2026-04-21 18:21:43.850299
257526,2025-07-08T23:10:00.000Z,mlb,Reds,Marlins,2,12,complete,2026-04-21 18:21:43.850299
257527,2025-07-08T23:40:00.000Z,mlb,Brewers,Dodgers,3,1,complete,2026-04-21 18:21:43.850299
257528,2025-07-08T23:40:00.000Z,mlb,Royals,Pirates,4,3,complete,2026-04-21 18:21:43.850299
257529,2025-07-08T23:40:00.000Z,mlb,Twins,Cubs,8,1,complete,2026-04-21 18:21:43.850299
257530,2025-07-08T23:40:00.000Z,mlb,White Sox,Blue Jays,1,6,complete,2026-04-21 18:21:43.850299
257531,2025-07-08T23:45:00.000Z,mlb,Cardinals,Nationals,4,2,complete,2026-04-21 18:21:43.850299
257532,2025-07-09T00:10:00.000Z,mlb,Astros,Guardians,6,10,complete,2026-04-21 18:21:43.850299
257533,2025-07-09T01:38:00.000Z,mlb,Angels,Rangers,1,13,complete,2026-04-21 18:21:43.850299
257534,2025-07-09T01:40:00.000Z,mlb,Padres,Diamondbacks,1,0,complete,2026-04-21 18:21:43.850299
257535,2025-07-09T01:45:00.000Z,mlb,Giants,Phillies,4,3,complete,2026-04-21 18:21:43.850299
257536,2025-07-09T02:05:00.000Z,mlb,Athletics,Braves,10,1,complete,2026-04-21 18:21:43.850299
257556,2025-07-09T18:10:00.000Z,mlb,Brewers,Dodgers,3,2,complete,2026-04-21 18:21:43.850299
257557,2025-07-09T18:10:00.000Z,mlb,White Sox,Blue Jays,2,1,complete,2026-04-21 18:21:43.850299
257558,2025-07-09T19:45:00.000Z,mlb,Giants,Phillies,0,13,complete,2026-04-21 18:21:43.850299
257555,2025-07-09T21:10:00.000Z,mlb,Tigers,Rays,3,7,complete,2026-04-21 18:21:43.850299
257560,2025-07-09T23:05:00.000Z,mlb,Yankees,Mariners,9,6,complete,2026-04-21 18:21:43.850299
257561,2025-07-09T23:10:00.000Z,mlb,Reds,Marlins,7,2,complete,2026-04-21 18:21:43.850299
257562,2025-07-09T23:10:00.000Z,mlb,Red Sox,Rockies,10,2,complete,2026-04-21 18:21:43.850299
257563,2025-07-09T23:40:00.000Z,mlb,Twins,Cubs,4,2,complete,2026-04-21 18:21:43.850299
257564,2025-07-09T23:40:00.000Z,mlb,Royals,Pirates,4,3,complete,2026-04-21 18:21:43.850299
257565,2025-07-09T23:45:00.000Z,mlb,Cardinals,Nationals,2,8,complete,2026-04-21 18:21:43.850299
257566,2025-07-10T00:10:00.000Z,mlb,Astros,Guardians,2,4,complete,2026-04-21 18:21:43.850299
257567,2025-07-10T01:38:00.000Z,mlb,Angels,Rangers,11,8,complete,2026-04-21 18:21:43.850299
257568,2025-07-10T01:40:00.000Z,mlb,Padres,Diamondbacks,2,8,complete,2026-04-21 18:21:43.850299
257569,2025-07-10T02:05:00.000Z,mlb,Athletics,Braves,2,9,complete,2026-04-21 18:21:43.850299
257588,2025-07-10T16:05:00.000Z,mlb,Orioles,Mets,3,1,complete,2026-04-21 18:21:43.850299
257589,2025-07-10T17:10:00.000Z,mlb,Twins,Cubs,1,8,complete,2026-04-21 18:21:43.850299
259106,2025-07-10T21:05:00.000Z,mlb,Orioles,Mets,7,3,complete,2026-04-21 18:21:43.850299
257590,2025-07-10T21:10:00.000Z,mlb,Reds,Marlins,6,0,complete,2026-04-21 18:21:43.850299
257591,2025-07-10T23:05:00.000Z,mlb,Yankees,Mariners,6,5,complete,2026-04-21 18:21:43.850299
257592,2025-07-10T23:10:00.000Z,mlb,Red Sox,Rays,4,3,complete,2026-04-21 18:21:43.850299
257594,2025-07-10T23:45:00.000Z,mlb,Cardinals,Nationals,8,1,complete,2026-04-21 18:21:43.850299
257595,2025-07-11T01:05:00.000Z,mlb,Athletics,Braves,5,4,complete,2026-04-21 18:21:43.850299
257596,2025-07-11T01:38:00.000Z,mlb,Angels,Rangers,4,11,complete,2026-04-21 18:21:43.850299
257597,2025-07-11T01:40:00.000Z,mlb,Padres,Diamondbacks,4,3,complete,2026-04-21 18:21:43.850299
259124,2025-07-11T19:10:00.000Z,mlb,White Sox,Guardians,2,4,complete,2026-04-21 18:21:43.850299
257622,2025-07-11T23:05:00.000Z,mlb,Orioles,Marlins,5,2,complete,2026-04-21 18:21:43.850299
257623,2025-07-11T23:05:00.000Z,mlb,Yankees,Cubs,11,0,complete,2026-04-21 18:21:43.850299
257624,2025-07-11T23:10:00.000Z,mlb,Reds,Rockies,2,3,complete,2026-04-21 18:21:43.850299
257625,2025-07-11T23:10:00.000Z,mlb,Red Sox,Rays,5,4,complete,2026-04-21 18:21:43.850299
257626,2025-07-11T23:10:00.000Z,mlb,Tigers,Mariners,3,12,complete,2026-04-21 18:21:43.850299
257627,2025-07-12T00:10:00.000Z,mlb,Twins,Pirates,2,1,complete,2026-04-21 18:21:43.850299
257628,2025-07-12T00:10:00.000Z,mlb,Royals,Mets,3,8,complete,2026-04-21 18:21:43.850299
257629,2025-07-12T00:10:00.000Z,mlb,Astros,Rangers,3,7,complete,2026-04-21 18:21:43.850299
257630,2025-07-12T00:10:00.000Z,mlb,Brewers,Nationals,8,3,complete,2026-04-21 18:21:43.850299
257631,2025-07-12T00:10:00.000Z,mlb,White Sox,Guardians,5,4,complete,2026-04-21 18:21:43.850299
257632,2025-07-12T00:15:00.000Z,mlb,Cardinals,Braves,5,6,complete,2026-04-21 18:21:43.850299
257633,2025-07-12T01:38:00.000Z,mlb,Angels,Diamondbacks,6,5,complete,2026-04-21 18:21:43.850299
257634,2025-07-12T01:40:00.000Z,mlb,Padres,Phillies,4,2,complete,2026-04-21 18:21:43.850299
257636,2025-07-12T02:05:00.000Z,mlb,Athletics,Blue Jays,6,7,complete,2026-04-21 18:21:43.850299
257635,2025-07-12T02:15:00.000Z,mlb,Giants,Dodgers,8,7,complete,2026-04-21 18:21:43.850299
257637,2025-07-12T17:05:00.000Z,mlb,Yankees,Cubs,2,5,complete,2026-04-21 18:21:43.850299
257638,2025-07-12T17:10:00.000Z,mlb,Tigers,Mariners,7,15,complete,2026-04-21 18:21:43.850299
257639,2025-07-12T18:10:00.000Z,mlb,Twins,Pirates,12,4,complete,2026-04-21 18:21:43.850299
257640,2025-07-12T18:15:00.000Z,mlb,Cardinals,Braves,6,7,complete,2026-04-21 18:21:43.850299
257641,2025-07-12T20:05:00.000Z,mlb,Giants,Dodgers,1,2,complete,2026-04-21 18:21:43.850299
257642,2025-07-12T20:05:00.000Z,mlb,Orioles,Marlins,0,6,complete,2026-04-21 18:21:43.850299
257643,2025-07-12T20:10:00.000Z,mlb,Red Sox,Rays,1,0,complete,2026-04-21 18:21:43.850299
257644,2025-07-12T20:10:00.000Z,mlb,White Sox,Guardians,2,6,complete,2026-04-21 18:21:43.850299
257645,2025-07-12T20:10:00.000Z,mlb,Brewers,Nationals,6,5,complete,2026-04-21 18:21:43.850299
257646,2025-07-12T20:10:00.000Z,mlb,Reds,Rockies,4,3,complete,2026-04-21 18:21:43.850299
257647,2025-07-12T20:10:00.000Z,mlb,Royals,Mets,1,3,complete,2026-04-21 18:21:43.850299
257648,2025-07-12T23:35:00.000Z,mlb,Astros,Rangers,5,4,complete,2026-04-21 18:21:43.850299
257649,2025-07-12T23:35:00.000Z,mlb,Padres,Phillies,5,4,complete,2026-04-21 18:21:43.850299
257650,2025-07-13T01:38:00.000Z,mlb,Angels,Diamondbacks,10,5,complete,2026-04-21 18:21:43.850299
257651,2025-07-13T02:05:00.000Z,mlb,Athletics,Blue Jays,4,3,complete,2026-04-21 18:21:43.850299
257653,2025-07-13T17:35:00.000Z,mlb,Orioles,Marlins,1,11,complete,2026-04-21 18:21:43.850299
257654,2025-07-13T17:35:00.000Z,mlb,Red Sox,Rays,4,1,complete,2026-04-21 18:21:43.850299
257655,2025-07-13T17:35:00.000Z,mlb,Yankees,Cubs,1,4,complete,2026-04-21 18:21:43.850299
257656,2025-07-13T17:40:00.000Z,mlb,Reds,Rockies,4,2,complete,2026-04-21 18:21:43.850299
257657,2025-07-13T17:40:00.000Z,mlb,Tigers,Mariners,4,8,complete,2026-04-21 18:21:43.850299
257658,2025-07-13T18:10:00.000Z,mlb,White Sox,Guardians,5,6,complete,2026-04-21 18:21:43.850299
257659,2025-07-13T18:10:00.000Z,mlb,Astros,Rangers,1,5,complete,2026-04-21 18:21:43.850299
257660,2025-07-13T18:10:00.000Z,mlb,Brewers,Nationals,8,1,complete,2026-04-21 18:21:43.850299
257661,2025-07-13T18:10:00.000Z,mlb,Twins,Pirates,1,2,complete,2026-04-21 18:21:43.850299
257662,2025-07-13T18:10:00.000Z,mlb,Royals,Mets,3,2,complete,2026-04-21 18:21:43.850299
257663,2025-07-13T18:15:00.000Z,mlb,Cardinals,Braves,5,4,complete,2026-04-21 18:21:43.850299
257664,2025-07-13T20:05:00.000Z,mlb,Athletics,Blue Jays,6,3,complete,2026-04-21 18:21:43.850299
257665,2025-07-13T20:05:00.000Z,mlb,Giants,Dodgers,2,5,complete,2026-04-21 18:21:43.850299
257666,2025-07-13T20:07:00.000Z,mlb,Angels,Diamondbacks,1,5,complete,2026-04-21 18:21:43.850299
257667,2025-07-13T20:10:00.000Z,mlb,Padres,Phillies,1,2,complete,2026-04-21 18:21:43.850299
257720,2025-07-16T00:00:00.000Z,mlb,National,American,7,6,complete,2026-04-21 18:21:43.850299
257951,2025-07-18T18:20:00.000Z,mlb,Cubs,Red Sox,4,1,complete,2026-04-21 18:21:43.850299
257952,2025-07-18T22:40:00.000Z,mlb,Pirates,White Sox,1,10,complete,2026-04-21 18:21:43.850299
257953,2025-07-18T22:45:00.000Z,mlb,Phillies,Angels,5,6,complete,2026-04-21 18:21:43.850299
257954,2025-07-18T22:45:00.000Z,mlb,Nationals,Padres,2,7,complete,2026-04-21 18:21:43.850299
257955,2025-07-18T23:07:00.000Z,mlb,Blue Jays,Giants,4,0,complete,2026-04-21 18:21:43.850299
257956,2025-07-18T23:10:00.000Z,mlb,Guardians,Athletics,8,6,complete,2026-04-21 18:21:43.850299
257957,2025-07-18T23:10:00.000Z,mlb,Mets,Reds,4,8,complete,2026-04-21 18:21:43.850299
257958,2025-07-18T23:10:00.000Z,mlb,Marlins,Royals,8,7,complete,2026-04-21 18:21:43.850299
257959,2025-07-18T23:15:00.000Z,mlb,Braves,Yankees,7,3,complete,2026-04-21 18:21:43.850299
257960,2025-07-18T23:35:00.000Z,mlb,Rays,Orioles,11,1,complete,2026-04-21 18:21:43.850299
257961,2025-07-19T00:05:00.000Z,mlb,Rangers,Tigers,2,0,complete,2026-04-21 18:21:43.850299
257962,2025-07-19T00:40:00.000Z,mlb,Rockies,Twins,6,4,complete,2026-04-21 18:21:43.850299
257963,2025-07-19T01:40:00.000Z,mlb,Diamondbacks,Cardinals,7,3,complete,2026-04-21 18:21:43.850299
257964,2025-07-19T02:10:00.000Z,mlb,Mariners,Astros,6,1,complete,2026-04-21 18:21:43.850299
257965,2025-07-19T02:10:00.000Z,mlb,Dodgers,Brewers,0,2,complete,2026-04-21 18:21:43.850299
257966,2025-07-19T19:07:00.000Z,mlb,Blue Jays,Giants,6,3,complete,2026-04-21 18:21:43.850299
257967,2025-07-19T20:10:00.000Z,mlb,Mets,Reds,2,5,complete,2026-04-21 18:21:43.850299
257968,2025-07-19T20:10:00.000Z,mlb,Marlins,Royals,3,1,complete,2026-04-21 18:21:43.850299
257969,2025-07-19T22:05:00.000Z,mlb,Phillies,Angels,9,5,complete,2026-04-21 18:21:43.850299
257970,2025-07-19T22:40:00.000Z,mlb,Pirates,White Sox,4,10,complete,2026-04-21 18:21:43.850299
257971,2025-07-19T22:45:00.000Z,mlb,Nationals,Padres,4,2,complete,2026-04-21 18:21:43.850299
257972,2025-07-19T23:05:00.000Z,mlb,Rangers,Tigers,4,1,complete,2026-04-21 18:21:43.850299
257973,2025-07-19T23:05:00.000Z,mlb,Rays,Orioles,4,3,complete,2026-04-21 18:21:43.850299
257974,2025-07-19T23:10:00.000Z,mlb,Guardians,Athletics,2,8,complete,2026-04-21 18:21:43.850299
257975,2025-07-19T23:15:00.000Z,mlb,Cubs,Red Sox,6,0,complete,2026-04-21 18:21:43.850299
257976,2025-07-19T23:15:00.000Z,mlb,Diamondbacks,Cardinals,10,1,complete,2026-04-21 18:21:43.850299
257977,2025-07-19T23:15:00.000Z,mlb,Braves,Yankees,9,12,complete,2026-04-21 18:21:43.850299
257978,2025-07-20T00:10:00.000Z,mlb,Rockies,Twins,10,6,complete,2026-04-21 18:21:43.850299
257979,2025-07-20T01:10:00.000Z,mlb,Dodgers,Brewers,7,8,complete,2026-04-21 18:21:43.850299
257980,2025-07-20T01:40:00.000Z,mlb,Mariners,Astros,7,6,complete,2026-04-21 18:21:43.850299
257984,2025-07-20T16:05:00.000Z,mlb,Blue Jays,Giants,8,6,complete,2026-04-21 18:21:43.850299
257985,2025-07-20T16:10:00.000Z,mlb,Rays,Orioles,3,5,complete,2026-04-21 18:21:43.850299
257986,2025-07-20T17:35:00.000Z,mlb,Pirates,White Sox,2,7,complete,2026-04-21 18:21:43.850299
257987,2025-07-20T17:35:00.000Z,mlb,Phillies,Angels,2,8,complete,2026-04-21 18:21:43.850299
257988,2025-07-20T17:35:00.000Z,mlb,Nationals,Padres,1,8,complete,2026-04-21 18:21:43.850299
257989,2025-07-20T17:35:00.000Z,mlb,Braves,Yankees,2,4,complete,2026-04-21 18:21:43.850299
257990,2025-07-20T17:40:00.000Z,mlb,Guardians,Athletics,8,2,complete,2026-04-21 18:21:43.850299
257991,2025-07-20T17:40:00.000Z,mlb,Mets,Reds,3,2,complete,2026-04-21 18:21:43.850299
257992,2025-07-20T17:40:00.000Z,mlb,Marlins,Royals,4,7,complete,2026-04-21 18:21:43.850299
257993,2025-07-20T18:20:00.000Z,mlb,Cubs,Red Sox,1,6,complete,2026-04-21 18:21:43.850299
257995,2025-07-20T19:10:00.000Z,mlb,Rockies,Twins,1,7,complete,2026-04-21 18:21:43.850299
257996,2025-07-20T20:10:00.000Z,mlb,Mariners,Astros,3,11,complete,2026-04-21 18:21:43.850299
257997,2025-07-20T20:10:00.000Z,mlb,Diamondbacks,Cardinals,5,3,complete,2026-04-21 18:21:43.850299
257998,2025-07-20T20:10:00.000Z,mlb,Dodgers,Brewers,5,6,complete,2026-04-21 18:21:43.850299
257994,2025-07-20T23:10:00.000Z,mlb,Rangers,Tigers,1,2,complete,2026-04-21 18:21:43.850299
258017,2025-07-21T22:40:00.000Z,mlb,Guardians,Orioles,10,5,complete,2026-04-21 18:21:43.850299
258018,2025-07-21T22:40:00.000Z,mlb,Pirates,Tigers,3,0,complete,2026-04-21 18:21:43.850299
258019,2025-07-21T22:40:00.000Z,mlb,Marlins,Padres,1,2,complete,2026-04-21 18:21:43.850299
258020,2025-07-21T22:45:00.000Z,mlb,Phillies,Red Sox,3,2,complete,2026-04-21 18:21:43.850299
258021,2025-07-21T22:45:00.000Z,mlb,Nationals,Reds,10,8,complete,2026-04-21 18:21:43.850299
258022,2025-07-21T23:07:00.000Z,mlb,Blue Jays,Yankees,4,1,complete,2026-04-21 18:21:43.850299
258023,2025-07-21T23:10:00.000Z,mlb,Mets,Angels,7,5,complete,2026-04-21 18:21:43.850299
258024,2025-07-21T23:15:00.000Z,mlb,Braves,Giants,9,5,complete,2026-04-21 18:21:43.850299
258025,2025-07-21T23:35:00.000Z,mlb,Rays,White Sox,3,8,complete,2026-04-21 18:21:43.850299
258026,2025-07-22T00:05:00.000Z,mlb,Cubs,Royals,4,12,complete,2026-04-21 18:21:43.850299
258027,2025-07-22T00:05:00.000Z,mlb,Rangers,Athletics,7,2,complete,2026-04-21 18:21:43.850299
258028,2025-07-22T00:40:00.000Z,mlb,Rockies,Cardinals,2,6,complete,2026-04-21 18:21:43.850299
258029,2025-07-22T01:40:00.000Z,mlb,Diamondbacks,Astros,3,6,complete,2026-04-21 18:21:43.850299
258030,2025-07-22T01:40:00.000Z,mlb,Mariners,Brewers,0,6,complete,2026-04-21 18:21:43.850299
258031,2025-07-22T02:10:00.000Z,mlb,Dodgers,Twins,5,2,complete,2026-04-21 18:21:43.850299
258050,2025-07-22T22:40:00.000Z,mlb,Pirates,Tigers,8,5,complete,2026-04-21 18:21:43.850299
258051,2025-07-22T22:40:00.000Z,mlb,Guardians,Orioles,6,3,complete,2026-04-21 18:21:43.850299
258052,2025-07-22T22:40:00.000Z,mlb,Marlins,Padres,4,3,complete,2026-04-21 18:21:43.850299
258053,2025-07-22T22:45:00.000Z,mlb,Nationals,Reds,6,1,complete,2026-04-21 18:21:43.850299
258054,2025-07-22T22:45:00.000Z,mlb,Phillies,Red Sox,4,1,complete,2026-04-21 18:21:43.850299
258058,2025-07-22T23:05:00.000Z,mlb,Rays,White Sox,4,3,complete,2026-04-21 18:21:43.850299
258055,2025-07-22T23:07:00.000Z,mlb,Blue Jays,Yankees,4,5,complete,2026-04-21 18:21:43.850299
258056,2025-07-22T23:10:00.000Z,mlb,Mets,Angels,3,2,complete,2026-04-21 18:21:43.850299
258057,2025-07-22T23:15:00.000Z,mlb,Braves,Giants,0,9,complete,2026-04-21 18:21:43.850299
258059,2025-07-23T00:05:00.000Z,mlb,Cubs,Royals,6,0,complete,2026-04-21 18:21:43.850299
258060,2025-07-23T00:05:00.000Z,mlb,Rangers,Athletics,6,2,complete,2026-04-21 18:21:43.850299
258061,2025-07-23T00:40:00.000Z,mlb,Rockies,Cardinals,8,4,complete,2026-04-21 18:21:43.850299
258062,2025-07-23T01:40:00.000Z,mlb,Mariners,Brewers,1,0,complete,2026-04-21 18:21:43.850299
258063,2025-07-23T01:40:00.000Z,mlb,Diamondbacks,Astros,1,3,complete,2026-04-21 18:21:43.850299
258064,2025-07-23T02:10:00.000Z,mlb,Dodgers,Twins,7,10,complete,2026-04-21 18:21:43.850299
258083,2025-07-23T16:05:00.000Z,mlb,Nationals,Reds,0,5,complete,2026-04-21 18:21:43.850299
258084,2025-07-23T16:10:00.000Z,mlb,Marlins,Padres,3,2,complete,2026-04-21 18:21:43.850299
258085,2025-07-23T16:15:00.000Z,mlb,Braves,Giants,3,9,complete,2026-04-21 18:21:43.850299
258086,2025-07-23T16:35:00.000Z,mlb,Pirates,Tigers,6,1,complete,2026-04-21 18:21:43.850299
258087,2025-07-23T17:10:00.000Z,mlb,Mets,Angels,6,3,complete,2026-04-21 18:21:43.850299
258088,2025-07-23T18:20:00.000Z,mlb,Cubs,Royals,4,8,complete,2026-04-21 18:21:43.850299
258089,2025-07-23T19:10:00.000Z,mlb,Rockies,Cardinals,6,0,complete,2026-04-21 18:21:43.850299
258090,2025-07-23T19:40:00.000Z,mlb,Diamondbacks,Astros,3,4,complete,2026-04-21 18:21:43.850299
258091,2025-07-23T19:40:00.000Z,mlb,Mariners,Brewers,2,10,complete,2026-04-21 18:21:43.850299
258092,2025-07-23T20:10:00.000Z,mlb,Dodgers,Twins,4,3,complete,2026-04-21 18:21:43.850299
258093,2025-07-23T22:40:00.000Z,mlb,Guardians,Orioles,3,2,complete,2026-04-21 18:21:43.850299
258095,2025-07-23T23:07:00.000Z,mlb,Blue Jays,Yankees,8,4,complete,2026-04-21 18:21:43.850299
258094,2025-07-23T23:10:00.000Z,mlb,Phillies,Red Sox,8,9,complete,2026-04-21 18:21:43.850299
258096,2025-07-23T23:35:00.000Z,mlb,Rays,White Sox,9,11,complete,2026-04-21 18:21:43.850299
258097,2025-07-24T00:05:00.000Z,mlb,Rangers,Athletics,2,1,complete,2026-04-21 18:21:43.850299
258116,2025-07-24T17:10:00.000Z,mlb,Guardians,Orioles,3,4,complete,2026-04-21 18:21:43.850299
258117,2025-07-24T22:40:00.000Z,mlb,Tigers,Blue Jays,4,11,complete,2026-04-21 18:21:43.850299
258118,2025-07-24T23:45:00.000Z,mlb,Cardinals,Padres,9,7,complete,2026-04-21 18:21:43.850299
258119,2025-07-25T00:10:00.000Z,mlb,Astros,Athletics,2,5,complete,2026-04-21 18:21:43.850299
258120,2025-07-25T01:38:00.000Z,mlb,Angels,Mariners,2,4,complete,2026-04-21 18:21:43.850299
258182,2025-07-25T20:10:00.000Z,mlb,Brewers,Marlins,1,5,complete,2026-04-21 18:21:43.850299
258183,2025-07-25T22:40:00.000Z,mlb,Pirates,Diamondbacks,0,1,complete,2026-04-21 18:21:43.850299
258184,2025-07-25T23:05:00.000Z,mlb,Yankees,Phillies,5,12,complete,2026-04-21 18:21:43.850299
258185,2025-07-25T23:05:00.000Z,mlb,Orioles,Rockies,5,6,complete,2026-04-21 18:21:43.850299
258186,2025-07-25T23:10:00.000Z,mlb,Reds,Rays,7,2,complete,2026-04-21 18:21:43.850299
258187,2025-07-25T23:10:00.000Z,mlb,Red Sox,Dodgers,2,5,complete,2026-04-21 18:21:43.850299
258188,2025-07-25T23:10:00.000Z,mlb,Tigers,Blue Jays,2,6,complete,2026-04-21 18:21:43.850299
258189,2025-07-25T23:15:00.000Z,mlb,Cardinals,Padres,3,0,complete,2026-04-21 18:21:43.850299
258190,2025-07-25T23:40:00.000Z,mlb,White Sox,Cubs,12,5,complete,2026-04-21 18:21:43.850299
258191,2025-07-26T00:05:00.000Z,mlb,Rangers,Braves,8,3,complete,2026-04-21 18:21:43.850299
258193,2025-07-26T00:10:00.000Z,mlb,Twins,Nationals,1,0,complete,2026-04-21 18:21:43.850299
258194,2025-07-26T00:10:00.000Z,mlb,Astros,Athletics,3,15,complete,2026-04-21 18:21:43.850299
258195,2025-07-26T01:38:00.000Z,mlb,Angels,Mariners,3,2,complete,2026-04-21 18:21:43.850299
258196,2025-07-26T02:15:00.000Z,mlb,Giants,Mets,1,8,complete,2026-04-21 18:21:43.850299
258197,2025-07-26T17:05:00.000Z,mlb,Yankees,Phillies,4,9,complete,2026-04-21 18:21:43.850299
259569,2025-07-26T18:40:00.000Z,mlb,Royals,Guardians,5,3,complete,2026-04-21 18:21:43.850299
258198,2025-07-26T22:10:00.000Z,mlb,Tigers,Blue Jays,1,6,complete,2026-04-21 18:21:43.850299
258199,2025-07-26T22:40:00.000Z,mlb,Reds,Rays,6,2,complete,2026-04-21 18:21:43.850299
258200,2025-07-26T22:40:00.000Z,mlb,Pirates,Diamondbacks,2,0,complete,2026-04-21 18:21:43.850299
258201,2025-07-26T23:05:00.000Z,mlb,Orioles,Rockies,18,0,complete,2026-04-21 18:21:43.850299
258202,2025-07-26T23:05:00.000Z,mlb,Rangers,Braves,6,5,complete,2026-04-21 18:21:43.850299
258203,2025-07-26T23:10:00.000Z,mlb,Brewers,Marlins,4,7,complete,2026-04-21 18:21:43.850299
258204,2025-07-26T23:10:00.000Z,mlb,White Sox,Cubs,1,6,complete,2026-04-21 18:21:43.850299
258205,2025-07-26T23:10:00.000Z,mlb,Astros,Athletics,1,5,complete,2026-04-21 18:21:43.850299
258206,2025-07-26T23:10:00.000Z,mlb,Twins,Nationals,3,9,complete,2026-04-21 18:21:43.850299
258207,2025-07-26T23:15:00.000Z,mlb,Red Sox,Dodgers,4,2,complete,2026-04-21 18:21:43.850299
258208,2025-07-26T23:15:00.000Z,mlb,Royals,Guardians,4,6,complete,2026-04-21 18:21:43.850299
258209,2025-07-26T23:15:00.000Z,mlb,Cardinals,Padres,1,3,complete,2026-04-21 18:21:43.850299
258210,2025-07-27T01:05:00.000Z,mlb,Giants,Mets,1,2,complete,2026-04-21 18:21:43.850299
258211,2025-07-27T01:38:00.000Z,mlb,Angels,Mariners,2,7,complete,2026-04-21 18:21:43.850299
258215,2025-07-27T17:35:00.000Z,mlb,Orioles,Rockies,5,1,complete,2026-04-21 18:21:43.850299
258216,2025-07-27T17:35:00.000Z,mlb,Pirates,Diamondbacks,6,0,complete,2026-04-21 18:21:43.850299
258217,2025-07-27T17:35:00.000Z,mlb,Red Sox,Dodgers,4,3,complete,2026-04-21 18:21:43.850299
258218,2025-07-27T17:35:00.000Z,mlb,Yankees,Phillies,4,3,complete,2026-04-21 18:21:43.850299
258219,2025-07-27T17:40:00.000Z,mlb,Tigers,Blue Jays,10,4,complete,2026-04-21 18:21:43.850299
258220,2025-07-27T17:40:00.000Z,mlb,Reds,Rays,2,1,complete,2026-04-21 18:21:43.850299
258221,2025-07-27T18:10:00.000Z,mlb,White Sox,Cubs,4,5,complete,2026-04-21 18:21:43.850299
258222,2025-07-27T18:10:00.000Z,mlb,Twins,Nationals,2,7,complete,2026-04-21 18:21:43.850299
258223,2025-07-27T18:10:00.000Z,mlb,Royals,Guardians,4,1,complete,2026-04-21 18:21:43.850299
258224,2025-07-27T18:10:00.000Z,mlb,Astros,Athletics,1,7,complete,2026-04-21 18:21:43.850299
258225,2025-07-27T18:10:00.000Z,mlb,Brewers,Marlins,3,2,complete,2026-04-21 18:21:43.850299
258226,2025-07-27T18:15:00.000Z,mlb,Cardinals,Padres,2,9,complete,2026-04-21 18:21:43.850299
258227,2025-07-27T18:35:00.000Z,mlb,Rangers,Braves,8,1,complete,2026-04-21 18:21:43.850299
258229,2025-07-27T20:07:00.000Z,mlb,Angels,Mariners,4,1,complete,2026-04-21 18:21:43.850299
258228,2025-07-27T23:10:00.000Z,mlb,Giants,Mets,3,5,complete,2026-04-21 18:21:43.850299
258267,2025-07-28T22:35:00.000Z,mlb,Orioles,Blue Jays,11,4,complete,2026-04-21 18:21:43.850299
258268,2025-07-28T22:40:00.000Z,mlb,Tigers,Diamondbacks,5,1,complete,2026-04-21 18:21:43.850299
258269,2025-07-28T22:40:00.000Z,mlb,Guardians,Rockies,6,8,complete,2026-04-21 18:21:43.850299
258270,2025-07-28T23:05:00.000Z,mlb,Yankees,Rays,2,4,complete,2026-04-21 18:21:43.850299
258271,2025-07-28T23:10:00.000Z,mlb,Reds,Dodgers,2,5,complete,2026-04-21 18:21:43.850299
258272,2025-07-28T23:40:00.000Z,mlb,Royals,Braves,7,10,complete,2026-04-21 18:21:43.850299
258273,2025-07-28T23:40:00.000Z,mlb,Brewers,Cubs,8,4,complete,2026-04-21 18:21:43.850299
258274,2025-07-28T23:40:00.000Z,mlb,White Sox,Phillies,6,2,complete,2026-04-21 18:21:43.850299
258275,2025-07-28T23:40:00.000Z,mlb,Twins,Red Sox,5,4,complete,2026-04-21 18:21:43.850299
258276,2025-07-28T23:45:00.000Z,mlb,Cardinals,Marlins,7,1,complete,2026-04-21 18:21:43.850299
258277,2025-07-29T00:10:00.000Z,mlb,Astros,Nationals,1,2,complete,2026-04-21 18:21:43.850299
258278,2025-07-29T01:38:00.000Z,mlb,Angels,Rangers,6,4,complete,2026-04-21 18:21:43.850299
258279,2025-07-29T01:40:00.000Z,mlb,Padres,Mets,7,6,complete,2026-04-21 18:21:43.850299
258280,2025-07-29T01:45:00.000Z,mlb,Giants,Pirates,5,6,complete,2026-04-21 18:21:43.850299
258281,2025-07-29T02:05:00.000Z,mlb,Athletics,Mariners,1,3,complete,2026-04-21 18:21:43.850299
258314,2025-07-29T16:35:00.000Z,mlb,Orioles,Blue Jays,16,4,complete,2026-04-21 18:21:43.850299
258315,2025-07-29T22:35:00.000Z,mlb,Orioles,Blue Jays,3,2,complete,2026-04-21 18:21:43.850299
258316,2025-07-29T22:40:00.000Z,mlb,Tigers,Diamondbacks,12,2,complete,2026-04-21 18:21:43.850299
258317,2025-07-29T22:40:00.000Z,mlb,Guardians,Rockies,10,4,complete,2026-04-21 18:21:43.850299
258318,2025-07-29T23:05:00.000Z,mlb,Yankees,Rays,7,5,complete,2026-04-21 18:21:43.850299
258319,2025-07-29T23:10:00.000Z,mlb,Reds,Dodgers,4,5,complete,2026-04-21 18:21:43.850299
258320,2025-07-29T23:40:00.000Z,mlb,Twins,Red Sox,5,8,complete,2026-04-21 18:21:43.850299
258321,2025-07-29T23:40:00.000Z,mlb,Brewers,Cubs,9,3,complete,2026-04-21 18:21:43.850299
258322,2025-07-29T23:40:00.000Z,mlb,White Sox,Phillies,3,6,complete,2026-04-21 18:21:43.850299
258323,2025-07-29T23:40:00.000Z,mlb,Royals,Braves,9,6,complete,2026-04-21 18:21:43.850299
258324,2025-07-29T23:45:00.000Z,mlb,Cardinals,Marlins,0,5,complete,2026-04-21 18:21:43.850299
258325,2025-07-30T00:10:00.000Z,mlb,Astros,Nationals,7,4,complete,2026-04-21 18:21:43.850299
258326,2025-07-30T01:38:00.000Z,mlb,Angels,Rangers,8,5,complete,2026-04-21 18:21:43.850299
258327,2025-07-30T01:40:00.000Z,mlb,Padres,Mets,7,1,complete,2026-04-21 18:21:43.850299
258328,2025-07-30T01:45:00.000Z,mlb,Giants,Pirates,1,3,complete,2026-04-21 18:21:43.850299
258329,2025-07-30T02:05:00.000Z,mlb,Athletics,Mariners,6,1,complete,2026-04-21 18:21:43.850299
258347,2025-07-30T16:35:00.000Z,mlb,Orioles,Blue Jays,8,9,complete,2026-04-21 18:21:43.850299
258348,2025-07-30T17:10:00.000Z,mlb,Twins,Red Sox,1,13,complete,2026-04-21 18:21:43.850299
258349,2025-07-30T17:10:00.000Z,mlb,Tigers,Diamondbacks,7,2,complete,2026-04-21 18:21:43.850299
258350,2025-07-30T18:10:00.000Z,mlb,White Sox,Phillies,9,3,complete,2026-04-21 18:21:43.850299
258351,2025-07-30T18:10:00.000Z,mlb,Astros,Nationals,9,1,complete,2026-04-21 18:21:43.850299
258352,2025-07-30T18:10:00.000Z,mlb,Brewers,Cubs,3,10,complete,2026-04-21 18:21:43.850299
258353,2025-07-30T18:10:00.000Z,mlb,Royals,Braves,1,0,complete,2026-04-21 18:21:43.850299
258354,2025-07-30T19:45:00.000Z,mlb,Giants,Pirates,1,2,complete,2026-04-21 18:21:43.850299
258355,2025-07-30T20:10:00.000Z,mlb,Padres,Mets,5,0,complete,2026-04-21 18:21:43.850299
258356,2025-07-30T22:40:00.000Z,mlb,Guardians,Rockies,5,0,complete,2026-04-21 18:21:43.850299
258357,2025-07-30T23:05:00.000Z,mlb,Yankees,Rays,5,4,complete,2026-04-21 18:21:43.850299
258358,2025-07-30T23:10:00.000Z,mlb,Reds,Dodgers,5,2,complete,2026-04-21 18:21:43.850299
258359,2025-07-30T23:45:00.000Z,mlb,Cardinals,Marlins,0,2,complete,2026-04-21 18:21:43.850299
258360,2025-07-31T01:38:00.000Z,mlb,Angels,Rangers,3,6,complete,2026-04-21 18:21:43.850299
258361,2025-07-31T02:05:00.000Z,mlb,Athletics,Mariners,5,4,complete,2026-04-21 18:21:43.850299
258365,2025-07-31T17:05:00.000Z,mlb,Yankees,Rays,7,4,complete,2026-04-21 18:21:43.850299
258366,2025-07-31T23:10:00.000Z,mlb,Reds,Braves,11,12,complete,2026-04-21 18:21:43.850299
258367,2025-08-01T01:40:00.000Z,mlb,Mariners,Rangers,6,0,complete,2026-04-21 18:21:43.850299
258380,2025-08-01T16:40:00.000Z,mlb,Reds,Braves,3,2,complete,2026-04-21 18:21:43.850299
258381,2025-08-01T18:20:00.000Z,mlb,Cubs,Orioles,1,0,complete,2026-04-21 18:21:43.850299
258382,2025-08-01T22:45:00.000Z,mlb,Phillies,Tigers,5,4,complete,2026-04-21 18:21:43.850299
258383,2025-08-01T22:45:00.000Z,mlb,Nationals,Brewers,9,16,complete,2026-04-21 18:21:43.850299
258384,2025-08-01T23:07:00.000Z,mlb,Blue Jays,Royals,3,9,complete,2026-04-21 18:21:43.850299
258385,2025-08-01T23:10:00.000Z,mlb,Mets,Giants,3,4,complete,2026-04-21 18:21:43.850299
258386,2025-08-01T23:10:00.000Z,mlb,Marlins,Yankees,13,12,complete,2026-04-21 18:21:43.850299
258387,2025-08-01T23:10:00.000Z,mlb,Guardians,Twins,3,2,complete,2026-04-21 18:21:43.850299
258388,2025-08-01T23:10:00.000Z,mlb,Red Sox,Astros,2,1,complete,2026-04-21 18:21:43.850299
258389,2025-08-01T23:35:00.000Z,mlb,Rays,Dodgers,0,5,complete,2026-04-21 18:21:43.850299
258390,2025-08-02T00:10:00.000Z,mlb,Rockies,Pirates,17,16,complete,2026-04-21 18:21:43.850299
258391,2025-08-02T01:38:00.000Z,mlb,Angels,White Sox,3,6,complete,2026-04-21 18:21:43.850299
258392,2025-08-02T01:40:00.000Z,mlb,Padres,Cardinals,4,1,complete,2026-04-21 18:21:43.850299
258393,2025-08-02T02:05:00.000Z,mlb,Athletics,Diamondbacks,5,1,complete,2026-04-21 18:21:43.850299
258394,2025-08-02T02:10:00.000Z,mlb,Mariners,Rangers,4,3,complete,2026-04-21 18:21:43.850299
258399,2025-08-02T17:10:00.000Z,mlb,Rays,Dodgers,4,0,complete,2026-04-21 18:21:43.850299
258400,2025-08-02T18:20:00.000Z,mlb,Cubs,Orioles,3,4,complete,2026-04-21 18:21:43.850299
258401,2025-08-02T19:07:00.000Z,mlb,Blue Jays,Royals,4,2,complete,2026-04-21 18:21:43.850299
258402,2025-08-02T19:10:00.000Z,mlb,Rockies,Pirates,8,5,complete,2026-04-21 18:21:43.850299
258403,2025-08-02T20:05:00.000Z,mlb,Nationals,Brewers,2,8,complete,2026-04-21 18:21:43.850299
258404,2025-08-02T20:05:00.000Z,mlb,Phillies,Tigers,5,7,complete,2026-04-21 18:21:43.850299
258405,2025-08-02T20:10:00.000Z,mlb,Guardians,Twins,5,4,complete,2026-04-21 18:21:43.850299
258406,2025-08-02T20:10:00.000Z,mlb,Mets,Giants,12,6,complete,2026-04-21 18:21:43.850299
258407,2025-08-02T20:10:00.000Z,mlb,Marlins,Yankees,2,0,complete,2026-04-21 18:21:43.850299
258408,2025-08-02T20:10:00.000Z,mlb,Mariners,Rangers,4,6,complete,2026-04-21 18:21:43.850299
258409,2025-08-02T20:10:00.000Z,mlb,Red Sox,Astros,7,3,complete,2026-04-21 18:21:43.850299
258411,2025-08-03T02:05:00.000Z,mlb,Athletics,Diamondbacks,2,7,complete,2026-04-21 18:21:43.850299
258412,2025-08-03T02:07:00.000Z,mlb,Angels,White Sox,0,1,complete,2026-04-21 18:21:43.850299
258413,2025-08-03T02:10:00.000Z,mlb,Padres,Cardinals,5,8,complete,2026-04-21 18:21:43.850299
258488,2025-08-03T15:35:00.000Z,mlb,Red Sox,Astros,6,1,complete,2026-04-21 18:21:43.850299
258489,2025-08-03T16:10:00.000Z,mlb,Rays,Dodgers,0,3,complete,2026-04-21 18:21:43.850299
260916,2025-08-03T17:00:00.000Z,mlb,Reds,Braves,2,4,complete,2026-04-21 18:21:43.850299
258491,2025-08-03T17:35:00.000Z,mlb,Nationals,Brewers,3,14,complete,2026-04-21 18:21:43.850299
258492,2025-08-03T17:37:00.000Z,mlb,Blue Jays,Royals,4,7,complete,2026-04-21 18:21:43.850299
258493,2025-08-03T17:40:00.000Z,mlb,Marlins,Yankees,7,3,complete,2026-04-21 18:21:43.850299
258494,2025-08-03T17:40:00.000Z,mlb,Guardians,Twins,4,5,complete,2026-04-21 18:21:43.850299
258495,2025-08-03T17:40:00.000Z,mlb,Mets,Giants,4,12,complete,2026-04-21 18:21:43.850299
258496,2025-08-03T18:20:00.000Z,mlb,Cubs,Orioles,5,3,complete,2026-04-21 18:21:43.850299
258497,2025-08-03T19:10:00.000Z,mlb,Rockies,Pirates,5,9,complete,2026-04-21 18:21:43.850299
258498,2025-08-03T20:05:00.000Z,mlb,Athletics,Diamondbacks,4,6,complete,2026-04-21 18:21:43.850299
258499,2025-08-03T20:07:00.000Z,mlb,Angels,White Sox,8,5,complete,2026-04-21 18:21:43.850299
258500,2025-08-03T20:10:00.000Z,mlb,Mariners,Rangers,5,4,complete,2026-04-21 18:21:43.850299
258501,2025-08-03T20:10:00.000Z,mlb,Padres,Cardinals,7,3,complete,2026-04-21 18:21:43.850299
258490,2025-08-03T23:10:00.000Z,mlb,Phillies,Tigers,2,0,complete,2026-04-21 18:21:43.850299
258545,2025-08-04T22:40:00.000Z,mlb,Tigers,Twins,6,3,complete,2026-04-21 18:21:43.850299
258546,2025-08-04T22:40:00.000Z,mlb,Marlins,Astros,2,8,complete,2026-04-21 18:21:43.850299
258547,2025-08-04T22:40:00.000Z,mlb,Pirates,Giants,5,4,complete,2026-04-21 18:21:43.850299
258548,2025-08-04T22:45:00.000Z,mlb,Phillies,Orioles,13,3,complete,2026-04-21 18:21:43.850299
258549,2025-08-04T23:10:00.000Z,mlb,Red Sox,Royals,8,5,complete,2026-04-21 18:21:43.850299
258550,2025-08-04T23:10:00.000Z,mlb,Mets,Guardians,6,7,complete,2026-04-21 18:21:43.850299
258551,2025-08-04T23:15:00.000Z,mlb,Braves,Brewers,1,3,complete,2026-04-21 18:21:43.850299
258552,2025-08-05T00:05:00.000Z,mlb,Rangers,Yankees,8,5,complete,2026-04-21 18:21:43.850299
258553,2025-08-05T00:05:00.000Z,mlb,Cubs,Reds,2,3,complete,2026-04-21 18:21:43.850299
258554,2025-08-05T00:40:00.000Z,mlb,Rockies,Blue Jays,1,15,complete,2026-04-21 18:21:43.850299
258555,2025-08-05T01:38:00.000Z,mlb,Angels,Rays,5,1,complete,2026-04-21 18:21:43.850299
258556,2025-08-05T01:40:00.000Z,mlb,Diamondbacks,Padres,6,2,complete,2026-04-21 18:21:43.850299
258557,2025-08-05T02:10:00.000Z,mlb,Dodgers,Cardinals,2,3,complete,2026-04-21 18:21:43.850299
258645,2025-08-05T22:40:00.000Z,mlb,Tigers,Twins,3,6,complete,2026-04-21 18:21:43.850299
258646,2025-08-05T22:40:00.000Z,mlb,Marlins,Astros,3,7,complete,2026-04-21 18:21:43.850299
258647,2025-08-05T22:40:00.000Z,mlb,Pirates,Giants,1,8,complete,2026-04-21 18:21:43.850299
258648,2025-08-05T22:45:00.000Z,mlb,Phillies,Orioles,5,0,complete,2026-04-21 18:21:43.850299
258649,2025-08-05T22:45:00.000Z,mlb,Nationals,Athletics,7,16,complete,2026-04-21 18:21:43.850299
258650,2025-08-05T23:10:00.000Z,mlb,Red Sox,Royals,6,2,complete,2026-04-21 18:21:43.850299
258651,2025-08-05T23:10:00.000Z,mlb,Mets,Guardians,2,3,complete,2026-04-21 18:21:43.850299
258652,2025-08-05T23:15:00.000Z,mlb,Braves,Brewers,2,7,complete,2026-04-21 18:21:43.850299
258653,2025-08-06T00:05:00.000Z,mlb,Rangers,Yankees,2,0,complete,2026-04-21 18:21:43.850299
258654,2025-08-06T00:05:00.000Z,mlb,Cubs,Reds,1,5,complete,2026-04-21 18:21:43.850299
258655,2025-08-06T00:40:00.000Z,mlb,Rockies,Blue Jays,4,10,complete,2026-04-21 18:21:43.850299
258656,2025-08-06T01:38:00.000Z,mlb,Angels,Rays,3,7,complete,2026-04-21 18:21:43.850299
258657,2025-08-06T01:40:00.000Z,mlb,Mariners,White Sox,8,3,complete,2026-04-21 18:21:43.850299
258658,2025-08-06T01:40:00.000Z,mlb,Diamondbacks,Padres,5,10,complete,2026-04-21 18:21:43.850299
258659,2025-08-06T02:10:00.000Z,mlb,Dodgers,Cardinals,12,6,complete,2026-04-21 18:21:43.850299
258710,2025-08-06T16:35:00.000Z,mlb,Phillies,Orioles,1,5,complete,2026-04-21 18:21:43.850299
258711,2025-08-06T16:35:00.000Z,mlb,Pirates,Giants,2,4,complete,2026-04-21 18:21:43.850299
258712,2025-08-06T17:10:00.000Z,mlb,Mets,Guardians,1,4,complete,2026-04-21 18:21:43.850299
258713,2025-08-06T17:10:00.000Z,mlb,Tigers,Twins,4,9,complete,2026-04-21 18:21:43.850299
258714,2025-08-06T18:20:00.000Z,mlb,Cubs,Reds,6,1,complete,2026-04-21 18:21:43.850299
258715,2025-08-06T18:35:00.000Z,mlb,Rangers,Yankees,2,3,complete,2026-04-21 18:21:43.850299
258716,2025-08-06T19:10:00.000Z,mlb,Rockies,Blue Jays,1,20,complete,2026-04-21 18:21:43.850299
258717,2025-08-06T20:07:00.000Z,mlb,Angels,Rays,4,5,complete,2026-04-21 18:21:43.850299
258718,2025-08-06T20:10:00.000Z,mlb,Dodgers,Cardinals,3,5,complete,2026-04-21 18:21:43.850299
258719,2025-08-06T20:40:00.000Z,mlb,Marlins,Astros,6,4,complete,2026-04-21 18:21:43.850299
258720,2025-08-06T22:45:00.000Z,mlb,Nationals,Athletics,2,1,complete,2026-04-21 18:21:43.850299
258721,2025-08-06T23:10:00.000Z,mlb,Red Sox,Royals,3,7,complete,2026-04-21 18:21:43.850299
258722,2025-08-06T23:15:00.000Z,mlb,Braves,Brewers,4,5,complete,2026-04-21 18:21:43.850299
258723,2025-08-07T01:40:00.000Z,mlb,Diamondbacks,Padres,2,3,complete,2026-04-21 18:21:43.850299
258724,2025-08-07T01:40:00.000Z,mlb,Mariners,White Sox,8,6,complete,2026-04-21 18:21:43.850299
258730,2025-08-07T16:05:00.000Z,mlb,Nationals,Athletics,0,6,complete,2026-04-21 18:21:43.850299
258731,2025-08-07T20:10:00.000Z,mlb,Mariners,White Sox,4,3,complete,2026-04-21 18:21:43.850299
258732,2025-08-07T22:40:00.000Z,mlb,Pirates,Reds,7,0,complete,2026-04-21 18:21:43.850299
258733,2025-08-07T23:15:00.000Z,mlb,Braves,Marlins,8,6,complete,2026-04-21 18:21:43.850299
258743,2025-08-08T22:40:00.000Z,mlb,Pirates,Reds,3,2,complete,2026-04-21 18:21:43.850299
258744,2025-08-08T23:05:00.000Z,mlb,Yankees,Astros,3,5,complete,2026-04-21 18:21:43.850299
258745,2025-08-08T23:05:00.000Z,mlb,Orioles,Athletics,3,2,complete,2026-04-21 18:21:43.850299
258746,2025-08-08T23:10:00.000Z,mlb,Tigers,Angels,6,5,complete,2026-04-21 18:21:43.850299
258747,2025-08-08T23:15:00.000Z,mlb,Braves,Marlins,1,5,complete,2026-04-21 18:21:43.850299
258748,2025-08-08T23:40:00.000Z,mlb,White Sox,Guardians,5,9,complete,2026-04-21 18:21:43.850299
258749,2025-08-09T00:05:00.000Z,mlb,Rangers,Phillies,1,9,complete,2026-04-21 18:21:43.850299
258750,2025-08-09T00:10:00.000Z,mlb,Brewers,Mets,3,2,complete,2026-04-21 18:21:43.850299
258751,2025-08-09T00:10:00.000Z,mlb,Twins,Royals,9,4,complete,2026-04-21 18:21:43.850299
258752,2025-08-09T00:15:00.000Z,mlb,Cardinals,Cubs,5,0,complete,2026-04-21 18:21:43.850299
258753,2025-08-09T01:40:00.000Z,mlb,Mariners,Rays,3,2,complete,2026-04-21 18:21:43.850299
258754,2025-08-09T01:40:00.000Z,mlb,Padres,Red Sox,2,10,complete,2026-04-21 18:21:43.850299
258755,2025-08-09T01:40:00.000Z,mlb,Diamondbacks,Rockies,6,1,complete,2026-04-21 18:21:43.850299
258756,2025-08-09T02:10:00.000Z,mlb,Dodgers,Blue Jays,5,1,complete,2026-04-21 18:21:43.850299
258757,2025-08-09T02:15:00.000Z,mlb,Giants,Nationals,5,0,complete,2026-04-21 18:21:43.850299
258842,2025-08-09T17:15:00.000Z,mlb,Braves,Marlins,7,1,complete,2026-04-21 18:21:43.850299
258843,2025-08-09T18:05:00.000Z,mlb,Yankees,Astros,5,4,complete,2026-04-21 18:21:43.850299
258844,2025-08-09T20:05:00.000Z,mlb,Giants,Nationals,2,4,complete,2026-04-21 18:21:43.850299
258845,2025-08-09T22:10:00.000Z,mlb,Tigers,Angels,4,7,complete,2026-04-21 18:21:43.850299
258846,2025-08-09T22:40:00.000Z,mlb,Pirates,Reds,1,2,complete,2026-04-21 18:21:43.850299
258847,2025-08-09T23:05:00.000Z,mlb,Orioles,Athletics,3,11,complete,2026-04-21 18:21:43.850299
258848,2025-08-09T23:10:00.000Z,mlb,Brewers,Mets,7,4,complete,2026-04-21 18:21:43.850299
258849,2025-08-09T23:10:00.000Z,mlb,Twins,Royals,0,2,complete,2026-04-21 18:21:43.850299
258850,2025-08-09T23:10:00.000Z,mlb,White Sox,Guardians,1,3,complete,2026-04-21 18:21:43.850299
258851,2025-08-09T23:15:00.000Z,mlb,Cardinals,Cubs,1,9,complete,2026-04-21 18:21:43.850299
258852,2025-08-09T23:15:00.000Z,mlb,Braves,Marlins,8,6,complete,2026-04-21 18:21:43.850299
258853,2025-08-09T23:15:00.000Z,mlb,Rangers,Phillies,2,3,complete,2026-04-21 18:21:43.850299
258854,2025-08-10T00:10:00.000Z,mlb,Diamondbacks,Rockies,6,5,complete,2026-04-21 18:21:43.850299
258855,2025-08-10T00:40:00.000Z,mlb,Padres,Red Sox,5,4,complete,2026-04-21 18:21:43.850299
258856,2025-08-10T01:10:00.000Z,mlb,Dodgers,Blue Jays,9,1,complete,2026-04-21 18:21:43.850299
258857,2025-08-10T01:40:00.000Z,mlb,Mariners,Rays,7,4,complete,2026-04-21 18:21:43.850299
258873,2025-08-10T17:05:00.000Z,mlb,Twins,Royals,5,3,complete,2026-04-21 18:21:43.850299
258874,2025-08-10T17:35:00.000Z,mlb,Pirates,Reds,8,14,complete,2026-04-21 18:21:43.850299
258875,2025-08-10T17:35:00.000Z,mlb,Braves,Marlins,7,1,complete,2026-04-21 18:21:43.850299
258876,2025-08-10T17:35:00.000Z,mlb,Yankees,Astros,1,7,complete,2026-04-21 18:21:43.850299
258877,2025-08-10T17:35:00.000Z,mlb,Orioles,Athletics,2,3,complete,2026-04-21 18:21:43.850299
258878,2025-08-10T17:40:00.000Z,mlb,Tigers,Angels,9,5,complete,2026-04-21 18:21:43.850299
258879,2025-08-10T18:10:00.000Z,mlb,White Sox,Guardians,6,4,complete,2026-04-21 18:21:43.850299
258880,2025-08-10T18:10:00.000Z,mlb,Brewers,Mets,7,6,complete,2026-04-21 18:21:43.850299
258882,2025-08-10T18:35:00.000Z,mlb,Rangers,Phillies,2,4,complete,2026-04-21 18:21:43.850299
258883,2025-08-10T20:05:00.000Z,mlb,Giants,Nationals,0,8,complete,2026-04-21 18:21:43.850299
258884,2025-08-10T20:10:00.000Z,mlb,Dodgers,Blue Jays,4,5,complete,2026-04-21 18:21:43.850299
258885,2025-08-10T20:10:00.000Z,mlb,Diamondbacks,Rockies,13,6,complete,2026-04-21 18:21:43.850299
258886,2025-08-10T20:10:00.000Z,mlb,Mariners,Rays,6,3,complete,2026-04-21 18:21:43.850299
258887,2025-08-10T20:10:00.000Z,mlb,Padres,Red Sox,6,2,complete,2026-04-21 18:21:43.850299
258881,2025-08-10T23:10:00.000Z,mlb,Cardinals,Cubs,3,2,complete,2026-04-21 18:21:43.850299
258890,2025-08-11T22:10:00.000Z,mlb,Reds,Phillies,1,4,complete,2026-04-21 18:21:43.850299
258891,2025-08-11T23:05:00.000Z,mlb,Yankees,Twins,6,2,complete,2026-04-21 18:21:43.850299
258892,2025-08-11T23:40:00.000Z,mlb,Brewers,Pirates,7,1,complete,2026-04-21 18:21:43.850299
258893,2025-08-11T23:40:00.000Z,mlb,White Sox,Tigers,1,2,complete,2026-04-21 18:21:43.850299
258894,2025-08-11T23:40:00.000Z,mlb,Royals,Nationals,7,4,complete,2026-04-21 18:21:43.850299
258895,2025-08-11T23:45:00.000Z,mlb,Cardinals,Rockies,3,2,complete,2026-04-21 18:21:43.850299
258896,2025-08-12T00:05:00.000Z,mlb,Rangers,Diamondbacks,7,6,complete,2026-04-21 18:21:43.850299
258897,2025-08-12T00:10:00.000Z,mlb,Astros,Red Sox,7,6,complete,2026-04-21 18:21:43.850299
258898,2025-08-12T01:38:00.000Z,mlb,Angels,Dodgers,7,4,complete,2026-04-21 18:21:43.850299
258899,2025-08-12T01:45:00.000Z,mlb,Giants,Padres,1,4,complete,2026-04-21 18:21:43.850299
258900,2025-08-12T02:05:00.000Z,mlb,Athletics,Rays,4,7,complete,2026-04-21 18:21:43.850299
258941,2025-08-12T22:35:00.000Z,mlb,Orioles,Mariners,0,1,complete,2026-04-21 18:21:43.850299
258942,2025-08-12T22:40:00.000Z,mlb,Guardians,Marlins,4,3,complete,2026-04-21 18:21:43.850299
258943,2025-08-12T22:40:00.000Z,mlb,Reds,Phillies,6,1,complete,2026-04-21 18:21:43.850299
258944,2025-08-12T23:05:00.000Z,mlb,Yankees,Twins,9,1,complete,2026-04-21 18:21:43.850299
258945,2025-08-12T23:07:00.000Z,mlb,Blue Jays,Cubs,5,1,complete,2026-04-21 18:21:43.850299
258946,2025-08-12T23:10:00.000Z,mlb,Mets,Braves,13,5,complete,2026-04-21 18:21:43.850299
258947,2025-08-12T23:40:00.000Z,mlb,White Sox,Tigers,9,6,complete,2026-04-21 18:21:43.850299
258948,2025-08-12T23:40:00.000Z,mlb,Royals,Nationals,8,5,complete,2026-04-21 18:21:43.850299
258949,2025-08-12T23:40:00.000Z,mlb,Brewers,Pirates,14,0,complete,2026-04-21 18:21:43.850299
258950,2025-08-12T23:45:00.000Z,mlb,Cardinals,Rockies,0,3,complete,2026-04-21 18:21:43.850299
258951,2025-08-13T00:05:00.000Z,mlb,Rangers,Diamondbacks,2,3,complete,2026-04-21 18:21:43.850299
258952,2025-08-13T00:10:00.000Z,mlb,Astros,Red Sox,1,14,complete,2026-04-21 18:21:43.850299
258953,2025-08-13T01:38:00.000Z,mlb,Angels,Dodgers,7,6,complete,2026-04-21 18:21:43.850299
258954,2025-08-13T01:45:00.000Z,mlb,Giants,Padres,1,5,complete,2026-04-21 18:21:43.850299
258955,2025-08-13T02:05:00.000Z,mlb,Athletics,Rays,6,0,complete,2026-04-21 18:21:43.850299
259007,2025-08-13T18:10:00.000Z,mlb,Royals,Nationals,7,8,complete,2026-04-21 18:21:43.850299
259008,2025-08-13T18:10:00.000Z,mlb,Brewers,Pirates,12,5,complete,2026-04-21 18:21:43.850299
259009,2025-08-13T18:10:00.000Z,mlb,White Sox,Tigers,0,1,complete,2026-04-21 18:21:43.850299
259010,2025-08-13T18:15:00.000Z,mlb,Cardinals,Rockies,5,6,complete,2026-04-21 18:21:43.850299
259011,2025-08-13T18:35:00.000Z,mlb,Rangers,Diamondbacks,4,6,complete,2026-04-21 18:21:43.850299
259012,2025-08-13T19:45:00.000Z,mlb,Giants,Padres,1,11,complete,2026-04-21 18:21:43.850299
259013,2025-08-13T21:10:00.000Z,mlb,Reds,Phillies,8,0,complete,2026-04-21 18:21:43.850299
259014,2025-08-13T22:35:00.000Z,mlb,Orioles,Mariners,4,3,complete,2026-04-21 18:21:43.850299
259015,2025-08-13T22:40:00.000Z,mlb,Guardians,Marlins,4,13,complete,2026-04-21 18:21:43.850299
259016,2025-08-13T23:05:00.000Z,mlb,Yankees,Twins,1,4,complete,2026-04-21 18:21:43.850299
259017,2025-08-13T23:07:00.000Z,mlb,Blue Jays,Cubs,1,4,complete,2026-04-21 18:21:43.850299
259018,2025-08-13T23:10:00.000Z,mlb,Mets,Braves,6,11,complete,2026-04-21 18:21:43.850299
259019,2025-08-13T23:10:00.000Z,mlb,Astros,Red Sox,4,1,complete,2026-04-21 18:21:43.850299
259020,2025-08-14T01:38:00.000Z,mlb,Angels,Dodgers,6,5,complete,2026-04-21 18:21:43.850299
259021,2025-08-14T02:05:00.000Z,mlb,Athletics,Rays,2,8,complete,2026-04-21 18:21:43.850299
259060,2025-08-14T17:05:00.000Z,mlb,Orioles,Mariners,5,3,complete,2026-04-21 18:21:43.850299
259061,2025-08-14T19:07:00.000Z,mlb,Blue Jays,Cubs,2,1,complete,2026-04-21 18:21:43.850299
259062,2025-08-14T22:40:00.000Z,mlb,Guardians,Marlins,9,4,complete,2026-04-21 18:21:43.850299
259063,2025-08-14T22:45:00.000Z,mlb,Nationals,Phillies,3,2,complete,2026-04-21 18:21:43.850299
259064,2025-08-14T23:10:00.000Z,mlb,Mets,Braves,3,4,complete,2026-04-21 18:21:43.850299
259065,2025-08-14T23:40:00.000Z,mlb,Twins,Tigers,3,4,complete,2026-04-21 18:21:43.850299
259066,2025-08-15T00:40:00.000Z,mlb,Rockies,Diamondbacks,2,8,complete,2026-04-21 18:21:43.850299
259108,2025-08-15T18:20:00.000Z,mlb,Cubs,Pirates,2,3,complete,2026-04-21 18:21:43.850299
259109,2025-08-15T22:40:00.000Z,mlb,Reds,Brewers,8,10,complete,2026-04-21 18:21:43.850299
259110,2025-08-15T22:45:00.000Z,mlb,Nationals,Phillies,2,6,complete,2026-04-21 18:21:43.850299
259111,2025-08-15T23:07:00.000Z,mlb,Blue Jays,Rangers,6,5,complete,2026-04-21 18:21:43.850299
259112,2025-08-15T23:10:00.000Z,mlb,Mets,Mariners,9,11,complete,2026-04-21 18:21:43.850299
259113,2025-08-15T23:10:00.000Z,mlb,Guardians,Braves,0,2,complete,2026-04-21 18:21:43.850299
259114,2025-08-15T23:10:00.000Z,mlb,Red Sox,Marlins,2,1,complete,2026-04-21 18:21:43.850299
259115,2025-08-16T00:10:00.000Z,mlb,Twins,Tigers,0,7,complete,2026-04-21 18:21:43.850299
259116,2025-08-16T00:10:00.000Z,mlb,Royals,White Sox,3,1,complete,2026-04-21 18:21:43.850299
259117,2025-08-16T00:10:00.000Z,mlb,Astros,Orioles,0,7,complete,2026-04-21 18:21:43.850299
259118,2025-08-16T00:15:00.000Z,mlb,Cardinals,Yankees,3,4,complete,2026-04-21 18:21:43.850299
259119,2025-08-16T00:40:00.000Z,mlb,Rockies,Diamondbacks,4,3,complete,2026-04-21 18:21:43.850299
259120,2025-08-16T02:05:00.000Z,mlb,Athletics,Angels,10,3,complete,2026-04-21 18:21:43.850299
259121,2025-08-16T02:10:00.000Z,mlb,Dodgers,Padres,3,2,complete,2026-04-21 18:21:43.850299
259122,2025-08-16T02:15:00.000Z,mlb,Giants,Rays,6,7,complete,2026-04-21 18:21:43.850299
259125,2025-08-16T18:20:00.000Z,mlb,Cubs,Pirates,3,1,complete,2026-04-21 18:21:43.850299
259126,2025-08-16T19:07:00.000Z,mlb,Blue Jays,Rangers,14,2,complete,2026-04-21 18:21:43.850299
259127,2025-08-16T20:05:00.000Z,mlb,Nationals,Phillies,2,0,complete,2026-04-21 18:21:43.850299
259128,2025-08-16T20:10:00.000Z,mlb,Mets,Mariners,3,1,complete,2026-04-21 18:21:43.850299
259129,2025-08-16T20:10:00.000Z,mlb,Red Sox,Marlins,7,5,complete,2026-04-21 18:21:43.850299
259130,2025-08-16T22:40:00.000Z,mlb,Reds,Brewers,5,6,complete,2026-04-21 18:21:43.850299
259131,2025-08-16T23:10:00.000Z,mlb,Royals,White Sox,6,2,complete,2026-04-21 18:21:43.850299
259132,2025-08-16T23:10:00.000Z,mlb,Astros,Orioles,5,4,complete,2026-04-21 18:21:43.850299
259133,2025-08-16T23:10:00.000Z,mlb,Guardians,Braves,1,10,complete,2026-04-21 18:21:43.850299
259134,2025-08-16T23:15:00.000Z,mlb,Cardinals,Yankees,8,12,complete,2026-04-21 18:21:43.850299
259135,2025-08-16T23:15:00.000Z,mlb,Twins,Tigers,5,8,complete,2026-04-21 18:21:43.850299
259136,2025-08-17T00:10:00.000Z,mlb,Rockies,Diamondbacks,10,7,complete,2026-04-21 18:21:43.850299
259137,2025-08-17T01:05:00.000Z,mlb,Giants,Rays,1,2,complete,2026-04-21 18:21:43.850299
259138,2025-08-17T01:10:00.000Z,mlb,Dodgers,Padres,6,0,complete,2026-04-21 18:21:43.850299
259139,2025-08-17T02:05:00.000Z,mlb,Athletics,Angels,7,2,complete,2026-04-21 18:21:43.850299
259141,2025-08-17T15:35:00.000Z,mlb,Nationals,Phillies,9,11,complete,2026-04-21 18:21:43.850299
259142,2025-08-17T17:35:00.000Z,mlb,Red Sox,Marlins,3,5,complete,2026-04-21 18:21:43.850299
259143,2025-08-17T17:37:00.000Z,mlb,Blue Jays,Rangers,4,10,complete,2026-04-21 18:21:43.850299
259144,2025-08-17T17:40:00.000Z,mlb,Reds,Brewers,3,2,complete,2026-04-21 18:21:43.850299
259145,2025-08-17T17:40:00.000Z,mlb,Guardians,Braves,4,5,complete,2026-04-21 18:21:43.850299
259146,2025-08-17T18:10:00.000Z,mlb,Astros,Orioles,0,12,complete,2026-04-21 18:21:43.850299
259147,2025-08-17T18:10:00.000Z,mlb,Royals,White Sox,6,2,complete,2026-04-21 18:21:43.850299
259148,2025-08-17T18:10:00.000Z,mlb,Twins,Tigers,8,1,complete,2026-04-21 18:21:43.850299
259149,2025-08-17T18:15:00.000Z,mlb,Cardinals,Yankees,4,8,complete,2026-04-21 18:21:43.850299
259150,2025-08-17T18:20:00.000Z,mlb,Cubs,Pirates,4,3,complete,2026-04-21 18:21:43.850299
259151,2025-08-17T19:10:00.000Z,mlb,Rockies,Diamondbacks,6,5,complete,2026-04-21 18:21:43.850299
259152,2025-08-17T20:05:00.000Z,mlb,Athletics,Angels,5,11,complete,2026-04-21 18:21:43.850299
259153,2025-08-17T20:05:00.000Z,mlb,Giants,Rays,7,1,complete,2026-04-21 18:21:43.850299
259154,2025-08-17T20:10:00.000Z,mlb,Dodgers,Padres,5,4,complete,2026-04-21 18:21:43.850299
259155,2025-08-17T23:10:00.000Z,mlb,Mets,Mariners,7,3,complete,2026-04-21 18:21:43.850299
259156,2025-08-18T18:20:00.000Z,mlb,Cubs,Brewers,0,7,complete,2026-04-21 18:21:43.850299
259157,2025-08-18T22:40:00.000Z,mlb,Marlins,Cardinals,3,8,complete,2026-04-21 18:21:43.850299
259158,2025-08-18T22:40:00.000Z,mlb,Tigers,Astros,10,0,complete,2026-04-21 18:21:43.850299
259159,2025-08-18T22:40:00.000Z,mlb,Pirates,Blue Jays,5,2,complete,2026-04-21 18:21:43.850299
259160,2025-08-18T22:45:00.000Z,mlb,Phillies,Mariners,12,7,complete,2026-04-21 18:21:43.850299
259161,2025-08-18T23:10:00.000Z,mlb,Red Sox,Orioles,3,6,complete,2026-04-21 18:21:43.850299
259162,2025-08-18T23:15:00.000Z,mlb,Braves,White Sox,9,13,complete,2026-04-21 18:21:43.850299
259163,2025-08-18T23:40:00.000Z,mlb,Royals,Rangers,4,3,complete,2026-04-21 18:21:43.850299
259165,2025-08-19T00:40:00.000Z,mlb,Rockies,Dodgers,4,3,complete,2026-04-21 18:21:43.850299
259166,2025-08-19T01:38:00.000Z,mlb,Angels,Reds,1,4,complete,2026-04-21 18:21:43.850299
259167,2025-08-19T01:40:00.000Z,mlb,Padres,Giants,3,4,complete,2026-04-21 18:21:43.850299
259168,2025-08-19T01:40:00.000Z,mlb,Diamondbacks,Guardians,1,3,complete,2026-04-21 18:21:43.850299
263231,2025-08-19T18:20:00.000Z,mlb,Cubs,Brewers,6,4,complete,2026-04-21 18:21:43.850299
259172,2025-08-19T22:40:00.000Z,mlb,Tigers,Astros,1,0,complete,2026-04-21 18:21:43.850299
259173,2025-08-19T22:40:00.000Z,mlb,Marlins,Cardinals,4,7,complete,2026-04-21 18:21:43.850299
259174,2025-08-19T22:40:00.000Z,mlb,Pirates,Blue Jays,3,7,complete,2026-04-21 18:21:43.850299
259175,2025-08-19T22:45:00.000Z,mlb,Phillies,Mariners,6,4,complete,2026-04-21 18:21:43.850299
259176,2025-08-19T22:45:00.000Z,mlb,Nationals,Mets,1,8,complete,2026-04-21 18:21:43.850299
259177,2025-08-19T23:10:00.000Z,mlb,Red Sox,Orioles,3,4,complete,2026-04-21 18:21:43.850299
259178,2025-08-19T23:15:00.000Z,mlb,Braves,White Sox,11,10,complete,2026-04-21 18:21:43.850299
259179,2025-08-19T23:35:00.000Z,mlb,Rays,Yankees,3,13,complete,2026-04-21 18:21:43.850299
259180,2025-08-19T23:40:00.000Z,mlb,Royals,Rangers,5,2,complete,2026-04-21 18:21:43.850299
259181,2025-08-19T23:40:00.000Z,mlb,Twins,Athletics,3,6,complete,2026-04-21 18:21:43.850299
259182,2025-08-20T00:05:00.000Z,mlb,Cubs,Brewers,4,1,complete,2026-04-21 18:21:43.850299
259183,2025-08-20T00:40:00.000Z,mlb,Rockies,Dodgers,4,11,complete,2026-04-21 18:21:43.850299
259184,2025-08-20T01:38:00.000Z,mlb,Angels,Reds,4,6,complete,2026-04-21 18:21:43.850299
259185,2025-08-20T01:40:00.000Z,mlb,Padres,Giants,5,1,complete,2026-04-21 18:21:43.850299
259186,2025-08-20T01:40:00.000Z,mlb,Diamondbacks,Guardians,6,5,complete,2026-04-21 18:21:43.850299
259205,2025-08-20T16:35:00.000Z,mlb,Pirates,Blue Jays,2,1,complete,2026-04-21 18:21:43.850299
259206,2025-08-20T17:05:00.000Z,mlb,Phillies,Mariners,11,2,complete,2026-04-21 18:21:43.850299
259207,2025-08-20T17:10:00.000Z,mlb,Tigers,Astros,7,2,complete,2026-04-21 18:21:43.850299
259208,2025-08-20T19:40:00.000Z,mlb,Diamondbacks,Guardians,3,2,complete,2026-04-21 18:21:43.850299
259209,2025-08-20T22:40:00.000Z,mlb,Marlins,Cardinals,6,2,complete,2026-04-21 18:21:43.850299
259210,2025-08-20T22:45:00.000Z,mlb,Nationals,Mets,5,4,complete,2026-04-21 18:21:43.850299
259211,2025-08-20T23:15:00.000Z,mlb,Braves,White Sox,1,0,complete,2026-04-21 18:21:43.850299
259212,2025-08-20T23:35:00.000Z,mlb,Rays,Yankees,4,6,complete,2026-04-21 18:21:43.850299
259213,2025-08-20T23:40:00.000Z,mlb,Twins,Athletics,2,4,complete,2026-04-21 18:21:43.850299
259214,2025-08-20T23:40:00.000Z,mlb,Royals,Rangers,3,6,complete,2026-04-21 18:21:43.850299
259215,2025-08-21T00:05:00.000Z,mlb,Cubs,Brewers,4,3,complete,2026-04-21 18:21:43.850299
259216,2025-08-21T00:40:00.000Z,mlb,Rockies,Dodgers,8,3,complete,2026-04-21 18:21:43.850299
259217,2025-08-21T01:38:00.000Z,mlb,Angels,Reds,2,1,complete,2026-04-21 18:21:43.850299
259218,2025-08-21T01:40:00.000Z,mlb,Padres,Giants,8,1,complete,2026-04-21 18:21:43.850299
259226,2025-08-21T17:10:00.000Z,mlb,Twins,Athletics,3,8,complete,2026-04-21 18:21:43.850299
259227,2025-08-21T18:10:00.000Z,mlb,Royals,Rangers,6,4,complete,2026-04-21 18:21:43.850299
259228,2025-08-21T18:20:00.000Z,mlb,Cubs,Brewers,1,4,complete,2026-04-21 18:21:43.850299
259229,2025-08-21T19:10:00.000Z,mlb,Rockies,Dodgers,5,9,complete,2026-04-21 18:21:43.850299
259230,2025-08-21T20:05:00.000Z,mlb,Nationals,Mets,9,3,complete,2026-04-21 18:21:43.850299
259231,2025-08-21T20:10:00.000Z,mlb,Padres,Giants,8,4,complete,2026-04-21 18:21:43.850299
259232,2025-08-21T23:15:00.000Z,mlb,Orioles,Astros,2,7,complete,2026-04-21 18:21:43.850299
259233,2025-08-21T23:15:00.000Z,mlb,Yankees,Red Sox,3,6,complete,2026-04-21 18:21:43.850299
259234,2025-08-21T23:35:00.000Z,mlb,Rays,Cardinals,4,7,complete,2026-04-21 18:21:43.850299
259235,2025-08-22T22:40:00.000Z,mlb,Pirates,Rockies,9,0,complete,2026-04-21 18:21:43.850299
259236,2025-08-22T22:45:00.000Z,mlb,Phillies,Nationals,4,5,complete,2026-04-21 18:21:43.850299
259237,2025-08-22T23:05:00.000Z,mlb,Orioles,Astros,7,10,complete,2026-04-21 18:21:43.850299
259238,2025-08-22T23:05:00.000Z,mlb,Yankees,Red Sox,0,1,complete,2026-04-21 18:21:43.850299
259239,2025-08-22T23:10:00.000Z,mlb,Marlins,Blue Jays,2,5,complete,2026-04-21 18:21:43.850299
259240,2025-08-22T23:10:00.000Z,mlb,Tigers,Royals,7,5,complete,2026-04-21 18:21:43.850299
259241,2025-08-22T23:15:00.000Z,mlb,Braves,Mets,7,12,complete,2026-04-21 18:21:43.850299
259242,2025-08-22T23:35:00.000Z,mlb,Rays,Cardinals,10,6,complete,2026-04-21 18:21:43.850299
259243,2025-08-22T23:40:00.000Z,mlb,White Sox,Twins,7,9,complete,2026-04-21 18:21:43.850299
259244,2025-08-23T00:05:00.000Z,mlb,Rangers,Guardians,4,3,complete,2026-04-21 18:21:43.850299
259245,2025-08-23T00:10:00.000Z,mlb,Brewers,Giants,5,4,complete,2026-04-21 18:21:43.850299
259246,2025-08-23T01:38:00.000Z,mlb,Angels,Cubs,2,3,complete,2026-04-21 18:21:43.850299
259247,2025-08-23T01:40:00.000Z,mlb,Diamondbacks,Reds,6,5,complete,2026-04-21 18:21:43.850299
259248,2025-08-23T01:40:00.000Z,mlb,Padres,Dodgers,2,1,complete,2026-04-21 18:21:43.850299
259249,2025-08-23T02:10:00.000Z,mlb,Mariners,Athletics,3,2,complete,2026-04-21 18:21:43.850299
259250,2025-08-23T17:05:00.000Z,mlb,Yankees,Red Sox,1,12,complete,2026-04-21 18:21:43.850299
259251,2025-08-23T20:10:00.000Z,mlb,Marlins,Blue Jays,6,7,complete,2026-04-21 18:21:43.850299
259252,2025-08-23T22:05:00.000Z,mlb,Phillies,Nationals,6,4,complete,2026-04-21 18:21:43.850299
259253,2025-08-23T22:10:00.000Z,mlb,Tigers,Royals,4,2,complete,2026-04-21 18:21:43.850299
259254,2025-08-23T22:40:00.000Z,mlb,Pirates,Rockies,5,1,complete,2026-04-21 18:21:43.850299
259255,2025-08-23T23:05:00.000Z,mlb,Orioles,Astros,8,9,complete,2026-04-21 18:21:43.850299
259256,2025-08-23T23:05:00.000Z,mlb,Rangers,Guardians,10,0,complete,2026-04-21 18:21:43.850299
259257,2025-08-23T23:10:00.000Z,mlb,Brewers,Giants,1,7,complete,2026-04-21 18:21:43.850299
259258,2025-08-23T23:10:00.000Z,mlb,White Sox,Twins,7,3,complete,2026-04-21 18:21:43.850299
259259,2025-08-23T23:15:00.000Z,mlb,Braves,Mets,2,9,complete,2026-04-21 18:21:43.850299
259260,2025-08-24T00:10:00.000Z,mlb,Diamondbacks,Reds,10,1,complete,2026-04-21 18:21:43.850299
259261,2025-08-24T00:40:00.000Z,mlb,Padres,Dodgers,5,1,complete,2026-04-21 18:21:43.850299
259262,2025-08-24T01:38:00.000Z,mlb,Angels,Cubs,1,12,complete,2026-04-21 18:21:43.850299
259263,2025-08-24T01:40:00.000Z,mlb,Mariners,Athletics,1,2,complete,2026-04-21 18:21:43.850299
259273,2025-08-24T16:05:00.000Z,mlb,Pirates,Rockies,4,0,complete,2026-04-21 18:21:43.850299
259274,2025-08-24T16:10:00.000Z,mlb,Rays,Cardinals,7,2,complete,2026-04-21 18:21:43.850299
259275,2025-08-24T17:35:00.000Z,mlb,Orioles,Astros,3,2,complete,2026-04-21 18:21:43.850299
259277,2025-08-24T17:35:00.000Z,mlb,Phillies,Nationals,3,2,complete,2026-04-21 18:21:43.850299
259278,2025-08-24T17:35:00.000Z,mlb,Braves,Mets,4,3,complete,2026-04-21 18:21:43.850299
259279,2025-08-24T17:40:00.000Z,mlb,Marlins,Blue Jays,5,3,complete,2026-04-21 18:21:43.850299
259280,2025-08-24T17:40:00.000Z,mlb,Tigers,Royals,8,10,complete,2026-04-21 18:21:43.850299
259281,2025-08-24T18:10:00.000Z,mlb,White Sox,Twins,8,0,complete,2026-04-21 18:21:43.850299
259282,2025-08-24T18:10:00.000Z,mlb,Brewers,Giants,3,4,complete,2026-04-21 18:21:43.850299
259283,2025-08-24T18:35:00.000Z,mlb,Rangers,Guardians,5,0,complete,2026-04-21 18:21:43.850299
259284,2025-08-24T20:07:00.000Z,mlb,Angels,Cubs,3,4,complete,2026-04-21 18:21:43.850299
259285,2025-08-24T20:10:00.000Z,mlb,Padres,Dodgers,2,8,complete,2026-04-21 18:21:43.850299
259286,2025-08-24T20:10:00.000Z,mlb,Diamondbacks,Reds,1,6,complete,2026-04-21 18:21:43.850299
259287,2025-08-24T20:10:00.000Z,mlb,Mariners,Athletics,11,4,complete,2026-04-21 18:21:43.850299
259276,2025-08-24T23:10:00.000Z,mlb,Yankees,Red Sox,7,2,complete,2026-04-21 18:21:43.850299
259304,2025-08-25T22:35:00.000Z,mlb,Orioles,Red Sox,3,4,complete,2026-04-21 18:21:43.850299
259305,2025-08-25T22:40:00.000Z,mlb,Guardians,Rays,0,9,complete,2026-04-21 18:21:43.850299
259306,2025-08-25T22:40:00.000Z,mlb,Marlins,Braves,2,1,complete,2026-04-21 18:21:43.850299
259307,2025-08-25T23:05:00.000Z,mlb,Yankees,Nationals,10,5,complete,2026-04-21 18:21:43.850299
259308,2025-08-25T23:07:00.000Z,mlb,Blue Jays,Twins,10,4,complete,2026-04-21 18:21:43.850299
259309,2025-08-25T23:10:00.000Z,mlb,Mets,Phillies,13,3,complete,2026-04-21 18:21:43.850299
259310,2025-08-25T23:40:00.000Z,mlb,Brewers,Diamondbacks,7,5,complete,2026-04-21 18:21:43.850299
259311,2025-08-25T23:40:00.000Z,mlb,White Sox,Royals,7,0,complete,2026-04-21 18:21:43.850299
259312,2025-08-25T23:45:00.000Z,mlb,Cardinals,Pirates,7,6,complete,2026-04-21 18:21:43.850299
259313,2025-08-26T00:05:00.000Z,mlb,Rangers,Angels,0,4,complete,2026-04-21 18:21:43.850299
259314,2025-08-26T01:40:00.000Z,mlb,Mariners,Padres,9,6,complete,2026-04-21 18:21:43.850299
259315,2025-08-26T02:05:00.000Z,mlb,Athletics,Tigers,8,3,complete,2026-04-21 18:21:43.850299
259316,2025-08-26T02:10:00.000Z,mlb,Dodgers,Reds,7,0,complete,2026-04-21 18:21:43.850299
259370,2025-08-26T22:35:00.000Z,mlb,Orioles,Red Sox,0,5,complete,2026-04-21 18:21:43.850299
259371,2025-08-26T22:40:00.000Z,mlb,Marlins,Braves,2,11,complete,2026-04-21 18:21:43.850299
259372,2025-08-26T22:40:00.000Z,mlb,Guardians,Rays,3,0,complete,2026-04-21 18:21:43.850299
259373,2025-08-26T23:05:00.000Z,mlb,Yankees,Nationals,5,1,complete,2026-04-21 18:21:43.850299
259374,2025-08-26T23:07:00.000Z,mlb,Blue Jays,Twins,5,7,complete,2026-04-21 18:21:43.850299
259375,2025-08-26T23:10:00.000Z,mlb,Mets,Phillies,6,5,complete,2026-04-21 18:21:43.850299
259376,2025-08-26T23:40:00.000Z,mlb,Brewers,Diamondbacks,9,8,complete,2026-04-21 18:21:43.850299
259377,2025-08-26T23:40:00.000Z,mlb,White Sox,Royals,4,5,complete,2026-04-21 18:21:43.850299
259378,2025-08-26T23:45:00.000Z,mlb,Cardinals,Pirates,3,8,complete,2026-04-21 18:21:43.850299
259379,2025-08-27T00:05:00.000Z,mlb,Rangers,Angels,7,3,complete,2026-04-21 18:21:43.850299
259380,2025-08-27T00:10:00.000Z,mlb,Astros,Rockies,1,6,complete,2026-04-21 18:21:43.850299
259381,2025-08-27T01:40:00.000Z,mlb,Mariners,Padres,6,7,complete,2026-04-21 18:21:43.850299
259382,2025-08-27T01:45:00.000Z,mlb,Giants,Cubs,5,2,complete,2026-04-21 18:21:43.850299
259383,2025-08-27T02:05:00.000Z,mlb,Athletics,Tigers,7,6,complete,2026-04-21 18:21:43.850299
259384,2025-08-27T02:10:00.000Z,mlb,Dodgers,Reds,6,3,complete,2026-04-21 18:21:43.850299
259469,2025-08-27T17:05:00.000Z,mlb,Yankees,Nationals,11,2,complete,2026-04-21 18:21:43.850299
259470,2025-08-27T17:10:00.000Z,mlb,Guardians,Rays,4,3,complete,2026-04-21 18:21:43.850299
259471,2025-08-27T17:10:00.000Z,mlb,Marlins,Braves,1,12,complete,2026-04-21 18:21:43.850299
259472,2025-08-27T20:10:00.000Z,mlb,Mariners,Padres,4,3,complete,2026-04-21 18:21:43.850299
259473,2025-08-27T22:35:00.000Z,mlb,Orioles,Red Sox,2,3,complete,2026-04-21 18:21:43.850299
259474,2025-08-27T23:07:00.000Z,mlb,Blue Jays,Twins,9,8,complete,2026-04-21 18:21:43.850299
259475,2025-08-27T23:10:00.000Z,mlb,Mets,Phillies,6,0,complete,2026-04-21 18:21:43.850299
259476,2025-08-27T23:40:00.000Z,mlb,White Sox,Royals,1,12,complete,2026-04-21 18:21:43.850299
259477,2025-08-27T23:40:00.000Z,mlb,Brewers,Diamondbacks,2,3,complete,2026-04-21 18:21:43.850299
259478,2025-08-27T23:45:00.000Z,mlb,Cardinals,Pirates,1,2,complete,2026-04-21 18:21:43.850299
259479,2025-08-28T00:05:00.000Z,mlb,Rangers,Angels,20,3,complete,2026-04-21 18:21:43.850299
259480,2025-08-28T00:10:00.000Z,mlb,Astros,Rockies,4,0,complete,2026-04-21 18:21:43.850299
259481,2025-08-28T00:40:00.000Z,mlb,Dodgers,Reds,5,1,complete,2026-04-21 18:21:43.850299
259482,2025-08-28T01:45:00.000Z,mlb,Giants,Cubs,12,3,complete,2026-04-21 18:21:43.850299
259483,2025-08-28T02:05:00.000Z,mlb,Athletics,Tigers,7,0,complete,2026-04-21 18:21:43.850299
259502,2025-08-28T17:05:00.000Z,mlb,Orioles,Red Sox,2,3,complete,2026-04-21 18:21:43.850299
259503,2025-08-28T18:10:00.000Z,mlb,Astros,Rockies,4,3,complete,2026-04-21 18:21:43.850299
259504,2025-08-28T18:10:00.000Z,mlb,Brewers,Diamondbacks,4,6,complete,2026-04-21 18:21:43.850299
259505,2025-08-28T18:15:00.000Z,mlb,Cardinals,Pirates,4,1,complete,2026-04-21 18:21:43.850299
259506,2025-08-28T19:45:00.000Z,mlb,Giants,Cubs,4,3,complete,2026-04-21 18:21:43.850299
259507,2025-08-28T22:45:00.000Z,mlb,Phillies,Braves,19,4,complete,2026-04-21 18:21:43.850299
259508,2025-08-28T23:10:00.000Z,mlb,Mets,Marlins,4,7,complete,2026-04-21 18:21:43.850299
259509,2025-08-28T23:40:00.000Z,mlb,White Sox,Yankees,4,10,complete,2026-04-21 18:21:43.850299
259535,2025-08-29T22:40:00.000Z,mlb,Reds,Cardinals,5,7,complete,2026-04-21 18:21:43.850299
259536,2025-08-29T22:45:00.000Z,mlb,Phillies,Braves,2,1,complete,2026-04-21 18:21:43.850299
259537,2025-08-29T22:45:00.000Z,mlb,Nationals,Rays,1,4,complete,2026-04-21 18:21:43.850299
259538,2025-08-29T23:07:00.000Z,mlb,Blue Jays,Brewers,2,7,complete,2026-04-21 18:21:43.850299
259539,2025-08-29T23:10:00.000Z,mlb,Mets,Marlins,19,9,complete,2026-04-21 18:21:43.850299
259540,2025-08-29T23:10:00.000Z,mlb,Red Sox,Pirates,2,4,complete,2026-04-21 18:21:43.850299
259541,2025-08-29T23:10:00.000Z,mlb,Guardians,Mariners,5,4,complete,2026-04-21 18:21:43.850299
259542,2025-08-29T23:40:00.000Z,mlb,White Sox,Yankees,2,10,complete,2026-04-21 18:21:43.850299
259543,2025-08-30T00:10:00.000Z,mlb,Royals,Tigers,3,5,complete,2026-04-21 18:21:43.850299
259544,2025-08-30T00:10:00.000Z,mlb,Astros,Angels,2,0,complete,2026-04-21 18:21:43.850299
259545,2025-08-30T00:10:00.000Z,mlb,Twins,Padres,7,4,complete,2026-04-21 18:21:43.850299
259546,2025-08-30T00:40:00.000Z,mlb,Rockies,Cubs,7,11,complete,2026-04-21 18:21:43.850299
259547,2025-08-30T02:05:00.000Z,mlb,Athletics,Rangers,2,5,complete,2026-04-21 18:21:43.850299
259548,2025-08-30T02:10:00.000Z,mlb,Dodgers,Diamondbacks,0,3,complete,2026-04-21 18:21:43.850299
259549,2025-08-30T02:15:00.000Z,mlb,Giants,Orioles,15,8,complete,2026-04-21 18:21:43.850299
259550,2025-08-30T19:07:00.000Z,mlb,Blue Jays,Brewers,1,4,complete,2026-04-21 18:21:43.850299
259551,2025-08-30T20:05:00.000Z,mlb,Nationals,Rays,1,4,complete,2026-04-21 18:21:43.850299
259552,2025-08-30T20:10:00.000Z,mlb,Mets,Marlins,8,11,complete,2026-04-21 18:21:43.850299
259553,2025-08-30T20:10:00.000Z,mlb,Red Sox,Pirates,3,10,complete,2026-04-21 18:21:43.850299
259554,2025-08-30T22:05:00.000Z,mlb,Phillies,Braves,3,2,complete,2026-04-21 18:21:43.850299
259555,2025-08-30T22:40:00.000Z,mlb,Reds,Cardinals,2,4,complete,2026-04-21 18:21:43.850299
259556,2025-08-30T23:10:00.000Z,mlb,Twins,Padres,3,12,complete,2026-04-21 18:21:43.850299
259557,2025-08-30T23:10:00.000Z,mlb,White Sox,Yankees,3,5,complete,2026-04-21 18:21:43.850299
259558,2025-08-30T23:10:00.000Z,mlb,Astros,Angels,1,4,complete,2026-04-21 18:21:43.850299
259559,2025-08-30T23:15:00.000Z,mlb,Royals,Tigers,3,1,complete,2026-04-21 18:21:43.850299
259560,2025-08-30T23:15:00.000Z,mlb,Guardians,Mariners,4,3,complete,2026-04-21 18:21:43.850299
259561,2025-08-30T23:15:00.000Z,mlb,Giants,Orioles,1,11,complete,2026-04-21 18:21:43.850299
259562,2025-08-31T00:10:00.000Z,mlb,Rockies,Cubs,3,4,complete,2026-04-21 18:21:43.850299
259563,2025-08-31T01:10:00.000Z,mlb,Dodgers,Diamondbacks,1,6,complete,2026-04-21 18:21:43.850299
259564,2025-08-31T02:05:00.000Z,mlb,Athletics,Rangers,3,9,complete,2026-04-21 18:21:43.850299
259570,2025-08-31T16:10:00.000Z,mlb,Reds,Cardinals,7,4,complete,2026-04-21 18:21:43.850299
259571,2025-08-31T17:05:00.000Z,mlb,Twins,Padres,7,2,complete,2026-04-21 18:21:43.850299
259572,2025-08-31T17:35:00.000Z,mlb,Red Sox,Pirates,5,2,complete,2026-04-21 18:21:43.850299
259573,2025-08-31T17:35:00.000Z,mlb,Nationals,Rays,4,7,complete,2026-04-21 18:21:43.850299
259574,2025-08-31T17:37:00.000Z,mlb,Blue Jays,Brewers,8,4,complete,2026-04-21 18:21:43.850299
259575,2025-08-31T17:40:00.000Z,mlb,Guardians,Mariners,2,4,complete,2026-04-21 18:21:43.850299
259576,2025-08-31T17:40:00.000Z,mlb,Mets,Marlins,1,5,complete,2026-04-21 18:21:43.850299
259577,2025-08-31T18:10:00.000Z,mlb,Astros,Angels,0,3,complete,2026-04-21 18:21:43.850299
259578,2025-08-31T18:10:00.000Z,mlb,Royals,Tigers,0,5,complete,2026-04-21 18:21:43.850299
259579,2025-08-31T18:10:00.000Z,mlb,White Sox,Yankees,3,2,complete,2026-04-21 18:21:43.850299
259580,2025-08-31T19:10:00.000Z,mlb,Rockies,Cubs,6,5,complete,2026-04-21 18:21:43.850299
259581,2025-08-31T20:05:00.000Z,mlb,Athletics,Rangers,6,9,complete,2026-04-21 18:21:43.850299
259582,2025-08-31T20:05:00.000Z,mlb,Giants,Orioles,13,2,complete,2026-04-21 18:21:43.850299
259583,2025-08-31T20:10:00.000Z,mlb,Dodgers,Diamondbacks,5,4,complete,2026-04-21 18:21:43.850299
259584,2025-08-31T23:10:00.000Z,mlb,Phillies,Braves,1,3,complete,2026-04-21 18:21:43.850299
259601,2025-09-01T17:05:00.000Z,mlb,Nationals,Marlins,2,0,complete,2026-04-21 18:21:43.850299
259602,2025-09-01T17:10:00.000Z,mlb,Reds,Blue Jays,5,4,complete,2026-04-21 18:21:43.850299
259603,2025-09-01T17:10:00.000Z,mlb,Tigers,Mets,8,10,complete,2026-04-21 18:21:43.850299
259604,2025-09-01T17:35:00.000Z,mlb,Red Sox,Guardians,6,4,complete,2026-04-21 18:21:43.850299
259605,2025-09-01T18:10:00.000Z,mlb,Astros,Angels,8,3,complete,2026-04-21 18:21:43.850299
259606,2025-09-01T18:10:00.000Z,mlb,Twins,White Sox,5,6,complete,2026-04-21 18:21:43.850299
259607,2025-09-01T18:15:00.000Z,mlb,Cardinals,Athletics,3,11,complete,2026-04-21 18:21:43.850299
259608,2025-09-01T20:05:00.000Z,mlb,Cubs,Braves,7,6,complete,2026-04-21 18:21:43.850299
259609,2025-09-01T20:10:00.000Z,mlb,Rockies,Giants,2,8,complete,2026-04-21 18:21:43.850299
259610,2025-09-01T20:10:00.000Z,mlb,Brewers,Phillies,8,10,complete,2026-04-21 18:21:43.850299
259611,2025-09-01T22:40:00.000Z,mlb,Padres,Orioles,3,4,complete,2026-04-21 18:21:43.850299
259612,2025-09-01T23:35:00.000Z,mlb,Rays,Mariners,10,2,complete,2026-04-21 18:21:43.850299
259613,2025-09-02T00:10:00.000Z,mlb,Diamondbacks,Rangers,5,7,complete,2026-04-21 18:21:43.850299
259634,2025-09-02T22:40:00.000Z,mlb,Tigers,Mets,5,12,complete,2026-04-21 18:21:43.850299
259635,2025-09-02T22:40:00.000Z,mlb,Pirates,Dodgers,9,7,complete,2026-04-21 18:21:43.850299
259636,2025-09-02T22:40:00.000Z,mlb,Reds,Blue Jays,9,12,complete,2026-04-21 18:21:43.850299
259637,2025-09-02T22:45:00.000Z,mlb,Nationals,Marlins,5,2,complete,2026-04-21 18:21:43.850299
259638,2025-09-02T22:45:00.000Z,mlb,Red Sox,Guardians,11,7,complete,2026-04-21 18:21:43.850299
259639,2025-09-02T23:35:00.000Z,mlb,Rays,Mariners,6,5,complete,2026-04-21 18:21:43.850299
259640,2025-09-02T23:40:00.000Z,mlb,Royals,Angels,1,5,complete,2026-04-21 18:21:43.850299
259641,2025-09-02T23:40:00.000Z,mlb,Cubs,Braves,4,3,complete,2026-04-21 18:21:43.850299
259642,2025-09-02T23:40:00.000Z,mlb,Twins,White Sox,3,12,complete,2026-04-21 18:21:43.850299
259643,2025-09-02T23:45:00.000Z,mlb,Cardinals,Athletics,2,1,complete,2026-04-21 18:21:43.850299
259644,2025-09-03T00:10:00.000Z,mlb,Astros,Yankees,1,7,complete,2026-04-21 18:21:43.850299
259645,2025-09-03T00:40:00.000Z,mlb,Rockies,Giants,4,7,complete,2026-04-21 18:21:43.850299
259646,2025-09-03T01:40:00.000Z,mlb,Padres,Orioles,2,6,complete,2026-04-21 18:21:43.850299
259647,2025-09-03T01:40:00.000Z,mlb,Diamondbacks,Rangers,5,3,complete,2026-04-21 18:21:43.850299
259700,2025-09-03T17:05:00.000Z,mlb,Nationals,Marlins,10,5,complete,2026-04-21 18:21:43.850299
259701,2025-09-03T17:10:00.000Z,mlb,Tigers,Mets,6,2,complete,2026-04-21 18:21:43.850299
259702,2025-09-03T19:40:00.000Z,mlb,Diamondbacks,Rangers,2,0,complete,2026-04-21 18:21:43.850299
259703,2025-09-03T20:10:00.000Z,mlb,Padres,Orioles,5,7,complete,2026-04-21 18:21:43.850299
259704,2025-09-03T22:40:00.000Z,mlb,Pirates,Dodgers,3,0,complete,2026-04-21 18:21:43.850299
259705,2025-09-03T22:40:00.000Z,mlb,Reds,Blue Jays,9,13,complete,2026-04-21 18:21:43.850299
259706,2025-09-03T22:45:00.000Z,mlb,Red Sox,Guardians,1,8,complete,2026-04-21 18:21:43.850299
259707,2025-09-03T23:35:00.000Z,mlb,Rays,Mariners,9,4,complete,2026-04-21 18:21:43.850299
259708,2025-09-03T23:40:00.000Z,mlb,Twins,White Sox,3,4,complete,2026-04-21 18:21:43.850299
259709,2025-09-03T23:40:00.000Z,mlb,Cubs,Braves,1,5,complete,2026-04-21 18:21:43.850299
259710,2025-09-03T23:40:00.000Z,mlb,Brewers,Phillies,6,3,complete,2026-04-21 18:21:43.850299
259711,2025-09-03T23:40:00.000Z,mlb,Royals,Angels,3,4,complete,2026-04-21 18:21:43.850299
259712,2025-09-03T23:45:00.000Z,mlb,Cardinals,Athletics,5,1,complete,2026-04-21 18:21:43.850299
259713,2025-09-04T00:10:00.000Z,mlb,Astros,Yankees,8,7,complete,2026-04-21 18:21:43.850299
259714,2025-09-04T00:40:00.000Z,mlb,Rockies,Giants,8,10,complete,2026-04-21 18:21:43.850299
259733,2025-09-04T20:10:00.000Z,mlb,Brewers,Phillies,0,2,complete,2026-04-21 18:21:43.850299
259734,2025-09-04T22:40:00.000Z,mlb,Pirates,Dodgers,5,3,complete,2026-04-21 18:21:43.850299
259735,2025-09-04T23:35:00.000Z,mlb,Rays,Guardians,4,2,complete,2026-04-21 18:21:43.850299
259736,2025-09-04T23:40:00.000Z,mlb,Twins,White Sox,8,11,complete,2026-04-21 18:21:43.850299
259737,2025-09-04T23:40:00.000Z,mlb,Astros,Yankees,4,8,complete,2026-04-21 18:21:43.850299
259738,2025-09-04T23:40:00.000Z,mlb,Royals,Angels,4,3,complete,2026-04-21 18:21:43.850299
259766,2025-09-05T18:20:00.000Z,mlb,Cubs,Nationals,11,5,complete,2026-04-21 18:21:43.850299
259767,2025-09-05T22:40:00.000Z,mlb,Tigers,White Sox,5,7,complete,2026-04-21 18:21:43.850299
259768,2025-09-05T22:40:00.000Z,mlb,Pirates,Brewers,2,5,complete,2026-04-21 18:21:43.850299
259769,2025-09-05T22:40:00.000Z,mlb,Reds,Mets,4,5,complete,2026-04-21 18:21:43.850299
259770,2025-09-05T23:05:00.000Z,mlb,Yankees,Blue Jays,1,7,complete,2026-04-21 18:21:43.850299
259771,2025-09-05T23:05:00.000Z,mlb,Orioles,Dodgers,2,1,complete,2026-04-21 18:21:43.850299
259772,2025-09-05T23:10:00.000Z,mlb,Marlins,Phillies,3,9,complete,2026-04-21 18:21:43.850299
259773,2025-09-05T23:15:00.000Z,mlb,Braves,Mariners,4,1,complete,2026-04-21 18:21:43.850299
259774,2025-09-05T23:35:00.000Z,mlb,Rays,Guardians,1,7,complete,2026-04-21 18:21:43.850299
259775,2025-09-05T23:40:00.000Z,mlb,Royals,Twins,2,1,complete,2026-04-21 18:21:43.850299
259776,2025-09-06T00:05:00.000Z,mlb,Rangers,Astros,4,3,complete,2026-04-21 18:21:43.850299
259777,2025-09-06T00:15:00.000Z,mlb,Cardinals,Giants,2,8,complete,2026-04-21 18:21:43.850299
259778,2025-09-06T00:40:00.000Z,mlb,Rockies,Padres,3,0,complete,2026-04-21 18:21:43.850299
259779,2025-09-06T01:38:00.000Z,mlb,Angels,Athletics,4,10,complete,2026-04-21 18:21:43.850299
259780,2025-09-06T01:40:00.000Z,mlb,Diamondbacks,Red Sox,10,5,complete,2026-04-21 18:21:43.850299
259815,2025-09-06T17:05:00.000Z,mlb,Yankees,Blue Jays,3,1,complete,2026-04-21 18:21:43.850299
259816,2025-09-06T18:20:00.000Z,mlb,Cubs,Nationals,1,2,complete,2026-04-21 18:21:43.850299
259817,2025-09-06T20:10:00.000Z,mlb,Marlins,Phillies,2,4,complete,2026-04-21 18:21:43.850299
259818,2025-09-06T22:10:00.000Z,mlb,Tigers,White Sox,6,0,complete,2026-04-21 18:21:43.850299
259819,2025-09-06T22:40:00.000Z,mlb,Pirates,Brewers,1,4,complete,2026-04-21 18:21:43.850299
259820,2025-09-06T22:40:00.000Z,mlb,Reds,Mets,6,3,complete,2026-04-21 18:21:43.850299
259821,2025-09-06T23:05:00.000Z,mlb,Rays,Guardians,2,3,complete,2026-04-21 18:21:43.850299
259822,2025-09-06T23:05:00.000Z,mlb,Orioles,Dodgers,4,3,complete,2026-04-21 18:21:43.850299
259823,2025-09-06T23:15:00.000Z,mlb,Rangers,Astros,0,11,complete,2026-04-21 18:21:43.850299
259824,2025-09-06T23:15:00.000Z,mlb,Cardinals,Giants,3,2,complete,2026-04-21 18:21:43.850299
259825,2025-09-06T23:15:00.000Z,mlb,Braves,Mariners,2,10,complete,2026-04-21 18:21:43.850299
259826,2025-09-06T23:15:00.000Z,mlb,Royals,Twins,11,2,complete,2026-04-21 18:21:43.850299
259827,2025-09-07T00:10:00.000Z,mlb,Diamondbacks,Red Sox,5,1,complete,2026-04-21 18:21:43.850299
259828,2025-09-07T00:10:00.000Z,mlb,Rockies,Padres,8,10,complete,2026-04-21 18:21:43.850299
259829,2025-09-07T01:38:00.000Z,mlb,Angels,Athletics,4,17,complete,2026-04-21 18:21:43.850299
260866,2025-09-07T16:05:00.000Z,mlb,Braves,Mariners,2,18,complete,2026-04-21 18:21:43.850299
260867,2025-09-07T16:10:00.000Z,mlb,Rays,Guardians,1,2,complete,2026-04-21 18:21:43.850299
260868,2025-09-07T17:35:00.000Z,mlb,Pirates,Brewers,2,10,complete,2026-04-21 18:21:43.850299
260869,2025-09-07T17:35:00.000Z,mlb,Yankees,Blue Jays,4,3,complete,2026-04-21 18:21:43.850299
260870,2025-09-07T17:35:00.000Z,mlb,Orioles,Dodgers,2,5,complete,2026-04-21 18:21:43.850299
260871,2025-09-07T17:40:00.000Z,mlb,Marlins,Phillies,5,4,complete,2026-04-21 18:21:43.850299
260872,2025-09-07T17:40:00.000Z,mlb,Reds,Mets,3,2,complete,2026-04-21 18:21:43.850299
260873,2025-09-07T17:40:00.000Z,mlb,Tigers,White Sox,4,6,complete,2026-04-21 18:21:43.850299
260874,2025-09-07T18:10:00.000Z,mlb,Royals,Twins,1,5,complete,2026-04-21 18:21:43.850299
260875,2025-09-07T18:15:00.000Z,mlb,Cardinals,Giants,4,3,complete,2026-04-21 18:21:43.850299
260876,2025-09-07T18:20:00.000Z,mlb,Cubs,Nationals,3,6,complete,2026-04-21 18:21:43.850299
260877,2025-09-07T18:35:00.000Z,mlb,Rangers,Astros,4,2,complete,2026-04-21 18:21:43.850299
260878,2025-09-07T19:10:00.000Z,mlb,Rockies,Padres,1,8,complete,2026-04-21 18:21:43.850299
260879,2025-09-07T20:07:00.000Z,mlb,Angels,Athletics,4,3,complete,2026-04-21 18:21:43.850299
260880,2025-09-07T20:10:00.000Z,mlb,Diamondbacks,Red Sox,4,7,complete,2026-04-21 18:21:43.850299
260918,2025-09-08T22:40:00.000Z,mlb,Marlins,Nationals,7,15,complete,2026-04-21 18:21:43.850299
260919,2025-09-08T22:40:00.000Z,mlb,Guardians,Royals,10,2,complete,2026-04-21 18:21:43.850299
260920,2025-09-08T22:45:00.000Z,mlb,Phillies,Mets,1,0,complete,2026-04-21 18:21:43.850299
260921,2025-09-08T23:15:00.000Z,mlb,Braves,Cubs,4,1,complete,2026-04-21 18:21:43.850299
260922,2025-09-09T00:05:00.000Z,mlb,Rangers,Brewers,5,0,complete,2026-04-21 18:21:43.850299
260923,2025-09-09T01:38:00.000Z,mlb,Angels,Twins,3,12,complete,2026-04-21 18:21:43.850299
260924,2025-09-09T01:40:00.000Z,mlb,Mariners,Cardinals,4,2,complete,2026-04-21 18:21:43.850299
260925,2025-09-09T01:40:00.000Z,mlb,Padres,Reds,4,3,complete,2026-04-21 18:21:43.850299
260926,2025-09-09T01:45:00.000Z,mlb,Giants,Diamondbacks,11,5,complete,2026-04-21 18:21:43.850299
260927,2025-09-09T02:05:00.000Z,mlb,Athletics,Red Sox,0,7,complete,2026-04-21 18:21:43.850299
260928,2025-09-09T02:10:00.000Z,mlb,Dodgers,Rockies,3,1,complete,2026-04-21 18:21:43.850299
260972,2025-09-09T22:35:00.000Z,mlb,Orioles,Pirates,3,2,complete,2026-04-21 18:21:43.850299
260973,2025-09-09T22:40:00.000Z,mlb,Marlins,Nationals,5,7,complete,2026-04-21 18:21:43.850299
260974,2025-09-09T22:40:00.000Z,mlb,Guardians,Royals,2,0,complete,2026-04-21 18:21:43.850299
260975,2025-09-09T22:45:00.000Z,mlb,Phillies,Mets,9,3,complete,2026-04-21 18:21:43.850299
260976,2025-09-09T23:05:00.000Z,mlb,Yankees,Tigers,2,12,complete,2026-04-21 18:21:43.850299
260977,2025-09-09T23:07:00.000Z,mlb,Blue Jays,Astros,4,3,complete,2026-04-21 18:21:43.850299
260978,2025-09-09T23:15:00.000Z,mlb,Braves,Cubs,1,6,complete,2026-04-21 18:21:43.850299
260979,2025-09-09T23:40:00.000Z,mlb,White Sox,Rays,4,5,complete,2026-04-21 18:21:43.850299
260980,2025-09-10T00:05:00.000Z,mlb,Rangers,Brewers,5,4,complete,2026-04-21 18:21:43.850299
260981,2025-09-10T01:38:00.000Z,mlb,Angels,Twins,12,2,complete,2026-04-21 18:21:43.850299
260982,2025-09-10T01:40:00.000Z,mlb,Mariners,Cardinals,5,3,complete,2026-04-21 18:21:43.850299
260983,2025-09-10T01:40:00.000Z,mlb,Padres,Reds,2,4,complete,2026-04-21 18:21:43.850299
260984,2025-09-10T01:45:00.000Z,mlb,Giants,Diamondbacks,5,3,complete,2026-04-21 18:21:43.850299
260985,2025-09-10T02:05:00.000Z,mlb,Athletics,Red Sox,0,6,complete,2026-04-21 18:21:43.850299
260986,2025-09-10T02:10:00.000Z,mlb,Dodgers,Rockies,7,2,complete,2026-04-21 18:21:43.850299
261040,2025-09-10T18:35:00.000Z,mlb,Rangers,Brewers,6,3,complete,2026-04-21 18:21:43.850299
261041,2025-09-10T19:35:00.000Z,mlb,Athletics,Red Sox,5,4,complete,2026-04-21 18:21:43.850299
261042,2025-09-10T19:45:00.000Z,mlb,Giants,Diamondbacks,3,5,complete,2026-04-21 18:21:43.850299
261043,2025-09-10T20:07:00.000Z,mlb,Angels,Twins,4,3,complete,2026-04-21 18:21:43.850299
261044,2025-09-10T22:35:00.000Z,mlb,Orioles,Pirates,2,1,complete,2026-04-21 18:21:43.850299
261045,2025-09-10T22:40:00.000Z,mlb,Marlins,Nationals,8,3,complete,2026-04-21 18:21:43.850299
261046,2025-09-10T22:40:00.000Z,mlb,Guardians,Royals,3,4,complete,2026-04-21 18:21:43.850299
261047,2025-09-10T22:45:00.000Z,mlb,Phillies,Mets,11,3,complete,2026-04-21 18:21:43.850299
261048,2025-09-10T23:05:00.000Z,mlb,Yankees,Tigers,1,11,complete,2026-04-21 18:21:43.850299
261049,2025-09-10T23:07:00.000Z,mlb,Blue Jays,Astros,2,3,complete,2026-04-21 18:21:43.850299
261050,2025-09-10T23:15:00.000Z,mlb,Braves,Cubs,2,3,complete,2026-04-21 18:21:43.850299
261051,2025-09-10T23:40:00.000Z,mlb,White Sox,Rays,6,5,complete,2026-04-21 18:21:43.850299
261052,2025-09-11T00:40:00.000Z,mlb,Padres,Reds,1,2,complete,2026-04-21 18:21:43.850299
261053,2025-09-11T01:40:00.000Z,mlb,Mariners,Cardinals,4,2,complete,2026-04-21 18:21:43.850299
261054,2025-09-11T02:10:00.000Z,mlb,Dodgers,Rockies,9,0,complete,2026-04-21 18:21:43.850299
261079,2025-09-11T17:05:00.000Z,mlb,Orioles,Pirates,3,2,complete,2026-04-21 18:21:43.850299
261080,2025-09-11T18:10:00.000Z,mlb,White Sox,Rays,5,1,complete,2026-04-21 18:21:43.850299
261081,2025-09-11T19:07:00.000Z,mlb,Blue Jays,Astros,6,0,complete,2026-04-21 18:21:43.850299
261082,2025-09-11T22:40:00.000Z,mlb,Marlins,Nationals,5,0,complete,2026-04-21 18:21:43.850299
261083,2025-09-11T23:05:00.000Z,mlb,Yankees,Tigers,9,3,complete,2026-04-21 18:21:43.850299
261084,2025-09-11T23:15:00.000Z,mlb,Guardians,Royals,3,2,complete,2026-04-21 18:21:43.850299
261085,2025-09-11T23:15:00.000Z,mlb,Phillies,Mets,6,4,complete,2026-04-21 18:21:43.850299
261086,2025-09-12T01:40:00.000Z,mlb,Padres,Rockies,2,0,complete,2026-04-21 18:21:43.850299
261087,2025-09-12T01:40:00.000Z,mlb,Mariners,Angels,7,6,complete,2026-04-21 18:21:43.850299
261114,2025-09-12T18:20:00.000Z,mlb,Cubs,Rays,6,4,complete,2026-04-21 18:21:43.850299
261115,2025-09-12T22:45:00.000Z,mlb,Phillies,Royals,8,2,complete,2026-04-21 18:21:43.850299
261116,2025-09-12T22:45:00.000Z,mlb,Nationals,Pirates,6,5,complete,2026-04-21 18:21:43.850299
261117,2025-09-12T23:07:00.000Z,mlb,Blue Jays,Orioles,6,1,complete,2026-04-21 18:21:43.850299
261118,2025-09-12T23:10:00.000Z,mlb,Marlins,Tigers,8,2,complete,2026-04-21 18:21:43.850299
261119,2025-09-12T23:10:00.000Z,mlb,Mets,Rangers,3,8,complete,2026-04-21 18:21:43.850299
261120,2025-09-12T23:10:00.000Z,mlb,Guardians,White Sox,4,0,complete,2026-04-21 18:21:43.850299
261121,2025-09-12T23:10:00.000Z,mlb,Red Sox,Yankees,1,4,complete,2026-04-21 18:21:43.850299
261122,2025-09-12T23:15:00.000Z,mlb,Braves,Astros,3,11,complete,2026-04-21 18:21:43.850299
261123,2025-09-13T00:10:00.000Z,mlb,Twins,Diamondbacks,9,8,complete,2026-04-21 18:21:43.850299
261124,2025-09-13T00:10:00.000Z,mlb,Brewers,Cardinals,8,2,complete,2026-04-21 18:21:43.850299
261125,2025-09-13T01:40:00.000Z,mlb,Padres,Rockies,2,4,complete,2026-04-21 18:21:43.850299
261126,2025-09-13T02:05:00.000Z,mlb,Athletics,Reds,3,0,complete,2026-04-21 18:21:43.850299
261127,2025-09-13T02:10:00.000Z,mlb,Mariners,Angels,2,1,complete,2026-04-21 18:21:43.850299
261128,2025-09-13T02:15:00.000Z,mlb,Giants,Dodgers,5,1,complete,2026-04-21 18:21:43.850299
261154,2025-09-13T18:20:00.000Z,mlb,Cubs,Rays,4,5,complete,2026-04-21 18:21:43.850299
261155,2025-09-13T19:07:00.000Z,mlb,Blue Jays,Orioles,5,4,complete,2026-04-21 18:21:43.850299
261156,2025-09-13T20:05:00.000Z,mlb,Nationals,Pirates,1,5,complete,2026-04-21 18:21:43.850299
261157,2025-09-13T20:10:00.000Z,mlb,Red Sox,Yankees,3,5,complete,2026-04-21 18:21:43.850299
261158,2025-09-13T20:10:00.000Z,mlb,Marlins,Tigers,6,4,complete,2026-04-21 18:21:43.850299
261159,2025-09-13T20:10:00.000Z,mlb,Mets,Rangers,2,3,complete,2026-04-21 18:21:43.850299
261160,2025-09-13T22:05:00.000Z,mlb,Phillies,Royals,8,6,complete,2026-04-21 18:21:43.850299
261161,2025-09-13T22:10:00.000Z,mlb,Guardians,White Sox,3,1,complete,2026-04-21 18:21:43.850299
261162,2025-09-13T23:10:00.000Z,mlb,Twins,Diamondbacks,2,5,complete,2026-04-21 18:21:43.850299
261163,2025-09-13T23:15:00.000Z,mlb,Braves,Astros,2,6,complete,2026-04-21 18:21:43.850299
261164,2025-09-14T00:15:00.000Z,mlb,Brewers,Cardinals,9,8,complete,2026-04-21 18:21:43.850299
261165,2025-09-14T00:40:00.000Z,mlb,Padres,Rockies,11,3,complete,2026-04-21 18:21:43.850299
261166,2025-09-14T01:05:00.000Z,mlb,Giants,Dodgers,7,13,complete,2026-04-21 18:21:43.850299
261167,2025-09-14T01:40:00.000Z,mlb,Mariners,Angels,5,3,complete,2026-04-21 18:21:43.850299
261168,2025-09-14T02:05:00.000Z,mlb,Athletics,Reds,11,5,complete,2026-04-21 18:21:43.850299
261194,2025-09-14T15:35:00.000Z,mlb,Nationals,Pirates,4,3,complete,2026-04-21 18:21:43.850299
261195,2025-09-14T17:35:00.000Z,mlb,Phillies,Royals,3,10,complete,2026-04-21 18:21:43.850299
261196,2025-09-14T17:35:00.000Z,mlb,Braves,Astros,8,3,complete,2026-04-21 18:21:43.850299
261197,2025-09-14T17:37:00.000Z,mlb,Blue Jays,Orioles,11,2,complete,2026-04-21 18:21:43.850299
261198,2025-09-14T17:40:00.000Z,mlb,Mets,Rangers,5,2,complete,2026-04-21 18:21:43.850299
261199,2025-09-14T17:40:00.000Z,mlb,Guardians,White Sox,3,2,complete,2026-04-21 18:21:43.850299
261200,2025-09-14T17:40:00.000Z,mlb,Marlins,Tigers,0,2,complete,2026-04-21 18:21:43.850299
261201,2025-09-14T18:10:00.000Z,mlb,Brewers,Cardinals,2,3,complete,2026-04-21 18:21:43.850299
261202,2025-09-14T18:10:00.000Z,mlb,Twins,Diamondbacks,4,6,complete,2026-04-21 18:21:43.850299
261203,2025-09-14T18:20:00.000Z,mlb,Cubs,Rays,4,3,complete,2026-04-21 18:21:43.850299
261204,2025-09-14T20:05:00.000Z,mlb,Athletics,Reds,7,4,complete,2026-04-21 18:21:43.850299
261205,2025-09-14T20:05:00.000Z,mlb,Giants,Dodgers,2,10,complete,2026-04-21 18:21:43.850299
261206,2025-09-14T20:10:00.000Z,mlb,Padres,Rockies,9,6,complete,2026-04-21 18:21:43.850299
261207,2025-09-14T20:10:00.000Z,mlb,Mariners,Angels,11,2,complete,2026-04-21 18:21:43.850299
261193,2025-09-14T23:10:00.000Z,mlb,Red Sox,Yankees,6,4,complete,2026-04-21 18:21:43.850299
261241,2025-09-15T22:40:00.000Z,mlb,Pirates,Cubs,0,4,complete,2026-04-21 18:21:43.850299
261242,2025-09-15T22:45:00.000Z,mlb,Nationals,Braves,3,11,complete,2026-04-21 18:21:43.850299
261243,2025-09-15T23:35:00.000Z,mlb,Rays,Blue Jays,1,2,complete,2026-04-21 18:21:43.850299
261244,2025-09-15T23:40:00.000Z,mlb,Twins,Yankees,7,0,complete,2026-04-21 18:21:43.850299
261245,2025-09-15T23:40:00.000Z,mlb,White Sox,Orioles,1,4,complete,2026-04-21 18:21:43.850299
261246,2025-09-15T23:45:00.000Z,mlb,Cardinals,Reds,6,11,complete,2026-04-21 18:21:43.850299
261247,2025-09-16T00:10:00.000Z,mlb,Astros,Rangers,6,3,complete,2026-04-21 18:21:43.850299
261248,2025-09-16T01:40:00.000Z,mlb,Diamondbacks,Giants,8,1,complete,2026-04-21 18:21:43.850299
261249,2025-09-16T02:10:00.000Z,mlb,Dodgers,Phillies,5,6,complete,2026-04-21 18:21:43.850299
261305,2025-09-16T17:05:00.000Z,mlb,Nationals,Braves,3,6,complete,2026-04-21 18:21:43.850299
261306,2025-09-16T22:40:00.000Z,mlb,Tigers,Guardians,5,7,complete,2026-04-21 18:21:43.850299
261307,2025-09-16T22:40:00.000Z,mlb,Pirates,Cubs,1,4,complete,2026-04-21 18:21:43.850299
261308,2025-09-16T22:45:00.000Z,mlb,Nationals,Braves,0,5,complete,2026-04-21 18:21:43.850299
261309,2025-09-16T22:45:00.000Z,mlb,Red Sox,Athletics,1,2,complete,2026-04-21 18:21:43.850299
261310,2025-09-16T23:10:00.000Z,mlb,Mets,Padres,8,3,complete,2026-04-21 18:21:43.850299
261311,2025-09-16T23:35:00.000Z,mlb,Rays,Blue Jays,5,6,complete,2026-04-21 18:21:43.850299
261312,2025-09-16T23:40:00.000Z,mlb,Twins,Yankees,9,10,complete,2026-04-21 18:21:43.850299
261313,2025-09-16T23:40:00.000Z,mlb,Brewers,Angels,9,2,complete,2026-04-21 18:21:43.850299
261314,2025-09-16T23:40:00.000Z,mlb,White Sox,Orioles,7,8,complete,2026-04-21 18:21:43.850299
261315,2025-09-16T23:40:00.000Z,mlb,Royals,Mariners,5,12,complete,2026-04-21 18:21:43.850299
261316,2025-09-16T23:45:00.000Z,mlb,Cardinals,Reds,3,0,complete,2026-04-21 18:21:43.850299
261317,2025-09-17T00:10:00.000Z,mlb,Astros,Rangers,6,5,complete,2026-04-21 18:21:43.850299
261318,2025-09-17T00:40:00.000Z,mlb,Rockies,Marlins,5,6,complete,2026-04-21 18:21:43.850299
261319,2025-09-17T01:40:00.000Z,mlb,Diamondbacks,Giants,6,5,complete,2026-04-21 18:21:43.850299
261320,2025-09-17T02:10:00.000Z,mlb,Dodgers,Phillies,6,9,complete,2026-04-21 18:21:43.850299
261378,2025-09-17T16:35:00.000Z,mlb,Pirates,Cubs,4,8,complete,2026-04-21 18:21:43.850299
261379,2025-09-17T17:15:00.000Z,mlb,Cardinals,Reds,2,6,complete,2026-04-21 18:21:43.850299
261380,2025-09-17T18:10:00.000Z,mlb,White Sox,Orioles,1,3,complete,2026-04-21 18:21:43.850299
261381,2025-09-17T19:40:00.000Z,mlb,Diamondbacks,Giants,1,5,complete,2026-04-21 18:21:43.850299
261382,2025-09-17T20:05:00.000Z,mlb,Nationals,Braves,4,9,complete,2026-04-21 18:21:43.850299
261383,2025-09-17T22:40:00.000Z,mlb,Tigers,Guardians,0,4,complete,2026-04-21 18:21:43.850299
261384,2025-09-17T22:45:00.000Z,mlb,Red Sox,Athletics,5,4,complete,2026-04-21 18:21:43.850299
261385,2025-09-17T23:05:00.000Z,mlb,Rays,Blue Jays,2,1,complete,2026-04-21 18:21:43.850299
261386,2025-09-17T23:10:00.000Z,mlb,Mets,Padres,4,7,complete,2026-04-21 18:21:43.850299
261387,2025-09-17T23:40:00.000Z,mlb,Brewers,Angels,9,2,complete,2026-04-21 18:21:43.850299
261388,2025-09-17T23:40:00.000Z,mlb,Twins,Yankees,5,10,complete,2026-04-21 18:21:43.850299
261389,2025-09-17T23:40:00.000Z,mlb,Royals,Mariners,7,5,complete,2026-04-21 18:21:43.850299
261390,2025-09-18T00:10:00.000Z,mlb,Astros,Rangers,5,2,complete,2026-04-21 18:21:43.850299
261391,2025-09-18T00:40:00.000Z,mlb,Rockies,Marlins,4,8,complete,2026-04-21 18:21:43.850299
261392,2025-09-18T02:10:00.000Z,mlb,Dodgers,Phillies,5,0,complete,2026-04-21 18:21:43.850299
261430,2025-09-18T17:10:00.000Z,mlb,Tigers,Guardians,1,3,complete,2026-04-21 18:21:43.850299
261431,2025-09-18T17:10:00.000Z,mlb,Rays,Blue Jays,4,0,complete,2026-04-21 18:21:43.850299
261432,2025-09-18T17:10:00.000Z,mlb,Mets,Padres,6,1,complete,2026-04-21 18:21:43.850299
261433,2025-09-18T17:35:00.000Z,mlb,Red Sox,Athletics,3,5,complete,2026-04-21 18:21:43.850299
261434,2025-09-18T18:10:00.000Z,mlb,Royals,Mariners,0,2,complete,2026-04-21 18:21:43.850299
261435,2025-09-18T19:10:00.000Z,mlb,Rockies,Marlins,7,9,complete,2026-04-21 18:21:43.850299
261436,2025-09-18T23:15:00.000Z,mlb,Reds,Cubs,1,0,complete,2026-04-21 18:21:43.850299
261437,2025-09-18T23:15:00.000Z,mlb,Orioles,Yankees,0,7,complete,2026-04-21 18:21:43.850299
261438,2025-09-18T23:40:00.000Z,mlb,Brewers,Angels,5,2,complete,2026-04-21 18:21:43.850299
261439,2025-09-19T02:10:00.000Z,mlb,Dodgers,Giants,2,1,complete,2026-04-21 18:21:43.850299
261617,2025-09-19T22:40:00.000Z,mlb,Pirates,Athletics,3,4,complete,2026-04-21 18:21:43.850299
261618,2025-09-19T22:40:00.000Z,mlb,Tigers,Braves,1,10,complete,2026-04-21 18:21:43.850299
261619,2025-09-19T22:40:00.000Z,mlb,Reds,Cubs,7,4,complete,2026-04-21 18:21:43.850299
261620,2025-09-19T23:05:00.000Z,mlb,Orioles,Yankees,4,2,complete,2026-04-21 18:21:43.850299
261621,2025-09-19T23:10:00.000Z,mlb,Mets,Nationals,12,6,complete,2026-04-21 18:21:43.850299
261622,2025-09-19T23:35:00.000Z,mlb,Rays,Red Sox,7,11,complete,2026-04-21 18:21:43.850299
261623,2025-09-19T23:40:00.000Z,mlb,Royals,Blue Jays,20,1,complete,2026-04-21 18:21:43.850299
261624,2025-09-19T23:40:00.000Z,mlb,White Sox,Padres,4,3,complete,2026-04-21 18:21:43.850299
261625,2025-09-20T00:05:00.000Z,mlb,Rangers,Marlins,4,6,complete,2026-04-21 18:21:43.850299
261626,2025-09-20T00:10:00.000Z,mlb,Astros,Mariners,0,4,complete,2026-04-21 18:21:43.850299
261627,2025-09-20T00:10:00.000Z,mlb,Rockies,Angels,7,6,complete,2026-04-21 18:21:43.850299
261628,2025-09-20T00:10:00.000Z,mlb,Twins,Guardians,2,6,complete,2026-04-21 18:21:43.850299
261629,2025-09-20T00:15:00.000Z,mlb,Cardinals,Brewers,7,1,complete,2026-04-21 18:21:43.850299
261630,2025-09-20T01:40:00.000Z,mlb,Diamondbacks,Phillies,2,8,complete,2026-04-21 18:21:43.850299
261631,2025-09-20T02:10:00.000Z,mlb,Dodgers,Giants,6,3,complete,2026-04-21 18:21:43.850299
262117,2025-09-20T17:10:00.000Z,mlb,Tigers,Braves,5,6,complete,2026-04-21 18:21:43.850299
262118,2025-09-20T18:10:00.000Z,mlb,Twins,Guardians,0,6,complete,2026-04-21 18:21:43.850299
262119,2025-09-20T20:10:00.000Z,mlb,Mets,Nationals,3,5,complete,2026-04-21 18:21:43.850299
262120,2025-09-20T22:40:00.000Z,mlb,Reds,Cubs,6,3,complete,2026-04-21 18:21:43.850299
262121,2025-09-20T22:40:00.000Z,mlb,Pirates,Athletics,2,0,complete,2026-04-21 18:21:43.850299
262122,2025-09-20T23:05:00.000Z,mlb,Rays,Red Sox,3,6,complete,2026-04-21 18:21:43.850299
262123,2025-09-20T23:05:00.000Z,mlb,Orioles,Yankees,1,6,complete,2026-04-21 18:21:43.850299
262124,2025-09-20T23:05:00.000Z,mlb,Rangers,Marlins,3,4,complete,2026-04-21 18:21:43.850299
262125,2025-09-20T23:10:00.000Z,mlb,Royals,Blue Jays,2,1,complete,2026-04-21 18:21:43.850299
262126,2025-09-20T23:10:00.000Z,mlb,Twins,Guardians,0,8,complete,2026-04-21 18:21:43.850299
262127,2025-09-20T23:10:00.000Z,mlb,White Sox,Padres,3,7,complete,2026-04-21 18:21:43.850299
262128,2025-09-20T23:10:00.000Z,mlb,Astros,Mariners,4,6,complete,2026-04-21 18:21:43.850299
262129,2025-09-20T23:15:00.000Z,mlb,Cardinals,Brewers,2,3,complete,2026-04-21 18:21:43.850299
262130,2025-09-21T00:10:00.000Z,mlb,Diamondbacks,Phillies,4,3,complete,2026-04-21 18:21:43.850299
262131,2025-09-21T00:10:00.000Z,mlb,Rockies,Angels,0,3,complete,2026-04-21 18:21:43.850299
262132,2025-09-21T01:10:00.000Z,mlb,Dodgers,Giants,7,5,complete,2026-04-21 18:21:43.850299
263131,2025-09-21T17:10:00.000Z,mlb,Tigers,Braves,2,6,complete,2026-04-21 18:21:43.850299
263127,2025-09-21T17:35:00.000Z,mlb,Orioles,Yankees,1,7,complete,2026-04-21 18:21:43.850299
263128,2025-09-21T17:35:00.000Z,mlb,Pirates,Athletics,11,0,complete,2026-04-21 18:21:43.850299
263129,2025-09-21T17:40:00.000Z,mlb,Mets,Nationals,2,3,complete,2026-04-21 18:21:43.850299
263130,2025-09-21T17:40:00.000Z,mlb,Reds,Cubs,1,0,complete,2026-04-21 18:21:43.850299
263132,2025-09-21T18:10:00.000Z,mlb,White Sox,Padres,2,3,complete,2026-04-21 18:21:43.850299
263133,2025-09-21T18:10:00.000Z,mlb,Twins,Guardians,6,2,complete,2026-04-21 18:21:43.850299
263134,2025-09-21T18:10:00.000Z,mlb,Royals,Blue Jays,5,8,complete,2026-04-21 18:21:43.850299
263136,2025-09-21T18:15:00.000Z,mlb,Cardinals,Brewers,5,1,complete,2026-04-21 18:21:43.850299
263137,2025-09-21T18:35:00.000Z,mlb,Rangers,Marlins,2,4,complete,2026-04-21 18:21:43.850299
263138,2025-09-21T19:10:00.000Z,mlb,Rockies,Angels,3,1,complete,2026-04-21 18:21:43.850299
263139,2025-09-21T20:10:00.000Z,mlb,Dodgers,Giants,1,3,complete,2026-04-21 18:21:43.850299
263140,2025-09-21T20:10:00.000Z,mlb,Diamondbacks,Phillies,9,2,complete,2026-04-21 18:21:43.850299
263135,2025-09-21T23:10:00.000Z,mlb,Astros,Mariners,3,7,complete,2026-04-21 18:21:43.850299
263141,2025-09-21T23:35:00.000Z,mlb,Rays,Red Sox,7,3,complete,2026-04-21 18:21:43.850299
263154,2025-09-22T23:15:00.000Z,mlb,Braves,Nationals,11,5,complete,2026-04-21 18:21:43.850299
263155,2025-09-23T01:40:00.000Z,mlb,Padres,Brewers,5,4,complete,2026-04-21 18:21:43.850299
263156,2025-09-23T01:45:00.000Z,mlb,Giants,Cardinals,5,6,complete,2026-04-21 18:21:43.850299
263198,2025-09-23T22:35:00.000Z,mlb,Orioles,Rays,6,0,complete,2026-04-21 18:21:43.850299
263199,2025-09-23T22:40:00.000Z,mlb,Guardians,Tigers,5,2,complete,2026-04-21 18:21:43.850299
263200,2025-09-23T22:40:00.000Z,mlb,Reds,Pirates,2,4,complete,2026-04-21 18:21:43.850299
263201,2025-09-23T22:45:00.000Z,mlb,Phillies,Marlins,5,6,complete,2026-04-21 18:21:43.850299
263202,2025-09-23T23:05:00.000Z,mlb,Yankees,White Sox,3,2,complete,2026-04-21 18:21:43.850299
263203,2025-09-23T23:07:00.000Z,mlb,Blue Jays,Red Sox,1,4,complete,2026-04-21 18:21:43.850299
263204,2025-09-23T23:15:00.000Z,mlb,Braves,Nationals,3,2,complete,2026-04-21 18:21:43.850299
263205,2025-09-23T23:40:00.000Z,mlb,Cubs,Mets,7,9,complete,2026-04-21 18:21:43.850299
263206,2025-09-24T00:05:00.000Z,mlb,Rangers,Twins,1,4,complete,2026-04-21 18:21:43.850299
263207,2025-09-24T01:38:00.000Z,mlb,Angels,Royals,4,8,complete,2026-04-21 18:21:43.850299
263208,2025-09-24T01:40:00.000Z,mlb,Mariners,Rockies,4,3,complete,2026-04-21 18:21:43.850299
263209,2025-09-24T01:40:00.000Z,mlb,Diamondbacks,Dodgers,5,4,complete,2026-04-21 18:21:43.850299
263210,2025-09-24T01:40:00.000Z,mlb,Padres,Brewers,7,0,complete,2026-04-21 18:21:43.850299
263211,2025-09-24T01:45:00.000Z,mlb,Giants,Cardinals,8,9,complete,2026-04-21 18:21:43.850299
263212,2025-09-24T02:05:00.000Z,mlb,Athletics,Astros,5,1,complete,2026-04-21 18:21:43.850299
263232,2025-09-24T16:15:00.000Z,mlb,Braves,Nationals,3,4,complete,2026-04-21 18:21:43.850299
263233,2025-09-24T20:10:00.000Z,mlb,Padres,Brewers,1,3,complete,2026-04-21 18:21:43.850299
263234,2025-09-24T22:35:00.000Z,mlb,Orioles,Rays,2,6,complete,2026-04-21 18:21:43.850299
263235,2025-09-24T22:40:00.000Z,mlb,Guardians,Tigers,5,1,complete,2026-04-21 18:21:43.850299
263236,2025-09-24T22:40:00.000Z,mlb,Reds,Pirates,3,4,complete,2026-04-21 18:21:43.850299
263237,2025-09-24T22:45:00.000Z,mlb,Phillies,Marlins,11,1,complete,2026-04-21 18:21:43.850299
263238,2025-09-24T23:05:00.000Z,mlb,Yankees,White Sox,8,1,complete,2026-04-21 18:21:43.850299
263239,2025-09-24T23:07:00.000Z,mlb,Blue Jays,Red Sox,1,7,complete,2026-04-21 18:21:43.850299
263240,2025-09-25T00:05:00.000Z,mlb,Rangers,Twins,4,2,complete,2026-04-21 18:21:43.850299
263241,2025-09-25T00:05:00.000Z,mlb,Cubs,Mets,10,3,complete,2026-04-21 18:21:43.850299
263242,2025-09-25T01:38:00.000Z,mlb,Angels,Royals,3,2,complete,2026-04-21 18:21:43.850299
263243,2025-09-25T01:40:00.000Z,mlb,Diamondbacks,Dodgers,4,5,complete,2026-04-21 18:21:43.850299
263244,2025-09-25T01:40:00.000Z,mlb,Mariners,Rockies,9,2,complete,2026-04-21 18:21:43.850299
263245,2025-09-25T01:45:00.000Z,mlb,Giants,Cardinals,4,3,complete,2026-04-21 18:21:43.850299
263246,2025-09-25T02:05:00.000Z,mlb,Athletics,Astros,6,0,complete,2026-04-21 18:21:43.850299
263264,2025-09-25T16:40:00.000Z,mlb,Reds,Pirates,2,1,complete,2026-04-21 18:21:43.850299
263265,2025-09-25T17:05:00.000Z,mlb,Orioles,Rays,6,5,complete,2026-04-21 18:21:43.850299
263266,2025-09-25T18:35:00.000Z,mlb,Rangers,Twins,0,4,complete,2026-04-21 18:21:43.850299
263267,2025-09-25T19:35:00.000Z,mlb,Athletics,Astros,5,11,complete,2026-04-21 18:21:43.850299
263268,2025-09-25T19:40:00.000Z,mlb,Diamondbacks,Dodgers,0,8,complete,2026-04-21 18:21:43.850299
263269,2025-09-25T22:05:00.000Z,mlb,Phillies,Marlins,1,0,complete,2026-04-21 18:21:43.850299
263270,2025-09-25T22:40:00.000Z,mlb,Guardians,Tigers,2,4,complete,2026-04-21 18:21:43.850299
263271,2025-09-25T23:05:00.000Z,mlb,Yankees,White Sox,5,3,complete,2026-04-21 18:21:43.850299
263272,2025-09-25T23:07:00.000Z,mlb,Blue Jays,Red Sox,6,1,complete,2026-04-21 18:21:43.850299
263273,2025-09-25T23:40:00.000Z,mlb,Cubs,Mets,5,8,complete,2026-04-21 18:21:43.850299
263274,2025-09-26T01:38:00.000Z,mlb,Angels,Royals,4,9,complete,2026-04-21 18:21:43.850299
263275,2025-09-26T01:40:00.000Z,mlb,Mariners,Rockies,6,2,complete,2026-04-21 18:21:43.850299
263297,2025-09-26T18:20:00.000Z,mlb,Cubs,Cardinals,12,1,complete,2026-04-21 18:21:43.850299
263298,2025-09-26T22:45:00.000Z,mlb,Nationals,White Sox,9,10,complete,2026-04-21 18:21:43.850299
263299,2025-09-26T22:45:00.000Z,mlb,Phillies,Twins,3,1,complete,2026-04-21 18:21:43.850299
263300,2025-09-26T23:05:00.000Z,mlb,Yankees,Orioles,8,4,complete,2026-04-21 18:21:43.850299
263301,2025-09-26T23:07:00.000Z,mlb,Blue Jays,Rays,4,2,complete,2026-04-21 18:21:43.850299
263302,2025-09-26T23:10:00.000Z,mlb,Red Sox,Tigers,4,3,complete,2026-04-21 18:21:43.850299
263303,2025-09-26T23:10:00.000Z,mlb,Marlins,Mets,6,2,complete,2026-04-21 18:21:43.850299
263304,2025-09-26T23:10:00.000Z,mlb,Guardians,Rangers,3,7,complete,2026-04-21 18:21:43.850299
263305,2025-09-26T23:15:00.000Z,mlb,Braves,Pirates,3,9,complete,2026-04-21 18:21:43.850299
263306,2025-09-27T00:10:00.000Z,mlb,Brewers,Reds,1,3,complete,2026-04-21 18:21:43.850299
263307,2025-09-27T01:38:00.000Z,mlb,Angels,Astros,4,3,complete,2026-04-21 18:21:43.850299
263308,2025-09-27T01:40:00.000Z,mlb,Mariners,Dodgers,2,3,complete,2026-04-21 18:21:43.850299
263309,2025-09-27T01:40:00.000Z,mlb,Padres,Diamondbacks,7,4,complete,2026-04-21 18:21:43.850299
263310,2025-09-27T02:05:00.000Z,mlb,Athletics,Royals,4,3,complete,2026-04-21 18:21:43.850299
263311,2025-09-27T02:15:00.000Z,mlb,Giants,Rockies,6,3,complete,2026-04-21 18:21:43.850299
263330,2025-09-27T17:05:00.000Z,mlb,Yankees,Orioles,6,1,complete,2026-04-21 18:21:43.850299
263331,2025-09-27T18:20:00.000Z,mlb,Cubs,Cardinals,7,3,complete,2026-04-21 18:21:43.850299
263332,2025-09-27T19:07:00.000Z,mlb,Blue Jays,Rays,5,1,complete,2026-04-21 18:21:43.850299
263333,2025-09-27T20:05:00.000Z,mlb,Nationals,White Sox,6,5,complete,2026-04-21 18:21:43.850299
263334,2025-09-27T20:05:00.000Z,mlb,Giants,Rockies,4,3,complete,2026-04-21 18:21:43.850299
263335,2025-09-27T20:10:00.000Z,mlb,Marlins,Mets,0,5,complete,2026-04-21 18:21:43.850299
263336,2025-09-27T20:10:00.000Z,mlb,Red Sox,Tigers,1,2,complete,2026-04-21 18:21:43.850299
263337,2025-09-27T22:05:00.000Z,mlb,Phillies,Twins,0,5,complete,2026-04-21 18:21:43.850299
263338,2025-09-27T23:15:00.000Z,mlb,Guardians,Rangers,3,2,complete,2026-04-21 18:21:43.850299
263339,2025-09-27T23:15:00.000Z,mlb,Brewers,Reds,4,7,complete,2026-04-21 18:21:43.850299
263340,2025-09-27T23:15:00.000Z,mlb,Braves,Pirates,1,3,complete,2026-04-21 18:21:43.850299
263341,2025-09-28T00:40:00.000Z,mlb,Padres,Diamondbacks,5,1,complete,2026-04-21 18:21:43.850299
263342,2025-09-28T01:38:00.000Z,mlb,Angels,Astros,1,6,complete,2026-04-21 18:21:43.850299
263343,2025-09-28T01:40:00.000Z,mlb,Mariners,Dodgers,3,5,complete,2026-04-21 18:21:43.850299
263344,2025-09-28T02:05:00.000Z,mlb,Athletics,Royals,2,4,complete,2026-04-21 18:21:43.850299
263396,2025-09-28T19:05:00.000Z,mlb,Yankees,Orioles,3,2,complete,2026-04-21 18:21:43.850299
263397,2025-09-28T19:05:00.000Z,mlb,Phillies,Twins,2,1,complete,2026-04-21 18:21:43.850299
263398,2025-09-28T19:05:00.000Z,mlb,Athletics,Royals,2,9,complete,2026-04-21 18:21:43.850299
263399,2025-09-28T19:05:00.000Z,mlb,Red Sox,Tigers,4,3,complete,2026-04-21 18:21:43.850299
263400,2025-09-28T19:05:00.000Z,mlb,Nationals,White Sox,0,8,complete,2026-04-21 18:21:43.850299
263401,2025-09-28T19:05:00.000Z,mlb,Giants,Rockies,2,0,complete,2026-04-21 18:21:43.850299
263402,2025-09-28T19:07:00.000Z,mlb,Angels,Astros,2,6,complete,2026-04-21 18:21:43.850299
263403,2025-09-28T19:07:00.000Z,mlb,Blue Jays,Rays,13,4,complete,2026-04-21 18:21:43.850299
263404,2025-09-28T19:10:00.000Z,mlb,Brewers,Reds,4,2,complete,2026-04-21 18:21:43.850299
263405,2025-09-28T19:10:00.000Z,mlb,Guardians,Rangers,9,8,complete,2026-04-21 18:21:43.850299
263406,2025-09-28T19:10:00.000Z,mlb,Mariners,Dodgers,1,6,complete,2026-04-21 18:21:43.850299
263407,2025-09-28T19:10:00.000Z,mlb,Padres,Diamondbacks,12,4,complete,2026-04-21 18:21:43.850299
263408,2025-09-28T19:10:00.000Z,mlb,Marlins,Mets,4,0,complete,2026-04-21 18:21:43.850299
263409,2025-09-28T19:15:00.000Z,mlb,Braves,Pirates,4,1,complete,2026-04-21 18:21:43.850299
263410,2025-09-28T19:20:00.000Z,mlb,Cubs,Cardinals,2,0,complete,2026-04-21 18:21:43.850299
277809,2025-09-30T17:08:00.000Z,mlb,Guardians,Tigers,1,2,complete,2026-04-21 18:21:43.850299
277609,2025-09-30T19:08:00.000Z,mlb,Cubs,Padres,3,1,complete,2026-04-21 18:21:43.850299
277825,2025-09-30T22:08:00.000Z,mlb,Yankees,Red Sox,1,3,complete,2026-04-21 18:21:43.850299
277810,2025-10-01T01:08:00.000Z,mlb,Dodgers,Reds,10,5,complete,2026-04-21 18:21:43.850299
277811,2025-10-01T17:08:00.000Z,mlb,Guardians,Tigers,6,1,complete,2026-04-21 18:21:43.850299
277610,2025-10-01T19:08:00.000Z,mlb,Cubs,Padres,0,3,complete,2026-04-21 18:21:43.850299
277826,2025-10-01T22:08:00.000Z,mlb,Yankees,Red Sox,4,3,complete,2026-04-21 18:21:43.850299
277812,2025-10-02T01:08:00.000Z,mlb,Dodgers,Reds,8,4,complete,2026-04-21 18:21:43.850299
278952,2025-10-02T19:08:00.000Z,mlb,Guardians,Tigers,3,6,complete,2026-04-21 18:21:43.850299
278989,2025-10-02T21:08:00.000Z,mlb,Cubs,Padres,3,1,complete,2026-04-21 18:21:43.850299
279124,2025-10-03T00:08:00.000Z,mlb,Yankees,Red Sox,4,0,complete,2026-04-21 18:21:43.850299
279414,2025-10-04T18:08:00.000Z,mlb,Brewers,Cubs,9,3,complete,2026-04-21 18:21:43.850299
279453,2025-10-04T20:08:00.000Z,mlb,Blue Jays,Yankees,10,1,complete,2026-04-21 18:21:43.850299
279172,2025-10-04T22:38:00.000Z,mlb,Phillies,Dodgers,3,5,complete,2026-04-21 18:21:43.850299
279387,2025-10-05T00:38:00.000Z,mlb,Mariners,Tigers,2,3,complete,2026-04-21 18:21:43.850299
279454,2025-10-05T20:08:00.000Z,mlb,Blue Jays,Yankees,13,7,complete,2026-04-21 18:21:43.850299
279388,2025-10-06T00:03:00.000Z,mlb,Mariners,Tigers,3,2,complete,2026-04-21 18:21:43.850299
279173,2025-10-06T22:08:00.000Z,mlb,Phillies,Dodgers,3,4,complete,2026-04-21 18:21:43.850299
279415,2025-10-07T01:08:00.000Z,mlb,Brewers,Cubs,7,3,complete,2026-04-21 18:21:43.850299
279389,2025-10-07T20:08:00.000Z,mlb,Tigers,Mariners,4,8,complete,2026-04-21 18:21:43.850299
279455,2025-10-08T00:08:00.000Z,mlb,Yankees,Blue Jays,9,6,complete,2026-04-21 18:21:43.850299
280053,2025-10-08T19:08:00.000Z,mlb,Tigers,Mariners,9,3,complete,2026-04-21 18:21:43.850299
279428,2025-10-08T21:08:00.000Z,mlb,Cubs,Brewers,4,3,complete,2026-04-21 18:21:43.850299
280542,2025-10-08T23:08:00.000Z,mlb,Yankees,Blue Jays,2,5,complete,2026-04-21 18:21:43.850299
279174,2025-10-09T01:08:00.000Z,mlb,Dodgers,Phillies,2,8,complete,2026-04-21 18:21:43.850299
280680,2025-10-09T22:08:00.000Z,mlb,Dodgers,Phillies,2,1,complete,2026-04-21 18:21:43.850299
280677,2025-10-10T01:08:00.000Z,mlb,Cubs,Brewers,6,0,complete,2026-04-21 18:21:43.850299
280670,2025-10-11T00:08:00.000Z,mlb,Mariners,Tigers,3,2,complete,2026-04-21 18:21:43.850299
280830,2025-10-12T00:08:00.000Z,mlb,Brewers,Cubs,3,1,complete,2026-04-21 18:21:43.850299
280849,2025-10-13T00:03:00.000Z,mlb,Blue Jays,Mariners,1,3,complete,2026-04-21 18:21:43.850299
280850,2025-10-13T21:03:00.000Z,mlb,Blue Jays,Mariners,3,10,complete,2026-04-21 18:21:43.850299
280886,2025-10-14T00:08:00.000Z,mlb,Brewers,Dodgers,1,2,complete,2026-04-21 18:21:43.850299
280887,2025-10-15T00:08:00.000Z,mlb,Brewers,Dodgers,1,5,complete,2026-04-21 18:21:43.850299
280851,2025-10-16T00:08:00.000Z,mlb,Mariners,Blue Jays,4,13,complete,2026-04-21 18:21:43.850299
280888,2025-10-16T22:08:00.000Z,mlb,Dodgers,Brewers,3,1,complete,2026-04-21 18:21:43.850299
280852,2025-10-17T00:33:00.000Z,mlb,Mariners,Blue Jays,2,8,complete,2026-04-21 18:21:43.850299
281125,2025-10-17T22:08:00.000Z,mlb,Mariners,Blue Jays,6,2,complete,2026-04-21 18:21:43.850299
280889,2025-10-18T00:38:00.000Z,mlb,Dodgers,Brewers,5,1,complete,2026-04-21 18:21:43.850299
281257,2025-10-20T00:03:00.000Z,mlb,Blue Jays,Mariners,6,2,complete,2026-04-21 18:21:43.850299
281315,2025-10-21T00:10:00.000Z,mlb,Blue Jays,Mariners,4,3,complete,2026-04-21 18:21:43.850299
281348,2025-10-25T00:00:00.000Z,mlb,Blue Jays,Dodgers,11,4,complete,2026-04-21 18:21:43.850299
281349,2025-10-26T00:00:00.000Z,mlb,Blue Jays,Dodgers,1,5,complete,2026-04-21 18:21:43.850299
281350,2025-10-28T00:00:00.000Z,mlb,Dodgers,Blue Jays,6,5,complete,2026-04-21 18:21:43.850299
281351,2025-10-29T00:00:00.000Z,mlb,Dodgers,Blue Jays,2,6,complete,2026-04-21 18:21:43.850299
281480,2025-10-30T00:00:00.000Z,mlb,Dodgers,Blue Jays,1,6,complete,2026-04-21 18:21:43.850299
281645,2025-11-01T00:00:00.000Z,mlb,Blue Jays,Dodgers,1,3,complete,2026-04-21 18:21:43.850299
281737,2025-11-02T00:00:00.000Z,mlb,Blue Jays,Dodgers,4,5,complete,2026-04-21 18:21:43.850299
284186,2026-02-20T18:05:00.000Z,mlb,Orioles,Yankees,2,0,complete,2026-04-21 18:21:43.850299
284187,2026-02-20T20:05:00.000Z,mlb,Cubs,White Sox,1,8,complete,2026-04-21 18:21:43.850299
284188,2026-02-20T20:05:00.000Z,mlb,Rangers,Royals,3,7,complete,2026-04-21 18:21:43.850299
284189,2026-02-20T20:10:00.000Z,mlb,Mariners,Padres,7,4,complete,2026-04-21 18:21:43.850299
284190,2026-02-20T20:10:00.000Z,mlb,Rockies,Diamondbacks,2,3,complete,2026-04-21 18:21:43.850299
284191,2026-02-21T18:05:00.000Z,mlb,Twins,Red Sox,2,7,complete,2026-04-21 18:21:43.850299
284192,2026-02-21T18:05:00.000Z,mlb,Cardinals,Nationals,2,6,complete,2026-04-21 18:21:43.850299
284193,2026-02-21T18:05:00.000Z,mlb,Nationals,Astros,2,1,complete,2026-04-21 18:21:43.850299
284194,2026-02-21T18:05:00.000Z,mlb,Yankees,Tigers,20,3,complete,2026-04-21 18:21:43.850299
284195,2026-02-21T18:05:00.000Z,mlb,Rays,Braves,1,5,complete,2026-04-21 18:21:43.850299
284196,2026-02-21T18:05:00.000Z,mlb,Orioles,Pirates,2,8,complete,2026-04-21 18:21:43.850299
284197,2026-02-21T18:07:00.000Z,mlb,Blue Jays,Phillies,3,0,complete,2026-04-21 18:21:43.850299
284198,2026-02-21T18:10:00.000Z,mlb,Mets,Marlins,1,2,complete,2026-04-21 18:21:43.850299
284199,2026-02-21T20:05:00.000Z,mlb,White Sox,Athletics,11,2,complete,2026-04-21 18:21:43.850299
284200,2026-02-21T20:05:00.000Z,mlb,Guardians,Reds,4,2,complete,2026-04-21 18:21:43.850299
284201,2026-02-21T20:05:00.000Z,mlb,Cubs,Rangers,2,3,complete,2026-04-21 18:21:43.850299
284202,2026-02-21T20:05:00.000Z,mlb,Royals,Padres,3,10,complete,2026-04-21 18:21:43.850299
284203,2026-02-21T20:10:00.000Z,mlb,Brewers,Guardians,6,9,complete,2026-04-21 18:21:43.850299
284204,2026-02-21T20:10:00.000Z,mlb,Diamondbacks,Rockies,6,11,complete,2026-04-21 18:21:43.850299
284205,2026-02-21T20:10:00.000Z,mlb,Mariners,Giants,5,10,complete,2026-04-21 18:21:43.850299
284206,2026-02-21T20:10:00.000Z,mlb,Angels,Dodgers,2,15,complete,2026-04-21 18:21:43.850299
284207,2026-02-22T18:05:00.000Z,mlb,Yankees,Mets,4,6,complete,2026-04-21 18:21:43.850299
284208,2026-02-22T18:05:00.000Z,mlb,Red Sox,Blue Jays,11,10,complete,2026-04-21 18:21:43.850299
284209,2026-02-22T18:05:00.000Z,mlb,Pirates,Rays,7,4,complete,2026-04-21 18:21:43.850299
284210,2026-02-22T18:05:00.000Z,mlb,Phillies,Pirates,3,4,complete,2026-04-21 18:21:43.850299
284211,2026-02-22T18:05:00.000Z,mlb,Tigers,Orioles,4,4,complete,2026-04-21 18:21:43.850299
284212,2026-02-22T18:05:00.000Z,mlb,Braves,Twins,1,8,complete,2026-04-21 18:21:43.850299
284213,2026-02-22T18:05:00.000Z,mlb,Astros,Cardinals,5,6,complete,2026-04-21 18:21:43.850299
284214,2026-02-22T18:10:00.000Z,mlb,Marlins,Nationals,8,16,complete,2026-04-21 18:21:43.850299
284215,2026-02-22T20:05:00.000Z,mlb,Athletics,Guardians,0,6,complete,2026-04-21 18:21:43.850299
284216,2026-02-22T20:05:00.000Z,mlb,Reds,Mariners,8,14,complete,2026-04-21 18:21:43.850299
284217,2026-02-22T20:05:00.000Z,mlb,Rangers,Rockies,9,5,complete,2026-04-21 18:21:43.850299
284218,2026-02-22T20:05:00.000Z,mlb,Giants,Cubs,4,2,complete,2026-04-21 18:21:43.850299
284219,2026-02-22T20:05:00.000Z,mlb,White Sox,Brewers,5,2,complete,2026-04-21 18:21:43.850299
284220,2026-02-22T20:10:00.000Z,mlb,Brewers,Royals,3,7,complete,2026-04-21 18:21:43.850299
284221,2026-02-22T20:10:00.000Z,mlb,Diamondbacks,Angels,9,10,complete,2026-04-21 18:21:43.850299
284222,2026-02-22T20:10:00.000Z,mlb,Padres,Dodgers,1,5,complete,2026-04-21 18:21:43.850299
284223,2026-02-23T18:05:00.000Z,mlb,Rays,Red Sox,2,1,complete,2026-04-21 18:21:43.850299
284224,2026-02-23T18:05:00.000Z,mlb,Pirates,Yankees,2,6,complete,2026-04-21 18:21:43.850299
284225,2026-02-23T18:05:00.000Z,mlb,Tigers,Twins,0,3,complete,2026-04-21 18:21:43.850299
284226,2026-02-23T18:05:00.000Z,mlb,Cardinals,Marlins,5,4,complete,2026-04-21 18:21:43.850299
284227,2026-02-23T18:05:00.000Z,mlb,Orioles,Braves,7,10,complete,2026-04-21 18:21:43.850299
284228,2026-02-23T18:07:00.000Z,mlb,Blue Jays,Mets,3,4,complete,2026-04-21 18:21:43.850299
284229,2026-02-23T20:05:00.000Z,mlb,Guardians,Diamondbacks,9,5,complete,2026-04-21 18:21:43.850299
284230,2026-02-23T20:05:00.000Z,mlb,Royals,Cubs,2,3,complete,2026-04-21 18:21:43.850299
284231,2026-02-23T20:05:00.000Z,mlb,Giants,Athletics,6,2,complete,2026-04-21 18:21:43.850299
284232,2026-02-23T20:05:00.000Z,mlb,Dodgers,Mariners,3,0,complete,2026-04-21 18:21:43.850299
284233,2026-02-23T20:10:00.000Z,mlb,Rockies,White Sox,5,4,complete,2026-04-21 18:21:43.850299
284234,2026-02-23T20:10:00.000Z,mlb,Angels,Rangers,0,6,complete,2026-04-21 18:21:43.850299
284235,2026-02-23T20:10:00.000Z,mlb,Padres,Brewers,7,5,complete,2026-04-21 18:21:43.850299
284236,2026-02-23T23:05:00.000Z,mlb,Nationals,Phillies,5,5,complete,2026-04-21 18:21:43.850299
284258,2026-02-24T18:05:00.000Z,mlb,Braves,Tigers,8,1,complete,2026-04-21 18:21:43.850299
284259,2026-02-24T18:05:00.000Z,mlb,Rays,Twins,12,1,complete,2026-04-21 18:21:43.850299
284260,2026-02-24T18:05:00.000Z,mlb,Red Sox,Pirates,7,16,complete,2026-04-21 18:21:43.850299
284261,2026-02-24T18:05:00.000Z,mlb,Twins,Orioles,5,10,complete,2026-04-21 18:21:43.850299
284262,2026-02-24T18:07:00.000Z,mlb,Blue Jays,Yankees,7,8,complete,2026-04-21 18:21:43.850299
284263,2026-02-24T18:10:00.000Z,mlb,Mets,Astros,6,6,complete,2026-04-21 18:21:43.850299
284264,2026-02-24T18:10:00.000Z,mlb,Marlins,Phillies,6,1,complete,2026-04-21 18:21:43.850299
284265,2026-02-24T20:05:00.000Z,mlb,Rangers,Diamondbacks,4,6,complete,2026-04-21 18:21:43.850299
284266,2026-02-24T20:05:00.000Z,mlb,Reds,Royals,5,4,complete,2026-04-21 18:21:43.850299
284267,2026-02-24T20:05:00.000Z,mlb,Dodgers,Guardians,11,3,complete,2026-04-21 18:21:43.850299
284268,2026-02-24T20:05:00.000Z,mlb,Cubs,Padres,6,5,complete,2026-04-21 18:21:43.850299
284269,2026-02-24T20:05:00.000Z,mlb,Athletics,Brewers,0,10,complete,2026-04-21 18:21:43.850299
284270,2026-02-24T20:10:00.000Z,mlb,Angels,Giants,1,4,complete,2026-04-21 18:21:43.850299
284271,2026-02-24T20:10:00.000Z,mlb,Rockies,Angels,7,5,complete,2026-04-21 18:21:43.850299
284272,2026-02-24T20:10:00.000Z,mlb,Mariners,White Sox,10,12,complete,2026-04-21 18:21:43.850299
284273,2026-02-24T23:05:00.000Z,mlb,Nationals,Cardinals,6,1,complete,2026-04-21 18:21:43.850299
284315,2026-02-25T18:05:00.000Z,mlb,Tigers,Blue Jays,4,4,complete,2026-04-21 18:21:43.850299
284316,2026-02-25T18:05:00.000Z,mlb,Braves,Pirates,3,1,complete,2026-04-21 18:21:43.850299
284317,2026-02-25T18:05:00.000Z,mlb,Orioles,Rays,4,3,complete,2026-04-21 18:21:43.850299
284318,2026-02-25T18:05:00.000Z,mlb,Phillies,Tigers,5,3,complete,2026-04-21 18:21:43.850299
284319,2026-02-25T18:05:00.000Z,mlb,Twins,Red Sox,3,5,complete,2026-04-21 18:21:43.850299
284320,2026-02-25T18:10:00.000Z,mlb,Mets,Cardinals,0,6,complete,2026-04-21 18:21:43.850299
284321,2026-02-25T18:10:00.000Z,mlb,Marlins,Astros,1,4,complete,2026-04-21 18:21:43.850299
284322,2026-02-25T20:05:00.000Z,mlb,Cubs,Rockies,7,14,complete,2026-04-21 18:21:43.850299
284323,2026-02-25T20:05:00.000Z,mlb,Royals,Mariners,8,8,complete,2026-04-21 18:21:43.850299
284324,2026-02-25T20:05:00.000Z,mlb,Guardians,Rangers,4,11,complete,2026-04-21 18:21:43.850299
284325,2026-02-25T20:05:00.000Z,mlb,White Sox,Reds,2,3,complete,2026-04-21 18:21:43.850299
284326,2026-02-25T20:10:00.000Z,mlb,Brewers,Giants,13,12,complete,2026-04-21 18:21:43.850299
284327,2026-02-25T20:10:00.000Z,mlb,Padres,Angels,7,3,complete,2026-04-21 18:21:43.850299
284328,2026-02-25T20:10:00.000Z,mlb,Diamondbacks,Dodgers,7,10,complete,2026-04-21 18:21:43.850299
284329,2026-02-25T23:35:00.000Z,mlb,Yankees,Nationals,7,0,complete,2026-04-21 18:21:43.850299
284405,2026-02-26T18:05:00.000Z,mlb,Pirates,Twins,6,4,complete,2026-04-21 18:21:43.850299
284406,2026-02-26T18:05:00.000Z,mlb,Astros,Mets,0,5,complete,2026-04-21 18:21:43.850299
284407,2026-02-26T18:05:00.000Z,mlb,Phillies,Nationals,7,3,complete,2026-04-21 18:21:43.850299
284408,2026-02-26T18:05:00.000Z,mlb,Yankees,Braves,7,3,complete,2026-04-21 18:21:43.850299
284409,2026-02-26T18:05:00.000Z,mlb,Cardinals,Astros,9,4,complete,2026-04-21 18:21:43.850299
284410,2026-02-26T18:05:00.000Z,mlb,Orioles,Tigers,6,5,complete,2026-04-21 18:21:43.850299
284411,2026-02-26T18:05:00.000Z,mlb,Red Sox,Rays,7,5,complete,2026-04-21 18:21:43.850299
284412,2026-02-26T18:07:00.000Z,mlb,Blue Jays,Marlins,7,8,complete,2026-04-21 18:21:43.850299
284413,2026-02-26T20:05:00.000Z,mlb,Rangers,Brewers,1,5,complete,2026-04-21 18:21:43.850299
284414,2026-02-26T20:05:00.000Z,mlb,Athletics,Rangers,7,3,complete,2026-04-21 18:21:43.850299
284415,2026-02-26T20:05:00.000Z,mlb,Dodgers,White Sox,7,6,complete,2026-04-21 18:21:43.850299
284416,2026-02-26T20:05:00.000Z,mlb,Reds,Padres,11,10,complete,2026-04-21 18:21:43.850299
284417,2026-02-26T20:05:00.000Z,mlb,Giants,Rockies,3,11,complete,2026-04-21 18:21:43.850299
284418,2026-02-26T20:10:00.000Z,mlb,Mariners,Guardians,8,7,complete,2026-04-21 18:21:43.850299
284419,2026-02-26T20:10:00.000Z,mlb,Diamondbacks,Royals,13,10,complete,2026-04-21 18:21:43.850299
284420,2026-02-26T20:10:00.000Z,mlb,Angels,Cubs,5,4,complete,2026-04-21 18:21:43.850299
284451,2026-02-27T18:05:00.000Z,mlb,Braves,Red Sox,15,8,complete,2026-04-21 18:21:43.850299
284452,2026-02-27T18:05:00.000Z,mlb,Pirates,Orioles,6,1,complete,2026-04-21 18:21:43.850299
284453,2026-02-27T18:05:00.000Z,mlb,Tigers,Phillies,16,8,complete,2026-04-21 18:21:43.850299
284454,2026-02-27T18:05:00.000Z,mlb,Cardinals,Mets,3,14,complete,2026-04-21 18:21:43.850299
284455,2026-02-27T18:05:00.000Z,mlb,Twins,Yankees,5,17,complete,2026-04-21 18:21:43.850299
284456,2026-02-27T18:05:00.000Z,mlb,Phillies,Marlins,10,2,complete,2026-04-21 18:21:43.850299
284457,2026-02-27T18:05:00.000Z,mlb,Rays,Blue Jays,6,5,complete,2026-04-21 18:21:43.850299
284458,2026-02-27T20:05:00.000Z,mlb,Reds,Angels,3,4,complete,2026-04-21 18:21:43.850299
284459,2026-02-27T20:05:00.000Z,mlb,Cubs,Guardians,8,6,complete,2026-04-21 18:21:43.850299
284460,2026-02-27T20:05:00.000Z,mlb,Giants,Dodgers,12,4,complete,2026-04-21 18:21:43.850299
284461,2026-02-27T20:05:00.000Z,mlb,White Sox,Rangers,3,1,complete,2026-04-21 18:21:43.850299
284462,2026-02-27T20:05:00.000Z,mlb,Royals,Athletics,7,6,complete,2026-04-21 18:21:43.850299
284463,2026-02-27T20:10:00.000Z,mlb,Rockies,Padres,3,2,complete,2026-04-21 18:21:43.850299
284464,2026-02-27T20:10:00.000Z,mlb,Brewers,White Sox,5,2,complete,2026-04-21 18:21:43.850299
284465,2026-02-27T23:05:00.000Z,mlb,Nationals,Astros,4,4,complete,2026-04-21 18:21:43.850299
284466,2026-02-28T01:10:00.000Z,mlb,Mariners,Diamondbacks,1,3,complete,2026-04-21 18:21:43.850299
284494,2026-02-28T18:05:00.000Z,mlb,Astros,Pirates,2,5,complete,2026-04-21 18:21:43.850299
284495,2026-02-28T18:05:00.000Z,mlb,Rays,Tigers,3,12,complete,2026-04-21 18:21:43.850299
284496,2026-02-28T18:05:00.000Z,mlb,Red Sox,Twins,13,8,complete,2026-04-21 18:21:43.850299
284497,2026-02-28T18:05:00.000Z,mlb,Yankees,Blue Jays,5,1,complete,2026-04-21 18:21:43.850299
284498,2026-02-28T18:05:00.000Z,mlb,Orioles,Braves,5,7,complete,2026-04-21 18:21:43.850299
284499,2026-02-28T18:07:00.000Z,mlb,Blue Jays,Phillies,7,5,complete,2026-04-21 18:21:43.850299
284500,2026-02-28T18:10:00.000Z,mlb,Mets,Nationals,2,3,complete,2026-04-21 18:21:43.850299
284501,2026-02-28T18:10:00.000Z,mlb,Marlins,Cardinals,2,10,complete,2026-04-21 18:21:43.850299
284502,2026-02-28T20:05:00.000Z,mlb,Guardians,White Sox,5,7,complete,2026-04-21 18:21:43.850299
284503,2026-02-28T20:05:00.000Z,mlb,Rangers,Dodgers,7,6,complete,2026-04-21 18:21:43.850299
284504,2026-02-28T20:05:00.000Z,mlb,Dodgers,Cubs,2,6,complete,2026-04-21 18:21:43.850299
284505,2026-02-28T20:05:00.000Z,mlb,Athletics,Giants,2,8,complete,2026-04-21 18:21:43.850299
284506,2026-02-28T20:10:00.000Z,mlb,Rockies,Royals,3,16,complete,2026-04-21 18:21:43.850299
284507,2026-02-28T20:10:00.000Z,mlb,Angels,Diamondbacks,5,8,complete,2026-04-21 18:21:43.850299
284508,2026-02-28T20:10:00.000Z,mlb,Brewers,Reds,7,9,complete,2026-04-21 18:21:43.850299
284509,2026-02-28T20:10:00.000Z,mlb,Padres,Mariners,7,1,complete,2026-04-21 18:21:43.850299
284517,2026-03-01T18:05:00.000Z,mlb,Twins,Braves,2,2,complete,2026-04-21 18:21:43.850299
284518,2026-03-01T18:05:00.000Z,mlb,Cardinals,Pirates,1,6,complete,2026-04-21 18:21:43.850299
284519,2026-03-01T18:05:00.000Z,mlb,Phillies,Yankees,3,5,complete,2026-04-21 18:21:43.850299
284520,2026-03-01T18:05:00.000Z,mlb,Tigers,Blue Jays,4,4,complete,2026-04-21 18:21:43.850299
284521,2026-03-01T18:05:00.000Z,mlb,Braves,Rays,5,3,complete,2026-04-21 18:21:43.850299
284522,2026-03-01T18:05:00.000Z,mlb,Nationals,Marlins,0,3,complete,2026-04-21 18:21:43.850299
284523,2026-03-01T18:05:00.000Z,mlb,Red Sox,Orioles,7,8,complete,2026-04-21 18:21:43.850299
284524,2026-03-01T18:10:00.000Z,mlb,Mets,Astros,4,3,complete,2026-04-21 18:21:43.850299
284525,2026-03-01T20:05:00.000Z,mlb,Royals,Brewers,3,1,complete,2026-04-21 18:21:43.850299
284526,2026-03-01T20:05:00.000Z,mlb,Athletics,Reds,12,4,complete,2026-04-21 18:21:43.850299
284527,2026-03-01T20:05:00.000Z,mlb,Guardians,Rockies,8,3,complete,2026-04-21 18:21:43.850299
284528,2026-03-01T20:05:00.000Z,mlb,Giants,Padres,9,1,complete,2026-04-21 18:21:43.850299
284529,2026-03-01T20:05:00.000Z,mlb,Cubs,White Sox,1,5,complete,2026-04-21 18:21:43.850299
284530,2026-03-01T20:05:00.000Z,mlb,Dodgers,Angels,4,3,complete,2026-04-21 18:21:43.850299
284531,2026-03-01T20:10:00.000Z,mlb,Mariners,Rangers,4,9,complete,2026-04-21 18:21:43.850299
284532,2026-03-01T20:10:00.000Z,mlb,Diamondbacks,Guardians,9,6,complete,2026-04-21 18:21:43.850299
284582,2026-03-02T18:05:00.000Z,mlb,Tigers,Braves,2,5,complete,2026-04-21 18:21:43.850299
284583,2026-03-02T18:05:00.000Z,mlb,Pirates,Rays,4,1,complete,2026-04-21 18:21:43.850299
284584,2026-03-02T18:05:00.000Z,mlb,Cardinals,Marlins,3,2,complete,2026-04-21 18:21:43.850299
284585,2026-03-02T18:05:00.000Z,mlb,Astros,Nationals,3,3,complete,2026-04-21 18:21:43.850299
284586,2026-03-02T18:07:00.000Z,mlb,Blue Jays,Red Sox,6,7,complete,2026-04-21 18:21:43.850299
284587,2026-03-02T20:05:00.000Z,mlb,Reds,Cubs,17,9,complete,2026-04-21 18:21:43.850299
284588,2026-03-02T20:05:00.000Z,mlb,Rangers,Guardians,3,1,complete,2026-04-21 18:21:43.850299
284589,2026-03-02T20:05:00.000Z,mlb,White Sox,Giants,5,6,complete,2026-04-21 18:21:43.850299
284590,2026-03-02T20:10:00.000Z,mlb,Angels,Royals,5,4,complete,2026-04-21 18:21:43.850299
284591,2026-03-02T20:10:00.000Z,mlb,Rockies,Dodgers,5,7,complete,2026-04-21 18:21:43.850299
284592,2026-03-02T20:10:00.000Z,mlb,Padres,Athletics,2,7,complete,2026-04-21 18:21:43.850299
284657,2026-03-03T18:05:00.000Z,mlb,Twins,Rays,3,5,complete,2026-04-21 18:21:43.850299
284658,2026-03-03T18:05:00.000Z,mlb,Rays,Phillies,3,1,complete,2026-04-21 18:21:43.850299
284659,2026-03-03T20:05:00.000Z,mlb,White Sox,Padres,3,4,complete,2026-04-21 18:21:43.850299
284660,2026-03-03T20:05:00.000Z,mlb,Guardians,Dodgers,4,5,complete,2026-04-21 18:21:43.850299
284661,2026-03-03T20:10:00.000Z,mlb,Mariners,Angels,6,7,complete,2026-04-21 18:21:43.850299
284703,2026-03-04T18:05:00.000Z,mlb,Red Sox,Yankees,0,4,complete,2026-04-21 18:21:43.850299
284704,2026-03-04T18:05:00.000Z,mlb,Orioles,Astros,2,4,complete,2026-04-21 18:21:43.850299
284705,2026-03-04T20:05:00.000Z,mlb,Athletics,Diamondbacks,1,3,complete,2026-04-21 18:21:43.850299
284706,2026-03-04T20:10:00.000Z,mlb,Brewers,Cubs,1,4,complete,2026-04-21 18:21:43.850299
284707,2026-03-05T02:05:00.000Z,mlb,Giants,Mariners,9,4,complete,2026-04-21 18:21:43.850299
284714,2026-03-05T18:05:00.000Z,mlb,Pirates,Cardinals,2,3,complete,2026-04-21 18:21:43.850299
284715,2026-03-05T18:05:00.000Z,mlb,Phillies,Red Sox,6,2,complete,2026-04-21 18:21:43.850299
284716,2026-03-05T18:05:00.000Z,mlb,Rays,Orioles,3,4,complete,2026-04-21 18:21:43.850299
284717,2026-03-05T18:05:00.000Z,mlb,Braves,Blue Jays,9,5,complete,2026-04-21 18:21:43.850299
284718,2026-03-05T18:05:00.000Z,mlb,Nationals,Mets,7,4,complete,2026-04-21 18:21:43.850299
284719,2026-03-05T18:05:00.000Z,mlb,Yankees,Twins,0,15,complete,2026-04-21 18:21:43.850299
284720,2026-03-05T18:10:00.000Z,mlb,Marlins,Astros,2,0,complete,2026-04-21 18:21:43.850299
284721,2026-03-05T20:05:00.000Z,mlb,Cubs,Diamondbacks,8,1,complete,2026-04-21 18:21:43.850299
284722,2026-03-05T20:05:00.000Z,mlb,Reds,Dodgers,14,13,complete,2026-04-21 18:21:43.850299
284723,2026-03-05T20:10:00.000Z,mlb,Rockies,Brewers,8,10,complete,2026-04-21 18:21:43.850299
284724,2026-03-05T20:10:00.000Z,mlb,Angels,Athletics,11,16,complete,2026-04-21 18:21:43.850299
284725,2026-03-05T20:10:00.000Z,mlb,Mariners,Padres,6,27,complete,2026-04-21 18:21:43.850299
284726,2026-03-06T01:05:00.000Z,mlb,White Sox,Guardians,3,12,complete,2026-04-21 18:21:43.850299
284727,2026-03-06T01:05:00.000Z,mlb,Royals,Rangers,9,15,complete,2026-04-21 18:21:43.850299
284736,2026-03-06T18:05:00.000Z,mlb,Tigers,Red Sox,11,3,complete,2026-04-21 18:21:43.850299
284737,2026-03-06T18:05:00.000Z,mlb,Astros,Nationals,7,1,complete,2026-04-21 18:21:43.850299
284738,2026-03-06T18:05:00.000Z,mlb,Orioles,Cardinals,2,10,complete,2026-04-21 18:21:43.850299
284739,2026-03-06T18:05:00.000Z,mlb,Pirates,Phillies,10,14,complete,2026-04-21 18:21:43.850299
284740,2026-03-06T18:07:00.000Z,mlb,Blue Jays,Pirates,9,2,complete,2026-04-21 18:21:43.850299
284741,2026-03-06T20:05:00.000Z,mlb,Guardians,Angels,5,3,complete,2026-04-21 18:21:43.850299
284742,2026-03-06T20:05:00.000Z,mlb,Athletics,Rockies,6,11,complete,2026-04-21 18:21:43.850299
284743,2026-03-06T20:05:00.000Z,mlb,Giants,Reds,6,3,complete,2026-04-21 18:21:43.850299
284744,2026-03-06T20:05:00.000Z,mlb,Rangers,Mariners,1,5,complete,2026-04-21 18:21:43.850299
284745,2026-03-06T20:10:00.000Z,mlb,Brewers,Diamondbacks,6,2,complete,2026-04-21 18:21:43.850299
284746,2026-03-06T20:10:00.000Z,mlb,Diamondbacks,White Sox,0,6,complete,2026-04-21 18:21:43.850299
284747,2026-03-06T23:05:00.000Z,mlb,Twins,Braves,1,4,complete,2026-04-21 18:21:43.850299
284748,2026-03-06T23:35:00.000Z,mlb,Yankees,Rays,3,0,complete,2026-04-21 18:21:43.850299
284749,2026-03-07T00:10:00.000Z,mlb,Marlins,Mets,2,0,complete,2026-04-21 18:21:43.850299
284750,2026-03-07T01:05:00.000Z,mlb,Dodgers,Royals,6,0,complete,2026-04-21 18:21:43.850299
284751,2026-03-07T01:10:00.000Z,mlb,Padres,Cubs,3,0,complete,2026-04-21 18:21:43.850299
284758,2026-03-07T17:05:00.000Z,mlb,Astros,Marlins,5,4,complete,2026-04-21 18:21:43.850299
284759,2026-03-07T18:05:00.000Z,mlb,Tigers,Pirates,3,5,complete,2026-04-21 18:21:43.850299
284760,2026-03-07T18:05:00.000Z,mlb,Cardinals,Mets,2,3,complete,2026-04-21 18:21:43.850299
284761,2026-03-07T18:05:00.000Z,mlb,Phillies,Blue Jays,0,1,complete,2026-04-21 18:21:43.850299
284762,2026-03-07T18:05:00.000Z,mlb,Orioles,Twins,3,2,complete,2026-04-21 18:21:43.850299
284763,2026-03-07T18:05:00.000Z,mlb,Red Sox,Rays,2,0,complete,2026-04-21 18:21:43.850299
284764,2026-03-07T18:05:00.000Z,mlb,Braves,Orioles,2,2,complete,2026-04-21 18:21:43.850299
284765,2026-03-07T20:05:00.000Z,mlb,Giants,Rangers,7,5,complete,2026-04-21 18:21:43.850299
284766,2026-03-07T20:05:00.000Z,mlb,Royals,Reds,6,2,complete,2026-04-21 18:21:43.850299
284767,2026-03-07T20:05:00.000Z,mlb,Guardians,Padres,7,1,complete,2026-04-21 18:21:43.850299
284768,2026-03-07T20:05:00.000Z,mlb,Cubs,Athletics,4,3,complete,2026-04-21 18:21:43.850299
284769,2026-03-07T20:10:00.000Z,mlb,Diamondbacks,Giants,4,7,complete,2026-04-21 18:21:43.850299
284770,2026-03-07T20:10:00.000Z,mlb,Mariners,White Sox,1,5,complete,2026-04-21 18:21:43.850299
284771,2026-03-07T20:10:00.000Z,mlb,Angels,Brewers,1,7,complete,2026-04-21 18:21:43.850299
284772,2026-03-07T21:05:00.000Z,mlb,Athletics,Angels,0,3,complete,2026-04-21 18:21:43.850299
284773,2026-03-07T23:05:00.000Z,mlb,Nationals,Yankees,3,0,complete,2026-04-21 18:21:43.850299
284774,2026-03-08T01:05:00.000Z,mlb,Dodgers,Rockies,4,6,complete,2026-04-21 18:21:43.850299
284777,2026-03-08T17:05:00.000Z,mlb,Twins,Phillies,7,6,complete,2026-04-21 18:21:43.850299
284778,2026-03-08T17:05:00.000Z,mlb,Nationals,Astros,3,1,complete,2026-04-21 18:21:43.850299
284779,2026-03-08T17:05:00.000Z,mlb,Rays,Braves,9,8,complete,2026-04-21 18:21:43.850299
284780,2026-03-08T17:05:00.000Z,mlb,Pirates,Red Sox,9,7,complete,2026-04-21 18:21:43.850299
284781,2026-03-08T17:05:00.000Z,mlb,Orioles,Blue Jays,0,1,complete,2026-04-21 18:21:43.850299
284782,2026-03-08T17:07:00.000Z,mlb,Blue Jays,Tigers,5,0,complete,2026-04-21 18:21:43.850299
284783,2026-03-08T17:10:00.000Z,mlb,Marlins,Cardinals,2,2,complete,2026-04-21 18:21:43.850299
284784,2026-03-08T17:10:00.000Z,mlb,Mets,Yankees,10,4,complete,2026-04-21 18:21:43.850299
284785,2026-03-08T20:05:00.000Z,mlb,Rangers,Angels,7,10,complete,2026-04-21 18:21:43.850299
284786,2026-03-08T20:05:00.000Z,mlb,Athletics,Angels,7,4,complete,2026-04-21 18:21:43.850299
284787,2026-03-08T20:05:00.000Z,mlb,Athletics,Dodgers,11,7,complete,2026-04-21 18:21:43.850299
284788,2026-03-08T20:05:00.000Z,mlb,Cubs,Giants,5,9,complete,2026-04-21 18:21:43.850299
284789,2026-03-08T20:05:00.000Z,mlb,Reds,Diamondbacks,13,4,complete,2026-04-21 18:21:43.850299
284790,2026-03-08T20:05:00.000Z,mlb,White Sox,Royals,5,4,complete,2026-04-21 18:21:43.850299
284791,2026-03-08T20:10:00.000Z,mlb,Brewers,Mariners,6,3,complete,2026-04-21 18:21:43.850299
284792,2026-03-08T20:10:00.000Z,mlb,Rockies,Guardians,4,4,complete,2026-04-21 18:21:43.850299
284793,2026-03-08T20:10:00.000Z,mlb,Padres,Reds,14,3,complete,2026-04-21 18:21:43.850299
284851,2026-03-09T17:05:00.000Z,mlb,Cardinals,Orioles,7,2,complete,2026-04-21 18:21:43.850299
284852,2026-03-09T17:05:00.000Z,mlb,Red Sox,Phillies,5,3,complete,2026-04-21 18:21:43.850299
284853,2026-03-09T17:05:00.000Z,mlb,Braves,Twins,9,8,complete,2026-04-21 18:21:43.850299
284854,2026-03-09T17:05:00.000Z,mlb,Tigers,Rays,4,4,complete,2026-04-21 18:21:43.850299
284855,2026-03-09T17:05:00.000Z,mlb,Astros,Cardinals,10,3,complete,2026-04-21 18:21:43.850299
284856,2026-03-09T20:05:00.000Z,mlb,Royals,Guardians,2,6,complete,2026-04-21 18:21:43.850299
284857,2026-03-09T20:05:00.000Z,mlb,White Sox,Rockies,12,3,complete,2026-04-21 18:21:43.850299
284858,2026-03-09T20:05:00.000Z,mlb,Giants,Angels,0,2,complete,2026-04-21 18:21:43.850299
284859,2026-03-09T20:05:00.000Z,mlb,Reds,Athletics,7,9,complete,2026-04-21 18:21:43.850299
284860,2026-03-09T20:10:00.000Z,mlb,Brewers,Dodgers,3,4,complete,2026-04-21 18:21:43.850299
284861,2026-03-09T20:10:00.000Z,mlb,Padres,Rangers,1,4,complete,2026-04-21 18:21:43.850299
284862,2026-03-09T20:10:00.000Z,mlb,Diamondbacks,Mariners,2,1,complete,2026-04-21 18:21:43.850299
284863,2026-03-09T22:10:00.000Z,mlb,Mets,Marlins,9,0,complete,2026-04-21 18:21:43.850299
284864,2026-03-09T22:35:00.000Z,mlb,Yankees,Pirates,3,5,complete,2026-04-21 18:21:43.850299
284899,2026-03-10T17:05:00.000Z,mlb,Astros,Orioles,7,6,complete,2026-04-21 18:21:43.850299
284900,2026-03-10T17:05:00.000Z,mlb,Phillies,Yankees,2,4,complete,2026-04-21 18:21:43.850299
284901,2026-03-10T17:05:00.000Z,mlb,Rays,Twins,5,6,complete,2026-04-21 18:21:43.850299
284902,2026-03-10T17:05:00.000Z,mlb,Red Sox,Tigers,2,7,complete,2026-04-21 18:21:43.850299
284903,2026-03-10T17:07:00.000Z,mlb,Blue Jays,Braves,7,0,complete,2026-04-21 18:21:43.850299
284904,2026-03-10T17:10:00.000Z,mlb,Marlins,Nationals,5,7,complete,2026-04-21 18:21:43.850299
284905,2026-03-10T17:10:00.000Z,mlb,Mets,Cardinals,6,1,complete,2026-04-21 18:21:43.850299
284906,2026-03-10T20:05:00.000Z,mlb,Athletics,White Sox,11,7,complete,2026-04-21 18:21:43.850299
284907,2026-03-10T20:05:00.000Z,mlb,Dodgers,Diamondbacks,4,1,complete,2026-04-21 18:21:43.850299
284908,2026-03-10T20:05:00.000Z,mlb,Rangers,Cubs,8,3,complete,2026-04-21 18:21:43.850299
284909,2026-03-10T20:05:00.000Z,mlb,Guardians,Giants,4,5,complete,2026-04-21 18:21:43.850299
284910,2026-03-10T20:10:00.000Z,mlb,Mariners,Royals,4,3,complete,2026-04-21 18:21:43.850299
284911,2026-03-10T20:10:00.000Z,mlb,Rockies,Reds,1,8,complete,2026-04-21 18:21:43.850299
284912,2026-03-10T20:10:00.000Z,mlb,Angels,Padres,2,10,complete,2026-04-21 18:21:43.850299
285007,2026-03-11T17:05:00.000Z,mlb,Twins,Tigers,2,1,complete,2026-04-21 18:21:43.850299
285008,2026-03-11T17:05:00.000Z,mlb,Nationals,Cardinals,3,1,complete,2026-04-21 18:21:43.850299
285009,2026-03-11T17:05:00.000Z,mlb,Braves,Rays,5,3,complete,2026-04-21 18:21:43.850299
285010,2026-03-11T17:05:00.000Z,mlb,Orioles,Pirates,7,2,complete,2026-04-21 18:21:43.850299
285011,2026-03-11T17:10:00.000Z,mlb,Marlins,Astros,1,4,complete,2026-04-21 18:21:43.850299
285012,2026-03-11T20:05:00.000Z,mlb,Royals,Giants,2,5,complete,2026-04-21 18:21:43.850299
285013,2026-03-11T20:05:00.000Z,mlb,Cubs,Royals,9,8,complete,2026-04-21 18:21:43.850299
285014,2026-03-11T20:05:00.000Z,mlb,Reds,Brewers,6,3,complete,2026-04-21 18:21:43.850299
285015,2026-03-11T20:05:00.000Z,mlb,White Sox,Angels,4,8,complete,2026-04-21 18:21:43.850299
285016,2026-03-11T20:10:00.000Z,mlb,Mariners,Rockies,7,11,complete,2026-04-21 18:21:43.850299
285017,2026-03-11T20:10:00.000Z,mlb,Diamondbacks,Athletics,3,13,complete,2026-04-21 18:21:43.850299
285018,2026-03-11T22:35:00.000Z,mlb,Yankees,Blue Jays,8,1,complete,2026-04-21 18:21:43.850299
285044,2026-03-12T17:05:00.000Z,mlb,Cardinals,Mets,3,1,complete,2026-04-21 18:21:43.850299
285045,2026-03-12T17:05:00.000Z,mlb,Tigers,Yankees,3,4,complete,2026-04-21 18:21:43.850299
285046,2026-03-12T17:05:00.000Z,mlb,Twins,Red Sox,8,5,complete,2026-04-21 18:21:43.850299
285047,2026-03-12T17:05:00.000Z,mlb,Phillies,Blue Jays,8,5,complete,2026-04-21 18:21:43.850299
285048,2026-03-12T20:05:00.000Z,mlb,Cubs,Mariners,7,4,complete,2026-04-21 18:21:43.850299
285049,2026-03-12T20:05:00.000Z,mlb,Rangers,Athletics,7,6,complete,2026-04-21 18:21:43.850299
285050,2026-03-12T20:10:00.000Z,mlb,Diamondbacks,Rockies,2,13,complete,2026-04-21 18:21:43.850299
285051,2026-03-12T22:05:00.000Z,mlb,Pirates,Braves,5,2,complete,2026-04-21 18:21:43.850299
285052,2026-03-12T22:05:00.000Z,mlb,Astros,Nationals,2,3,complete,2026-04-21 18:21:43.850299
285053,2026-03-13T01:05:00.000Z,mlb,Giants,White Sox,3,3,complete,2026-04-21 18:21:43.850299
285054,2026-03-13T01:05:00.000Z,mlb,Guardians,Brewers,1,0,complete,2026-04-21 18:21:43.850299
285055,2026-03-13T01:05:00.000Z,mlb,Dodgers,Reds,9,5,complete,2026-04-21 18:21:43.850299
285056,2026-03-13T01:10:00.000Z,mlb,Padres,Royals,1,10,complete,2026-04-21 18:21:43.850299
285077,2026-03-13T17:05:00.000Z,mlb,Red Sox,Rays,7,6,complete,2026-04-21 18:21:43.850299
285078,2026-03-13T17:05:00.000Z,mlb,Braves,Yankees,7,6,complete,2026-04-21 18:21:43.850299
285079,2026-03-13T17:05:00.000Z,mlb,Phillies,Orioles,11,8,complete,2026-04-21 18:21:43.850299
285080,2026-03-13T17:07:00.000Z,mlb,Blue Jays,Twins,6,1,complete,2026-04-21 18:21:43.850299
285081,2026-03-13T20:05:00.000Z,mlb,White Sox,Cubs,4,2,complete,2026-04-21 18:21:43.850299
285082,2026-03-13T20:05:00.000Z,mlb,Athletics,Padres,9,13,complete,2026-04-21 18:21:43.850299
285083,2026-03-13T20:10:00.000Z,mlb,Rockies,Rangers,4,9,complete,2026-04-21 18:21:43.850299
285084,2026-03-13T20:10:00.000Z,mlb,Angels,Guardians,5,2,complete,2026-04-21 18:21:43.850299
285085,2026-03-13T20:10:00.000Z,mlb,Brewers,Athletics,4,13,complete,2026-04-21 18:21:43.850299
285086,2026-03-13T22:05:00.000Z,mlb,Cardinals,Astros,5,4,complete,2026-04-21 18:21:43.850299
285087,2026-03-13T22:05:00.000Z,mlb,Nationals,Mets,3,8,complete,2026-04-21 18:21:43.850299
285088,2026-03-13T22:05:00.000Z,mlb,Tigers,Pirates,5,7,complete,2026-04-21 18:21:43.850299
285089,2026-03-13T22:10:00.000Z,mlb,Mets,Marlins,0,1,complete,2026-04-21 18:21:43.850299
285090,2026-03-13T23:05:00.000Z,mlb,Giants,Reds,1,6,complete,2026-04-21 18:21:43.850299
285091,2026-03-14T01:05:00.000Z,mlb,Reds,Giants,1,0,complete,2026-04-21 18:21:43.850299
285092,2026-03-14T01:05:00.000Z,mlb,Royals,Diamondbacks,5,11,complete,2026-04-21 18:21:43.850299
285093,2026-03-14T01:10:00.000Z,mlb,Mariners,Dodgers,7,10,complete,2026-04-21 18:21:43.850299
285095,2026-03-14T16:05:00.000Z,mlb,Nationals,Marlins,1,4,complete,2026-04-21 18:21:43.850299
285096,2026-03-14T17:05:00.000Z,mlb,Twins,Rays,6,9,complete,2026-04-21 18:21:43.850299
285097,2026-03-14T17:05:00.000Z,mlb,Yankees,Phillies,4,6,complete,2026-04-21 18:21:43.850299
285098,2026-03-14T17:05:00.000Z,mlb,Pirates,Orioles,8,6,complete,2026-04-21 18:21:43.850299
285099,2026-03-14T17:07:00.000Z,mlb,Blue Jays,Tigers,1,6,complete,2026-04-21 18:21:43.850299
285100,2026-03-14T17:10:00.000Z,mlb,Marlins,Cardinals,7,7,complete,2026-04-21 18:21:43.850299
285101,2026-03-14T20:05:00.000Z,mlb,White Sox,Dodgers,7,2,complete,2026-04-21 18:21:43.850299
285102,2026-03-14T20:05:00.000Z,mlb,Giants,Diamondbacks,7,8,complete,2026-04-21 18:21:43.850299
285103,2026-03-14T20:05:00.000Z,mlb,Athletics,Royals,12,1,complete,2026-04-21 18:21:43.850299
285104,2026-03-14T20:05:00.000Z,mlb,Rangers,Padres,22,2,complete,2026-04-21 18:21:43.850299
285105,2026-03-14T20:05:00.000Z,mlb,Reds,Rangers,4,3,complete,2026-04-21 18:21:43.850299
285106,2026-03-14T20:10:00.000Z,mlb,Brewers,Rockies,8,4,complete,2026-04-21 18:21:43.850299
285107,2026-03-14T20:10:00.000Z,mlb,Angels,Mariners,6,2,complete,2026-04-21 18:21:43.850299
285108,2026-03-14T20:10:00.000Z,mlb,Padres,Guardians,8,5,complete,2026-04-21 18:21:43.850299
285109,2026-03-14T20:10:00.000Z,mlb,Rockies,Cubs,4,3,complete,2026-04-21 18:21:43.850299
285110,2026-03-14T22:05:00.000Z,mlb,Astros,Mets,8,2,complete,2026-04-21 18:21:43.850299
285111,2026-03-14T22:05:00.000Z,mlb,Braves,Red Sox,10,1,complete,2026-04-21 18:21:43.850299
285143,2026-03-15T17:05:00.000Z,mlb,Rays,Pirates,6,1,complete,2026-04-21 18:21:43.850299
285144,2026-03-15T17:05:00.000Z,mlb,Astros,Marlins,1,0,complete,2026-04-21 18:21:43.850299
285145,2026-03-15T17:05:00.000Z,mlb,Cardinals,Nationals,6,3,complete,2026-04-21 18:21:43.850299
285146,2026-03-15T17:05:00.000Z,mlb,Red Sox,Twins,7,2,complete,2026-04-21 18:21:43.850299
285147,2026-03-15T17:05:00.000Z,mlb,Phillies,Braves,0,1,complete,2026-04-21 18:21:43.850299
285148,2026-03-15T17:05:00.000Z,mlb,Yankees,Tigers,1,12,complete,2026-04-21 18:21:43.850299
285149,2026-03-15T17:10:00.000Z,mlb,Mets,Blue Jays,8,1,complete,2026-04-21 18:21:43.850299
285150,2026-03-15T20:05:00.000Z,mlb,Cubs,Dodgers,8,14,complete,2026-04-21 18:21:43.850299
285151,2026-03-15T20:05:00.000Z,mlb,Guardians,Athletics,12,6,complete,2026-04-21 18:21:43.850299
285152,2026-03-15T20:05:00.000Z,mlb,Giants,Brewers,7,1,complete,2026-04-21 18:21:43.850299
285153,2026-03-15T20:05:00.000Z,mlb,Dodgers,Rangers,5,3,complete,2026-04-21 18:21:43.850299
285154,2026-03-15T20:05:00.000Z,mlb,Royals,White Sox,10,4,complete,2026-04-21 18:21:43.850299
285155,2026-03-15T20:10:00.000Z,mlb,Diamondbacks,Padres,4,4,complete,2026-04-21 18:21:43.850299
285156,2026-03-15T20:10:00.000Z,mlb,Angels,Rockies,6,5,complete,2026-04-21 18:21:43.850299
285157,2026-03-15T20:10:00.000Z,mlb,Mariners,Reds,6,3,complete,2026-04-21 18:21:43.850299
285176,2026-03-16T17:05:00.000Z,mlb,Braves,Rays,11,2,complete,2026-04-21 18:21:43.850299
285177,2026-03-16T17:05:00.000Z,mlb,Tigers,Phillies,13,6,complete,2026-04-21 18:21:43.850299
285178,2026-03-16T17:05:00.000Z,mlb,Twins,Pirates,5,1,complete,2026-04-21 18:21:43.850299
285179,2026-03-16T17:10:00.000Z,mlb,Marlins,Blue Jays,4,5,complete,2026-04-21 18:21:43.850299
285180,2026-03-16T20:05:00.000Z,mlb,Dodgers,Brewers,9,24,complete,2026-04-21 18:21:43.850299
285181,2026-03-16T20:05:00.000Z,mlb,Athletics,Angels,3,0,complete,2026-04-21 18:21:43.850299
285182,2026-03-16T20:10:00.000Z,mlb,Padres,Giants,3,1,complete,2026-04-21 18:21:43.850299
285183,2026-03-16T20:10:00.000Z,mlb,Diamondbacks,Reds,11,6,complete,2026-04-21 18:21:43.850299
285185,2026-03-16T22:10:00.000Z,mlb,Mets,Nationals,6,12,complete,2026-04-21 18:21:43.850299
285186,2026-03-17T00:05:00.000Z,mlb,Rangers,White Sox,3,2,complete,2026-04-21 18:21:43.850299
285187,2026-03-17T01:05:00.000Z,mlb,Guardians,Cubs,2,5,complete,2026-04-21 18:21:43.850299
285270,2026-03-17T17:05:00.000Z,mlb,Phillies,Twins,2,0,complete,2026-04-21 18:21:43.850299
285271,2026-03-17T17:05:00.000Z,mlb,Pirates,Astros,2,10,complete,2026-04-21 18:21:43.850299
285272,2026-03-17T17:05:00.000Z,mlb,Red Sox,Braves,4,3,complete,2026-04-21 18:21:43.850299
285273,2026-03-17T17:05:00.000Z,mlb,Rays,Yankees,2,3,complete,2026-04-21 18:21:43.850299
285274,2026-03-17T17:05:00.000Z,mlb,Tigers,Orioles,1,1,complete,2026-04-21 18:21:43.850299
285275,2026-03-17T17:05:00.000Z,mlb,Nationals,Cardinals,1,0,complete,2026-04-21 18:21:43.850299
285276,2026-03-17T17:10:00.000Z,mlb,Marlins,Mets,5,5,complete,2026-04-21 18:21:43.850299
285277,2026-03-17T20:05:00.000Z,mlb,White Sox,Athletics,6,4,complete,2026-04-21 18:21:43.850299
285278,2026-03-17T20:10:00.000Z,mlb,Rockies,Mariners,6,10,complete,2026-04-21 18:21:43.850299
285279,2026-03-17T20:10:00.000Z,mlb,Mariners,Padres,6,9,complete,2026-04-21 18:21:43.850299
285280,2026-03-18T01:05:00.000Z,mlb,Reds,Guardians,6,8,complete,2026-04-21 18:21:43.850299
285281,2026-03-18T01:05:00.000Z,mlb,Cubs,Angels,8,6,complete,2026-04-21 18:21:43.850299
285282,2026-03-18T01:05:00.000Z,mlb,Royals,Dodgers,4,10,complete,2026-04-21 18:21:43.850299
285328,2026-03-18T17:05:00.000Z,mlb,Braves,Phillies,3,2,complete,2026-04-21 18:21:43.850299
285329,2026-03-18T17:05:00.000Z,mlb,Cardinals,Astros,4,1,complete,2026-04-21 18:21:43.850299
285330,2026-03-18T17:05:00.000Z,mlb,Yankees,Red Sox,1,0,complete,2026-04-21 18:21:43.850299
285331,2026-03-18T17:07:00.000Z,mlb,Blue Jays,Orioles,2,3,complete,2026-04-21 18:21:43.850299
285332,2026-03-18T20:05:00.000Z,mlb,Reds,Rockies,6,8,complete,2026-04-21 18:21:43.850299
285333,2026-03-18T20:05:00.000Z,mlb,Dodgers,Giants,5,1,complete,2026-04-21 18:21:43.850299
285334,2026-03-18T20:10:00.000Z,mlb,Mariners,Brewers,7,3,complete,2026-04-21 18:21:43.850299
285335,2026-03-18T20:10:00.000Z,mlb,Angels,Reds,7,4,complete,2026-04-21 18:21:43.850299
285336,2026-03-18T20:10:00.000Z,mlb,Diamondbacks,Cubs,16,8,complete,2026-04-21 18:21:43.850299
285337,2026-03-18T20:10:00.000Z,mlb,Brewers,Angels,3,4,complete,2026-04-21 18:21:43.850299
285338,2026-03-18T22:05:00.000Z,mlb,Pirates,Tigers,3,1,complete,2026-04-21 18:21:43.850299
285340,2026-03-19T01:05:00.000Z,mlb,Rangers,Royals,12,3,complete,2026-04-21 18:21:43.850299
285341,2026-03-19T17:05:00.000Z,mlb,Yankees,Orioles,5,4,complete,2026-04-21 18:21:43.850299
285342,2026-03-19T17:05:00.000Z,mlb,Phillies,Rays,8,2,complete,2026-04-21 18:21:43.850299
285343,2026-03-19T17:05:00.000Z,mlb,Cardinals,Nationals,5,1,complete,2026-04-21 18:21:43.850299
285344,2026-03-19T17:07:00.000Z,mlb,Blue Jays,Yankees,11,0,complete,2026-04-21 18:21:43.850299
285347,2026-03-19T22:05:00.000Z,mlb,Astros,Mets,2,6,complete,2026-04-21 18:21:43.850299
285348,2026-03-19T22:05:00.000Z,mlb,Orioles,Pirates,5,2,complete,2026-04-21 18:21:43.850299
285349,2026-03-19T22:05:00.000Z,mlb,Red Sox,Twins,4,2,complete,2026-04-21 18:21:43.850299
285345,2026-03-20T01:05:00.000Z,mlb,Royals,Angels,3,4,complete,2026-04-21 18:21:43.850299
285350,2026-03-20T01:05:00.000Z,mlb,White Sox,Diamondbacks,4,2,complete,2026-04-21 18:21:43.850299
285351,2026-03-20T01:05:00.000Z,mlb,Guardians,Royals,6,5,complete,2026-04-21 18:21:43.850299
285346,2026-03-20T01:10:00.000Z,mlb,Rockies,Giants,11,14,complete,2026-04-21 18:21:43.850299
285352,2026-03-20T01:10:00.000Z,mlb,Brewers,Rangers,11,4,complete,2026-04-21 18:21:43.850299
285353,2026-03-20T01:10:00.000Z,mlb,Athletics,Mariners,4,6,complete,2026-04-21 18:21:43.850299
285354,2026-03-20T01:10:00.000Z,mlb,Padres,White Sox,13,6,complete,2026-04-21 18:21:43.850299
285374,2026-03-20T17:05:00.000Z,mlb,Phillies,Tigers,4,4,complete,2026-04-21 18:21:43.850299
285375,2026-03-20T17:05:00.000Z,mlb,Twins,Blue Jays,1,2,complete,2026-04-21 18:21:43.850299
285376,2026-03-20T17:05:00.000Z,mlb,Rays,Red Sox,2,0,complete,2026-04-21 18:21:43.850299
285377,2026-03-20T17:10:00.000Z,mlb,Mets,Cardinals,3,4,complete,2026-04-21 18:21:43.850299
285378,2026-03-20T19:10:00.000Z,mlb,Angels,White Sox,4,3,complete,2026-04-21 18:21:43.850299
285383,2026-03-20T22:05:00.000Z,mlb,Astros,Marlins,4,7,complete,2026-04-21 18:21:43.850299
285384,2026-03-20T22:05:00.000Z,mlb,Braves,Pirates,8,1,complete,2026-04-21 18:21:43.850299
285385,2026-03-20T22:35:00.000Z,mlb,Yankees,Orioles,3,1,complete,2026-04-21 18:21:43.850299
285386,2026-03-20T23:10:00.000Z,mlb,Marlins,Nationals,3,2,complete,2026-04-21 18:21:43.850299
285387,2026-03-21T00:05:00.000Z,mlb,Giants,Royals,5,2,complete,2026-04-21 18:21:43.850299
285379,2026-03-21T01:05:00.000Z,mlb,Guardians,Mariners,8,20,complete,2026-04-21 18:21:43.850299
285380,2026-03-21T01:05:00.000Z,mlb,Cubs,Reds,6,8,complete,2026-04-21 18:21:43.850299
285388,2026-03-21T01:05:00.000Z,mlb,Rangers,Giants,6,5,complete,2026-04-21 18:21:43.850299
285389,2026-03-21T01:05:00.000Z,mlb,Dodgers,Padres,4,3,complete,2026-04-21 18:21:43.850299
285381,2026-03-21T01:10:00.000Z,mlb,Athletics,Cubs,6,2,complete,2026-04-21 18:21:43.850299
285382,2026-03-21T01:10:00.000Z,mlb,Diamondbacks,Brewers,8,7,complete,2026-04-21 18:21:43.850299
285390,2026-03-21T01:10:00.000Z,mlb,Padres,Rockies,3,9,complete,2026-04-21 18:21:43.850299
285421,2026-03-21T17:05:00.000Z,mlb,Pirates,Blue Jays,8,3,complete,2026-04-21 18:21:43.850299
285422,2026-03-21T17:05:00.000Z,mlb,Red Sox,Braves,1,6,complete,2026-04-21 18:21:43.850299
285423,2026-03-21T17:05:00.000Z,mlb,Nationals,Mets,3,1,complete,2026-04-21 18:21:43.850299
285424,2026-03-21T17:05:00.000Z,mlb,Orioles,Phillies,10,8,complete,2026-04-21 18:21:43.850299
285425,2026-03-21T17:05:00.000Z,mlb,Rays,Twins,3,2,complete,2026-04-21 18:21:43.850299
285426,2026-03-21T17:05:00.000Z,mlb,Cardinals,Marlins,7,4,complete,2026-04-21 18:21:43.850299
285427,2026-03-21T17:05:00.000Z,mlb,Tigers,Yankees,3,1,complete,2026-04-21 18:21:43.850299
285428,2026-03-21T17:10:00.000Z,mlb,Mets,Astros,5,7,complete,2026-04-21 18:21:43.850299
285429,2026-03-21T18:05:00.000Z,mlb,Dodgers,Athletics,5,5,complete,2026-04-21 18:21:43.850299
285430,2026-03-21T19:05:00.000Z,mlb,Royals,Rockies,6,5,complete,2026-04-21 18:21:43.850299
285431,2026-03-21T19:05:00.000Z,mlb,Giants,Guardians,10,7,complete,2026-04-21 18:21:43.850299
285433,2026-03-21T20:10:00.000Z,mlb,Diamondbacks,Rangers,5,2,complete,2026-04-21 18:21:43.850299
285434,2026-03-21T20:10:00.000Z,mlb,Brewers,Padres,6,1,complete,2026-04-21 18:21:43.850299
285432,2026-03-22T01:05:00.000Z,mlb,Reds,White Sox,11,7,complete,2026-04-21 18:21:43.850299
285435,2026-03-22T01:10:00.000Z,mlb,Mariners,Cubs,1,7,complete,2026-04-21 18:21:43.850299
285476,2026-03-22T16:05:00.000Z,mlb,Astros,Cardinals,2,3,complete,2026-04-21 18:21:43.850299
285477,2026-03-22T17:05:00.000Z,mlb,Twins,Braves,7,3,complete,2026-04-21 18:21:43.850299
285478,2026-03-22T17:05:00.000Z,mlb,Pirates,Red Sox,3,6,complete,2026-04-21 18:21:43.850299
285479,2026-03-22T17:05:00.000Z,mlb,Yankees,Phillies,6,2,complete,2026-04-21 18:21:43.850299
285480,2026-03-22T17:07:00.000Z,mlb,Blue Jays,Rays,14,1,complete,2026-04-21 18:21:43.850299
285481,2026-03-22T17:10:00.000Z,mlb,Marlins,Mets,4,3,complete,2026-04-21 18:21:43.850299
285482,2026-03-22T17:35:00.000Z,mlb,Orioles,Nationals,8,1,complete,2026-04-21 18:21:43.850299
285483,2026-03-22T19:05:00.000Z,mlb,Guardians,Reds,8,2,complete,2026-04-21 18:21:43.850299
285484,2026-03-22T19:05:00.000Z,mlb,Cubs,Brewers,12,0,complete,2026-04-21 18:21:43.850299
285487,2026-03-22T20:10:00.000Z,mlb,Rockies,Athletics,6,5,complete,2026-04-21 18:21:43.850299
285485,2026-03-23T01:05:00.000Z,mlb,White Sox,Mariners,2,4,complete,2026-04-21 18:21:43.850299
285488,2026-03-23T01:07:00.000Z,mlb,Angels,Dodgers,5,13,complete,2026-04-21 18:21:43.850299
285486,2026-03-23T01:10:00.000Z,mlb,Padres,Diamondbacks,1,11,complete,2026-04-21 18:21:43.850299
285491,2026-03-23T16:05:00.000Z,mlb,Phillies,Rays,0,7,complete,2026-04-21 18:21:43.850299
285492,2026-03-23T17:05:00.000Z,mlb,Nationals,Orioles,0,2,complete,2026-04-21 18:21:43.850299
285493,2026-03-23T17:05:00.000Z,mlb,Red Sox,Twins,6,9,complete,2026-04-21 18:21:43.850299
285494,2026-03-23T17:05:00.000Z,mlb,Pirates,Braves,2,5,complete,2026-04-21 18:21:43.850299
285495,2026-03-23T18:05:00.000Z,mlb,Athletics,White Sox,10,9,complete,2026-04-21 18:21:43.850299
285496,2026-03-23T19:05:00.000Z,mlb,Cubs,Yankees,15,6,complete,2026-04-21 18:21:43.850299
285497,2026-03-23T19:10:00.000Z,mlb,Padres,Mariners,10,3,complete,2026-04-21 18:21:43.850299
285498,2026-03-23T23:40:00.000Z,mlb,Brewers,Reds,9,1,complete,2026-04-21 18:21:43.850299
285499,2026-03-24T00:05:00.000Z,mlb,Rangers,Royals,3,2,complete,2026-04-21 18:21:43.850299
285500,2026-03-24T01:10:00.000Z,mlb,Dodgers,Angels,7,7,complete,2026-04-21 18:21:43.850299
285501,2026-03-24T01:10:00.000Z,mlb,Rockies,Tigers,6,5,complete,2026-04-21 18:21:43.850299
285502,2026-03-24T01:40:00.000Z,mlb,Diamondbacks,Guardians,0,7,complete,2026-04-21 18:21:43.850299
285562,2026-03-24T16:05:00.000Z,mlb,Braves,Rays,3,2,complete,2026-04-21 18:21:43.850299
285563,2026-03-24T17:05:00.000Z,mlb,Twins,Red Sox,15,6,complete,2026-04-21 18:21:43.850299
285564,2026-03-24T18:05:00.000Z,mlb,Rangers,Royals,4,1,complete,2026-04-21 18:21:43.850299
285565,2026-03-24T19:05:00.000Z,mlb,Cubs,Yankees,3,8,complete,2026-04-21 18:21:43.850299
285566,2026-03-24T19:10:00.000Z,mlb,Rockies,Tigers,8,11,complete,2026-04-21 18:21:43.850299
285567,2026-03-24T19:40:00.000Z,mlb,Diamondbacks,Guardians,5,10,complete,2026-04-21 18:21:43.850299
285568,2026-03-24T21:10:00.000Z,mlb,Brewers,Reds,4,1,complete,2026-04-21 18:21:43.850299
285569,2026-03-25T00:10:00.000Z,mlb,Dodgers,Angels,0,3,complete,2026-04-21 18:21:43.850299
285604,2026-03-26T00:05:00.000Z,mlb,Giants,Yankees,0,7,complete,2026-04-21 18:21:43.850299
285609,2026-03-26T17:15:00.000Z,mlb,Mets,Pirates,11,7,complete,2026-04-21 18:21:43.850299
285610,2026-03-26T18:10:00.000Z,mlb,Brewers,White Sox,14,2,complete,2026-04-21 18:21:43.850299
285611,2026-03-26T18:20:00.000Z,mlb,Cubs,Nationals,4,10,complete,2026-04-21 18:21:43.850299
285612,2026-03-26T19:05:00.000Z,mlb,Orioles,Twins,2,1,complete,2026-04-21 18:21:43.850299
285613,2026-03-26T20:10:00.000Z,mlb,Astros,Angels,0,3,complete,2026-04-21 18:21:43.850299
285614,2026-03-26T20:10:00.000Z,mlb,Padres,Tigers,2,8,complete,2026-04-21 18:21:43.850299
285615,2026-03-26T20:10:00.000Z,mlb,Reds,Red Sox,0,3,complete,2026-04-21 18:21:43.850299
285616,2026-03-26T20:15:00.000Z,mlb,Phillies,Rangers,5,3,complete,2026-04-21 18:21:43.850299
285617,2026-03-26T20:15:00.000Z,mlb,Cardinals,Rays,9,7,complete,2026-04-21 18:21:43.850299
285618,2026-03-27T00:30:00.000Z,mlb,Dodgers,Diamondbacks,8,2,complete,2026-04-21 18:21:43.850299
285619,2026-03-27T02:10:00.000Z,mlb,Mariners,Guardians,4,6,complete,2026-04-21 18:21:43.850299
285622,2026-03-27T20:35:00.000Z,mlb,Giants,Yankees,0,3,complete,2026-04-21 18:21:43.850299
285623,2026-03-27T23:07:00.000Z,mlb,Blue Jays,Athletics,3,2,complete,2026-04-21 18:21:43.850299
285624,2026-03-27T23:10:00.000Z,mlb,Marlins,Rockies,2,1,complete,2026-04-21 18:21:43.850299
285625,2026-03-27T23:15:00.000Z,mlb,Braves,Royals,6,0,complete,2026-04-21 18:21:43.850299
285626,2026-03-28T00:15:00.000Z,mlb,Astros,Angels,2,6,complete,2026-04-21 18:21:43.850299
285627,2026-03-28T01:40:00.000Z,mlb,Padres,Tigers,2,5,complete,2026-04-21 18:21:43.850299
285628,2026-03-28T01:45:00.000Z,mlb,Mariners,Guardians,5,1,complete,2026-04-21 18:21:43.850299
285629,2026-03-28T02:10:00.000Z,mlb,Dodgers,Diamondbacks,5,4,complete,2026-04-21 18:21:43.850299
285630,2026-03-28T18:15:00.000Z,mlb,Cardinals,Rays,6,5,complete,2026-04-21 18:21:43.850299
285631,2026-03-28T18:20:00.000Z,mlb,Cubs,Nationals,10,2,complete,2026-04-21 18:21:43.850299
285632,2026-03-28T19:07:00.000Z,mlb,Blue Jays,Athletics,8,7,complete,2026-04-21 18:21:43.850299
285633,2026-03-28T20:05:00.000Z,mlb,Phillies,Rangers,4,5,complete,2026-04-21 18:21:43.850299
285634,2026-03-28T20:05:00.000Z,mlb,Orioles,Twins,1,4,complete,2026-04-21 18:21:43.850299
285635,2026-03-28T20:10:00.000Z,mlb,Marlins,Rockies,4,3,complete,2026-04-21 18:21:43.850299
285636,2026-03-28T20:10:00.000Z,mlb,Mets,Pirates,4,2,complete,2026-04-21 18:21:43.850299
285637,2026-03-28T20:10:00.000Z,mlb,Reds,Red Sox,6,5,complete,2026-04-21 18:21:43.850299
285638,2026-03-28T23:10:00.000Z,mlb,Brewers,White Sox,6,1,complete,2026-04-21 18:21:43.850299
285639,2026-03-28T23:10:00.000Z,mlb,Astros,Angels,11,9,complete,2026-04-21 18:21:43.850299
285640,2026-03-28T23:15:00.000Z,mlb,Giants,Yankees,1,3,complete,2026-04-21 18:21:43.850299
285641,2026-03-28T23:15:00.000Z,mlb,Braves,Royals,6,2,complete,2026-04-21 18:21:43.850299
285642,2026-03-29T00:40:00.000Z,mlb,Padres,Tigers,3,0,complete,2026-04-21 18:21:43.850299
285643,2026-03-29T01:10:00.000Z,mlb,Dodgers,Diamondbacks,3,2,complete,2026-04-21 18:21:43.850299
285644,2026-03-29T01:40:00.000Z,mlb,Mariners,Guardians,5,6,complete,2026-04-21 18:21:43.850299
285649,2026-03-29T17:35:00.000Z,mlb,Orioles,Twins,8,6,complete,2026-04-21 18:21:43.850299
285650,2026-03-29T17:35:00.000Z,mlb,Phillies,Rangers,3,8,complete,2026-04-21 18:21:43.850299
285651,2026-03-29T17:35:00.000Z,mlb,Braves,Royals,1,4,complete,2026-04-21 18:21:43.850299
285652,2026-03-29T17:37:00.000Z,mlb,Blue Jays,Athletics,5,2,complete,2026-04-21 18:21:43.850299
285653,2026-03-29T17:40:00.000Z,mlb,Marlins,Rockies,4,3,complete,2026-04-21 18:21:43.850299
285654,2026-03-29T17:40:00.000Z,mlb,Reds,Red Sox,3,2,complete,2026-04-21 18:21:43.850299
285655,2026-03-29T17:40:00.000Z,mlb,Mets,Pirates,3,4,complete,2026-04-21 18:21:43.850299
285656,2026-03-29T18:10:00.000Z,mlb,Astros,Angels,9,7,complete,2026-04-21 18:21:43.850299
285657,2026-03-29T18:10:00.000Z,mlb,Brewers,White Sox,9,7,complete,2026-04-21 18:21:43.850299
285658,2026-03-29T18:15:00.000Z,mlb,Cardinals,Rays,7,11,complete,2026-04-21 18:21:43.850299
285659,2026-03-29T18:20:00.000Z,mlb,Cubs,Nationals,3,6,complete,2026-04-21 18:21:43.850299
285660,2026-03-29T23:20:00.000Z,mlb,Mariners,Guardians,8,0,complete,2026-04-21 18:21:43.850299
285671,2026-03-30T20:10:00.000Z,mlb,Royals,Twins,3,1,complete,2026-04-21 18:21:43.850299
285672,2026-03-30T22:35:00.000Z,mlb,Orioles,Rangers,2,5,complete,2026-04-21 18:21:43.850299
285673,2026-03-30T22:40:00.000Z,mlb,Reds,Pirates,2,0,complete,2026-04-21 18:21:43.850299
285674,2026-03-30T22:40:00.000Z,mlb,Phillies,Nationals,2,13,complete,2026-04-21 18:21:43.850299
285675,2026-03-30T22:40:00.000Z,mlb,Marlins,White Sox,4,9,complete,2026-04-21 18:21:43.850299
285676,2026-03-30T23:07:00.000Z,mlb,Blue Jays,Rockies,5,14,complete,2026-04-21 18:21:43.850299
285677,2026-03-30T23:15:00.000Z,mlb,Braves,Athletics,4,0,complete,2026-04-21 18:21:43.850299
285678,2026-03-30T23:40:00.000Z,mlb,Cubs,Angels,7,2,complete,2026-04-21 18:21:43.850299
285679,2026-03-30T23:40:00.000Z,mlb,Brewers,Rays,2,3,complete,2026-04-21 18:21:43.850299
285680,2026-03-30T23:45:00.000Z,mlb,Cardinals,Mets,2,4,complete,2026-04-21 18:21:43.850299
285681,2026-03-31T00:10:00.000Z,mlb,Astros,Red Sox,8,1,complete,2026-04-21 18:21:43.850299
285682,2026-03-31T01:40:00.000Z,mlb,Padres,Giants,2,3,complete,2026-04-21 18:21:43.850299
285683,2026-03-31T01:40:00.000Z,mlb,Mariners,Yankees,2,1,complete,2026-04-21 18:21:43.850299
285684,2026-03-31T02:10:00.000Z,mlb,Diamondbacks,Tigers,9,6,complete,2026-04-21 18:21:43.850299
285685,2026-03-31T02:10:00.000Z,mlb,Dodgers,Guardians,2,4,complete,2026-04-21 18:21:43.850299
285704,2026-03-31T22:35:00.000Z,mlb,Orioles,Rangers,5,8,complete,2026-04-21 18:21:43.850299
285705,2026-03-31T22:40:00.000Z,mlb,Reds,Pirates,3,8,complete,2026-04-21 18:21:43.850299
285706,2026-03-31T22:40:00.000Z,mlb,Phillies,Nationals,3,2,complete,2026-04-21 18:21:43.850299
285707,2026-03-31T22:40:00.000Z,mlb,Marlins,White Sox,9,2,complete,2026-04-21 18:21:43.850299
285708,2026-03-31T23:07:00.000Z,mlb,Blue Jays,Rockies,5,1,complete,2026-04-21 18:21:43.850299
285709,2026-03-31T23:15:00.000Z,mlb,Braves,Athletics,2,5,complete,2026-04-21 18:21:43.850299
285710,2026-03-31T23:40:00.000Z,mlb,Brewers,Rays,6,2,complete,2026-04-21 18:21:43.850299
285711,2026-03-31T23:40:00.000Z,mlb,Cubs,Angels,0,2,complete,2026-04-21 18:21:43.850299
285712,2026-03-31T23:45:00.000Z,mlb,Cardinals,Mets,3,0,complete,2026-04-21 18:21:43.850299
285713,2026-04-01T00:10:00.000Z,mlb,Astros,Red Sox,9,2,complete,2026-04-21 18:21:43.850299
285714,2026-04-01T01:40:00.000Z,mlb,Padres,Giants,3,9,complete,2026-04-21 18:21:43.850299
285715,2026-04-01T01:40:00.000Z,mlb,Mariners,Yankees,0,5,complete,2026-04-21 18:21:43.850299
285716,2026-04-01T01:40:00.000Z,mlb,Diamondbacks,Tigers,7,5,complete,2026-04-21 18:21:43.850299
285717,2026-04-01T02:10:00.000Z,mlb,Dodgers,Guardians,4,1,complete,2026-04-21 18:21:43.850299
286035,2026-04-01T16:15:00.000Z,mlb,Braves,Athletics,5,1,complete,2026-04-21 18:21:43.850299
286036,2026-04-01T16:35:00.000Z,mlb,Orioles,Rangers,8,3,complete,2026-04-21 18:21:43.850299
286037,2026-04-01T16:40:00.000Z,mlb,Reds,Pirates,3,8,complete,2026-04-21 18:21:43.850299
286038,2026-04-01T17:05:00.000Z,mlb,Phillies,Nationals,6,5,complete,2026-04-21 18:21:43.850299
286039,2026-04-01T17:07:00.000Z,mlb,Blue Jays,Rockies,1,2,complete,2026-04-21 18:21:43.850299
286040,2026-04-01T17:10:00.000Z,mlb,Marlins,White Sox,10,0,complete,2026-04-21 18:21:43.850299
286041,2026-04-01T17:15:00.000Z,mlb,Cardinals,Mets,2,1,complete,2026-04-21 18:21:43.850299
286042,2026-04-01T17:40:00.000Z,mlb,Brewers,Rays,8,2,complete,2026-04-21 18:21:43.850299
286043,2026-04-01T18:10:00.000Z,mlb,Astros,Red Sox,6,4,complete,2026-04-21 18:21:43.850299
286044,2026-04-01T18:20:00.000Z,mlb,Cubs,Angels,6,2,complete,2026-04-21 18:21:43.850299
286045,2026-04-01T19:40:00.000Z,mlb,Diamondbacks,Tigers,1,0,complete,2026-04-21 18:21:43.850299
286046,2026-04-01T20:10:00.000Z,mlb,Padres,Giants,7,1,complete,2026-04-21 18:21:43.850299
286047,2026-04-01T20:10:00.000Z,mlb,Mariners,Yankees,3,5,complete,2026-04-21 18:21:43.850299
286048,2026-04-01T23:40:00.000Z,mlb,Royals,Twins,13,9,complete,2026-04-21 18:21:43.850299
286049,2026-04-02T00:20:00.000Z,mlb,Dodgers,Guardians,1,4,complete,2026-04-21 18:21:43.850299
286067,2026-04-02T18:10:00.000Z,mlb,Royals,Twins,1,5,complete,2026-04-21 18:21:43.850299
286069,2026-04-03T01:40:00.000Z,mlb,Diamondbacks,Braves,2,17,complete,2026-04-21 18:21:43.850299
286070,2026-04-03T01:45:00.000Z,mlb,Giants,Mets,7,2,complete,2026-04-21 18:21:43.850299
286100,2026-04-03T17:05:00.000Z,mlb,Nationals,Dodgers,6,13,complete,2026-04-21 18:21:43.850299
286101,2026-04-03T17:10:00.000Z,mlb,Tigers,Cardinals,4,0,complete,2026-04-21 18:21:43.850299
286102,2026-04-03T17:35:00.000Z,mlb,Yankees,Marlins,8,2,complete,2026-04-21 18:21:43.850299
286103,2026-04-03T18:10:00.000Z,mlb,Red Sox,Padres,5,2,complete,2026-04-21 18:21:43.850299
287923,2026-04-03T18:10:00.000Z,mlb,White Sox,Blue Jays,5,4,complete,2026-04-21 18:21:43.850299
286104,2026-04-03T20:05:00.000Z,mlb,Rangers,Reds,3,5,complete,2026-04-21 18:21:43.850299
286105,2026-04-03T20:10:00.000Z,mlb,Guardians,Cubs,4,1,complete,2026-04-21 18:21:43.850299
286106,2026-04-03T20:10:00.000Z,mlb,Rockies,Phillies,1,10,complete,2026-04-21 18:21:43.850299
286107,2026-04-03T20:10:00.000Z,mlb,Twins,Rays,10,4,complete,2026-04-21 18:21:43.850299
286108,2026-04-03T20:12:00.000Z,mlb,Pirates,Orioles,5,4,complete,2026-04-21 18:21:43.850299
286110,2026-04-04T01:38:00.000Z,mlb,Angels,Mariners,1,3,complete,2026-04-21 18:21:43.850299
286111,2026-04-04T01:40:00.000Z,mlb,Athletics,Astros,11,4,complete,2026-04-21 18:21:43.850299
286112,2026-04-04T01:45:00.000Z,mlb,Diamondbacks,Braves,0,2,complete,2026-04-21 18:21:43.850299
286113,2026-04-04T02:15:00.000Z,mlb,Giants,Mets,3,10,complete,2026-04-21 18:21:43.850299
286118,2026-04-04T17:10:00.000Z,mlb,Tigers,Cardinals,11,6,complete,2026-04-21 18:21:43.850299
286119,2026-04-04T18:10:00.000Z,mlb,White Sox,Blue Jays,6,3,complete,2026-04-21 18:21:43.850299
286123,2026-04-04T18:10:00.000Z,mlb,Royals,Brewers,2,5,complete,2026-04-21 18:21:43.850299
286120,2026-04-04T20:05:00.000Z,mlb,Nationals,Dodgers,5,10,complete,2026-04-21 18:21:43.850299
286121,2026-04-04T20:05:00.000Z,mlb,Athletics,Astros,0,11,complete,2026-04-21 18:21:43.850299
286122,2026-04-04T20:05:00.000Z,mlb,Pirates,Orioles,3,2,complete,2026-04-21 18:21:43.850299
286124,2026-04-04T20:10:00.000Z,mlb,Red Sox,Padres,2,3,complete,2026-04-21 18:21:43.850299
286125,2026-04-04T23:05:00.000Z,mlb,Yankees,Marlins,9,7,complete,2026-04-21 18:21:43.850299
286126,2026-04-04T23:05:00.000Z,mlb,Rangers,Reds,0,2,complete,2026-04-21 18:21:43.850299
286127,2026-04-04T23:10:00.000Z,mlb,Twins,Rays,1,7,complete,2026-04-21 18:21:43.850299
287995,2026-04-04T23:10:00.000Z,mlb,Royals,Brewers,8,2,complete,2026-04-21 18:21:43.850299
286129,2026-04-04T23:15:00.000Z,mlb,Diamondbacks,Braves,2,1,complete,2026-04-21 18:21:43.850299
286130,2026-04-05T00:10:00.000Z,mlb,Rockies,Phillies,1,2,complete,2026-04-21 18:21:43.850299
286131,2026-04-05T01:05:00.000Z,mlb,Giants,Mets,0,9,complete,2026-04-21 18:21:43.850299
286132,2026-04-05T01:38:00.000Z,mlb,Angels,Mariners,1,0,complete,2026-04-21 18:21:43.850299
286178,2026-04-05T17:10:00.000Z,mlb,Guardians,Cubs,0,1,complete,2026-04-21 18:21:43.850299
286174,2026-04-05T17:35:00.000Z,mlb,Nationals,Dodgers,6,8,complete,2026-04-21 18:21:43.850299
286175,2026-04-05T17:35:00.000Z,mlb,Yankees,Marlins,6,7,complete,2026-04-21 18:21:43.850299
286176,2026-04-05T17:35:00.000Z,mlb,Red Sox,Padres,6,8,complete,2026-04-21 18:21:43.850299
286177,2026-04-05T17:35:00.000Z,mlb,Pirates,Orioles,8,2,complete,2026-04-21 18:21:43.850299
286179,2026-04-05T18:10:00.000Z,mlb,Royals,Brewers,5,8,complete,2026-04-21 18:21:43.850299
286180,2026-04-05T18:10:00.000Z,mlb,Twins,Rays,1,4,complete,2026-04-21 18:21:43.850299
286181,2026-04-05T18:10:00.000Z,mlb,White Sox,Blue Jays,3,0,complete,2026-04-21 18:21:43.850299
286182,2026-04-05T18:35:00.000Z,mlb,Rangers,Reds,1,2,complete,2026-04-21 18:21:43.850299
286183,2026-04-05T19:10:00.000Z,mlb,Rockies,Phillies,4,1,complete,2026-04-21 18:21:43.850299
286184,2026-04-05T20:05:00.000Z,mlb,Athletics,Astros,12,10,complete,2026-04-21 18:21:43.850299
286185,2026-04-05T20:05:00.000Z,mlb,Giants,Mets,2,5,complete,2026-04-21 18:21:43.850299
286186,2026-04-05T20:07:00.000Z,mlb,Angels,Mariners,8,7,complete,2026-04-21 18:21:43.850299
286187,2026-04-05T20:10:00.000Z,mlb,Diamondbacks,Braves,6,5,complete,2026-04-21 18:21:43.850299
288013,2026-04-05T20:30:00.000Z,mlb,Guardians,Cubs,6,5,complete,2026-04-21 18:21:43.850299
286188,2026-04-05T23:20:00.000Z,mlb,Tigers,Cardinals,3,5,complete,2026-04-21 18:21:43.850299
286257,2026-04-06T20:10:00.000Z,mlb,Rays,Cubs,6,4,complete,2026-04-21 18:21:43.850299
286258,2026-04-06T22:10:00.000Z,mlb,Guardians,Royals,2,4,complete,2026-04-21 18:21:43.850299
286259,2026-04-06T22:40:00.000Z,mlb,Pirates,Padres,0,5,complete,2026-04-21 18:21:43.850299
286260,2026-04-06T22:40:00.000Z,mlb,Marlins,Reds,0,2,complete,2026-04-21 18:21:43.850299
286261,2026-04-06T22:45:00.000Z,mlb,Red Sox,Brewers,6,8,complete,2026-04-21 18:21:43.850299
286262,2026-04-06T22:45:00.000Z,mlb,Nationals,Cardinals,9,6,complete,2026-04-21 18:21:43.850299
286263,2026-04-06T23:07:00.000Z,mlb,Blue Jays,Dodgers,2,14,complete,2026-04-21 18:21:43.850299
286264,2026-04-06T23:40:00.000Z,mlb,White Sox,Orioles,1,2,complete,2026-04-21 18:21:43.850299
286265,2026-04-06T23:40:00.000Z,mlb,Twins,Tigers,7,3,complete,2026-04-21 18:21:43.850299
286266,2026-04-07T00:05:00.000Z,mlb,Rangers,Mariners,2,1,complete,2026-04-21 18:21:43.850299
286267,2026-04-07T00:40:00.000Z,mlb,Rockies,Astros,9,7,complete,2026-04-21 18:21:43.850299
286268,2026-04-07T01:38:00.000Z,mlb,Angels,Braves,6,2,complete,2026-04-21 18:21:43.850299
286269,2026-04-07T01:45:00.000Z,mlb,Giants,Phillies,4,6,complete,2026-04-21 18:21:43.850299
286328,2026-04-07T17:10:00.000Z,mlb,Guardians,Royals,2,1,complete,2026-04-21 18:21:43.850299
286338,2026-04-07T19:10:00.000Z,mlb,White Sox,Orioles,2,4,complete,2026-04-21 18:21:43.850299
286336,2026-04-07T20:10:00.000Z,mlb,Mets,Diamondbacks,4,3,complete,2026-04-21 18:21:43.850299
286329,2026-04-07T22:40:00.000Z,mlb,Rays,Cubs,2,9,complete,2026-04-21 18:21:43.850299
286330,2026-04-07T22:40:00.000Z,mlb,Marlins,Reds,3,6,complete,2026-04-21 18:21:43.850299
286331,2026-04-07T22:40:00.000Z,mlb,Pirates,Padres,7,1,complete,2026-04-21 18:21:43.850299
286332,2026-04-07T22:45:00.000Z,mlb,Red Sox,Brewers,3,2,complete,2026-04-21 18:21:43.850299
286333,2026-04-07T22:45:00.000Z,mlb,Nationals,Cardinals,6,7,complete,2026-04-21 18:21:43.850299
286334,2026-04-07T23:05:00.000Z,mlb,Yankees,Athletics,5,3,complete,2026-04-21 18:21:43.850299
286335,2026-04-07T23:07:00.000Z,mlb,Blue Jays,Dodgers,1,4,complete,2026-04-21 18:21:43.850299
286337,2026-04-07T23:40:00.000Z,mlb,Twins,Tigers,4,2,complete,2026-04-21 18:21:43.850299
286339,2026-04-08T00:05:00.000Z,mlb,Rangers,Mariners,3,2,complete,2026-04-21 18:21:43.850299
286340,2026-04-08T00:40:00.000Z,mlb,Rockies,Astros,5,1,complete,2026-04-21 18:21:43.850299
286341,2026-04-08T01:38:00.000Z,mlb,Angels,Braves,2,7,complete,2026-04-21 18:21:43.850299
286342,2026-04-08T01:45:00.000Z,mlb,Giants,Phillies,6,0,complete,2026-04-21 18:21:43.850299
286375,2026-04-08T16:35:00.000Z,mlb,Pirates,Padres,2,8,complete,2026-04-21 18:21:43.850299
286376,2026-04-08T17:10:00.000Z,mlb,Guardians,Royals,10,2,complete,2026-04-21 18:21:43.850299
286377,2026-04-08T17:35:00.000Z,mlb,Red Sox,Brewers,5,0,complete,2026-04-21 18:21:43.850299
286378,2026-04-08T18:10:00.000Z,mlb,White Sox,Orioles,3,5,complete,2026-04-21 18:21:43.850299
286379,2026-04-08T18:35:00.000Z,mlb,Rangers,Mariners,3,0,complete,2026-04-21 18:21:43.850299
286380,2026-04-08T19:07:00.000Z,mlb,Blue Jays,Dodgers,4,3,complete,2026-04-21 18:21:43.850299
286381,2026-04-08T19:10:00.000Z,mlb,Rockies,Astros,9,1,complete,2026-04-21 18:21:43.850299
286382,2026-04-08T19:45:00.000Z,mlb,Giants,Phillies,5,0,complete,2026-04-21 18:21:43.850299
286383,2026-04-08T20:05:00.000Z,mlb,Nationals,Cardinals,1,6,complete,2026-04-21 18:21:43.850299
286384,2026-04-08T20:07:00.000Z,mlb,Angels,Braves,2,8,complete,2026-04-21 18:21:43.850299
286388,2026-04-08T20:10:00.000Z,mlb,Mets,Diamondbacks,2,7,complete,2026-04-21 18:21:43.850299
286385,2026-04-08T22:40:00.000Z,mlb,Rays,Cubs,2,6,complete,2026-04-21 18:21:43.850299
286386,2026-04-08T22:40:00.000Z,mlb,Marlins,Reds,7,4,complete,2026-04-21 18:21:43.850299
286387,2026-04-08T23:05:00.000Z,mlb,Yankees,Athletics,2,3,complete,2026-04-21 18:21:43.850299
286389,2026-04-08T23:40:00.000Z,mlb,Twins,Tigers,8,6,complete,2026-04-21 18:21:43.850299
286450,2026-04-09T16:10:00.000Z,mlb,Marlins,Reds,8,1,complete,2026-04-21 18:21:43.850299
286451,2026-04-09T17:35:00.000Z,mlb,Yankees,Athletics,0,1,complete,2026-04-21 18:21:43.850299
286452,2026-04-09T17:40:00.000Z,mlb,Twins,Tigers,3,1,complete,2026-04-21 18:21:43.850299
286453,2026-04-09T23:10:00.000Z,mlb,Mets,Diamondbacks,1,7,complete,2026-04-21 18:21:43.850299
286454,2026-04-09T23:40:00.000Z,mlb,Royals,White Sox,0,2,complete,2026-04-21 18:21:43.850299
286455,2026-04-10T01:40:00.000Z,mlb,Padres,Rockies,7,3,complete,2026-04-21 18:21:43.850299
286500,2026-04-10T18:20:00.000Z,mlb,Cubs,Pirates,0,2,complete,2026-04-21 18:21:43.850299
286501,2026-04-10T22:40:00.000Z,mlb,Tigers,Marlins,2,0,complete,2026-04-21 18:21:43.850299
286502,2026-04-10T22:40:00.000Z,mlb,Phillies,Diamondbacks,4,5,complete,2026-04-21 18:21:43.850299
286503,2026-04-10T22:45:00.000Z,mlb,Reds,Angels,2,10,complete,2026-04-21 18:21:43.850299
286504,2026-04-10T23:07:00.000Z,mlb,Blue Jays,Twins,10,4,complete,2026-04-21 18:21:43.850299
286505,2026-04-10T23:10:00.000Z,mlb,Rays,Yankees,5,3,complete,2026-04-21 18:21:43.850299
286506,2026-04-10T23:10:00.000Z,mlb,Mets,Athletics,0,4,complete,2026-04-21 18:21:43.850299
286507,2026-04-10T23:15:00.000Z,mlb,Orioles,Giants,3,6,complete,2026-04-21 18:21:43.850299
286508,2026-04-10T23:15:00.000Z,mlb,Braves,Guardians,11,5,complete,2026-04-21 18:21:43.850299
286509,2026-04-10T23:40:00.000Z,mlb,Brewers,Nationals,3,7,complete,2026-04-21 18:21:43.850299
286510,2026-04-10T23:40:00.000Z,mlb,Royals,White Sox,2,0,complete,2026-04-21 18:21:43.850299
286511,2026-04-11T00:15:00.000Z,mlb,Cardinals,Red Sox,3,2,complete,2026-04-21 18:21:43.850299
286512,2026-04-11T01:40:00.000Z,mlb,Mariners,Astros,9,6,complete,2026-04-21 18:21:43.850299
286513,2026-04-11T01:40:00.000Z,mlb,Padres,Rockies,5,2,complete,2026-04-21 18:21:43.850299
286514,2026-04-11T02:10:00.000Z,mlb,Dodgers,Rangers,8,7,complete,2026-04-21 18:21:43.850299
286578,2026-04-11T17:05:00.000Z,mlb,Phillies,Diamondbacks,4,3,complete,2026-04-21 18:21:43.850299
286579,2026-04-11T17:10:00.000Z,mlb,Tigers,Marlins,6,1,complete,2026-04-21 18:21:43.850299
286580,2026-04-11T18:20:00.000Z,mlb,Cubs,Pirates,3,4,complete,2026-04-21 18:21:43.850299
286581,2026-04-11T19:07:00.000Z,mlb,Blue Jays,Twins,4,7,complete,2026-04-21 18:21:43.850299
286582,2026-04-11T20:10:00.000Z,mlb,Royals,White Sox,2,0,complete,2026-04-21 18:21:43.850299
286583,2026-04-11T20:10:00.000Z,mlb,Reds,Angels,7,3,complete,2026-04-21 18:21:43.850299
286584,2026-04-11T20:10:00.000Z,mlb,Mets,Athletics,6,11,complete,2026-04-21 18:21:43.850299
286585,2026-04-11T22:10:00.000Z,mlb,Rays,Yankees,5,4,complete,2026-04-21 18:21:43.850299
286586,2026-04-11T23:10:00.000Z,mlb,Brewers,Nationals,1,3,complete,2026-04-21 18:21:43.850299
286587,2026-04-11T23:15:00.000Z,mlb,Orioles,Giants,6,2,complete,2026-04-21 18:21:43.850299
286588,2026-04-11T23:15:00.000Z,mlb,Cardinals,Red Sox,1,7,complete,2026-04-21 18:21:43.850299
286589,2026-04-11T23:15:00.000Z,mlb,Braves,Guardians,0,6,complete,2026-04-21 18:21:43.850299
286590,2026-04-12T00:40:00.000Z,mlb,Padres,Rockies,9,5,complete,2026-04-21 18:21:43.850299
286591,2026-04-12T01:10:00.000Z,mlb,Dodgers,Rangers,6,3,complete,2026-04-21 18:21:43.850299
286592,2026-04-12T01:40:00.000Z,mlb,Mariners,Astros,8,7,complete,2026-04-21 18:21:43.850299
286653,2026-04-12T17:35:00.000Z,mlb,Orioles,Giants,6,2,complete,2026-04-21 18:21:43.850299
286654,2026-04-12T17:35:00.000Z,mlb,Phillies,Diamondbacks,3,4,complete,2026-04-21 18:21:43.850299
286655,2026-04-12T17:37:00.000Z,mlb,Blue Jays,Twins,2,8,complete,2026-04-21 18:21:43.850299
286656,2026-04-12T17:40:00.000Z,mlb,Reds,Angels,6,9,complete,2026-04-21 18:21:43.850299
286657,2026-04-12T17:40:00.000Z,mlb,Tigers,Marlins,8,2,complete,2026-04-21 18:21:43.850299
286658,2026-04-12T17:40:00.000Z,mlb,Rays,Yankees,5,4,complete,2026-04-21 18:21:43.850299
286659,2026-04-12T17:40:00.000Z,mlb,Mets,Athletics,0,1,complete,2026-04-21 18:21:43.850299
286660,2026-04-12T18:10:00.000Z,mlb,Royals,White Sox,5,6,complete,2026-04-21 18:21:43.850299
286661,2026-04-12T18:10:00.000Z,mlb,Brewers,Nationals,6,8,complete,2026-04-21 18:21:43.850299
286662,2026-04-12T18:15:00.000Z,mlb,Cardinals,Red Sox,3,9,complete,2026-04-21 18:21:43.850299
286663,2026-04-12T18:20:00.000Z,mlb,Cubs,Pirates,7,6,complete,2026-04-21 18:21:43.850299
286664,2026-04-12T20:10:00.000Z,mlb,Mariners,Astros,6,1,complete,2026-04-21 18:21:43.850299
286665,2026-04-12T20:10:00.000Z,mlb,Dodgers,Rangers,2,5,complete,2026-04-21 18:21:43.850299
286666,2026-04-12T20:10:00.000Z,mlb,Padres,Rockies,7,2,complete,2026-04-21 18:21:43.850299
286667,2026-04-12T23:20:00.000Z,mlb,Braves,Guardians,13,1,complete,2026-04-21 18:21:43.850299
286760,2026-04-13T20:10:00.000Z,mlb,Mariners,Astros,6,2,complete,2026-04-21 18:21:43.850299
286761,2026-04-13T22:35:00.000Z,mlb,Orioles,Diamondbacks,9,7,complete,2026-04-21 18:21:43.850299
286762,2026-04-13T22:40:00.000Z,mlb,Pirates,Nationals,16,5,complete,2026-04-21 18:21:43.850299
286763,2026-04-13T22:40:00.000Z,mlb,Phillies,Cubs,13,7,complete,2026-04-21 18:21:43.850299
286764,2026-04-13T23:05:00.000Z,mlb,Yankees,Angels,11,10,complete,2026-04-21 18:21:43.850299
286765,2026-04-13T23:15:00.000Z,mlb,Braves,Marlins,4,10,complete,2026-04-21 18:21:43.850299
286766,2026-04-13T23:40:00.000Z,mlb,Twins,Red Sox,13,6,complete,2026-04-21 18:21:43.850299
286767,2026-04-13T23:45:00.000Z,mlb,Cardinals,Guardians,3,9,complete,2026-04-21 18:21:43.850299
286768,2026-04-14T01:40:00.000Z,mlb,Athletics,Rangers,1,8,complete,2026-04-21 18:21:43.850299
286769,2026-04-14T02:10:00.000Z,mlb,Dodgers,Mets,4,0,complete,2026-04-21 18:21:43.850299
286820,2026-04-14T22:35:00.000Z,mlb,Orioles,Diamondbacks,3,4,complete,2026-04-21 18:21:43.850299
286821,2026-04-14T22:40:00.000Z,mlb,Phillies,Cubs,4,10,complete,2026-04-21 18:21:43.850299
286822,2026-04-14T22:40:00.000Z,mlb,Tigers,Royals,2,1,complete,2026-04-21 18:21:43.850299
286823,2026-04-14T22:40:00.000Z,mlb,Reds,Giants,2,1,complete,2026-04-21 18:21:43.850299
286824,2026-04-14T22:40:00.000Z,mlb,Pirates,Nationals,4,5,complete,2026-04-21 18:21:43.850299
286825,2026-04-14T23:05:00.000Z,mlb,Yankees,Angels,1,7,complete,2026-04-21 18:21:43.850299
286826,2026-04-14T23:15:00.000Z,mlb,Braves,Marlins,6,5,complete,2026-04-21 18:21:43.850299
286827,2026-04-14T23:40:00.000Z,mlb,Twins,Red Sox,6,0,complete,2026-04-21 18:21:43.850299
286828,2026-04-14T23:40:00.000Z,mlb,Brewers,Blue Jays,7,9,complete,2026-04-21 18:21:43.850299
286829,2026-04-14T23:40:00.000Z,mlb,White Sox,Rays,5,8,complete,2026-04-21 18:21:43.850299
286830,2026-04-14T23:45:00.000Z,mlb,Cardinals,Guardians,6,5,complete,2026-04-21 18:21:43.850299
286831,2026-04-15T00:10:00.000Z,mlb,Astros,Rockies,7,6,complete,2026-04-21 18:21:43.850299
286832,2026-04-15T01:40:00.000Z,mlb,Padres,Mariners,4,1,complete,2026-04-21 18:21:43.850299
286833,2026-04-15T01:40:00.000Z,mlb,Athletics,Rangers,2,1,complete,2026-04-21 18:21:43.850299
286834,2026-04-15T02:10:00.000Z,mlb,Dodgers,Mets,2,1,complete,2026-04-21 18:21:43.850299
286879,2026-04-15T16:35:00.000Z,mlb,Orioles,Diamondbacks,5,8,complete,2026-04-21 18:21:43.850299
286880,2026-04-15T17:15:00.000Z,mlb,Cardinals,Guardians,5,3,complete,2026-04-21 18:21:43.850299
286881,2026-04-15T17:40:00.000Z,mlb,Twins,Red Sox,5,9,complete,2026-04-21 18:21:43.850299
286882,2026-04-15T22:40:00.000Z,mlb,Pirates,Nationals,2,0,complete,2026-04-21 18:21:43.850299
286883,2026-04-15T22:40:00.000Z,mlb,Reds,Giants,8,3,complete,2026-04-21 18:21:43.850299
286884,2026-04-15T22:40:00.000Z,mlb,Tigers,Royals,2,1,complete,2026-04-21 18:21:43.850299
286885,2026-04-15T22:40:00.000Z,mlb,Phillies,Cubs,2,11,complete,2026-04-21 18:21:43.850299
286886,2026-04-15T23:05:00.000Z,mlb,Yankees,Angels,5,4,complete,2026-04-21 18:21:43.850299
286887,2026-04-15T23:15:00.000Z,mlb,Braves,Marlins,6,3,complete,2026-04-21 18:21:43.850299
286888,2026-04-15T23:40:00.000Z,mlb,Brewers,Blue Jays,2,1,complete,2026-04-21 18:21:43.850299
286889,2026-04-15T23:40:00.000Z,mlb,White Sox,Rays,3,8,complete,2026-04-21 18:21:43.850299
286890,2026-04-16T00:10:00.000Z,mlb,Astros,Rockies,3,1,complete,2026-04-21 18:21:43.850299
286891,2026-04-16T01:40:00.000Z,mlb,Athletics,Rangers,6,5,complete,2026-04-21 18:21:43.850299
286892,2026-04-16T01:40:00.000Z,mlb,Padres,Mariners,7,6,complete,2026-04-21 18:21:43.850299
286893,2026-04-16T02:10:00.000Z,mlb,Dodgers,Mets,8,2,complete,2026-04-21 18:21:43.850299
286948,2026-04-16T16:35:00.000Z,mlb,Pirates,Nationals,7,8,complete,2026-04-21 18:21:43.850299
286949,2026-04-16T16:40:00.000Z,mlb,Reds,Giants,0,3,complete,2026-04-21 18:21:43.850299
286950,2026-04-16T17:10:00.000Z,mlb,Tigers,Royals,10,9,complete,2026-04-21 18:21:43.850299
286951,2026-04-16T17:35:00.000Z,mlb,Yankees,Angels,4,11,complete,2026-04-21 18:21:43.850299
286952,2026-04-16T17:40:00.000Z,mlb,Brewers,Blue Jays,2,1,complete,2026-04-21 18:21:43.850299
286953,2026-04-16T18:10:00.000Z,mlb,White Sox,Rays,3,5,complete,2026-04-21 18:21:43.850299
286954,2026-04-16T19:05:00.000Z,mlb,Athletics,Rangers,6,9,complete,2026-04-21 18:21:43.850299
286955,2026-04-16T22:10:00.000Z,mlb,Guardians,Orioles,4,2,complete,2026-04-21 18:21:43.850299
286956,2026-04-17T00:10:00.000Z,mlb,Astros,Rockies,2,3,complete,2026-04-21 18:21:43.850299
286957,2026-04-17T00:40:00.000Z,mlb,Padres,Mariners,5,2,complete,2026-04-21 18:21:43.850299
287002,2026-04-17T18:20:00.000Z,mlb,Cubs,Mets,12,4,complete,2026-04-21 18:21:43.850299
287003,2026-04-17T22:10:00.000Z,mlb,Guardians,Orioles,4,6,complete,2026-04-21 18:21:43.850299
287004,2026-04-17T22:40:00.000Z,mlb,Phillies,Braves,0,9,complete,2026-04-21 18:21:43.850299
287005,2026-04-17T22:45:00.000Z,mlb,Nationals,Giants,5,10,complete,2026-04-21 18:21:43.850299
287006,2026-04-17T22:45:00.000Z,mlb,Pirates,Rays,5,1,complete,2026-04-21 18:21:43.850299
287007,2026-04-17T23:05:00.000Z,mlb,Yankees,Royals,4,2,complete,2026-04-21 18:21:43.850299
287008,2026-04-17T23:10:00.000Z,mlb,Marlins,Brewers,5,7,complete,2026-04-21 18:21:43.850299
287009,2026-04-17T23:15:00.000Z,mlb,Red Sox,Tigers,1,0,complete,2026-04-21 18:21:43.850299
287010,2026-04-18T00:10:00.000Z,mlb,Astros,Cardinals,4,9,complete,2026-04-21 18:21:43.850299
287011,2026-04-18T00:10:00.000Z,mlb,Twins,Reds,1,2,complete,2026-04-21 18:21:43.850299
287012,2026-04-18T00:40:00.000Z,mlb,Rockies,Dodgers,1,7,complete,2026-04-21 18:21:43.850299
287013,2026-04-18T01:38:00.000Z,mlb,Angels,Padres,8,0,complete,2026-04-21 18:21:43.850299
287014,2026-04-18T01:40:00.000Z,mlb,Diamondbacks,Blue Jays,6,3,complete,2026-04-21 18:21:43.850299
287015,2026-04-18T01:40:00.000Z,mlb,Mariners,Rangers,0,5,complete,2026-04-21 18:21:43.850299
287016,2026-04-18T01:40:00.000Z,mlb,Athletics,White Sox,2,9,complete,2026-04-21 18:21:43.850299
287070,2026-04-18T17:35:00.000Z,mlb,Yankees,Royals,13,4,complete,2026-04-21 18:21:43.850299
287071,2026-04-18T18:10:00.000Z,mlb,Twins,Reds,4,5,complete,2026-04-21 18:21:43.850299
287072,2026-04-18T18:20:00.000Z,mlb,Cubs,Mets,4,2,complete,2026-04-21 18:21:43.850299
287074,2026-04-18T19:30:00.000Z,mlb,Pirates,Rays,7,8,complete,2026-04-21 18:21:43.850299
287073,2026-04-18T20:05:00.000Z,mlb,Nationals,Giants,6,7,complete,2026-04-21 18:21:43.850299
287075,2026-04-18T20:05:00.000Z,mlb,Athletics,White Sox,7,6,complete,2026-04-21 18:21:43.850299
287076,2026-04-18T20:10:00.000Z,mlb,Red Sox,Tigers,1,4,complete,2026-04-21 18:21:43.850299
287077,2026-04-18T20:10:00.000Z,mlb,Marlins,Brewers,2,5,complete,2026-04-21 18:21:43.850299
287078,2026-04-18T22:10:00.000Z,mlb,Guardians,Orioles,4,2,complete,2026-04-21 18:21:43.850299
287079,2026-04-18T23:10:00.000Z,mlb,Astros,Cardinals,5,7,complete,2026-04-21 18:21:43.850299
287080,2026-04-18T23:15:00.000Z,mlb,Phillies,Braves,1,3,complete,2026-04-21 18:21:43.850299
287081,2026-04-18T23:15:00.000Z,mlb,Mariners,Rangers,7,3,complete,2026-04-21 18:21:43.850299
287082,2026-04-19T00:10:00.000Z,mlb,Rockies,Dodgers,4,3,complete,2026-04-21 18:21:43.850299
287083,2026-04-19T00:10:00.000Z,mlb,Diamondbacks,Blue Jays,6,2,complete,2026-04-21 18:21:43.850299
287084,2026-04-19T01:38:00.000Z,mlb,Angels,Padres,1,4,complete,2026-04-21 18:21:43.850299
287116,2026-04-19T17:35:00.000Z,mlb,Pirates,Rays,6,3,complete,2026-04-21 18:21:43.850299
287117,2026-04-19T17:35:00.000Z,mlb,Nationals,Giants,3,0,complete,2026-04-21 18:21:43.850299
287119,2026-04-19T17:35:00.000Z,mlb,Yankees,Royals,7,0,complete,2026-04-21 18:21:43.850299
287120,2026-04-19T17:40:00.000Z,mlb,Guardians,Orioles,8,4,complete,2026-04-21 18:21:43.850299
287121,2026-04-19T17:40:00.000Z,mlb,Marlins,Brewers,5,3,complete,2026-04-21 18:21:43.850299
287122,2026-04-19T18:10:00.000Z,mlb,Twins,Reds,4,7,complete,2026-04-21 18:21:43.850299
287123,2026-04-19T18:10:00.000Z,mlb,Astros,Cardinals,5,7,complete,2026-04-21 18:21:43.850299
287124,2026-04-19T18:20:00.000Z,mlb,Cubs,Mets,2,1,complete,2026-04-21 18:21:43.850299
287125,2026-04-19T19:10:00.000Z,mlb,Rockies,Dodgers,9,6,complete,2026-04-21 18:21:43.850299
287126,2026-04-19T20:05:00.000Z,mlb,Athletics,White Sox,4,7,complete,2026-04-21 18:21:43.850299
287127,2026-04-19T20:07:00.000Z,mlb,Angels,Padres,1,2,complete,2026-04-21 18:21:43.850299
287128,2026-04-19T20:10:00.000Z,mlb,Mariners,Rangers,5,2,complete,2026-04-21 18:21:43.850299
287129,2026-04-19T20:10:00.000Z,mlb,Diamondbacks,Blue Jays,4,10,complete,2026-04-21 18:21:43.850299
287118,2026-04-19T20:35:00.000Z,mlb,Red Sox,Tigers,2,6,complete,2026-04-21 18:21:43.850299
287130,2026-04-19T23:20:00.000Z,mlb,Phillies,Braves,2,4,complete,2026-04-21 18:21:43.850299
287145,2026-04-20T15:10:00.000Z,mlb,Red Sox,Tigers,8,6,complete,2026-04-21 18:21:43.850299
287146,2026-04-20T22:10:00.000Z,mlb,Guardians,Astros,2,9,complete,2026-04-21 18:21:43.850299
287147,2026-04-20T22:40:00.000Z,mlb,Marlins,Cardinals,5,3,complete,2026-04-21 18:21:43.850299
287148,2026-04-20T22:40:00.000Z,mlb,Rays,Reds,1,6,complete,2026-04-21 18:21:43.850299
287149,2026-04-20T22:45:00.000Z,mlb,Nationals,Braves,4,9,complete,2026-04-21 18:21:43.850299
287150,2026-04-20T23:40:00.000Z,mlb,Cubs,Phillies,5,1,complete,2026-04-21 18:21:43.850299
287151,2026-04-20T23:40:00.000Z,mlb,Royals,Orioles,5,7,complete,2026-04-21 18:21:43.850299
287152,2026-04-21T00:40:00.000Z,mlb,Rockies,Dodgers,3,12,complete,2026-04-21 18:21:43.850299
287153,2026-04-21T01:38:00.000Z,mlb,Angels,Blue Jays,2,5,complete,2026-04-21 18:21:43.850299
287154,2026-04-21T01:40:00.000Z,mlb,Mariners,Athletics,4,6,complete,2026-04-21 18:21:43.850299
287252,2026-04-21T22:10:00.000Z,mlb,Guardians,Astros,8,5,complete,2026-04-21 18:21:43.850299
