game_id,start_time,league_name,home_team,away_team,home_score,away_score,status,date_scraped
253971,2025-04-22T23:00:00.000Z,nba,Pacers,Bucks,123,115,complete,2026-04-21 18:00:28.579654
255712,2025-04-22T23:30:00.000Z,nba,Thunder,Grizzlies,118,99,complete,2026-04-21 18:00:28.579654
253972,2025-04-23T02:00:00.000Z,nba,Lakers,Timberwolves,94,85,complete,2026-04-21 18:00:28.579654
253973,2025-04-23T23:00:00.000Z,nba,Celtics,Magic,109,100,complete,2026-04-21 18:00:28.579654
255690,2025-04-23T23:30:00.000Z,nba,Cavaliers,Heat,121,112,complete,2026-04-21 18:00:28.579654
253974,2025-04-24T01:30:00.000Z,nba,Rockets,Warriors,109,94,complete,2026-04-21 18:00:28.579654
253975,2025-04-24T23:00:00.000Z,nba,Pistons,Knicks,116,118,complete,2026-04-21 18:00:28.579654
255713,2025-04-25T01:30:00.000Z,nba,Grizzlies,Thunder,108,114,complete,2026-04-21 18:00:28.579654
253976,2025-04-25T02:00:00.000Z,nba,Clippers,Nuggets,117,83,complete,2026-04-21 18:00:28.579654
253977,2025-04-25T23:00:00.000Z,nba,Magic,Celtics,95,93,complete,2026-04-21 18:00:28.579654
253978,2025-04-26T00:00:00.000Z,nba,Bucks,Pacers,117,101,complete,2026-04-21 18:00:28.579654
253979,2025-04-26T01:30:00.000Z,nba,Timberwolves,Lakers,116,104,complete,2026-04-21 18:00:28.579654
255691,2025-04-26T17:00:00.000Z,nba,Heat,Cavaliers,87,124,complete,2026-04-21 18:00:28.579654
255714,2025-04-26T19:30:00.000Z,nba,Grizzlies,Thunder,115,117,complete,2026-04-21 18:00:28.579654
253980,2025-04-26T22:00:00.000Z,nba,Clippers,Nuggets,99,101,complete,2026-04-21 18:00:28.579654
253981,2025-04-27T00:30:00.000Z,nba,Warriors,Rockets,104,93,complete,2026-04-21 18:00:28.579654
253982,2025-04-27T17:00:00.000Z,nba,Pistons,Knicks,93,94,complete,2026-04-21 18:00:28.579654
253983,2025-04-27T19:30:00.000Z,nba,Timberwolves,Lakers,116,113,complete,2026-04-21 18:00:28.579654
253984,2025-04-27T23:00:00.000Z,nba,Magic,Celtics,98,107,complete,2026-04-21 18:00:28.579654
253985,2025-04-28T01:30:00.000Z,nba,Bucks,Pacers,103,129,complete,2026-04-21 18:00:28.579654
255692,2025-04-28T23:30:00.000Z,nba,Heat,Cavaliers,83,138,complete,2026-04-21 18:00:28.579654
253986,2025-04-29T02:00:00.000Z,nba,Warriors,Rockets,109,106,complete,2026-04-21 18:00:28.579654
253987,2025-04-29T22:00:00.000Z,nba,Pacers,Bucks,119,118,complete,2026-04-21 18:00:28.579654
253988,2025-04-29T23:30:00.000Z,nba,Knicks,Pistons,103,106,complete,2026-04-21 18:00:28.579654
253990,2025-04-30T00:30:00.000Z,nba,Celtics,Magic,120,89,complete,2026-04-21 18:00:28.579654
253989,2025-04-30T02:00:00.000Z,nba,Nuggets,Clippers,131,115,complete,2026-04-21 18:00:28.579654
253992,2025-04-30T23:30:00.000Z,nba,Rockets,Warriors,131,116,complete,2026-04-21 18:00:28.579654
253991,2025-05-01T02:00:00.000Z,nba,Lakers,Timberwolves,96,103,complete,2026-04-21 18:00:28.579654
253994,2025-05-01T23:30:00.000Z,nba,Pistons,Knicks,113,116,complete,2026-04-21 18:00:28.579654
253993,2025-05-02T02:00:00.000Z,nba,Clippers,Nuggets,111,105,complete,2026-04-21 18:00:28.579654
253997,2025-05-03T01:00:00.000Z,nba,Warriors,Rockets,107,115,complete,2026-04-21 18:00:28.579654
254001,2025-05-03T23:30:00.000Z,nba,Nuggets,Clippers,120,101,complete,2026-04-21 18:00:28.579654
256050,2025-05-04T22:00:00.000Z,nba,Cavaliers,Pacers,112,121,complete,2026-04-21 18:00:28.579654
254003,2025-05-05T00:30:00.000Z,nba,Rockets,Warriors,89,103,complete,2026-04-21 18:00:28.579654
256103,2025-05-05T23:00:00.000Z,nba,Celtics,Knicks,105,108,complete,2026-04-21 18:00:28.579654
256169,2025-05-06T01:30:00.000Z,nba,Thunder,Nuggets,119,121,complete,2026-04-21 18:00:28.579654
256070,2025-05-06T23:00:00.000Z,nba,Cavaliers,Pacers,119,120,complete,2026-04-21 18:00:28.579654
256217,2025-05-07T01:30:00.000Z,nba,Timberwolves,Warriors,88,99,complete,2026-04-21 18:00:28.579654
256104,2025-05-07T23:00:00.000Z,nba,Celtics,Knicks,90,91,complete,2026-04-21 18:00:28.579654
256170,2025-05-08T01:30:00.000Z,nba,Thunder,Nuggets,149,106,complete,2026-04-21 18:00:28.579654
256218,2025-05-09T00:30:00.000Z,nba,Timberwolves,Warriors,117,93,complete,2026-04-21 18:00:28.579654
256071,2025-05-09T23:30:00.000Z,nba,Pacers,Cavaliers,104,126,complete,2026-04-21 18:00:28.579654
256171,2025-05-10T02:00:00.000Z,nba,Nuggets,Thunder,113,104,complete,2026-04-21 18:00:28.579654
256105,2025-05-10T19:30:00.000Z,nba,Knicks,Celtics,93,115,complete,2026-04-21 18:00:28.579654
256219,2025-05-11T00:30:00.000Z,nba,Warriors,Timberwolves,97,102,complete,2026-04-21 18:00:28.579654
256172,2025-05-11T19:30:00.000Z,nba,Nuggets,Thunder,87,92,complete,2026-04-21 18:00:28.579654
256072,2025-05-12T00:00:00.000Z,nba,Pacers,Cavaliers,129,109,complete,2026-04-21 18:00:28.579654
256106,2025-05-12T23:30:00.000Z,nba,Knicks,Celtics,121,113,complete,2026-04-21 18:00:28.579654
256235,2025-05-13T02:00:00.000Z,nba,Warriors,Timberwolves,110,117,complete,2026-04-21 18:00:28.579654
256073,2025-05-13T23:00:00.000Z,nba,Cavaliers,Pacers,105,114,complete,2026-04-21 18:00:28.579654
256220,2025-05-14T01:30:00.000Z,nba,Thunder,Nuggets,112,105,complete,2026-04-21 18:00:28.579654
256107,2025-05-14T23:00:00.000Z,nba,Celtics,Knicks,127,102,complete,2026-04-21 18:00:28.579654
256221,2025-05-15T01:30:00.000Z,nba,Timberwolves,Warriors,121,110,complete,2026-04-21 18:00:28.579654
256222,2025-05-16T00:30:00.000Z,nba,Nuggets,Thunder,119,107,complete,2026-04-21 18:00:28.579654
256108,2025-05-17T00:00:00.000Z,nba,Knicks,Celtics,119,81,complete,2026-04-21 18:00:28.579654
256223,2025-05-18T19:30:00.000Z,nba,Thunder,Nuggets,125,93,complete,2026-04-21 18:00:28.579654
257072,2025-05-21T00:30:00.000Z,nba,Thunder,Timberwolves,114,88,complete,2026-04-21 18:00:28.579654
257009,2025-05-22T00:00:00.000Z,nba,Knicks,Pacers,135,138,complete,2026-04-21 18:00:28.579654
257073,2025-05-23T00:30:00.000Z,nba,Thunder,Timberwolves,118,103,complete,2026-04-21 18:00:28.579654
257010,2025-05-24T00:00:00.000Z,nba,Knicks,Pacers,109,114,complete,2026-04-21 18:00:28.579654
257074,2025-05-25T00:30:00.000Z,nba,Timberwolves,Thunder,143,101,complete,2026-04-21 18:00:28.579654
257011,2025-05-26T00:00:00.000Z,nba,Pacers,Knicks,100,106,complete,2026-04-21 18:00:28.579654
257075,2025-05-27T00:30:00.000Z,nba,Timberwolves,Thunder,126,128,complete,2026-04-21 18:00:28.579654
257012,2025-05-28T00:00:00.000Z,nba,Pacers,Knicks,130,121,complete,2026-04-21 18:00:28.579654
257076,2025-05-29T00:30:00.000Z,nba,Thunder,Timberwolves,124,94,complete,2026-04-21 18:00:28.579654
257013,2025-05-30T00:00:00.000Z,nba,Knicks,Pacers,111,94,complete,2026-04-21 18:00:28.579654
257014,2025-06-01T00:00:00.000Z,nba,Pacers,Knicks,125,108,complete,2026-04-21 18:00:28.579654
257481,2025-06-06T00:30:00.000Z,nba,Thunder,Pacers,110,111,complete,2026-04-21 18:00:28.579654
257482,2025-06-09T00:00:00.000Z,nba,Thunder,Pacers,123,107,complete,2026-04-21 18:00:28.579654
257483,2025-06-12T00:30:00.000Z,nba,Pacers,Thunder,116,107,complete,2026-04-21 18:00:28.579654
257484,2025-06-14T00:30:00.000Z,nba,Pacers,Thunder,104,111,complete,2026-04-21 18:00:28.579654
257485,2025-06-17T00:30:00.000Z,nba,Thunder,Pacers,120,109,complete,2026-04-21 18:00:28.579654
257486,2025-06-20T00:30:00.000Z,nba,Pacers,Thunder,108,91,complete,2026-04-21 18:00:28.579654
257487,2025-06-23T00:00:00.000Z,nba,Thunder,Pacers,103,91,complete,2026-04-21 18:00:28.579654
258416,2025-07-05T20:30:00.000Z,nba,Heat,Spurs,82,69,complete,2026-04-21 18:00:28.579654
258417,2025-07-05T22:30:00.000Z,nba,Warriors,Lakers,89,84,complete,2026-04-21 18:00:28.579654
258422,2025-07-05T23:00:00.000Z,nba,Thunder,Grizzlies,80,92,complete,2026-04-21 18:00:28.579654
258423,2025-07-06T01:00:00.000Z,nba,Jazz,76ers,93,89,complete,2026-04-21 18:00:28.579654
258418,2025-07-06T20:30:00.000Z,nba,Heat,Lakers,83,103,complete,2026-04-21 18:00:28.579654
258419,2025-07-06T22:30:00.000Z,nba,Warriors,Spurs,88,90,complete,2026-04-21 18:00:28.579654
258424,2025-07-07T23:00:00.000Z,nba,76ers,Thunder,78,89,complete,2026-04-21 18:00:28.579654
258425,2025-07-08T01:00:00.000Z,nba,Jazz,Grizzlies,112,111,complete,2026-04-21 18:00:28.579654
258420,2025-07-08T23:00:00.000Z,nba,Warriors,Heat,79,93,complete,2026-04-21 18:00:28.579654
258426,2025-07-08T23:00:00.000Z,nba,76ers,Grizzlies,91,90,complete,2026-04-21 18:00:28.579654
258427,2025-07-09T01:00:00.000Z,nba,Jazz,Thunder,86,82,complete,2026-04-21 18:00:28.579654
258421,2025-07-09T02:00:00.000Z,nba,Spurs,Lakers,88,89,complete,2026-04-21 18:00:28.579654
258428,2025-07-10T19:30:00.000Z,nba,Timberwolves,Pelicans,98,91,complete,2026-04-21 18:00:28.579654
258429,2025-07-10T21:00:00.000Z,nba,Pacers,Cavaliers,116,115,complete,2026-04-21 18:00:28.579654
258430,2025-07-10T21:30:00.000Z,nba,Nets,Thunder,81,90,complete,2026-04-21 18:00:28.579654
258431,2025-07-10T23:30:00.000Z,nba,Kings,Magic,84,81,complete,2026-04-21 18:00:28.579654
258432,2025-07-11T00:00:00.000Z,nba,Mavericks,Lakers,87,85,complete,2026-04-21 18:00:28.579654
258433,2025-07-11T01:30:00.000Z,nba,Bucks,Nuggets,90,89,complete,2026-04-21 18:00:28.579654
258434,2025-07-11T02:00:00.000Z,nba,76ers,Spurs,70,111,complete,2026-04-21 18:00:28.579654
258435,2025-07-11T20:00:00.000Z,nba,Celtics,Grizzlies,92,78,complete,2026-04-21 18:00:28.579654
258436,2025-07-11T20:30:00.000Z,nba,Heat,Hawks,98,105,complete,2026-04-21 18:00:28.579654
258437,2025-07-11T22:00:00.000Z,nba,Pistons,Knicks,104,86,complete,2026-04-21 18:00:28.579654
258438,2025-07-11T23:00:00.000Z,nba,Hornets,Jazz,111,105,complete,2026-04-21 18:00:28.579654
258439,2025-07-12T00:00:00.000Z,nba,Raptors,Bulls,116,72,complete,2026-04-21 18:00:28.579654
258440,2025-07-12T01:00:00.000Z,nba,Suns,Wizards,103,84,complete,2026-04-21 18:00:28.579654
258441,2025-07-12T02:00:00.000Z,nba,Rockets,Clippers,92,95,complete,2026-04-21 18:00:28.579654
258442,2025-07-12T03:00:00.000Z,nba,Warriors,Trail Blazers,73,106,complete,2026-04-21 18:00:28.579654
258443,2025-07-12T19:30:00.000Z,nba,Bucks,Cavaliers,83,93,complete,2026-04-21 18:00:28.579654
258444,2025-07-12T20:00:00.000Z,nba,Spurs,Mavericks,76,69,complete,2026-04-21 18:00:28.579654
258445,2025-07-12T21:30:00.000Z,nba,Thunder,Pacers,104,85,complete,2026-04-21 18:00:28.579654
258446,2025-07-12T22:30:00.000Z,nba,76ers,Hornets,94,96,complete,2026-04-21 18:00:28.579654
258447,2025-07-13T00:00:00.000Z,nba,Bulls,Kings,92,109,complete,2026-04-21 18:00:28.579654
258448,2025-07-13T00:30:00.000Z,nba,Pelicans,Lakers,81,94,complete,2026-04-21 18:00:28.579654
258449,2025-07-13T02:00:00.000Z,nba,Nuggets,Timberwolves,83,94,complete,2026-04-21 18:00:28.579654
258450,2025-07-13T02:30:00.000Z,nba,Trail Blazers,Grizzlies,86,96,complete,2026-04-21 18:00:28.579654
258451,2025-07-13T19:30:00.000Z,nba,Hawks,Suns,98,80,complete,2026-04-21 18:00:28.579654
258452,2025-07-13T20:00:00.000Z,nba,Rockets,Pistons,83,98,complete,2026-04-21 18:00:28.579654
258453,2025-07-13T21:30:00.000Z,nba,Celtics,Knicks,94,81,complete,2026-04-21 18:00:28.579654
258454,2025-07-13T22:00:00.000Z,nba,Magic,Raptors,86,89,complete,2026-04-21 18:00:28.579654
258455,2025-07-13T23:30:00.000Z,nba,Cavaliers,Heat,92,72,complete,2026-04-21 18:00:28.579654
258456,2025-07-14T00:00:00.000Z,nba,Wizards,Nets,102,96,complete,2026-04-21 18:00:28.579654
258457,2025-07-14T01:30:00.000Z,nba,Clippers,Bucks,106,91,complete,2026-04-21 18:00:28.579654
258458,2025-07-14T02:00:00.000Z,nba,Jazz,Warriors,93,103,complete,2026-04-21 18:00:28.579654
258459,2025-07-14T20:30:00.000Z,nba,Rockets,Hawks,108,111,complete,2026-04-21 18:00:28.579654
258460,2025-07-14T22:00:00.000Z,nba,Pacers,Bulls,105,114,complete,2026-04-21 18:00:28.579654
258461,2025-07-14T22:30:00.000Z,nba,Mavericks,Hornets,69,87,complete,2026-04-21 18:00:28.579654
258462,2025-07-15T00:00:00.000Z,nba,Heat,Celtics,100,96,complete,2026-04-21 18:00:28.579654
258463,2025-07-15T00:30:00.000Z,nba,Spurs,Jazz,93,91,complete,2026-04-21 18:00:28.579654
258464,2025-07-15T02:00:00.000Z,nba,Kings,Suns,94,76,complete,2026-04-21 18:00:28.579654
258465,2025-07-15T02:30:00.000Z,nba,Lakers,Clippers,58,67,complete,2026-04-21 18:00:28.579654
258466,2025-07-15T20:30:00.000Z,nba,Pistons,Timberwolves,73,89,complete,2026-04-21 18:00:28.579654
258467,2025-07-15T22:00:00.000Z,nba,Knicks,Nets,97,93,complete,2026-04-21 18:00:28.579654
258468,2025-07-15T22:30:00.000Z,nba,Magic,Thunder,75,92,complete,2026-04-21 18:00:28.579654
258469,2025-07-16T00:00:00.000Z,nba,Nuggets,Raptors,97,101,complete,2026-04-21 18:00:28.579654
258470,2025-07-16T00:30:00.000Z,nba,Wizards,76ers,58,74,complete,2026-04-21 18:00:28.579654
258471,2025-07-16T02:00:00.000Z,nba,Pelicans,Trail Blazers,87,93,complete,2026-04-21 18:00:28.579654
258472,2025-07-16T02:30:00.000Z,nba,Grizzlies,Warriors,84,96,complete,2026-04-21 18:00:28.579654
258473,2025-07-16T19:30:00.000Z,nba,Cavaliers,Kings,86,94,complete,2026-04-21 18:00:28.579654
258474,2025-07-16T21:00:00.000Z,nba,Timberwolves,Suns,89,85,complete,2026-04-21 18:00:28.579654
258475,2025-07-16T21:30:00.000Z,nba,Bulls,Bucks,102,96,complete,2026-04-21 18:00:28.579654
258476,2025-07-16T23:30:00.000Z,nba,Nets,Magic,94,90,complete,2026-04-21 18:00:28.579654
258477,2025-07-17T00:00:00.000Z,nba,76ers,Mavericks,90,82,complete,2026-04-21 18:00:28.579654
258478,2025-07-17T01:30:00.000Z,nba,Thunder,Pelicans,95,81,complete,2026-04-21 18:00:28.579654
258479,2025-07-17T02:00:00.000Z,nba,Jazz,Wizards,86,76,complete,2026-04-21 18:00:28.579654
258480,2025-07-17T20:00:00.000Z,nba,Heat,Pistons,88,108,complete,2026-04-21 18:00:28.579654
258481,2025-07-17T20:30:00.000Z,nba,Knicks,Pacers,88,91,complete,2026-04-21 18:00:28.579654
258482,2025-07-17T22:00:00.000Z,nba,Grizzlies,Hawks,88,92,complete,2026-04-21 18:00:28.579654
258483,2025-07-17T23:00:00.000Z,nba,Hornets,Spurs,106,81,complete,2026-04-21 18:00:28.579654
258484,2025-07-18T00:00:00.000Z,nba,Trail Blazers,Rockets,102,83,complete,2026-04-21 18:00:28.579654
258485,2025-07-18T01:00:00.000Z,nba,Lakers,Celtics,78,87,complete,2026-04-21 18:00:28.579654
258486,2025-07-18T02:00:00.000Z,nba,Raptors,Warriors,81,69,complete,2026-04-21 18:00:28.579654
258487,2025-07-18T03:00:00.000Z,nba,Clippers,Nuggets,76,81,complete,2026-04-21 18:00:28.579654
259220,2025-07-18T20:00:00.000Z,nba,Magic,Mavericks,69,92,complete,2026-04-21 18:00:28.579654
259221,2025-07-18T22:00:00.000Z,nba,Nets,76ers,83,87,complete,2026-04-21 18:00:28.579654
259222,2025-07-18T23:00:00.000Z,nba,Bucks,Heat,92,93,complete,2026-04-21 18:00:28.579654
259223,2025-07-19T00:00:00.000Z,nba,Bulls,Jazz,105,92,complete,2026-04-21 18:00:28.579654
259224,2025-07-19T01:00:00.000Z,nba,Pelicans,Pacers,104,113,complete,2026-04-21 18:00:28.579654
259225,2025-07-19T02:00:00.000Z,nba,Lakers,Nuggets,84,106,complete,2026-04-21 18:00:28.579654
259266,2025-07-19T19:30:00.000Z,nba,Knicks,Wizards,85,94,complete,2026-04-21 18:00:28.579654
259265,2025-07-19T20:00:00.000Z,nba,Raptors,Kings,88,98,complete,2026-04-21 18:00:28.579654
259267,2025-07-19T21:30:00.000Z,nba,Timberwolves,Rockets,101,104,complete,2026-04-21 18:00:28.579654
259264,2025-07-19T22:00:00.000Z,nba,Thunder,Hornets,80,109,complete,2026-04-21 18:00:28.579654
259268,2025-07-19T23:30:00.000Z,nba,Warriors,Cavaliers,82,71,complete,2026-04-21 18:00:28.579654
259269,2025-07-20T00:00:00.000Z,nba,Spurs,Pistons,96,84,complete,2026-04-21 18:00:28.579654
259270,2025-07-20T01:30:00.000Z,nba,Suns,Trail Blazers,111,87,complete,2026-04-21 18:00:28.579654
259271,2025-07-20T22:00:00.000Z,nba,Celtics,Hawks,101,80,complete,2026-04-21 18:00:28.579654
259272,2025-07-21T00:00:00.000Z,nba,Clippers,Grizzlies,82,105,complete,2026-04-21 18:00:28.579654
259303,2025-07-21T02:00:00.000Z,nba,Hornets,Kings,83,78,complete,2026-04-21 18:00:28.579654
261477,2025-10-02T16:00:00.000Z,nba,Knicks,76ers,99,84,complete,2026-04-21 18:00:28.579654
279544,2025-10-03T09:30:00.000Z,nba,Pelicans,Melbourne,107,97,complete,2026-04-21 18:00:28.579654
261478,2025-10-04T02:00:00.000Z,nba,Lakers,Suns,81,103,complete,2026-04-21 18:00:28.579654
261479,2025-10-04T15:00:00.000Z,nba,76ers,Knicks,104,113,complete,2026-04-21 18:00:28.579654
261480,2025-10-05T00:00:00.000Z,nba,Heat,Magic,118,126,complete,2026-04-21 18:00:28.579654
266217,2025-10-05T00:00:00.000Z,nba,Nets,Hapoel Jerusalem,123,88,complete,2026-04-21 18:00:28.579654
261500,2025-10-05T01:00:00.000Z,nba,Nuggets,Timberwolves,116,126,complete,2026-04-21 18:00:28.579654
261481,2025-10-05T21:00:00.000Z,nba,Hornets,Thunder,114,135,complete,2026-04-21 18:00:28.579654
261482,2025-10-06T00:30:00.000Z,nba,Warriors,Lakers,111,103,complete,2026-04-21 18:00:28.579654
261483,2025-10-06T23:30:00.000Z,nba,Heat,Bucks,93,103,complete,2026-04-21 18:00:28.579654
261484,2025-10-07T00:00:00.000Z,nba,Rockets,Hawks,122,113,complete,2026-04-21 18:00:28.579654
261501,2025-10-07T00:00:00.000Z,nba,Grizzlies,Pistons,112,128,complete,2026-04-21 18:00:28.579654
280214,2025-10-07T00:00:00.000Z,nba,Spurs,Guangzhou,119,88,complete,2026-04-21 18:00:28.579654
261485,2025-10-07T00:30:00.000Z,nba,Mavericks,Thunder,106,89,complete,2026-04-21 18:00:28.579654
261486,2025-10-07T02:00:00.000Z,nba,Raptors,Nuggets,108,112,complete,2026-04-21 18:00:28.579654
261487,2025-10-07T23:00:00.000Z,nba,Cavaliers,Bulls,117,118,complete,2026-04-21 18:00:28.579654
261502,2025-10-08T00:00:00.000Z,nba,Timberwolves,Pacers,134,135,complete,2026-04-21 18:00:28.579654
261488,2025-10-08T23:30:00.000Z,nba,Heat,Spurs,107,112,complete,2026-04-21 18:00:28.579654
261489,2025-10-09T00:00:00.000Z,nba,Rockets,Jazz,140,127,complete,2026-04-21 18:00:28.579654
261503,2025-10-09T00:00:00.000Z,nba,Grizzlies,Celtics,103,121,complete,2026-04-21 18:00:28.579654
261490,2025-10-09T02:00:00.000Z,nba,Warriors,Trail Blazers,129,123,complete,2026-04-21 18:00:28.579654
261504,2025-10-09T02:00:00.000Z,nba,Kings,Raptors,122,130,complete,2026-04-21 18:00:28.579654
261492,2025-10-09T23:30:00.000Z,nba,Knicks,Timberwolves,100,95,complete,2026-04-21 18:00:28.579654
261491,2025-10-10T00:00:00.000Z,nba,Thunder,Hornets,122,116,complete,2026-04-21 18:00:28.579654
261493,2025-10-10T00:00:00.000Z,nba,Bulls,Cavaliers,119,112,complete,2026-04-21 18:00:28.579654
261505,2025-10-10T00:00:00.000Z,nba,Bucks,Pistons,117,111,complete,2026-04-21 18:00:28.579654
280215,2025-10-10T02:30:00.000Z,nba,Clippers,Guangzhou,142,95,complete,2026-04-21 18:00:28.579654
261506,2025-10-10T12:00:00.000Z,nba,Nets,Suns,127,132,complete,2026-04-21 18:00:28.579654
261507,2025-10-10T23:00:00.000Z,nba,Raptors,Celtics,107,105,complete,2026-04-21 18:00:28.579654
261508,2025-10-10T23:00:00.000Z,nba,76ers,Magic,98,128,complete,2026-04-21 18:00:28.579654
261494,2025-10-11T00:00:00.000Z,nba,Spurs,Jazz,134,130,complete,2026-04-21 18:00:28.579654
261509,2025-10-11T02:00:00.000Z,nba,Trail Blazers,Kings,124,123,complete,2026-04-21 18:00:28.579654
261495,2025-10-11T23:00:00.000Z,nba,Pacers,Thunder,116,101,complete,2026-04-21 18:00:28.579654
261496,2025-10-12T00:00:00.000Z,nba,Grizzlies,Hawks,116,122,complete,2026-04-21 18:00:28.579654
261510,2025-10-12T00:30:00.000Z,nba,Mavericks,Hornets,116,120,complete,2026-04-21 18:00:28.579654
261511,2025-10-12T11:00:00.000Z,nba,Suns,Nets,109,111,complete,2026-04-21 18:00:28.579654
261512,2025-10-12T19:00:00.000Z,nba,Wizards,Raptors,112,113,complete,2026-04-21 18:00:28.579654
261497,2025-10-12T22:00:00.000Z,nba,Magic,Heat,120,104,complete,2026-04-21 18:00:28.579654
261498,2025-10-12T23:00:00.000Z,nba,Bulls,Bucks,121,127,complete,2026-04-21 18:00:28.579654
261513,2025-10-12T23:00:00.000Z,nba,Celtics,Cavaliers,138,107,complete,2026-04-21 18:00:28.579654
261514,2025-10-13T01:30:00.000Z,nba,Clippers,Nuggets,94,102,complete,2026-04-21 18:00:28.579654
261515,2025-10-13T01:30:00.000Z,nba,Lakers,Warriors,126,116,complete,2026-04-21 18:00:28.579654
261499,2025-10-13T22:00:00.000Z,nba,Hawks,Heat,119,118,complete,2026-04-21 18:00:28.579654
261516,2025-10-13T23:00:00.000Z,nba,Pacers,Spurs,108,124,complete,2026-04-21 18:00:28.579654
261517,2025-10-13T23:30:00.000Z,nba,Knicks,Wizards,103,120,complete,2026-04-21 18:00:28.579654
280216,2025-10-14T00:00:00.000Z,nba,Timberwolves,Guangzhou,134,74,complete,2026-04-21 18:00:28.579654
261518,2025-10-14T01:00:00.000Z,nba,Jazz,Mavericks,101,114,complete,2026-04-21 18:00:28.579654
261520,2025-10-14T23:00:00.000Z,nba,Cavaliers,Pistons,118,100,complete,2026-04-21 18:00:28.579654
261519,2025-10-15T00:00:00.000Z,nba,Bucks,Thunder,112,116,complete,2026-04-21 18:00:28.579654
261521,2025-10-15T00:00:00.000Z,nba,Pelicans,Rockets,128,130,complete,2026-04-21 18:00:28.579654
261522,2025-10-15T01:00:00.000Z,nba,Nuggets,Bulls,124,117,complete,2026-04-21 18:00:28.579654
261523,2025-10-15T02:00:00.000Z,nba,Trail Blazers,Warriors,111,118,complete,2026-04-21 18:00:28.579654
261524,2025-10-15T23:00:00.000Z,nba,Hornets,Grizzlies,145,116,complete,2026-04-21 18:00:28.579654
261525,2025-10-15T23:30:00.000Z,nba,Celtics,Raptors,110,108,complete,2026-04-21 18:00:28.579654
261526,2025-10-16T02:00:00.000Z,nba,Kings,Clippers,91,109,complete,2026-04-21 18:00:28.579654
261527,2025-10-16T02:30:00.000Z,nba,Lakers,Mavericks,94,121,complete,2026-04-21 18:00:28.579654
261528,2025-10-16T23:00:00.000Z,nba,Magic,Pelicans,132,125,complete,2026-04-21 18:00:28.579654
261529,2025-10-16T23:00:00.000Z,nba,Pistons,Wizards,119,98,complete,2026-04-21 18:00:28.579654
261530,2025-10-16T23:30:00.000Z,nba,Hawks,Rockets,115,133,complete,2026-04-21 18:00:28.579654
261531,2025-10-17T00:00:00.000Z,nba,Bulls,Timberwolves,126,120,complete,2026-04-21 18:00:28.579654
261532,2025-10-17T01:00:00.000Z,nba,Jazz,Trail Blazers,132,129,complete,2026-04-21 18:00:28.579654
261533,2025-10-17T23:00:00.000Z,nba,Raptors,Nets,119,114,complete,2026-04-21 18:00:28.579654
261535,2025-10-17T23:00:00.000Z,nba,76ers,Timberwolves,126,110,complete,2026-04-21 18:00:28.579654
261534,2025-10-17T23:30:00.000Z,nba,Knicks,Hornets,113,108,complete,2026-04-21 18:00:28.579654
261536,2025-10-18T00:00:00.000Z,nba,Thunder,Nuggets,94,91,complete,2026-04-21 18:00:28.579654
261537,2025-10-18T00:00:00.000Z,nba,Spurs,Pacers,133,104,complete,2026-04-21 18:00:28.579654
261538,2025-10-18T00:00:00.000Z,nba,Heat,Grizzlies,125,141,complete,2026-04-21 18:00:28.579654
261539,2025-10-18T02:00:00.000Z,nba,Warriors,Clippers,103,106,complete,2026-04-21 18:00:28.579654
261540,2025-10-18T02:30:00.000Z,nba,Lakers,Kings,116,117,complete,2026-04-21 18:00:28.579654
261541,2025-10-21T23:30:00.000Z,nba,Thunder,Rockets,125,124,complete,2026-04-21 18:00:28.579654
261542,2025-10-22T02:00:00.000Z,nba,Lakers,Warriors,109,119,complete,2026-04-21 18:00:28.579654
261543,2025-10-22T23:00:00.000Z,nba,Knicks,Cavaliers,119,111,complete,2026-04-21 18:00:28.579654
261642,2025-10-22T23:00:00.000Z,nba,Magic,Heat,125,121,complete,2026-04-21 18:00:28.579654
261643,2025-10-22T23:00:00.000Z,nba,Hornets,Nets,136,117,complete,2026-04-21 18:00:28.579654
261644,2025-10-22T23:30:00.000Z,nba,Celtics,76ers,116,117,complete,2026-04-21 18:00:28.579654
261645,2025-10-22T23:30:00.000Z,nba,Hawks,Raptors,118,138,complete,2026-04-21 18:00:28.579654
261646,2025-10-23T00:00:00.000Z,nba,Bulls,Pistons,115,111,complete,2026-04-21 18:00:28.579654
261647,2025-10-23T00:00:00.000Z,nba,Bucks,Wizards,133,120,complete,2026-04-21 18:00:28.579654
261648,2025-10-23T00:00:00.000Z,nba,Grizzlies,Pelicans,128,122,complete,2026-04-21 18:00:28.579654
261649,2025-10-23T01:00:00.000Z,nba,Jazz,Clippers,129,108,complete,2026-04-21 18:00:28.579654
261544,2025-10-23T01:30:00.000Z,nba,Mavericks,Spurs,92,125,complete,2026-04-21 18:00:28.579654
261650,2025-10-23T02:00:00.000Z,nba,Suns,Kings,120,116,complete,2026-04-21 18:00:28.579654
261651,2025-10-23T02:00:00.000Z,nba,Trail Blazers,Timberwolves,114,118,complete,2026-04-21 18:00:28.579654
261545,2025-10-23T23:30:00.000Z,nba,Pacers,Thunder,135,141,complete,2026-04-21 18:00:28.579654
261546,2025-10-24T02:00:00.000Z,nba,Warriors,Nuggets,137,131,complete,2026-04-21 18:00:28.579654
261653,2025-10-24T22:30:00.000Z,nba,Raptors,Bucks,116,122,complete,2026-04-21 18:00:28.579654
261652,2025-10-24T23:00:00.000Z,nba,Magic,Hawks,107,111,complete,2026-04-21 18:00:28.579654
261547,2025-10-24T23:30:00.000Z,nba,Knicks,Celtics,105,95,complete,2026-04-21 18:00:28.579654
261654,2025-10-24T23:30:00.000Z,nba,Nets,Cavaliers,124,131,complete,2026-04-21 18:00:28.579654
261655,2025-10-25T00:00:00.000Z,nba,Grizzlies,Heat,114,146,complete,2026-04-21 18:00:28.579654
261656,2025-10-25T00:00:00.000Z,nba,Rockets,Pistons,111,115,complete,2026-04-21 18:00:28.579654
261657,2025-10-25T00:00:00.000Z,nba,Pelicans,Spurs,116,120,complete,2026-04-21 18:00:28.579654
261658,2025-10-25T00:30:00.000Z,nba,Mavericks,Wizards,107,117,complete,2026-04-21 18:00:28.579654
261548,2025-10-25T02:00:00.000Z,nba,Lakers,Timberwolves,128,110,complete,2026-04-21 18:00:28.579654
261659,2025-10-25T02:00:00.000Z,nba,Trail Blazers,Warriors,139,119,complete,2026-04-21 18:00:28.579654
261660,2025-10-25T02:00:00.000Z,nba,Kings,Jazz,105,104,complete,2026-04-21 18:00:28.579654
261661,2025-10-25T02:30:00.000Z,nba,Clippers,Suns,129,102,complete,2026-04-21 18:00:28.579654
261662,2025-10-25T23:00:00.000Z,nba,Magic,Bulls,98,110,complete,2026-04-21 18:00:28.579654
261663,2025-10-25T23:30:00.000Z,nba,76ers,Hornets,125,121,complete,2026-04-21 18:00:28.579654
261664,2025-10-25T23:30:00.000Z,nba,Hawks,Thunder,100,117,complete,2026-04-21 18:00:28.579654
261665,2025-10-26T00:00:00.000Z,nba,Grizzlies,Pacers,128,103,complete,2026-04-21 18:00:28.579654
261666,2025-10-26T01:00:00.000Z,nba,Nuggets,Suns,133,111,complete,2026-04-21 18:00:28.579654
261667,2025-10-26T18:00:00.000Z,nba,Spurs,Nets,118,107,complete,2026-04-21 18:00:28.579654
261668,2025-10-26T19:30:00.000Z,nba,Pistons,Celtics,119,113,complete,2026-04-21 18:00:28.579654
261669,2025-10-26T22:00:00.000Z,nba,Wizards,Hornets,113,139,complete,2026-04-21 18:00:28.579654
261670,2025-10-26T22:00:00.000Z,nba,Heat,Knicks,115,107,complete,2026-04-21 18:00:28.579654
261671,2025-10-26T22:00:00.000Z,nba,Cavaliers,Bucks,118,113,complete,2026-04-21 18:00:28.579654
261672,2025-10-26T23:00:00.000Z,nba,Timberwolves,Pacers,114,110,complete,2026-04-21 18:00:28.579654
261673,2025-10-26T23:30:00.000Z,nba,Mavericks,Raptors,139,129,complete,2026-04-21 18:00:28.579654
261674,2025-10-27T01:00:00.000Z,nba,Clippers,Trail Blazers,114,107,complete,2026-04-21 18:00:28.579654
261675,2025-10-27T01:00:00.000Z,nba,Kings,Lakers,120,127,complete,2026-04-21 18:00:28.579654
261549,2025-10-27T23:00:00.000Z,nba,Pistons,Cavaliers,95,116,complete,2026-04-21 18:00:28.579654
261676,2025-10-27T23:00:00.000Z,nba,76ers,Magic,136,124,complete,2026-04-21 18:00:28.579654
261677,2025-10-28T00:00:00.000Z,nba,Bulls,Hawks,128,123,complete,2026-04-21 18:00:28.579654
261678,2025-10-28T00:00:00.000Z,nba,Rockets,Nets,137,109,complete,2026-04-21 18:00:28.579654
261679,2025-10-28T00:00:00.000Z,nba,Pelicans,Celtics,90,122,complete,2026-04-21 18:00:28.579654
261680,2025-10-28T00:00:00.000Z,nba,Spurs,Raptors,121,103,complete,2026-04-21 18:00:28.579654
261681,2025-10-28T00:30:00.000Z,nba,Mavericks,Thunder,94,101,complete,2026-04-21 18:00:28.579654
261682,2025-10-28T01:00:00.000Z,nba,Jazz,Suns,138,134,complete,2026-04-21 18:00:28.579654
261550,2025-10-28T01:30:00.000Z,nba,Timberwolves,Nuggets,114,127,complete,2026-04-21 18:00:28.579654
261683,2025-10-28T02:00:00.000Z,nba,Warriors,Grizzlies,131,118,complete,2026-04-21 18:00:28.579654
261684,2025-10-28T02:30:00.000Z,nba,Lakers,Trail Blazers,108,122,complete,2026-04-21 18:00:28.579654
261685,2025-10-28T23:00:00.000Z,nba,Wizards,76ers,134,139,complete,2026-04-21 18:00:28.579654
261686,2025-10-28T23:30:00.000Z,nba,Heat,Hornets,144,117,complete,2026-04-21 18:00:28.579654
261687,2025-10-29T00:00:00.000Z,nba,Bucks,Knicks,121,111,complete,2026-04-21 18:00:28.579654
261688,2025-10-29T00:00:00.000Z,nba,Thunder,Kings,107,101,complete,2026-04-21 18:00:28.579654
261689,2025-10-29T03:00:00.000Z,nba,Warriors,Clippers,98,79,complete,2026-04-21 18:00:28.579654
261692,2025-10-29T22:30:00.000Z,nba,Raptors,Rockets,121,139,complete,2026-04-21 18:00:28.579654
261690,2025-10-29T23:00:00.000Z,nba,Celtics,Cavaliers,125,105,complete,2026-04-21 18:00:28.579654
261691,2025-10-29T23:00:00.000Z,nba,Pistons,Magic,135,116,complete,2026-04-21 18:00:28.579654
261693,2025-10-29T23:30:00.000Z,nba,Nets,Hawks,112,117,complete,2026-04-21 18:00:28.579654
261694,2025-10-30T00:00:00.000Z,nba,Bulls,Kings,126,113,complete,2026-04-21 18:00:28.579654
261695,2025-10-30T00:30:00.000Z,nba,Mavericks,Pacers,107,105,complete,2026-04-21 18:00:28.579654
261696,2025-10-30T01:00:00.000Z,nba,Nuggets,Pelicans,122,88,complete,2026-04-21 18:00:28.579654
261697,2025-10-30T01:00:00.000Z,nba,Jazz,Trail Blazers,134,136,complete,2026-04-21 18:00:28.579654
261698,2025-10-30T01:30:00.000Z,nba,Timberwolves,Lakers,115,116,complete,2026-04-21 18:00:28.579654
261699,2025-10-30T02:00:00.000Z,nba,Suns,Grizzlies,113,114,complete,2026-04-21 18:00:28.579654
261700,2025-10-30T23:00:00.000Z,nba,Hornets,Magic,107,123,complete,2026-04-21 18:00:28.579654
261701,2025-10-31T00:00:00.000Z,nba,Bucks,Warriors,120,110,complete,2026-04-21 18:00:28.579654
261702,2025-10-31T00:00:00.000Z,nba,Thunder,Wizards,127,108,complete,2026-04-21 18:00:28.579654
261703,2025-10-31T00:30:00.000Z,nba,Spurs,Heat,107,101,complete,2026-04-21 18:00:28.579654
261551,2025-10-31T23:00:00.000Z,nba,76ers,Celtics,108,109,complete,2026-04-21 18:00:28.579654
261552,2025-10-31T23:00:00.000Z,nba,Pacers,Hawks,108,128,complete,2026-04-21 18:00:28.579654
261553,2025-10-31T23:30:00.000Z,nba,Cavaliers,Raptors,101,112,complete,2026-04-21 18:00:28.579654
261554,2025-11-01T00:00:00.000Z,nba,Bulls,Knicks,135,125,complete,2026-04-21 18:00:28.579654
261555,2025-11-01T01:30:00.000Z,nba,Grizzlies,Lakers,112,117,complete,2026-04-21 18:00:28.579654
261556,2025-11-01T02:00:00.000Z,nba,Suns,Jazz,118,96,complete,2026-04-21 18:00:28.579654
261557,2025-11-01T02:00:00.000Z,nba,Trail Blazers,Nuggets,109,107,complete,2026-04-21 18:00:28.579654
261558,2025-11-01T02:30:00.000Z,nba,Clippers,Pelicans,126,124,complete,2026-04-21 18:00:28.579654
261704,2025-11-01T21:00:00.000Z,nba,Bucks,Kings,133,135,complete,2026-04-21 18:00:28.579654
261705,2025-11-01T22:00:00.000Z,nba,Hornets,Timberwolves,105,122,complete,2026-04-21 18:00:28.579654
261706,2025-11-01T23:00:00.000Z,nba,Wizards,Magic,94,125,complete,2026-04-21 18:00:28.579654
261707,2025-11-01T23:00:00.000Z,nba,Pacers,Warriors,114,109,complete,2026-04-21 18:00:28.579654
261708,2025-11-02T00:00:00.000Z,nba,Celtics,Rockets,101,128,complete,2026-04-21 18:00:28.579654
261709,2025-11-02T02:00:00.000Z,nba,Pistons,Mavericks,122,110,complete,2026-04-21 18:00:28.579654
261710,2025-11-02T20:30:00.000Z,nba,Thunder,Pelicans,137,106,complete,2026-04-21 18:00:28.579654
261711,2025-11-02T23:00:00.000Z,nba,Cavaliers,Hawks,117,109,complete,2026-04-21 18:00:28.579654
261712,2025-11-02T23:00:00.000Z,nba,Raptors,Grizzlies,117,104,complete,2026-04-21 18:00:28.579654
261713,2025-11-02T23:00:00.000Z,nba,Nets,76ers,105,129,complete,2026-04-21 18:00:28.579654
261714,2025-11-02T23:00:00.000Z,nba,Hornets,Jazz,126,103,complete,2026-04-21 18:00:28.579654
261715,2025-11-03T00:00:00.000Z,nba,Knicks,Bulls,128,116,complete,2026-04-21 18:00:28.579654
261716,2025-11-03T01:00:00.000Z,nba,Suns,Spurs,130,118,complete,2026-04-21 18:00:28.579654
261717,2025-11-03T02:30:00.000Z,nba,Lakers,Heat,130,120,complete,2026-04-21 18:00:28.579654
261718,2025-11-04T00:00:00.000Z,nba,Nets,Timberwolves,109,125,complete,2026-04-21 18:00:28.579654
261719,2025-11-04T00:00:00.000Z,nba,Pacers,Bucks,115,117,complete,2026-04-21 18:00:28.579654
261720,2025-11-04T00:30:00.000Z,nba,Knicks,Wizards,119,102,complete,2026-04-21 18:00:28.579654
261721,2025-11-04T00:30:00.000Z,nba,Celtics,Jazz,103,105,complete,2026-04-21 18:00:28.579654
261722,2025-11-04T01:00:00.000Z,nba,Rockets,Mavericks,110,102,complete,2026-04-21 18:00:28.579654
261723,2025-11-04T01:00:00.000Z,nba,Grizzlies,Pistons,106,114,complete,2026-04-21 18:00:28.579654
261724,2025-11-04T02:00:00.000Z,nba,Nuggets,Kings,130,124,complete,2026-04-21 18:00:28.579654
261725,2025-11-04T03:00:00.000Z,nba,Trail Blazers,Lakers,115,123,complete,2026-04-21 18:00:28.579654
281783,2025-11-04T03:30:00.000Z,nba,Clippers,Heat,119,120,complete,2026-04-21 18:00:28.579654
261726,2025-11-05T00:30:00.000Z,nba,Raptors,Bucks,128,100,complete,2026-04-21 18:00:28.579654
261727,2025-11-05T01:00:00.000Z,nba,Bulls,76ers,113,111,complete,2026-04-21 18:00:28.579654
261728,2025-11-05T01:00:00.000Z,nba,Hawks,Magic,127,112,complete,2026-04-21 18:00:28.579654
261729,2025-11-05T01:00:00.000Z,nba,Pelicans,Hornets,116,112,complete,2026-04-21 18:00:28.579654
261730,2025-11-05T03:00:00.000Z,nba,Warriors,Suns,118,107,complete,2026-04-21 18:00:28.579654
261731,2025-11-05T04:00:00.000Z,nba,Clippers,Thunder,107,126,complete,2026-04-21 18:00:28.579654
261732,2025-11-06T00:00:00.000Z,nba,Pistons,Jazz,114,103,complete,2026-04-21 18:00:28.579654
261733,2025-11-06T00:00:00.000Z,nba,Pacers,Nets,103,112,complete,2026-04-21 18:00:28.579654
261734,2025-11-06T00:00:00.000Z,nba,Cavaliers,76ers,132,121,complete,2026-04-21 18:00:28.579654
261735,2025-11-06T00:30:00.000Z,nba,Celtics,Wizards,136,107,complete,2026-04-21 18:00:28.579654
261736,2025-11-06T00:30:00.000Z,nba,Knicks,Timberwolves,137,114,complete,2026-04-21 18:00:28.579654
261737,2025-11-06T01:00:00.000Z,nba,Grizzlies,Rockets,109,124,complete,2026-04-21 18:00:28.579654
261738,2025-11-06T01:30:00.000Z,nba,Mavericks,Pelicans,99,101,complete,2026-04-21 18:00:28.579654
261739,2025-11-06T02:00:00.000Z,nba,Nuggets,Heat,122,112,complete,2026-04-21 18:00:28.579654
261740,2025-11-06T03:00:00.000Z,nba,Kings,Warriors,121,116,complete,2026-04-21 18:00:28.579654
261741,2025-11-06T03:00:00.000Z,nba,Trail Blazers,Thunder,121,119,complete,2026-04-21 18:00:28.579654
261742,2025-11-06T03:00:00.000Z,nba,Lakers,Spurs,118,116,complete,2026-04-21 18:00:28.579654
261743,2025-11-07T02:00:00.000Z,nba,Suns,Clippers,115,102,complete,2026-04-21 18:00:28.579654
261559,2025-11-08T00:00:00.000Z,nba,Wizards,Cavaliers,114,148,complete,2026-04-21 18:00:28.579654
261560,2025-11-08T00:00:00.000Z,nba,Magic,Celtics,123,110,complete,2026-04-21 18:00:28.579654
261561,2025-11-08T00:30:00.000Z,nba,Spurs,Rockets,121,110,complete,2026-04-21 18:00:28.579654
261562,2025-11-08T00:30:00.000Z,nba,Hawks,Raptors,97,109,complete,2026-04-21 18:00:28.579654
261563,2025-11-08T00:30:00.000Z,nba,Nets,Pistons,107,125,complete,2026-04-21 18:00:28.579654
261564,2025-11-08T01:00:00.000Z,nba,Timberwolves,Jazz,137,97,complete,2026-04-21 18:00:28.579654
261565,2025-11-08T01:00:00.000Z,nba,Heat,Hornets,126,108,complete,2026-04-21 18:00:28.579654
261566,2025-11-08T01:00:00.000Z,nba,Grizzlies,Mavericks,118,104,complete,2026-04-21 18:00:28.579654
261567,2025-11-08T01:00:00.000Z,nba,Bucks,Bulls,126,110,complete,2026-04-21 18:00:28.579654
261568,2025-11-08T03:00:00.000Z,nba,Nuggets,Warriors,129,104,complete,2026-04-21 18:00:28.579654
261569,2025-11-08T03:00:00.000Z,nba,Kings,Thunder,101,132,complete,2026-04-21 18:00:28.579654
261744,2025-11-09T00:00:00.000Z,nba,Wizards,Mavericks,105,111,complete,2026-04-21 18:00:28.579654
261745,2025-11-09T00:30:00.000Z,nba,76ers,Raptors,130,120,complete,2026-04-21 18:00:28.579654
261746,2025-11-09T01:00:00.000Z,nba,Cavaliers,Bulls,128,122,complete,2026-04-21 18:00:28.579654
261747,2025-11-09T01:00:00.000Z,nba,Spurs,Pelicans,126,119,complete,2026-04-21 18:00:28.579654
261748,2025-11-09T01:00:00.000Z,nba,Heat,Trail Blazers,136,131,complete,2026-04-21 18:00:28.579654
261749,2025-11-09T01:00:00.000Z,nba,Hawks,Lakers,122,102,complete,2026-04-21 18:00:28.579654
261750,2025-11-09T02:00:00.000Z,nba,Nuggets,Pacers,117,100,complete,2026-04-21 18:00:28.579654
261751,2025-11-09T03:30:00.000Z,nba,Clippers,Suns,103,114,complete,2026-04-21 18:00:28.579654
261752,2025-11-09T20:30:00.000Z,nba,Bucks,Rockets,115,122,complete,2026-04-21 18:00:28.579654
261753,2025-11-09T23:00:00.000Z,nba,Knicks,Nets,134,98,complete,2026-04-21 18:00:28.579654
261754,2025-11-09T23:00:00.000Z,nba,Grizzlies,Thunder,100,114,complete,2026-04-21 18:00:28.579654
261755,2025-11-09T23:00:00.000Z,nba,Magic,Celtics,107,111,complete,2026-04-21 18:00:28.579654
261756,2025-11-10T00:30:00.000Z,nba,76ers,Pistons,108,111,complete,2026-04-21 18:00:28.579654
261757,2025-11-10T01:30:00.000Z,nba,Warriors,Pacers,114,83,complete,2026-04-21 18:00:28.579654
261758,2025-11-10T02:00:00.000Z,nba,Kings,Timberwolves,117,144,complete,2026-04-21 18:00:28.579654
261759,2025-11-11T00:00:00.000Z,nba,Hornets,Lakers,111,121,complete,2026-04-21 18:00:28.579654
261760,2025-11-11T00:00:00.000Z,nba,Magic,Trail Blazers,115,112,complete,2026-04-21 18:00:28.579654
261761,2025-11-11T00:00:00.000Z,nba,Pistons,Wizards,137,135,complete,2026-04-21 18:00:28.579654
261762,2025-11-11T00:30:00.000Z,nba,Heat,Cavaliers,140,138,complete,2026-04-21 18:00:28.579654
261763,2025-11-11T01:00:00.000Z,nba,Bulls,Spurs,117,121,complete,2026-04-21 18:00:28.579654
261764,2025-11-11T01:30:00.000Z,nba,Mavericks,Bucks,114,116,complete,2026-04-21 18:00:28.579654
261765,2025-11-11T02:00:00.000Z,nba,Suns,Pelicans,121,98,complete,2026-04-21 18:00:28.579654
261766,2025-11-11T02:00:00.000Z,nba,Jazz,Timberwolves,113,120,complete,2026-04-21 18:00:28.579654
261767,2025-11-11T03:30:00.000Z,nba,Clippers,Hawks,102,105,complete,2026-04-21 18:00:28.579654
261768,2025-11-12T00:30:00.000Z,nba,Nets,Raptors,109,119,complete,2026-04-21 18:00:28.579654
282034,2025-11-12T00:30:00.000Z,nba,Knicks,Grizzlies,133,120,complete,2026-04-21 18:00:28.579654
261769,2025-11-12T01:00:00.000Z,nba,Thunder,Warriors,126,102,complete,2026-04-21 18:00:28.579654
261770,2025-11-12T01:00:00.000Z,nba,76ers,Celtics,102,100,complete,2026-04-21 18:00:28.579654
261771,2025-11-12T02:00:00.000Z,nba,Jazz,Pacers,152,128,complete,2026-04-21 18:00:28.579654
261772,2025-11-12T04:00:00.000Z,nba,Kings,Nuggets,108,122,complete,2026-04-21 18:00:28.579654
261773,2025-11-13T00:00:00.000Z,nba,Pistons,Bulls,124,113,complete,2026-04-21 18:00:28.579654
261774,2025-11-13T00:00:00.000Z,nba,Hornets,Bucks,111,100,complete,2026-04-21 18:00:28.579654
261775,2025-11-13T00:00:00.000Z,nba,Knicks,Magic,107,124,complete,2026-04-21 18:00:28.579654
261776,2025-11-13T00:30:00.000Z,nba,Celtics,Grizzlies,131,95,complete,2026-04-21 18:00:28.579654
261777,2025-11-13T00:30:00.000Z,nba,Heat,Cavaliers,116,130,complete,2026-04-21 18:00:28.579654
261778,2025-11-13T01:00:00.000Z,nba,Rockets,Wizards,135,112,complete,2026-04-21 18:00:28.579654
261779,2025-11-13T01:00:00.000Z,nba,Pelicans,Trail Blazers,117,125,complete,2026-04-21 18:00:28.579654
261780,2025-11-13T01:00:00.000Z,nba,Spurs,Warriors,120,125,complete,2026-04-21 18:00:28.579654
261781,2025-11-13T01:30:00.000Z,nba,Mavericks,Suns,114,123,complete,2026-04-21 18:00:28.579654
261782,2025-11-13T02:30:00.000Z,nba,Thunder,Lakers,121,92,complete,2026-04-21 18:00:28.579654
261783,2025-11-13T03:00:00.000Z,nba,Kings,Hawks,100,133,complete,2026-04-21 18:00:28.579654
261784,2025-11-13T03:30:00.000Z,nba,Clippers,Nuggets,116,130,complete,2026-04-21 18:00:28.579654
261785,2025-11-14T00:00:00.000Z,nba,Cavaliers,Raptors,113,126,complete,2026-04-21 18:00:28.579654
261786,2025-11-14T02:00:00.000Z,nba,Suns,Pacers,133,98,complete,2026-04-21 18:00:28.579654
261787,2025-11-14T02:00:00.000Z,nba,Jazz,Hawks,122,132,complete,2026-04-21 18:00:28.579654
261570,2025-11-15T00:00:00.000Z,nba,Magic,Nets,105,98,complete,2026-04-21 18:00:28.579654
261571,2025-11-15T00:00:00.000Z,nba,Knicks,Heat,140,132,complete,2026-04-21 18:00:28.579654
261572,2025-11-15T00:30:00.000Z,nba,Pistons,76ers,114,105,complete,2026-04-21 18:00:28.579654
261573,2025-11-15T01:00:00.000Z,nba,Timberwolves,Kings,124,110,complete,2026-04-21 18:00:28.579654
261574,2025-11-15T01:00:00.000Z,nba,Bucks,Hornets,147,134,complete,2026-04-21 18:00:28.579654
261575,2025-11-15T01:00:00.000Z,nba,Rockets,Trail Blazers,140,116,complete,2026-04-21 18:00:28.579654
261576,2025-11-15T01:00:00.000Z,nba,Pelicans,Lakers,104,118,complete,2026-04-21 18:00:28.579654
261577,2025-11-15T01:30:00.000Z,nba,Mavericks,Clippers,127,133,complete,2026-04-21 18:00:28.579654
261578,2025-11-15T02:30:00.000Z,nba,Spurs,Warriors,108,109,complete,2026-04-21 18:00:28.579654
261788,2025-11-15T22:00:00.000Z,nba,Cavaliers,Grizzlies,108,100,complete,2026-04-21 18:00:28.579654
261789,2025-11-16T00:00:00.000Z,nba,Hornets,Thunder,96,109,complete,2026-04-21 18:00:28.579654
261790,2025-11-16T00:00:00.000Z,nba,Pacers,Raptors,111,129,complete,2026-04-21 18:00:28.579654
261791,2025-11-16T01:00:00.000Z,nba,Bucks,Lakers,95,119,complete,2026-04-21 18:00:28.579654
261792,2025-11-16T01:00:00.000Z,nba,Timberwolves,Nuggets,112,123,complete,2026-04-21 18:00:28.579654
261793,2025-11-16T20:30:00.000Z,nba,Celtics,Clippers,121,118,complete,2026-04-21 18:00:28.579654
261794,2025-11-16T21:00:00.000Z,nba,Spurs,Kings,123,110,complete,2026-04-21 18:00:28.579654
261795,2025-11-16T23:00:00.000Z,nba,Wizards,Nets,106,129,complete,2026-04-21 18:00:28.579654
261796,2025-11-17T00:00:00.000Z,nba,Pelicans,Warriors,106,124,complete,2026-04-21 18:00:28.579654
261797,2025-11-17T00:00:00.000Z,nba,Rockets,Magic,117,113,complete,2026-04-21 18:00:28.579654
261798,2025-11-17T00:30:00.000Z,nba,Mavericks,Trail Blazers,138,133,complete,2026-04-21 18:00:28.579654
261799,2025-11-17T01:00:00.000Z,nba,Suns,Hawks,122,124,complete,2026-04-21 18:00:28.579654
261800,2025-11-17T01:00:00.000Z,nba,Jazz,Bulls,150,147,complete,2026-04-21 18:00:28.579654
261801,2025-11-18T00:00:00.000Z,nba,Cavaliers,Bucks,118,106,complete,2026-04-21 18:00:28.579654
261802,2025-11-18T00:00:00.000Z,nba,Pistons,Pacers,127,112,complete,2026-04-21 18:00:28.579654
261803,2025-11-18T00:00:00.000Z,nba,76ers,Clippers,110,108,complete,2026-04-21 18:00:28.579654
261804,2025-11-18T00:30:00.000Z,nba,Heat,Knicks,115,113,complete,2026-04-21 18:00:28.579654
261805,2025-11-18T00:30:00.000Z,nba,Raptors,Hornets,110,108,complete,2026-04-21 18:00:28.579654
261806,2025-11-18T01:00:00.000Z,nba,Timberwolves,Mavericks,120,96,complete,2026-04-21 18:00:28.579654
261807,2025-11-18T01:00:00.000Z,nba,Pelicans,Thunder,109,126,complete,2026-04-21 18:00:28.579654
261808,2025-11-18T02:00:00.000Z,nba,Nuggets,Bulls,127,130,complete,2026-04-21 18:00:28.579654
261809,2025-11-19T00:00:00.000Z,nba,Magic,Warriors,121,113,complete,2026-04-21 18:00:28.579654
261810,2025-11-19T00:30:00.000Z,nba,Nets,Celtics,99,113,complete,2026-04-21 18:00:28.579654
261811,2025-11-19T00:30:00.000Z,nba,Hawks,Pistons,112,120,complete,2026-04-21 18:00:28.579654
261812,2025-11-19T01:00:00.000Z,nba,Spurs,Grizzlies,111,101,complete,2026-04-21 18:00:28.579654
261813,2025-11-19T03:30:00.000Z,nba,Lakers,Jazz,140,126,complete,2026-04-21 18:00:28.579654
261814,2025-11-19T04:00:00.000Z,nba,Trail Blazers,Suns,110,127,complete,2026-04-21 18:00:28.579654
261815,2025-11-20T00:00:00.000Z,nba,Cavaliers,Rockets,104,114,complete,2026-04-21 18:00:28.579654
261816,2025-11-20T00:00:00.000Z,nba,Pacers,Hornets,127,118,complete,2026-04-21 18:00:28.579654
261818,2025-11-20T00:00:00.000Z,nba,76ers,Raptors,112,121,complete,2026-04-21 18:00:28.579654
261817,2025-11-20T00:30:00.000Z,nba,Heat,Warriors,110,96,complete,2026-04-21 18:00:28.579654
261819,2025-11-20T01:00:00.000Z,nba,Thunder,Kings,113,99,complete,2026-04-21 18:00:28.579654
261820,2025-11-20T01:00:00.000Z,nba,Pelicans,Nuggets,118,125,complete,2026-04-21 18:00:28.579654
261821,2025-11-20T01:00:00.000Z,nba,Timberwolves,Wizards,120,109,complete,2026-04-21 18:00:28.579654
261822,2025-11-20T02:30:00.000Z,nba,Mavericks,Knicks,111,113,complete,2026-04-21 18:00:28.579654
261823,2025-11-20T03:00:00.000Z,nba,Trail Blazers,Bulls,121,122,complete,2026-04-21 18:00:28.579654
261824,2025-11-21T00:00:00.000Z,nba,Magic,Clippers,129,101,complete,2026-04-21 18:00:28.579654
261825,2025-11-21T01:00:00.000Z,nba,Grizzlies,Kings,137,96,complete,2026-04-21 18:00:28.579654
261826,2025-11-21T01:00:00.000Z,nba,Bucks,76ers,114,123,complete,2026-04-21 18:00:28.579654
261827,2025-11-21T01:00:00.000Z,nba,Spurs,Hawks,135,126,complete,2026-04-21 18:00:28.579654
261579,2025-11-22T00:00:00.000Z,nba,Cavaliers,Pacers,120,109,complete,2026-04-21 18:00:28.579654
261580,2025-11-22T00:30:00.000Z,nba,Raptors,Wizards,140,110,complete,2026-04-21 18:00:28.579654
261581,2025-11-22T00:30:00.000Z,nba,Celtics,Nets,105,113,complete,2026-04-21 18:00:28.579654
261582,2025-11-22T01:00:00.000Z,nba,Bulls,Heat,107,143,complete,2026-04-21 18:00:28.579654
261583,2025-11-22T01:30:00.000Z,nba,Mavericks,Pelicans,118,115,complete,2026-04-21 18:00:28.579654
261584,2025-11-22T02:00:00.000Z,nba,Suns,Timberwolves,114,113,complete,2026-04-21 18:00:28.579654
261585,2025-11-22T02:30:00.000Z,nba,Rockets,Nuggets,109,112,complete,2026-04-21 18:00:28.579654
261586,2025-11-22T03:00:00.000Z,nba,Jazz,Thunder,112,144,complete,2026-04-21 18:00:28.579654
261587,2025-11-22T03:00:00.000Z,nba,Warriors,Trail Blazers,123,127,complete,2026-04-21 18:00:28.579654
261828,2025-11-22T18:00:00.000Z,nba,Hornets,Clippers,116,131,complete,2026-04-21 18:00:28.579654
261829,2025-11-22T22:00:00.000Z,nba,Magic,Knicks,133,121,complete,2026-04-21 18:00:28.579654
261830,2025-11-23T00:00:00.000Z,nba,Pelicans,Hawks,98,115,complete,2026-04-21 18:00:28.579654
261831,2025-11-23T01:00:00.000Z,nba,Bulls,Wizards,121,120,complete,2026-04-21 18:00:28.579654
261832,2025-11-23T01:00:00.000Z,nba,Bucks,Pistons,116,129,complete,2026-04-21 18:00:28.579654
261833,2025-11-23T01:30:00.000Z,nba,Mavericks,Grizzlies,96,102,complete,2026-04-21 18:00:28.579654
261834,2025-11-23T03:00:00.000Z,nba,Nuggets,Kings,123,128,complete,2026-04-21 18:00:28.579654
261835,2025-11-23T18:00:00.000Z,nba,76ers,Heat,117,127,complete,2026-04-21 18:00:28.579654
261836,2025-11-23T23:00:00.000Z,nba,Raptors,Nets,119,109,complete,2026-04-21 18:00:28.579654
261837,2025-11-23T23:00:00.000Z,nba,Celtics,Magic,138,129,complete,2026-04-21 18:00:28.579654
261838,2025-11-23T23:00:00.000Z,nba,Cavaliers,Clippers,120,105,complete,2026-04-21 18:00:28.579654
261839,2025-11-23T23:00:00.000Z,nba,Hawks,Hornets,113,110,complete,2026-04-21 18:00:28.579654
261840,2025-11-24T00:00:00.000Z,nba,Thunder,Trail Blazers,122,95,complete,2026-04-21 18:00:28.579654
261841,2025-11-24T01:00:00.000Z,nba,Suns,Spurs,111,102,complete,2026-04-21 18:00:28.579654
261842,2025-11-24T01:00:00.000Z,nba,Jazz,Lakers,106,108,complete,2026-04-21 18:00:28.579654
261843,2025-11-25T00:00:00.000Z,nba,Raptors,Cavaliers,110,99,complete,2026-04-21 18:00:28.579654
261844,2025-11-25T00:00:00.000Z,nba,Pacers,Pistons,117,122,complete,2026-04-21 18:00:28.579654
261845,2025-11-25T00:30:00.000Z,nba,Nets,Knicks,100,113,complete,2026-04-21 18:00:28.579654
261846,2025-11-25T00:30:00.000Z,nba,Heat,Mavericks,106,102,complete,2026-04-21 18:00:28.579654
261847,2025-11-25T01:00:00.000Z,nba,Pelicans,Bulls,143,130,complete,2026-04-21 18:00:28.579654
261848,2025-11-25T01:00:00.000Z,nba,Bucks,Trail Blazers,103,115,complete,2026-04-21 18:00:28.579654
261849,2025-11-25T01:00:00.000Z,nba,Grizzlies,Nuggets,115,125,complete,2026-04-21 18:00:28.579654
261850,2025-11-25T02:30:00.000Z,nba,Suns,Rockets,92,114,complete,2026-04-21 18:00:28.579654
261851,2025-11-25T03:00:00.000Z,nba,Kings,Timberwolves,117,112,complete,2026-04-21 18:00:28.579654
261852,2025-11-25T03:00:00.000Z,nba,Warriors,Jazz,134,117,complete,2026-04-21 18:00:28.579654
261588,2025-11-26T00:00:00.000Z,nba,Wizards,Hawks,132,113,complete,2026-04-21 18:00:28.579654
261589,2025-11-26T01:00:00.000Z,nba,76ers,Magic,103,144,complete,2026-04-21 18:00:28.579654
261590,2025-11-26T04:00:00.000Z,nba,Lakers,Clippers,135,118,complete,2026-04-21 18:00:28.579654
261591,2025-11-26T22:00:00.000Z,nba,Celtics,Pistons,117,114,complete,2026-04-21 18:00:28.579654
261592,2025-11-27T00:00:00.000Z,nba,Hornets,Knicks,101,129,complete,2026-04-21 18:00:28.579654
261593,2025-11-27T00:30:00.000Z,nba,Heat,Bucks,106,103,complete,2026-04-21 18:00:28.579654
261600,2025-11-27T00:30:00.000Z,nba,Raptors,Pacers,97,95,complete,2026-04-21 18:00:28.579654
261601,2025-11-27T00:30:00.000Z,nba,Thunder,Timberwolves,113,105,complete,2026-04-21 18:00:28.579654
261602,2025-11-27T01:00:00.000Z,nba,Pelicans,Grizzlies,128,133,complete,2026-04-21 18:00:28.579654
261603,2025-11-27T03:00:00.000Z,nba,Trail Blazers,Spurs,102,115,complete,2026-04-21 18:00:28.579654
261604,2025-11-27T03:00:00.000Z,nba,Kings,Suns,100,112,complete,2026-04-21 18:00:28.579654
261605,2025-11-27T03:00:00.000Z,nba,Warriors,Rockets,100,104,complete,2026-04-21 18:00:28.579654
261606,2025-11-29T00:30:00.000Z,nba,Knicks,Bucks,118,109,complete,2026-04-21 18:00:28.579654
261607,2025-11-29T00:30:00.000Z,nba,Pacers,Wizards,119,86,complete,2026-04-21 18:00:28.579654
261608,2025-11-29T00:30:00.000Z,nba,Pistons,Magic,109,112,complete,2026-04-21 18:00:28.579654
261609,2025-11-29T00:30:00.000Z,nba,Hornets,Bulls,123,116,complete,2026-04-21 18:00:28.579654
261610,2025-11-29T00:30:00.000Z,nba,Hawks,Cavaliers,130,123,complete,2026-04-21 18:00:28.579654
261611,2025-11-29T00:30:00.000Z,nba,Nets,76ers,103,115,complete,2026-04-21 18:00:28.579654
261612,2025-11-29T02:30:00.000Z,nba,Thunder,Suns,123,119,complete,2026-04-21 18:00:28.579654
261613,2025-11-29T02:30:00.000Z,nba,Nuggets,Spurs,136,139,complete,2026-04-21 18:00:28.579654
261614,2025-11-29T02:30:00.000Z,nba,Jazz,Kings,128,119,complete,2026-04-21 18:00:28.579654
261615,2025-11-29T03:00:00.000Z,nba,Clippers,Grizzlies,107,112,complete,2026-04-21 18:00:28.579654
261616,2025-11-29T03:00:00.000Z,nba,Lakers,Mavericks,129,119,complete,2026-04-21 18:00:28.579654
261853,2025-11-29T22:00:00.000Z,nba,Timberwolves,Celtics,119,115,complete,2026-04-21 18:00:28.579654
261854,2025-11-29T23:00:00.000Z,nba,Hornets,Raptors,118,111,complete,2026-04-21 18:00:28.579654
261855,2025-11-30T00:30:00.000Z,nba,Pacers,Bulls,103,101,complete,2026-04-21 18:00:28.579654
261856,2025-11-30T01:00:00.000Z,nba,Bucks,Nets,116,99,complete,2026-04-21 18:00:28.579654
261857,2025-11-30T01:00:00.000Z,nba,Heat,Pistons,135,138,complete,2026-04-21 18:00:28.579654
261858,2025-11-30T01:30:00.000Z,nba,Warriors,Pelicans,104,96,complete,2026-04-21 18:00:28.579654
261859,2025-11-30T02:00:00.000Z,nba,Suns,Nuggets,112,130,complete,2026-04-21 18:00:28.579654
261860,2025-11-30T03:00:00.000Z,nba,Clippers,Mavericks,110,114,complete,2026-04-21 18:00:28.579654
261861,2025-11-30T20:00:00.000Z,nba,Jazz,Rockets,101,129,complete,2026-04-21 18:00:28.579654
261862,2025-11-30T23:00:00.000Z,nba,Trail Blazers,Thunder,115,123,complete,2026-04-21 18:00:28.579654
261863,2025-11-30T23:00:00.000Z,nba,Cavaliers,Celtics,115,117,complete,2026-04-21 18:00:28.579654
261864,2025-11-30T23:00:00.000Z,nba,76ers,Hawks,134,142,complete,2026-04-21 18:00:28.579654
261865,2025-11-30T23:00:00.000Z,nba,Knicks,Raptors,116,94,complete,2026-04-21 18:00:28.579654
261866,2025-12-01T00:00:00.000Z,nba,Timberwolves,Spurs,125,112,complete,2026-04-21 18:00:28.579654
261867,2025-12-01T02:00:00.000Z,nba,Kings,Grizzlies,107,115,complete,2026-04-21 18:00:28.579654
261868,2025-12-01T02:30:00.000Z,nba,Lakers,Pelicans,133,121,complete,2026-04-21 18:00:28.579654
261869,2025-12-02T00:00:00.000Z,nba,Pacers,Cavaliers,119,135,complete,2026-04-21 18:00:28.579654
261870,2025-12-02T00:00:00.000Z,nba,Wizards,Bucks,129,126,complete,2026-04-21 18:00:28.579654
261871,2025-12-02T00:00:00.000Z,nba,Pistons,Hawks,99,98,complete,2026-04-21 18:00:28.579654
261872,2025-12-02T00:30:00.000Z,nba,Nets,Hornets,116,103,complete,2026-04-21 18:00:28.579654
261873,2025-12-02T00:30:00.000Z,nba,Magic,Bulls,125,120,complete,2026-04-21 18:00:28.579654
261874,2025-12-02T00:30:00.000Z,nba,Heat,Clippers,140,123,complete,2026-04-21 18:00:28.579654
261875,2025-12-02T02:00:00.000Z,nba,Jazz,Rockets,133,125,complete,2026-04-21 18:00:28.579654
261876,2025-12-02T02:00:00.000Z,nba,Nuggets,Mavericks,121,131,complete,2026-04-21 18:00:28.579654
261877,2025-12-02T03:00:00.000Z,nba,Lakers,Suns,108,125,complete,2026-04-21 18:00:28.579654
261878,2025-12-03T00:00:00.000Z,nba,76ers,Wizards,121,102,complete,2026-04-21 18:00:28.579654
261879,2025-12-03T00:30:00.000Z,nba,Raptors,Trail Blazers,121,118,complete,2026-04-21 18:00:28.579654
261880,2025-12-03T01:00:00.000Z,nba,Celtics,Knicks,123,117,complete,2026-04-21 18:00:28.579654
261881,2025-12-03T01:00:00.000Z,nba,Spurs,Grizzlies,126,119,complete,2026-04-21 18:00:28.579654
261882,2025-12-03T01:00:00.000Z,nba,Pelicans,Timberwolves,142,149,complete,2026-04-21 18:00:28.579654
261883,2025-12-03T04:00:00.000Z,nba,Warriors,Thunder,112,124,complete,2026-04-21 18:00:28.579654
261884,2025-12-04T00:00:00.000Z,nba,Cavaliers,Trail Blazers,110,122,complete,2026-04-21 18:00:28.579654
261885,2025-12-04T00:00:00.000Z,nba,Pacers,Nuggets,120,135,complete,2026-04-21 18:00:28.579654
261886,2025-12-04T00:00:00.000Z,nba,Magic,Spurs,112,114,complete,2026-04-21 18:00:28.579654
261887,2025-12-04T00:30:00.000Z,nba,Hawks,Clippers,92,115,complete,2026-04-21 18:00:28.579654
261888,2025-12-04T00:30:00.000Z,nba,Knicks,Hornets,119,104,complete,2026-04-21 18:00:28.579654
261889,2025-12-04T01:00:00.000Z,nba,Bucks,Pistons,113,109,complete,2026-04-21 18:00:28.579654
261890,2025-12-04T01:00:00.000Z,nba,Rockets,Kings,121,95,complete,2026-04-21 18:00:28.579654
261891,2025-12-04T01:00:00.000Z,nba,Bulls,Nets,103,113,complete,2026-04-21 18:00:28.579654
261892,2025-12-04T01:30:00.000Z,nba,Mavericks,Heat,118,108,complete,2026-04-21 18:00:28.579654
261893,2025-12-05T00:00:00.000Z,nba,Wizards,Celtics,101,146,complete,2026-04-21 18:00:28.579654
261894,2025-12-05T00:00:00.000Z,nba,76ers,Warriors,99,98,complete,2026-04-21 18:00:28.579654
261895,2025-12-05T00:30:00.000Z,nba,Nets,Jazz,110,123,complete,2026-04-21 18:00:28.579654
261896,2025-12-05T00:30:00.000Z,nba,Raptors,Lakers,120,123,complete,2026-04-21 18:00:28.579654
261897,2025-12-05T01:00:00.000Z,nba,Pelicans,Timberwolves,116,125,complete,2026-04-21 18:00:28.579654
261898,2025-12-06T00:00:00.000Z,nba,Magic,Heat,106,105,complete,2026-04-21 18:00:28.579654
261899,2025-12-06T00:00:00.000Z,nba,Celtics,Lakers,126,105,complete,2026-04-21 18:00:28.579654
261900,2025-12-06T00:30:00.000Z,nba,Pistons,Trail Blazers,122,116,complete,2026-04-21 18:00:28.579654
261901,2025-12-06T00:30:00.000Z,nba,Knicks,Jazz,146,112,complete,2026-04-21 18:00:28.579654
261902,2025-12-06T00:30:00.000Z,nba,Raptors,Hornets,86,111,complete,2026-04-21 18:00:28.579654
261903,2025-12-06T00:30:00.000Z,nba,Cavaliers,Spurs,130,117,complete,2026-04-21 18:00:28.579654
261904,2025-12-06T00:30:00.000Z,nba,Hawks,Nuggets,133,134,complete,2026-04-21 18:00:28.579654
261905,2025-12-06T01:00:00.000Z,nba,Rockets,Suns,117,98,complete,2026-04-21 18:00:28.579654
261906,2025-12-06T01:00:00.000Z,nba,Bucks,76ers,101,116,complete,2026-04-21 18:00:28.579654
261907,2025-12-06T01:00:00.000Z,nba,Grizzlies,Clippers,107,98,complete,2026-04-21 18:00:28.579654
261908,2025-12-06T01:00:00.000Z,nba,Bulls,Pacers,105,120,complete,2026-04-21 18:00:28.579654
261909,2025-12-06T02:30:00.000Z,nba,Thunder,Mavericks,132,111,complete,2026-04-21 18:00:28.579654
261910,2025-12-06T22:00:00.000Z,nba,Nets,Pelicans,119,101,complete,2026-04-21 18:00:28.579654
261911,2025-12-07T00:00:00.000Z,nba,Wizards,Hawks,116,131,complete,2026-04-21 18:00:28.579654
261912,2025-12-07T00:30:00.000Z,nba,Cavaliers,Warriors,94,99,complete,2026-04-21 18:00:28.579654
261913,2025-12-07T00:30:00.000Z,nba,Pistons,Bucks,124,112,complete,2026-04-21 18:00:28.579654
261914,2025-12-07T01:00:00.000Z,nba,Heat,Kings,111,127,complete,2026-04-21 18:00:28.579654
261915,2025-12-07T01:00:00.000Z,nba,Timberwolves,Clippers,109,106,complete,2026-04-21 18:00:28.579654
261916,2025-12-07T01:30:00.000Z,nba,Mavericks,Rockets,122,109,complete,2026-04-21 18:00:28.579654
261917,2025-12-07T17:00:00.000Z,nba,Knicks,Magic,106,100,complete,2026-04-21 18:00:28.579654
261918,2025-12-07T20:30:00.000Z,nba,Raptors,Celtics,113,121,complete,2026-04-21 18:00:28.579654
261919,2025-12-07T23:00:00.000Z,nba,Grizzlies,Trail Blazers,119,96,complete,2026-04-21 18:00:28.579654
261920,2025-12-07T23:00:00.000Z,nba,Hornets,Nuggets,106,115,complete,2026-04-21 18:00:28.579654
261921,2025-12-08T00:00:00.000Z,nba,Bulls,Warriors,91,123,complete,2026-04-21 18:00:28.579654
261922,2025-12-08T00:30:00.000Z,nba,76ers,Lakers,108,112,complete,2026-04-21 18:00:28.579654
261923,2025-12-08T01:00:00.000Z,nba,Jazz,Thunder,101,131,complete,2026-04-21 18:00:28.579654
261924,2025-12-09T00:00:00.000Z,nba,Pacers,Kings,116,105,complete,2026-04-21 18:00:28.579654
261925,2025-12-09T00:30:00.000Z,nba,Timberwolves,Suns,105,108,complete,2026-04-21 18:00:28.579654
261926,2025-12-09T01:00:00.000Z,nba,Pelicans,Spurs,132,135,complete,2026-04-21 18:00:28.579654
282886,2025-12-09T23:00:00.000Z,nba,Magic,Heat,117,108,complete,2026-04-21 18:00:28.579654
282887,2025-12-10T01:30:00.000Z,nba,Raptors,Knicks,101,117,complete,2026-04-21 18:00:28.579654
282888,2025-12-11T00:30:00.000Z,nba,Thunder,Suns,138,89,complete,2026-04-21 18:00:28.579654
282889,2025-12-11T03:00:00.000Z,nba,Lakers,Spurs,119,132,complete,2026-04-21 18:00:28.579654
282890,2025-12-12T01:00:00.000Z,nba,Rockets,Clippers,115,113,complete,2026-04-21 18:00:28.579654
282891,2025-12-12T01:00:00.000Z,nba,Pelicans,Trail Blazers,143,120,complete,2026-04-21 18:00:28.579654
282892,2025-12-12T01:00:00.000Z,nba,Bucks,Celtics,116,101,complete,2026-04-21 18:00:28.579654
282893,2025-12-12T03:00:00.000Z,nba,Kings,Nuggets,105,136,complete,2026-04-21 18:00:28.579654
282894,2025-12-13T00:00:00.000Z,nba,Wizards,Cavaliers,126,130,complete,2026-04-21 18:00:28.579654
282895,2025-12-13T00:00:00.000Z,nba,Pistons,Hawks,142,115,complete,2026-04-21 18:00:28.579654
282896,2025-12-13T00:00:00.000Z,nba,Hornets,Bulls,126,129,complete,2026-04-21 18:00:28.579654
282897,2025-12-13T00:00:00.000Z,nba,76ers,Pacers,115,105,complete,2026-04-21 18:00:28.579654
282898,2025-12-13T01:00:00.000Z,nba,Grizzlies,Jazz,126,130,complete,2026-04-21 18:00:28.579654
282899,2025-12-13T01:30:00.000Z,nba,Mavericks,Nets,119,111,complete,2026-04-21 18:00:28.579654
282900,2025-12-13T03:00:00.000Z,nba,Warriors,Timberwolves,120,127,complete,2026-04-21 18:00:28.579654
283262,2025-12-13T22:30:00.000Z,nba,Magic,Knicks,120,132,complete,2026-04-21 18:00:28.579654
283328,2025-12-14T02:00:00.000Z,nba,Thunder,Spurs,109,111,complete,2026-04-21 18:00:28.579654
282901,2025-12-14T20:00:00.000Z,nba,Pacers,Wizards,89,108,complete,2026-04-21 18:00:28.579654
282903,2025-12-14T20:30:00.000Z,nba,Cavaliers,Hornets,111,119,complete,2026-04-21 18:00:28.579654
282902,2025-12-14T23:00:00.000Z,nba,Hawks,76ers,120,117,complete,2026-04-21 18:00:28.579654
282904,2025-12-14T23:00:00.000Z,nba,Nets,Bucks,127,82,complete,2026-04-21 18:00:28.579654
282905,2025-12-15T00:00:00.000Z,nba,Timberwolves,Kings,117,103,complete,2026-04-21 18:00:28.579654
282908,2025-12-15T00:00:00.000Z,nba,Bulls,Pelicans,104,114,complete,2026-04-21 18:00:28.579654
283329,2025-12-15T01:00:00.000Z,nba,Suns,Lakers,114,116,complete,2026-04-21 18:00:28.579654
282906,2025-12-15T02:00:00.000Z,nba,Trail Blazers,Warriors,136,131,complete,2026-04-21 18:00:28.579654
282907,2025-12-16T00:00:00.000Z,nba,Celtics,Pistons,105,112,complete,2026-04-21 18:00:28.579654
283295,2025-12-16T00:30:00.000Z,nba,Heat,Raptors,96,106,complete,2026-04-21 18:00:28.579654
282909,2025-12-16T02:00:00.000Z,nba,Jazz,Mavericks,140,133,complete,2026-04-21 18:00:28.579654
282910,2025-12-16T02:30:00.000Z,nba,Nuggets,Rockets,128,125,complete,2026-04-21 18:00:28.579654
282911,2025-12-16T03:30:00.000Z,nba,Clippers,Grizzlies,103,121,complete,2026-04-21 18:00:28.579654
283363,2025-12-17T01:30:00.000Z,nba,Knicks,Spurs,124,113,complete,2026-04-21 18:00:28.579654
261928,2025-12-18T01:00:00.000Z,nba,Timberwolves,Grizzlies,110,116,complete,2026-04-21 18:00:28.579654
261929,2025-12-18T01:00:00.000Z,nba,Bulls,Cavaliers,127,111,complete,2026-04-21 18:00:28.579654
261931,2025-12-19T00:00:00.000Z,nba,Pacers,Knicks,113,114,complete,2026-04-21 18:00:28.579654
261932,2025-12-19T00:00:00.000Z,nba,Hornets,Hawks,133,126,complete,2026-04-21 18:00:28.579654
261933,2025-12-19T00:30:00.000Z,nba,Nets,Heat,95,106,complete,2026-04-21 18:00:28.579654
261934,2025-12-19T01:00:00.000Z,nba,Pelicans,Rockets,133,128,complete,2026-04-21 18:00:28.579654
261935,2025-12-19T01:00:00.000Z,nba,Bucks,Raptors,105,111,complete,2026-04-21 18:00:28.579654
283460,2025-12-19T01:00:00.000Z,nba,Spurs,Wizards,119,94,complete,2026-04-21 18:00:28.579654
283461,2025-12-19T01:00:00.000Z,nba,Thunder,Clippers,122,101,complete,2026-04-21 18:00:28.579654
261936,2025-12-19T01:30:00.000Z,nba,Mavericks,Pistons,116,114,complete,2026-04-21 18:00:28.579654
261937,2025-12-19T02:00:00.000Z,nba,Suns,Warriors,99,98,complete,2026-04-21 18:00:28.579654
261938,2025-12-19T02:00:00.000Z,nba,Jazz,Lakers,135,143,complete,2026-04-21 18:00:28.579654
261939,2025-12-19T02:00:00.000Z,nba,Nuggets,Magic,126,115,complete,2026-04-21 18:00:28.579654
261940,2025-12-19T03:00:00.000Z,nba,Trail Blazers,Kings,134,133,complete,2026-04-21 18:00:28.579654
261941,2025-12-20T00:00:00.000Z,nba,Celtics,Heat,129,116,complete,2026-04-21 18:00:28.579654
261942,2025-12-20T00:00:00.000Z,nba,Knicks,76ers,107,116,complete,2026-04-21 18:00:28.579654
261943,2025-12-20T00:30:00.000Z,nba,Hawks,Spurs,98,126,complete,2026-04-21 18:00:28.579654
261944,2025-12-20T00:30:00.000Z,nba,Cavaliers,Bulls,125,136,complete,2026-04-21 18:00:28.579654
261945,2025-12-20T02:30:00.000Z,nba,Timberwolves,Thunder,112,107,complete,2026-04-21 18:00:28.579654
261946,2025-12-20T22:00:00.000Z,nba,Nuggets,Rockets,101,115,complete,2026-04-21 18:00:28.579654
261947,2025-12-21T00:00:00.000Z,nba,76ers,Mavericks,121,114,complete,2026-04-21 18:00:28.579654
261948,2025-12-21T00:00:00.000Z,nba,Raptors,Celtics,96,112,complete,2026-04-21 18:00:28.579654
261949,2025-12-21T00:00:00.000Z,nba,Pelicans,Pacers,128,109,complete,2026-04-21 18:00:28.579654
261950,2025-12-21T00:30:00.000Z,nba,Pistons,Hornets,112,86,complete,2026-04-21 18:00:28.579654
261951,2025-12-21T01:00:00.000Z,nba,Grizzlies,Wizards,122,130,complete,2026-04-21 18:00:28.579654
261952,2025-12-21T01:30:00.000Z,nba,Warriors,Suns,119,116,complete,2026-04-21 18:00:28.579654
261953,2025-12-21T02:30:00.000Z,nba,Jazz,Magic,127,128,complete,2026-04-21 18:00:28.579654
261954,2025-12-21T03:00:00.000Z,nba,Kings,Trail Blazers,93,98,complete,2026-04-21 18:00:28.579654
261955,2025-12-21T03:30:00.000Z,nba,Clippers,Lakers,103,88,complete,2026-04-21 18:00:28.579654
261956,2025-12-21T20:30:00.000Z,nba,Hawks,Bulls,150,152,complete,2026-04-21 18:00:28.579654
261957,2025-12-21T23:00:00.000Z,nba,Knicks,Heat,132,125,complete,2026-04-21 18:00:28.579654
261958,2025-12-21T23:00:00.000Z,nba,Nets,Raptors,96,81,complete,2026-04-21 18:00:28.579654
261959,2025-12-22T00:00:00.000Z,nba,Timberwolves,Bucks,103,100,complete,2026-04-21 18:00:28.579654
261960,2025-12-22T00:00:00.000Z,nba,Wizards,Spurs,113,124,complete,2026-04-21 18:00:28.579654
261961,2025-12-22T03:00:00.000Z,nba,Kings,Rockets,125,124,complete,2026-04-21 18:00:28.579654
261962,2025-12-23T00:00:00.000Z,nba,Cavaliers,Hornets,139,132,complete,2026-04-21 18:00:28.579654
261963,2025-12-23T00:30:00.000Z,nba,Celtics,Pacers,103,95,complete,2026-04-21 18:00:28.579654
261964,2025-12-23T01:00:00.000Z,nba,Pelicans,Mavericks,119,113,complete,2026-04-21 18:00:28.579654
261965,2025-12-23T02:00:00.000Z,nba,Nuggets,Jazz,135,112,complete,2026-04-21 18:00:28.579654
261966,2025-12-23T02:30:00.000Z,nba,Thunder,Grizzlies,119,103,complete,2026-04-21 18:00:28.579654
261967,2025-12-23T03:00:00.000Z,nba,Warriors,Magic,120,97,complete,2026-04-21 18:00:28.579654
261968,2025-12-23T03:00:00.000Z,nba,Trail Blazers,Pistons,102,110,complete,2026-04-21 18:00:28.579654
261969,2025-12-24T00:00:00.000Z,nba,Hornets,Wizards,126,109,complete,2026-04-21 18:00:28.579654
261970,2025-12-24T00:00:00.000Z,nba,76ers,Nets,106,114,complete,2026-04-21 18:00:28.579654
261971,2025-12-24T00:30:00.000Z,nba,Pacers,Bucks,94,111,complete,2026-04-21 18:00:28.579654
261972,2025-12-24T00:30:00.000Z,nba,Heat,Raptors,91,112,complete,2026-04-21 18:00:28.579654
261973,2025-12-24T00:30:00.000Z,nba,Cavaliers,Pelicans,141,118,complete,2026-04-21 18:00:28.579654
261974,2025-12-24T00:30:00.000Z,nba,Hawks,Bulls,123,126,complete,2026-04-21 18:00:28.579654
261975,2025-12-24T01:00:00.000Z,nba,Mavericks,Nuggets,131,130,complete,2026-04-21 18:00:28.579654
261976,2025-12-24T01:00:00.000Z,nba,Timberwolves,Knicks,115,104,complete,2026-04-21 18:00:28.579654
261977,2025-12-24T01:30:00.000Z,nba,Spurs,Thunder,130,110,complete,2026-04-21 18:00:28.579654
261978,2025-12-24T02:00:00.000Z,nba,Jazz,Grizzlies,128,137,complete,2026-04-21 18:00:28.579654
261979,2025-12-24T02:00:00.000Z,nba,Suns,Lakers,132,108,complete,2026-04-21 18:00:28.579654
261980,2025-12-24T03:00:00.000Z,nba,Trail Blazers,Magic,106,110,complete,2026-04-21 18:00:28.579654
261981,2025-12-24T03:00:00.000Z,nba,Kings,Pistons,127,136,complete,2026-04-21 18:00:28.579654
261982,2025-12-24T03:30:00.000Z,nba,Clippers,Rockets,128,108,complete,2026-04-21 18:00:28.579654
261594,2025-12-25T17:00:00.000Z,nba,Knicks,Cavaliers,126,124,complete,2026-04-21 18:00:28.579654
261595,2025-12-25T19:30:00.000Z,nba,Thunder,Spurs,102,117,complete,2026-04-21 18:00:28.579654
261596,2025-12-25T22:00:00.000Z,nba,Warriors,Mavericks,126,116,complete,2026-04-21 18:00:28.579654
261597,2025-12-26T01:00:00.000Z,nba,Lakers,Rockets,96,119,complete,2026-04-21 18:00:28.579654
261598,2025-12-26T03:30:00.000Z,nba,Nuggets,Timberwolves,142,138,complete,2026-04-21 18:00:28.579654
261983,2025-12-27T00:00:00.000Z,nba,Magic,Hornets,105,120,complete,2026-04-21 18:00:28.579654
261984,2025-12-27T00:00:00.000Z,nba,Wizards,Raptors,138,117,complete,2026-04-21 18:00:28.579654
261985,2025-12-27T00:00:00.000Z,nba,Hawks,Heat,111,126,complete,2026-04-21 18:00:28.579654
261986,2025-12-27T00:00:00.000Z,nba,Pacers,Celtics,122,140,complete,2026-04-21 18:00:28.579654
261989,2025-12-27T00:30:00.000Z,nba,Bulls,76ers,109,102,complete,2026-04-21 18:00:28.579654
261987,2025-12-27T01:00:00.000Z,nba,Grizzlies,Bucks,125,104,complete,2026-04-21 18:00:28.579654
261988,2025-12-27T01:00:00.000Z,nba,Pelicans,Suns,108,115,complete,2026-04-21 18:00:28.579654
261990,2025-12-27T02:30:00.000Z,nba,Jazz,Pistons,131,129,complete,2026-04-21 18:00:28.579654
261991,2025-12-27T03:00:00.000Z,nba,Trail Blazers,Clippers,103,119,complete,2026-04-21 18:00:28.579654
261992,2025-12-27T22:00:00.000Z,nba,Kings,Mavericks,113,107,complete,2026-04-21 18:00:28.579654
261993,2025-12-28T00:00:00.000Z,nba,Pelicans,Suns,114,123,complete,2026-04-21 18:00:28.579654
261994,2025-12-28T00:00:00.000Z,nba,Magic,Nuggets,127,126,complete,2026-04-21 18:00:28.579654
261995,2025-12-28T01:00:00.000Z,nba,Spurs,Jazz,114,127,complete,2026-04-21 18:00:28.579654
261996,2025-12-28T01:00:00.000Z,nba,Hawks,Knicks,125,128,complete,2026-04-21 18:00:28.579654
261997,2025-12-28T01:00:00.000Z,nba,Timberwolves,Nets,107,123,complete,2026-04-21 18:00:28.579654
261998,2025-12-28T01:00:00.000Z,nba,Bulls,Bucks,103,112,complete,2026-04-21 18:00:28.579654
261999,2025-12-28T01:00:00.000Z,nba,Rockets,Cavaliers,117,100,complete,2026-04-21 18:00:28.579654
262000,2025-12-28T01:00:00.000Z,nba,Heat,Pacers,142,116,complete,2026-04-21 18:00:28.579654
262001,2025-12-28T20:30:00.000Z,nba,Thunder,76ers,129,104,complete,2026-04-21 18:00:28.579654
262002,2025-12-28T20:30:00.000Z,nba,Raptors,Warriors,141,127,complete,2026-04-21 18:00:28.579654
262003,2025-12-28T23:00:00.000Z,nba,Trail Blazers,Celtics,114,108,complete,2026-04-21 18:00:28.579654
262004,2025-12-28T23:00:00.000Z,nba,Wizards,Grizzlies,116,112,complete,2026-04-21 18:00:28.579654
262005,2025-12-29T02:00:00.000Z,nba,Clippers,Pistons,112,99,complete,2026-04-21 18:00:28.579654
262006,2025-12-29T02:30:00.000Z,nba,Lakers,Kings,125,101,complete,2026-04-21 18:00:28.579654
262007,2025-12-30T00:00:00.000Z,nba,Hornets,Bucks,113,123,complete,2026-04-21 18:00:28.579654
262008,2025-12-30T00:00:00.000Z,nba,Wizards,Suns,101,115,complete,2026-04-21 18:00:28.579654
262009,2025-12-30T00:30:00.000Z,nba,Heat,Nuggets,147,123,complete,2026-04-21 18:00:28.579654
262010,2025-12-30T00:30:00.000Z,nba,Raptors,Magic,107,106,complete,2026-04-21 18:00:28.579654
262011,2025-12-30T00:30:00.000Z,nba,Nets,Warriors,107,120,complete,2026-04-21 18:00:28.579654
262012,2025-12-30T01:00:00.000Z,nba,Thunder,Hawks,140,129,complete,2026-04-21 18:00:28.579654
262013,2025-12-30T01:00:00.000Z,nba,Pelicans,Knicks,125,130,complete,2026-04-21 18:00:28.579654
262014,2025-12-30T01:00:00.000Z,nba,Bulls,Timberwolves,101,136,complete,2026-04-21 18:00:28.579654
262015,2025-12-30T01:00:00.000Z,nba,Spurs,Cavaliers,101,113,complete,2026-04-21 18:00:28.579654
262016,2025-12-30T01:00:00.000Z,nba,Rockets,Pacers,126,119,complete,2026-04-21 18:00:28.579654
262017,2025-12-30T03:30:00.000Z,nba,Trail Blazers,Mavericks,125,122,complete,2026-04-21 18:00:28.579654
262018,2025-12-31T01:00:00.000Z,nba,Grizzlies,76ers,136,139,complete,2026-04-21 18:00:28.579654
262019,2025-12-31T02:00:00.000Z,nba,Jazz,Celtics,119,129,complete,2026-04-21 18:00:28.579654
262020,2025-12-31T03:30:00.000Z,nba,Lakers,Pistons,106,128,complete,2026-04-21 18:00:28.579654
262021,2025-12-31T04:00:00.000Z,nba,Clippers,Kings,131,90,complete,2026-04-21 18:00:28.579654
262022,2025-12-31T18:00:00.000Z,nba,Hornets,Warriors,125,132,complete,2026-04-21 18:00:28.579654
262023,2025-12-31T20:00:00.000Z,nba,Hawks,Timberwolves,126,102,complete,2026-04-21 18:00:28.579654
262024,2025-12-31T20:00:00.000Z,nba,Pacers,Magic,110,112,complete,2026-04-21 18:00:28.579654
262025,2025-12-31T20:30:00.000Z,nba,Cavaliers,Suns,129,113,complete,2026-04-21 18:00:28.579654
262026,2026-01-01T00:00:00.000Z,nba,Spurs,Knicks,134,132,complete,2026-04-21 18:00:28.579654
262027,2026-01-01T00:00:00.000Z,nba,Bulls,Pelicans,134,118,complete,2026-04-21 18:00:28.579654
262028,2026-01-01T00:30:00.000Z,nba,Raptors,Nuggets,103,106,complete,2026-04-21 18:00:28.579654
262029,2026-01-01T01:00:00.000Z,nba,Thunder,Trail Blazers,124,95,complete,2026-04-21 18:00:28.579654
262030,2026-01-01T01:00:00.000Z,nba,Bucks,Wizards,113,114,complete,2026-04-21 18:00:28.579654
262031,2026-01-01T23:00:00.000Z,nba,Nets,Rockets,96,120,complete,2026-04-21 18:00:28.579654
262032,2026-01-02T00:00:00.000Z,nba,Pistons,Heat,112,118,complete,2026-04-21 18:00:28.579654
262033,2026-01-02T01:30:00.000Z,nba,Mavericks,76ers,108,123,complete,2026-04-21 18:00:28.579654
262034,2026-01-02T03:00:00.000Z,nba,Kings,Celtics,106,120,complete,2026-04-21 18:00:28.579654
262035,2026-01-02T03:30:00.000Z,nba,Clippers,Jazz,118,101,complete,2026-04-21 18:00:28.579654
262036,2026-01-03T00:00:00.000Z,nba,Wizards,Nets,119,99,complete,2026-04-21 18:00:28.579654
262037,2026-01-03T00:00:00.000Z,nba,Pacers,Spurs,113,123,complete,2026-04-21 18:00:28.579654
262038,2026-01-03T00:30:00.000Z,nba,Knicks,Hawks,99,111,complete,2026-04-21 18:00:28.579654
262039,2026-01-03T00:30:00.000Z,nba,Cavaliers,Nuggets,113,108,complete,2026-04-21 18:00:28.579654
262040,2026-01-03T01:00:00.000Z,nba,Bucks,Hornets,122,121,complete,2026-04-21 18:00:28.579654
262041,2026-01-03T01:00:00.000Z,nba,Pelicans,Trail Blazers,109,122,complete,2026-04-21 18:00:28.579654
262042,2026-01-03T01:00:00.000Z,nba,Bulls,Magic,121,114,complete,2026-04-21 18:00:28.579654
262043,2026-01-03T02:00:00.000Z,nba,Suns,Kings,129,102,complete,2026-04-21 18:00:28.579654
262044,2026-01-03T03:00:00.000Z,nba,Warriors,Thunder,94,131,complete,2026-04-21 18:00:28.579654
262045,2026-01-03T03:30:00.000Z,nba,Lakers,Grizzlies,128,121,complete,2026-04-21 18:00:28.579654
262046,2026-01-03T22:00:00.000Z,nba,Heat,Timberwolves,115,125,complete,2026-04-21 18:00:28.579654
262047,2026-01-04T00:30:00.000Z,nba,Raptors,Hawks,134,117,complete,2026-04-21 18:00:28.579654
262048,2026-01-04T00:30:00.000Z,nba,Knicks,76ers,119,130,complete,2026-04-21 18:00:28.579654
262049,2026-01-04T01:00:00.000Z,nba,Bulls,Hornets,99,112,complete,2026-04-21 18:00:28.579654
262050,2026-01-04T01:00:00.000Z,nba,Spurs,Trail Blazers,110,115,complete,2026-04-21 18:00:28.579654
262051,2026-01-04T01:30:00.000Z,nba,Mavericks,Rockets,110,104,complete,2026-04-21 18:00:28.579654
262052,2026-01-04T03:00:00.000Z,nba,Warriors,Jazz,123,114,complete,2026-04-21 18:00:28.579654
262053,2026-01-04T03:30:00.000Z,nba,Clippers,Celtics,115,146,complete,2026-04-21 18:00:28.579654
262054,2026-01-04T19:00:00.000Z,nba,Cavaliers,Pistons,110,114,complete,2026-04-21 18:00:28.579654
262055,2026-01-04T20:00:00.000Z,nba,Magic,Pacers,135,127,complete,2026-04-21 18:00:28.579654
262056,2026-01-04T20:30:00.000Z,nba,Nets,Nuggets,127,115,complete,2026-04-21 18:00:28.579654
262057,2026-01-04T23:00:00.000Z,nba,Wizards,Timberwolves,115,141,complete,2026-04-21 18:00:28.579654
262058,2026-01-04T23:00:00.000Z,nba,Heat,Pelicans,125,106,complete,2026-04-21 18:00:28.579654
262059,2026-01-05T01:00:00.000Z,nba,Suns,Thunder,108,105,complete,2026-04-21 18:00:28.579654
262060,2026-01-05T02:00:00.000Z,nba,Kings,Bucks,98,115,complete,2026-04-21 18:00:28.579654
262061,2026-01-05T02:30:00.000Z,nba,Lakers,Grizzlies,120,114,complete,2026-04-21 18:00:28.579654
262062,2026-01-06T00:00:00.000Z,nba,Pistons,Knicks,121,90,complete,2026-04-21 18:00:28.579654
262063,2026-01-06T00:30:00.000Z,nba,Celtics,Bulls,115,101,complete,2026-04-21 18:00:28.579654
262064,2026-01-06T00:30:00.000Z,nba,Raptors,Hawks,118,100,complete,2026-04-21 18:00:28.579654
262065,2026-01-06T01:00:00.000Z,nba,Thunder,Hornets,97,124,complete,2026-04-21 18:00:28.579654
262066,2026-01-06T01:00:00.000Z,nba,Rockets,Suns,100,97,complete,2026-04-21 18:00:28.579654
262067,2026-01-06T01:30:00.000Z,nba,76ers,Nuggets,124,125,complete,2026-04-21 18:00:28.579654
262068,2026-01-06T03:00:00.000Z,nba,Clippers,Warriors,103,102,complete,2026-04-21 18:00:28.579654
262069,2026-01-06T03:00:00.000Z,nba,Trail Blazers,Jazz,137,117,complete,2026-04-21 18:00:28.579654
262070,2026-01-07T00:00:00.000Z,nba,Wizards,Magic,120,112,complete,2026-04-21 18:00:28.579654
262071,2026-01-07T00:00:00.000Z,nba,Pacers,Cavaliers,116,120,complete,2026-04-21 18:00:28.579654
262072,2026-01-07T01:00:00.000Z,nba,Pelicans,Lakers,103,111,complete,2026-04-21 18:00:28.579654
262073,2026-01-07T01:00:00.000Z,nba,Timberwolves,Heat,122,94,complete,2026-04-21 18:00:28.579654
262074,2026-01-07T01:00:00.000Z,nba,Grizzlies,Spurs,106,105,complete,2026-04-21 18:00:28.579654
262075,2026-01-07T04:00:00.000Z,nba,Kings,Mavericks,98,100,complete,2026-04-21 18:00:28.579654
262076,2026-01-08T00:00:00.000Z,nba,Hornets,Raptors,96,97,complete,2026-04-21 18:00:28.579654
262077,2026-01-08T00:00:00.000Z,nba,Pistons,Bulls,108,93,complete,2026-04-21 18:00:28.579654
262078,2026-01-08T00:00:00.000Z,nba,76ers,Wizards,131,110,complete,2026-04-21 18:00:28.579654
262083,2026-01-08T00:00:00.000Z,nba,Celtics,Nuggets,110,114,complete,2026-04-21 18:00:28.579654
262080,2026-01-08T00:30:00.000Z,nba,Nets,Magic,103,104,complete,2026-04-21 18:00:28.579654
262081,2026-01-08T00:30:00.000Z,nba,Hawks,Pelicans,117,100,complete,2026-04-21 18:00:28.579654
262082,2026-01-08T00:30:00.000Z,nba,Knicks,Clippers,123,111,complete,2026-04-21 18:00:28.579654
262084,2026-01-08T01:00:00.000Z,nba,Grizzlies,Suns,98,117,complete,2026-04-21 18:00:28.579654
282065,2026-01-08T01:00:00.000Z,nba,Thunder,Jazz,129,125,complete,2026-04-21 18:00:28.579654
262079,2026-01-08T02:30:00.000Z,nba,Spurs,Lakers,107,91,complete,2026-04-21 18:00:28.579654
262085,2026-01-08T03:00:00.000Z,nba,Warriors,Bucks,120,113,complete,2026-04-21 18:00:28.579654
262086,2026-01-08T03:00:00.000Z,nba,Trail Blazers,Rockets,103,102,complete,2026-04-21 18:00:28.579654
262087,2026-01-09T00:00:00.000Z,nba,Hornets,Pacers,112,114,complete,2026-04-21 18:00:28.579654
262089,2026-01-09T01:00:00.000Z,nba,Timberwolves,Cavaliers,131,122,complete,2026-04-21 18:00:28.579654
262090,2026-01-09T02:00:00.000Z,nba,Jazz,Mavericks,116,114,complete,2026-04-21 18:00:28.579654
262091,2026-01-10T00:00:00.000Z,nba,Wizards,Pelicans,107,128,complete,2026-04-21 18:00:28.579654
262092,2026-01-10T00:00:00.000Z,nba,Magic,76ers,91,103,complete,2026-04-21 18:00:28.579654
262093,2026-01-10T00:00:00.000Z,nba,Celtics,Raptors,125,117,complete,2026-04-21 18:00:28.579654
262094,2026-01-10T00:30:00.000Z,nba,Nets,Clippers,105,121,complete,2026-04-21 18:00:28.579654
262095,2026-01-10T01:00:00.000Z,nba,Grizzlies,Thunder,116,117,complete,2026-04-21 18:00:28.579654
262096,2026-01-10T02:00:00.000Z,nba,Suns,Knicks,112,107,complete,2026-04-21 18:00:28.579654
262097,2026-01-10T02:00:00.000Z,nba,Nuggets,Hawks,87,110,complete,2026-04-21 18:00:28.579654
262098,2026-01-10T03:00:00.000Z,nba,Trail Blazers,Rockets,111,105,complete,2026-04-21 18:00:28.579654
262099,2026-01-10T03:00:00.000Z,nba,Warriors,Kings,137,103,complete,2026-04-21 18:00:28.579654
262100,2026-01-10T03:30:00.000Z,nba,Lakers,Bucks,101,105,complete,2026-04-21 18:00:28.579654
262101,2026-01-10T18:00:00.000Z,nba,Cavaliers,Timberwolves,146,134,complete,2026-04-21 18:00:28.579654
262102,2026-01-11T00:00:00.000Z,nba,Pacers,Heat,123,99,complete,2026-04-21 18:00:28.579654
262103,2026-01-11T00:30:00.000Z,nba,Pistons,Clippers,92,98,complete,2026-04-21 18:00:28.579654
262104,2026-01-11T01:00:00.000Z,nba,Celtics,Spurs,95,100,complete,2026-04-21 18:00:28.579654
262105,2026-01-11T01:00:00.000Z,nba,Bulls,Mavericks,125,107,complete,2026-04-21 18:00:28.579654
262106,2026-01-11T02:30:00.000Z,nba,Jazz,Hornets,95,150,complete,2026-04-21 18:00:28.579654
262107,2026-01-11T20:00:00.000Z,nba,Magic,Pelicans,128,118,complete,2026-04-21 18:00:28.579654
262108,2026-01-11T20:30:00.000Z,nba,Grizzlies,Nets,103,98,complete,2026-04-21 18:00:28.579654
262109,2026-01-11T23:00:00.000Z,nba,Raptors,76ers,116,115,complete,2026-04-21 18:00:28.579654
262110,2026-01-11T23:00:00.000Z,nba,Trail Blazers,Knicks,114,123,complete,2026-04-21 18:00:28.579654
262111,2026-01-12T00:00:00.000Z,nba,Timberwolves,Spurs,104,103,complete,2026-04-21 18:00:28.579654
262112,2026-01-12T00:00:00.000Z,nba,Thunder,Heat,124,112,complete,2026-04-21 18:00:28.579654
262113,2026-01-12T01:00:00.000Z,nba,Suns,Wizards,112,93,complete,2026-04-21 18:00:28.579654
262114,2026-01-12T01:00:00.000Z,nba,Nuggets,Bucks,108,104,complete,2026-04-21 18:00:28.579654
262115,2026-01-12T01:30:00.000Z,nba,Warriors,Hawks,111,124,complete,2026-04-21 18:00:28.579654
262116,2026-01-12T02:00:00.000Z,nba,Kings,Rockets,111,98,complete,2026-04-21 18:00:28.579654
262149,2026-01-13T00:00:00.000Z,nba,Cavaliers,Jazz,112,123,complete,2026-04-21 18:00:28.579654
262150,2026-01-13T00:30:00.000Z,nba,Pacers,Celtics,98,96,complete,2026-04-21 18:00:28.579654
262151,2026-01-13T00:30:00.000Z,nba,Raptors,76ers,102,115,complete,2026-04-21 18:00:28.579654
262152,2026-01-13T01:30:00.000Z,nba,Mavericks,Nets,113,105,complete,2026-04-21 18:00:28.579654
262153,2026-01-13T03:00:00.000Z,nba,Kings,Lakers,124,112,complete,2026-04-21 18:00:28.579654
262154,2026-01-13T03:30:00.000Z,nba,Clippers,Hornets,117,109,complete,2026-04-21 18:00:28.579654
263142,2026-01-14T00:30:00.000Z,nba,Heat,Suns,127,121,complete,2026-04-21 18:00:28.579654
263143,2026-01-14T01:00:00.000Z,nba,Thunder,Spurs,119,98,complete,2026-04-21 18:00:28.579654
263144,2026-01-14T01:00:00.000Z,nba,Rockets,Bulls,119,113,complete,2026-04-21 18:00:28.579654
263145,2026-01-14T01:00:00.000Z,nba,Bucks,Timberwolves,106,139,complete,2026-04-21 18:00:28.579654
263146,2026-01-14T01:00:00.000Z,nba,Pelicans,Nuggets,116,122,complete,2026-04-21 18:00:28.579654
263147,2026-01-14T03:30:00.000Z,nba,Lakers,Hawks,141,116,complete,2026-04-21 18:00:28.579654
263148,2026-01-14T04:00:00.000Z,nba,Warriors,Trail Blazers,119,97,complete,2026-04-21 18:00:28.579654
263157,2026-01-15T00:00:00.000Z,nba,Pacers,Raptors,101,115,complete,2026-04-21 18:00:28.579654
263158,2026-01-15T00:00:00.000Z,nba,76ers,Cavaliers,107,133,complete,2026-04-21 18:00:28.579654
263159,2026-01-15T01:00:00.000Z,nba,Pelicans,Nets,116,113,complete,2026-04-21 18:00:28.579654
263160,2026-01-15T01:00:00.000Z,nba,Bulls,Jazz,128,126,complete,2026-04-21 18:00:28.579654
263161,2026-01-15T02:30:00.000Z,nba,Mavericks,Nuggets,109,118,complete,2026-04-21 18:00:28.579654
263162,2026-01-15T03:00:00.000Z,nba,Kings,Knicks,112,101,complete,2026-04-21 18:00:28.579654
263163,2026-01-15T03:30:00.000Z,nba,Clippers,Wizards,119,105,complete,2026-04-21 18:00:28.579654
263213,2026-01-15T19:00:00.000Z,nba,Magic,Grizzlies,118,111,complete,2026-04-21 18:00:28.579654
263214,2026-01-16T00:00:00.000Z,nba,Pistons,Suns,108,105,complete,2026-04-21 18:00:28.579654
263215,2026-01-16T00:30:00.000Z,nba,Heat,Celtics,114,119,complete,2026-04-21 18:00:28.579654
263216,2026-01-16T00:30:00.000Z,nba,Rockets,Thunder,91,111,complete,2026-04-21 18:00:28.579654
263217,2026-01-16T01:00:00.000Z,nba,Spurs,Bucks,119,101,complete,2026-04-21 18:00:28.579654
263218,2026-01-16T01:30:00.000Z,nba,Mavericks,Jazz,144,122,complete,2026-04-21 18:00:28.579654
263219,2026-01-16T03:00:00.000Z,nba,Trail Blazers,Hawks,117,101,complete,2026-04-21 18:00:28.579654
263220,2026-01-16T03:00:00.000Z,nba,Warriors,Knicks,126,113,complete,2026-04-21 18:00:28.579654
263221,2026-01-16T03:30:00.000Z,nba,Lakers,Hornets,117,135,complete,2026-04-21 18:00:28.579654
263248,2026-01-17T00:00:00.000Z,nba,76ers,Cavaliers,115,117,complete,2026-04-21 18:00:28.579654
263249,2026-01-17T00:00:00.000Z,nba,Pacers,Pelicans,127,119,complete,2026-04-21 18:00:28.579654
263247,2026-01-17T00:30:00.000Z,nba,Nets,Bulls,112,109,complete,2026-04-21 18:00:28.579654
263250,2026-01-17T00:30:00.000Z,nba,Raptors,Clippers,117,121,complete,2026-04-21 18:00:28.579654
263251,2026-01-17T02:30:00.000Z,nba,Rockets,Timberwolves,110,105,complete,2026-04-21 18:00:28.579654
263252,2026-01-17T03:00:00.000Z,nba,Kings,Wizards,128,115,complete,2026-04-21 18:00:28.579654
263276,2026-01-17T22:00:00.000Z,nba,Mavericks,Jazz,138,120,complete,2026-04-21 18:00:28.579654
263277,2026-01-18T00:30:00.000Z,nba,Hawks,Celtics,106,132,complete,2026-04-21 18:00:28.579654
263278,2026-01-18T00:30:00.000Z,nba,Pistons,Pacers,121,78,complete,2026-04-21 18:00:28.579654
263279,2026-01-18T00:30:00.000Z,nba,Knicks,Suns,99,106,complete,2026-04-21 18:00:28.579654
263280,2026-01-18T01:00:00.000Z,nba,Heat,Thunder,122,120,complete,2026-04-21 18:00:28.579654
263281,2026-01-18T01:00:00.000Z,nba,Spurs,Timberwolves,126,123,complete,2026-04-21 18:00:28.579654
263282,2026-01-18T01:30:00.000Z,nba,Warriors,Hornets,136,116,complete,2026-04-21 18:00:28.579654
263283,2026-01-18T02:00:00.000Z,nba,Nuggets,Wizards,121,115,complete,2026-04-21 18:00:28.579654
263284,2026-01-18T03:00:00.000Z,nba,Trail Blazers,Lakers,132,116,complete,2026-04-21 18:00:28.579654
263312,2026-01-18T17:00:00.000Z,nba,Grizzlies,Magic,126,109,complete,2026-04-21 18:00:28.579654
263313,2026-01-19T00:00:00.000Z,nba,Bulls,Nets,124,102,complete,2026-04-21 18:00:28.579654
263314,2026-01-19T00:00:00.000Z,nba,Rockets,Pelicans,119,110,complete,2026-04-21 18:00:28.579654
263315,2026-01-19T01:00:00.000Z,nba,Nuggets,Hornets,87,110,complete,2026-04-21 18:00:28.579654
263316,2026-01-19T02:00:00.000Z,nba,Kings,Trail Blazers,110,117,complete,2026-04-21 18:00:28.579654
263317,2026-01-19T02:30:00.000Z,nba,Lakers,Raptors,110,93,complete,2026-04-21 18:00:28.579654
263346,2026-01-19T18:00:00.000Z,nba,Hawks,Bucks,110,112,complete,2026-04-21 18:00:28.579654
263347,2026-01-19T19:30:00.000Z,nba,Cavaliers,Thunder,104,136,complete,2026-04-21 18:00:28.579654
263348,2026-01-19T20:00:00.000Z,nba,Wizards,Clippers,106,110,complete,2026-04-21 18:00:28.579654
263349,2026-01-19T22:00:00.000Z,nba,Knicks,Mavericks,97,114,complete,2026-04-21 18:00:28.579654
263353,2026-01-19T22:00:00.000Z,nba,Spurs,Jazz,123,110,complete,2026-04-21 18:00:28.579654
263350,2026-01-20T00:00:00.000Z,nba,76ers,Pacers,113,104,complete,2026-04-21 18:00:28.579654
263351,2026-01-20T00:30:00.000Z,nba,Nets,Suns,117,126,complete,2026-04-21 18:00:28.579654
263352,2026-01-20T01:00:00.000Z,nba,Pistons,Celtics,104,103,complete,2026-04-21 18:00:28.579654
263354,2026-01-20T03:00:00.000Z,nba,Warriors,Heat,135,112,complete,2026-04-21 18:00:28.579654
263411,2026-01-21T00:00:00.000Z,nba,76ers,Suns,110,116,complete,2026-04-21 18:00:28.579654
263412,2026-01-21T01:00:00.000Z,nba,Rockets,Spurs,111,106,complete,2026-04-21 18:00:28.579654
263413,2026-01-21T01:00:00.000Z,nba,Bulls,Clippers,138,110,complete,2026-04-21 18:00:28.579654
263414,2026-01-21T02:00:00.000Z,nba,Jazz,Timberwolves,127,122,complete,2026-04-21 18:00:28.579654
263415,2026-01-21T03:00:00.000Z,nba,Nuggets,Lakers,107,115,complete,2026-04-21 18:00:28.579654
263416,2026-01-21T03:00:00.000Z,nba,Warriors,Raptors,127,145,complete,2026-04-21 18:00:28.579654
263417,2026-01-21T03:00:00.000Z,nba,Kings,Heat,117,130,complete,2026-04-21 18:00:28.579654
263448,2026-01-22T00:00:00.000Z,nba,Hornets,Cavaliers,87,94,complete,2026-04-21 18:00:28.579654
263449,2026-01-22T00:30:00.000Z,nba,Celtics,Pacers,119,104,complete,2026-04-21 18:00:28.579654
263450,2026-01-22T00:30:00.000Z,nba,Knicks,Nets,120,66,complete,2026-04-21 18:00:28.579654
263451,2026-01-22T01:00:00.000Z,nba,Pelicans,Pistons,104,112,complete,2026-04-21 18:00:28.579654
263452,2026-01-22T01:00:00.000Z,nba,Grizzlies,Hawks,122,124,complete,2026-04-21 18:00:28.579654
263453,2026-01-22T02:30:00.000Z,nba,Bucks,Thunder,102,122,complete,2026-04-21 18:00:28.579654
263454,2026-01-22T03:00:00.000Z,nba,Kings,Raptors,109,122,complete,2026-04-21 18:00:28.579654
263524,2026-01-23T00:00:00.000Z,nba,Magic,Hornets,97,124,complete,2026-04-21 18:00:28.579654
263525,2026-01-23T00:00:00.000Z,nba,Wizards,Nuggets,97,107,complete,2026-04-21 18:00:28.579654
263526,2026-01-23T00:00:00.000Z,nba,76ers,Rockets,128,122,complete,2026-04-21 18:00:28.579654
263527,2026-01-23T00:30:00.000Z,nba,Mavericks,Warriors,123,115,complete,2026-04-21 18:00:28.579654
263528,2026-01-23T01:00:00.000Z,nba,Timberwolves,Bulls,115,120,complete,2026-04-21 18:00:28.579654
263529,2026-01-23T02:00:00.000Z,nba,Jazz,Spurs,109,126,complete,2026-04-21 18:00:28.579654
263530,2026-01-23T03:00:00.000Z,nba,Clippers,Lakers,112,104,complete,2026-04-21 18:00:28.579654
263531,2026-01-23T03:00:00.000Z,nba,Trail Blazers,Heat,127,110,complete,2026-04-21 18:00:28.579654
263561,2026-01-24T00:00:00.000Z,nba,Pistons,Rockets,104,111,complete,2026-04-21 18:00:28.579654
263562,2026-01-24T00:30:00.000Z,nba,Hawks,Suns,110,103,complete,2026-04-21 18:00:28.579654
263563,2026-01-24T00:30:00.000Z,nba,Cavaliers,Kings,123,118,complete,2026-04-21 18:00:28.579654
263564,2026-01-24T00:30:00.000Z,nba,Nets,Celtics,126,130,complete,2026-04-21 18:00:28.579654
263566,2026-01-24T01:00:00.000Z,nba,Grizzlies,Pelicans,127,133,complete,2026-04-21 18:00:28.579654
263567,2026-01-24T01:00:00.000Z,nba,Thunder,Pacers,114,117,complete,2026-04-21 18:00:28.579654
263565,2026-01-24T02:30:00.000Z,nba,Bucks,Nuggets,100,102,complete,2026-04-21 18:00:28.579654
263568,2026-01-24T03:00:00.000Z,nba,Trail Blazers,Raptors,98,110,complete,2026-04-21 18:00:28.579654
264314,2026-01-24T17:00:00.000Z,nba,Hornets,Wizards,119,115,complete,2026-04-21 18:00:28.579654
264312,2026-01-24T20:00:00.000Z,nba,76ers,Knicks,109,112,complete,2026-04-21 18:00:28.579654
264315,2026-01-25T00:00:00.000Z,nba,Magic,Cavaliers,105,119,complete,2026-04-21 18:00:28.579654
264316,2026-01-25T01:00:00.000Z,nba,Bulls,Celtics,114,111,complete,2026-04-21 18:00:28.579654
264317,2026-01-25T01:30:00.000Z,nba,Mavericks,Lakers,110,116,complete,2026-04-21 18:00:28.579654
264318,2026-01-25T02:30:00.000Z,nba,Jazz,Heat,116,147,complete,2026-04-21 18:00:28.579654
264353,2026-01-25T20:00:00.000Z,nba,Pistons,Kings,139,116,complete,2026-04-21 18:00:28.579654
284549,2026-01-25T22:30:00.000Z,nba,Timberwolves,Warriors,85,111,complete,2026-04-21 18:00:28.579654
264356,2026-01-26T00:00:00.000Z,nba,Spurs,Pelicans,95,104,complete,2026-04-21 18:00:28.579654
264357,2026-01-26T00:00:00.000Z,nba,Thunder,Raptors,101,103,complete,2026-04-21 18:00:28.579654
264358,2026-01-26T01:00:00.000Z,nba,Suns,Heat,102,111,complete,2026-04-21 18:00:28.579654
264359,2026-01-26T02:00:00.000Z,nba,Clippers,Nets,126,89,complete,2026-04-21 18:00:28.579654
265540,2026-01-26T18:30:00.000Z,nba,Hawks,Pacers,132,116,complete,2026-04-21 18:00:28.579654
265538,2026-01-26T20:00:00.000Z,nba,Hornets,76ers,130,93,complete,2026-04-21 18:00:28.579654
265539,2026-01-27T00:00:00.000Z,nba,Cavaliers,Magic,114,98,complete,2026-04-21 18:00:28.579654
265541,2026-01-27T01:00:00.000Z,nba,Rockets,Grizzlies,108,99,complete,2026-04-21 18:00:28.579654
265542,2026-01-27T01:00:00.000Z,nba,Bulls,Lakers,118,129,complete,2026-04-21 18:00:28.579654
265543,2026-01-27T01:00:00.000Z,nba,Celtics,Trail Blazers,102,94,complete,2026-04-21 18:00:28.579654
265544,2026-01-27T02:30:00.000Z,nba,Timberwolves,Warriors,108,83,complete,2026-04-21 18:00:28.579654
265574,2026-01-28T00:00:00.000Z,nba,Wizards,Trail Blazers,115,111,complete,2026-04-21 18:00:28.579654
265575,2026-01-28T00:30:00.000Z,nba,Knicks,Kings,103,87,complete,2026-04-21 18:00:28.579654
265576,2026-01-28T01:00:00.000Z,nba,Thunder,Pelicans,104,95,complete,2026-04-21 18:00:28.579654
265577,2026-01-28T01:00:00.000Z,nba,76ers,Bucks,139,122,complete,2026-04-21 18:00:28.579654
265578,2026-01-28T02:00:00.000Z,nba,Nuggets,Pistons,107,109,complete,2026-04-21 18:00:28.579654
265579,2026-01-28T02:00:00.000Z,nba,Suns,Nets,106,102,complete,2026-04-21 18:00:28.579654
265580,2026-01-28T03:00:00.000Z,nba,Jazz,Clippers,103,115,complete,2026-04-21 18:00:28.579654
265766,2026-01-29T00:00:00.000Z,nba,Cavaliers,Lakers,129,99,complete,2026-04-21 18:00:28.579654
265767,2026-01-29T00:00:00.000Z,nba,Pacers,Bulls,113,110,complete,2026-04-21 18:00:28.579654
265768,2026-01-29T00:30:00.000Z,nba,Heat,Magic,124,133,complete,2026-04-21 18:00:28.579654
265769,2026-01-29T00:30:00.000Z,nba,Raptors,Knicks,92,119,complete,2026-04-21 18:00:28.579654
265770,2026-01-29T00:30:00.000Z,nba,Celtics,Hawks,106,117,complete,2026-04-21 18:00:28.579654
265771,2026-01-29T01:00:00.000Z,nba,Grizzlies,Hornets,97,112,complete,2026-04-21 18:00:28.579654
265772,2026-01-29T01:30:00.000Z,nba,Mavericks,Timberwolves,105,118,complete,2026-04-21 18:00:28.579654
265773,2026-01-29T02:00:00.000Z,nba,Jazz,Warriors,124,140,complete,2026-04-21 18:00:28.579654
265774,2026-01-29T02:30:00.000Z,nba,Rockets,Spurs,99,111,complete,2026-04-21 18:00:28.579654
265834,2026-01-30T00:00:00.000Z,nba,Wizards,Bucks,109,99,complete,2026-04-21 18:00:28.579654
265835,2026-01-30T00:00:00.000Z,nba,76ers,Kings,113,111,complete,2026-04-21 18:00:28.579654
265836,2026-01-30T01:00:00.000Z,nba,Hawks,Rockets,86,104,complete,2026-04-21 18:00:28.579654
284752,2026-01-30T01:00:00.000Z,nba,Bulls,Heat,113,116,complete,2026-04-21 18:00:28.579654
265837,2026-01-30T01:30:00.000Z,nba,Mavericks,Hornets,121,123,complete,2026-04-21 18:00:28.579654
265838,2026-01-30T02:00:00.000Z,nba,Nuggets,Nets,107,103,complete,2026-04-21 18:00:28.579654
265839,2026-01-30T02:00:00.000Z,nba,Suns,Pistons,114,96,complete,2026-04-21 18:00:28.579654
265840,2026-01-30T02:30:00.000Z,nba,Timberwolves,Thunder,123,111,complete,2026-04-21 18:00:28.579654
265912,2026-01-31T00:00:00.000Z,nba,Wizards,Lakers,111,142,complete,2026-04-21 18:00:28.579654
265911,2026-01-31T00:30:00.000Z,nba,Magic,Raptors,130,120,complete,2026-04-21 18:00:28.579654
265913,2026-01-31T00:30:00.000Z,nba,Pelicans,Grizzlies,114,106,complete,2026-04-21 18:00:28.579654
265914,2026-01-31T00:30:00.000Z,nba,Knicks,Trail Blazers,127,97,complete,2026-04-21 18:00:28.579654
265915,2026-01-31T00:30:00.000Z,nba,Celtics,Kings,112,93,complete,2026-04-21 18:00:28.579654
265917,2026-01-31T02:00:00.000Z,nba,Suns,Cavaliers,126,113,complete,2026-04-21 18:00:28.579654
265920,2026-01-31T02:00:00.000Z,nba,Nuggets,Clippers,122,109,complete,2026-04-21 18:00:28.579654
265918,2026-01-31T02:30:00.000Z,nba,Jazz,Nets,99,109,complete,2026-04-21 18:00:28.579654
265919,2026-01-31T03:00:00.000Z,nba,Warriors,Pistons,124,131,complete,2026-04-21 18:00:28.579654
265937,2026-01-31T17:00:00.000Z,nba,Hornets,Spurs,111,106,complete,2026-04-21 18:00:28.579654
265938,2026-02-01T00:00:00.000Z,nba,Pacers,Hawks,129,124,complete,2026-04-21 18:00:28.579654
265939,2026-02-01T00:30:00.000Z,nba,76ers,Pelicans,124,114,complete,2026-04-21 18:00:28.579654
265916,2026-02-01T01:00:00.000Z,nba,Heat,Bulls,118,125,complete,2026-04-21 18:00:28.579654
265940,2026-02-01T01:00:00.000Z,nba,Grizzlies,Timberwolves,114,131,complete,2026-04-21 18:00:28.579654
265941,2026-02-01T01:30:00.000Z,nba,Rockets,Mavericks,111,107,complete,2026-04-21 18:00:28.579654
265980,2026-02-01T20:30:00.000Z,nba,Celtics,Bucks,107,79,complete,2026-04-21 18:00:28.579654
265982,2026-02-01T23:00:00.000Z,nba,Raptors,Jazz,107,100,complete,2026-04-21 18:00:28.579654
265983,2026-02-01T23:00:00.000Z,nba,Wizards,Kings,116,112,complete,2026-04-21 18:00:28.579654
265984,2026-02-01T23:00:00.000Z,nba,Heat,Bulls,134,91,complete,2026-04-21 18:00:28.579654
265985,2026-02-01T23:00:00.000Z,nba,Pistons,Nets,130,77,complete,2026-04-21 18:00:28.579654
265986,2026-02-02T00:00:00.000Z,nba,Knicks,Lakers,112,100,complete,2026-04-21 18:00:28.579654
265987,2026-02-02T01:00:00.000Z,nba,Suns,Clippers,93,117,complete,2026-04-21 18:00:28.579654
265981,2026-02-02T02:00:00.000Z,nba,Spurs,Magic,112,103,complete,2026-04-21 18:00:28.579654
265988,2026-02-02T02:00:00.000Z,nba,Trail Blazers,Cavaliers,111,130,complete,2026-04-21 18:00:28.579654
265989,2026-02-02T02:30:00.000Z,nba,Nuggets,Thunder,111,121,complete,2026-04-21 18:00:28.579654
266018,2026-02-02T20:00:00.000Z,nba,Hornets,Pelicans,102,95,complete,2026-04-21 18:00:28.579654
266019,2026-02-03T00:00:00.000Z,nba,Pacers,Rockets,114,118,complete,2026-04-21 18:00:28.579654
266020,2026-02-03T00:30:00.000Z,nba,Grizzlies,Timberwolves,137,128,complete,2026-04-21 18:00:28.579654
266021,2026-02-03T03:00:00.000Z,nba,Clippers,76ers,113,128,complete,2026-04-21 18:00:28.579654
266069,2026-02-04T00:00:00.000Z,nba,Pistons,Nuggets,124,121,complete,2026-04-21 18:00:28.579654
266070,2026-02-04T00:00:00.000Z,nba,Pacers,Jazz,122,131,complete,2026-04-21 18:00:28.579654
266071,2026-02-04T00:00:00.000Z,nba,Wizards,Knicks,101,132,complete,2026-04-21 18:00:28.579654
266072,2026-02-04T00:30:00.000Z,nba,Nets,Lakers,109,125,complete,2026-04-21 18:00:28.579654
266073,2026-02-04T00:30:00.000Z,nba,Heat,Hawks,115,127,complete,2026-04-21 18:00:28.579654
266074,2026-02-04T01:00:00.000Z,nba,Bucks,Bulls,131,115,complete,2026-04-21 18:00:28.579654
266075,2026-02-04T01:00:00.000Z,nba,Mavericks,Celtics,100,110,complete,2026-04-21 18:00:28.579654
266076,2026-02-04T01:00:00.000Z,nba,Thunder,Magic,128,92,complete,2026-04-21 18:00:28.579654
266077,2026-02-04T03:00:00.000Z,nba,Warriors,76ers,94,113,complete,2026-04-21 18:00:28.579654
266078,2026-02-04T04:00:00.000Z,nba,Trail Blazers,Suns,125,130,complete,2026-04-21 18:00:28.579654
266121,2026-02-05T00:00:00.000Z,nba,Knicks,Nuggets,134,127,complete,2026-04-21 18:00:28.579654
266122,2026-02-05T00:30:00.000Z,nba,Raptors,Timberwolves,126,128,complete,2026-04-21 18:00:28.579654
266123,2026-02-05T01:00:00.000Z,nba,Bucks,Pelicans,141,137,complete,2026-04-21 18:00:28.579654
266124,2026-02-05T01:00:00.000Z,nba,Rockets,Celtics,93,114,complete,2026-04-21 18:00:28.579654
266125,2026-02-05T02:30:00.000Z,nba,Spurs,Thunder,116,106,complete,2026-04-21 18:00:28.579654
266126,2026-02-05T03:00:00.000Z,nba,Kings,Grizzlies,125,129,complete,2026-04-21 18:00:28.579654
266127,2026-02-05T03:30:00.000Z,nba,Clippers,Cavaliers,91,124,complete,2026-04-21 18:00:28.579654
266197,2026-02-06T00:00:00.000Z,nba,Magic,Nets,118,98,complete,2026-04-21 18:00:28.579654
266198,2026-02-06T00:00:00.000Z,nba,Pistons,Wizards,117,126,complete,2026-04-21 18:00:28.579654
266199,2026-02-06T00:30:00.000Z,nba,Hawks,Jazz,121,119,complete,2026-04-21 18:00:28.579654
266200,2026-02-06T00:30:00.000Z,nba,Raptors,Bulls,123,107,complete,2026-04-21 18:00:28.579654
266201,2026-02-06T01:00:00.000Z,nba,Rockets,Hornets,99,109,complete,2026-04-21 18:00:28.579654
266202,2026-02-06T01:30:00.000Z,nba,Mavericks,Spurs,123,135,complete,2026-04-21 18:00:28.579654
266203,2026-02-06T03:00:00.000Z,nba,Suns,Warriors,97,101,complete,2026-04-21 18:00:28.579654
266204,2026-02-06T03:00:00.000Z,nba,Lakers,76ers,119,115,complete,2026-04-21 18:00:28.579654
266218,2026-02-07T00:30:00.000Z,nba,Pistons,Knicks,118,80,complete,2026-04-21 18:00:28.579654
266219,2026-02-07T00:30:00.000Z,nba,Celtics,Heat,98,96,complete,2026-04-21 18:00:28.579654
266220,2026-02-07T01:00:00.000Z,nba,Bucks,Pacers,105,99,complete,2026-04-21 18:00:28.579654
266221,2026-02-07T01:00:00.000Z,nba,Timberwolves,Pelicans,115,119,complete,2026-04-21 18:00:28.579654
266222,2026-02-07T03:00:00.000Z,nba,Trail Blazers,Grizzlies,135,115,complete,2026-04-21 18:00:28.579654
266223,2026-02-07T03:00:00.000Z,nba,Kings,Clippers,111,114,complete,2026-04-21 18:00:28.579654
266277,2026-02-07T20:00:00.000Z,nba,Nets,Wizards,127,113,complete,2026-04-21 18:00:28.579654
266278,2026-02-07T20:30:00.000Z,nba,Thunder,Rockets,106,112,complete,2026-04-21 18:00:28.579654
266279,2026-02-07T23:00:00.000Z,nba,Spurs,Mavericks,138,125,complete,2026-04-21 18:00:28.579654
266280,2026-02-08T00:00:00.000Z,nba,Magic,Jazz,120,117,complete,2026-04-21 18:00:28.579654
266281,2026-02-08T00:30:00.000Z,nba,Hawks,Hornets,119,126,complete,2026-04-21 18:00:28.579654
266282,2026-02-08T01:00:00.000Z,nba,Bulls,Nuggets,120,136,complete,2026-04-21 18:00:28.579654
266283,2026-02-08T01:30:00.000Z,nba,Lakers,Warriors,105,99,complete,2026-04-21 18:00:28.579654
266284,2026-02-08T02:00:00.000Z,nba,Suns,76ers,103,109,complete,2026-04-21 18:00:28.579654
266285,2026-02-08T03:00:00.000Z,nba,Kings,Cavaliers,126,132,complete,2026-04-21 18:00:28.579654
266286,2026-02-08T03:00:00.000Z,nba,Trail Blazers,Grizzlies,122,115,complete,2026-04-21 18:00:28.579654
267079,2026-02-08T17:30:00.000Z,nba,Celtics,Knicks,89,111,complete,2026-04-21 18:00:28.579654
267080,2026-02-08T19:00:00.000Z,nba,Wizards,Heat,101,132,complete,2026-04-21 18:00:28.579654
267081,2026-02-08T20:00:00.000Z,nba,Timberwolves,Clippers,96,115,complete,2026-04-21 18:00:28.579654
267082,2026-02-08T20:00:00.000Z,nba,Raptors,Pacers,122,104,complete,2026-04-21 18:00:28.579654
267110,2026-02-10T00:00:00.000Z,nba,Hornets,Pistons,104,110,complete,2026-04-21 18:00:28.579654
267111,2026-02-10T00:30:00.000Z,nba,Heat,Jazz,111,115,complete,2026-04-21 18:00:28.579654
267112,2026-02-10T00:30:00.000Z,nba,Magic,Bucks,118,99,complete,2026-04-21 18:00:28.579654
267113,2026-02-10T00:30:00.000Z,nba,Nets,Bulls,123,115,complete,2026-04-21 18:00:28.579654
267114,2026-02-10T01:00:00.000Z,nba,Timberwolves,Hawks,138,116,complete,2026-04-21 18:00:28.579654
267115,2026-02-10T01:00:00.000Z,nba,Pelicans,Kings,120,94,complete,2026-04-21 18:00:28.579654
267116,2026-02-10T02:00:00.000Z,nba,Nuggets,Cavaliers,117,119,complete,2026-04-21 18:00:28.579654
267117,2026-02-10T03:00:00.000Z,nba,Lakers,Thunder,110,119,complete,2026-04-21 18:00:28.579654
267118,2026-02-10T03:00:00.000Z,nba,Trail Blazers,76ers,135,118,complete,2026-04-21 18:00:28.579654
267119,2026-02-10T03:00:00.000Z,nba,Warriors,Grizzlies,114,113,complete,2026-04-21 18:00:28.579654
267159,2026-02-11T00:30:00.000Z,nba,Knicks,Pacers,134,137,complete,2026-04-21 18:00:28.579654
267160,2026-02-11T01:00:00.000Z,nba,Rockets,Clippers,102,95,complete,2026-04-21 18:00:28.579654
267161,2026-02-11T02:00:00.000Z,nba,Suns,Mavericks,120,111,complete,2026-04-21 18:00:28.579654
267162,2026-02-11T03:30:00.000Z,nba,Lakers,Spurs,108,136,complete,2026-04-21 18:00:28.579654
267210,2026-02-12T00:00:00.000Z,nba,Cavaliers,Wizards,138,113,complete,2026-04-21 18:00:28.579654
267211,2026-02-12T00:00:00.000Z,nba,Hornets,Hawks,110,107,complete,2026-04-21 18:00:28.579654
267212,2026-02-12T00:00:00.000Z,nba,Magic,Bucks,108,116,complete,2026-04-21 18:00:28.579654
267213,2026-02-12T00:30:00.000Z,nba,Nets,Pacers,110,115,complete,2026-04-21 18:00:28.579654
267214,2026-02-12T00:30:00.000Z,nba,76ers,Knicks,89,138,complete,2026-04-21 18:00:28.579654
267215,2026-02-12T00:30:00.000Z,nba,Celtics,Bulls,124,105,complete,2026-04-21 18:00:28.579654
267216,2026-02-12T00:30:00.000Z,nba,Raptors,Pistons,95,113,complete,2026-04-21 18:00:28.579654
267217,2026-02-12T01:00:00.000Z,nba,Timberwolves,Trail Blazers,133,109,complete,2026-04-21 18:00:28.579654
267218,2026-02-12T01:00:00.000Z,nba,Rockets,Clippers,102,105,complete,2026-04-21 18:00:28.579654
267219,2026-02-12T01:00:00.000Z,nba,Pelicans,Heat,111,123,complete,2026-04-21 18:00:28.579654
267220,2026-02-12T02:00:00.000Z,nba,Suns,Thunder,109,136,complete,2026-04-21 18:00:28.579654
267221,2026-02-12T02:00:00.000Z,nba,Jazz,Kings,121,93,complete,2026-04-21 18:00:28.579654
267222,2026-02-12T02:00:00.000Z,nba,Nuggets,Grizzlies,122,116,complete,2026-04-21 18:00:28.579654
267223,2026-02-12T03:00:00.000Z,nba,Warriors,Spurs,113,126,complete,2026-04-21 18:00:28.579654
267286,2026-02-13T00:30:00.000Z,nba,Thunder,Bucks,93,110,complete,2026-04-21 18:00:28.579654
267287,2026-02-13T02:00:00.000Z,nba,Jazz,Trail Blazers,119,135,complete,2026-04-21 18:00:28.579654
267288,2026-02-13T03:00:00.000Z,nba,Lakers,Mavericks,124,104,complete,2026-04-21 18:00:28.579654
273524,2026-02-20T00:00:00.000Z,nba,Hornets,Rockets,101,105,complete,2026-04-21 18:00:28.579654
273525,2026-02-20T00:00:00.000Z,nba,76ers,Hawks,107,117,complete,2026-04-21 18:00:28.579654
273526,2026-02-20T00:00:00.000Z,nba,Wizards,Pacers,112,105,complete,2026-04-21 18:00:28.579654
273527,2026-02-20T00:00:00.000Z,nba,Cavaliers,Nets,112,84,complete,2026-04-21 18:00:28.579654
273528,2026-02-20T00:30:00.000Z,nba,Knicks,Pistons,111,126,complete,2026-04-21 18:00:28.579654
273529,2026-02-20T01:00:00.000Z,nba,Bulls,Raptors,101,110,complete,2026-04-21 18:00:28.579654
273530,2026-02-20T01:30:00.000Z,nba,Spurs,Suns,121,94,complete,2026-04-21 18:00:28.579654
273531,2026-02-20T03:00:00.000Z,nba,Kings,Magic,94,131,complete,2026-04-21 18:00:28.579654
273532,2026-02-20T03:00:00.000Z,nba,Warriors,Celtics,110,121,complete,2026-04-21 18:00:28.579654
273533,2026-02-20T03:30:00.000Z,nba,Clippers,Nuggets,115,114,complete,2026-04-21 18:00:28.579654
274222,2026-02-21T00:00:00.000Z,nba,Grizzlies,Jazz,123,114,complete,2026-04-21 18:00:28.579654
274223,2026-02-21T00:00:00.000Z,nba,Hornets,Cavaliers,113,118,complete,2026-04-21 18:00:28.579654
274224,2026-02-21T00:00:00.000Z,nba,Wizards,Pacers,131,118,complete,2026-04-21 18:00:28.579654
274225,2026-02-21T00:30:00.000Z,nba,Hawks,Heat,97,128,complete,2026-04-21 18:00:28.579654
274226,2026-02-21T00:30:00.000Z,nba,Timberwolves,Mavericks,122,111,complete,2026-04-21 18:00:28.579654
274227,2026-02-21T01:00:00.000Z,nba,Thunder,Nets,105,86,complete,2026-04-21 18:00:28.579654
274228,2026-02-21T01:00:00.000Z,nba,Pelicans,Bucks,118,139,complete,2026-04-21 18:00:28.579654
274229,2026-02-21T03:00:00.000Z,nba,Lakers,Clippers,125,122,complete,2026-04-21 18:00:28.579654
274230,2026-02-21T03:00:00.000Z,nba,Trail Blazers,Nuggets,103,157,complete,2026-04-21 18:00:28.579654
275396,2026-02-21T22:00:00.000Z,nba,Suns,Magic,113,110,complete,2026-04-21 18:00:28.579654
275397,2026-02-22T00:00:00.000Z,nba,Pelicans,76ers,126,111,complete,2026-04-21 18:00:28.579654
275398,2026-02-22T01:00:00.000Z,nba,Bulls,Pistons,110,126,complete,2026-04-21 18:00:28.579654
275399,2026-02-22T01:00:00.000Z,nba,Spurs,Kings,139,122,complete,2026-04-21 18:00:28.579654
275400,2026-02-22T01:00:00.000Z,nba,Heat,Grizzlies,136,120,complete,2026-04-21 18:00:28.579654
275401,2026-02-22T01:30:00.000Z,nba,Knicks,Rockets,108,106,complete,2026-04-21 18:00:28.579654
275696,2026-02-22T18:00:00.000Z,nba,Thunder,Cavaliers,121,113,complete,2026-04-21 18:00:28.579654
275697,2026-02-22T20:30:00.000Z,nba,Bucks,Raptors,94,122,complete,2026-04-21 18:00:28.579654
275698,2026-02-22T20:30:00.000Z,nba,Hawks,Nets,115,104,complete,2026-04-21 18:00:28.579654
275699,2026-02-22T20:30:00.000Z,nba,Warriors,Nuggets,128,117,complete,2026-04-21 18:00:28.579654
275700,2026-02-22T22:00:00.000Z,nba,Pacers,Mavericks,130,134,complete,2026-04-21 18:00:28.579654
275701,2026-02-22T23:00:00.000Z,nba,Wizards,Hornets,112,129,complete,2026-04-21 18:00:28.579654
275702,2026-02-22T23:30:00.000Z,nba,Lakers,Celtics,89,111,complete,2026-04-21 18:00:28.579654
275703,2026-02-23T00:00:00.000Z,nba,Timberwolves,76ers,108,135,complete,2026-04-21 18:00:28.579654
275704,2026-02-23T01:00:00.000Z,nba,Suns,Trail Blazers,77,92,complete,2026-04-21 18:00:28.579654
275705,2026-02-23T01:00:00.000Z,nba,Bulls,Knicks,99,105,complete,2026-04-21 18:00:28.579654
275706,2026-02-23T02:00:00.000Z,nba,Clippers,Magic,109,111,complete,2026-04-21 18:00:28.579654
276303,2026-02-24T00:00:00.000Z,nba,Pistons,Spurs,103,114,complete,2026-04-21 18:00:28.579654
276304,2026-02-24T01:00:00.000Z,nba,Grizzlies,Kings,114,123,complete,2026-04-21 18:00:28.579654
276305,2026-02-24T02:30:00.000Z,nba,Rockets,Jazz,125,105,complete,2026-04-21 18:00:28.579654
277274,2026-02-25T00:00:00.000Z,nba,Pacers,76ers,114,135,complete,2026-04-21 18:00:28.579654
277275,2026-02-25T00:30:00.000Z,nba,Raptors,Thunder,107,116,complete,2026-04-21 18:00:28.579654
277276,2026-02-25T00:30:00.000Z,nba,Hawks,Wizards,119,98,complete,2026-04-21 18:00:28.579654
277277,2026-02-25T00:30:00.000Z,nba,Nets,Mavericks,114,123,complete,2026-04-21 18:00:28.579654
277278,2026-02-25T00:30:00.000Z,nba,Cavaliers,Knicks,109,94,complete,2026-04-21 18:00:28.579654
277279,2026-02-25T01:00:00.000Z,nba,Bucks,Heat,128,117,complete,2026-04-21 18:00:28.579654
277280,2026-02-25T01:00:00.000Z,nba,Bulls,Hornets,99,131,complete,2026-04-21 18:00:28.579654
277281,2026-02-25T01:00:00.000Z,nba,Pelicans,Warriors,113,109,complete,2026-04-21 18:00:28.579654
277282,2026-02-25T02:00:00.000Z,nba,Suns,Celtics,81,97,complete,2026-04-21 18:00:28.579654
277284,2026-02-25T03:00:00.000Z,nba,Trail Blazers,Timberwolves,121,124,complete,2026-04-21 18:00:28.579654
277283,2026-02-25T03:30:00.000Z,nba,Lakers,Magic,109,110,complete,2026-04-21 18:00:28.579654
277589,2026-02-26T00:30:00.000Z,nba,Pistons,Thunder,124,116,complete,2026-04-21 18:00:28.579654
277590,2026-02-26T00:30:00.000Z,nba,Grizzlies,Warriors,112,133,complete,2026-04-21 18:00:28.579654
277591,2026-02-26T00:30:00.000Z,nba,Raptors,Spurs,107,110,complete,2026-04-21 18:00:28.579654
277592,2026-02-26T01:00:00.000Z,nba,Bucks,Cavaliers,118,116,complete,2026-04-21 18:00:28.579654
277593,2026-02-26T01:00:00.000Z,nba,Rockets,Kings,128,97,complete,2026-04-21 18:00:28.579654
277594,2026-02-26T03:00:00.000Z,nba,Nuggets,Celtics,103,84,complete,2026-04-21 18:00:28.579654
277907,2026-02-27T00:00:00.000Z,nba,Pacers,Hornets,109,133,complete,2026-04-21 18:00:28.579654
277908,2026-02-27T00:00:00.000Z,nba,76ers,Heat,124,117,complete,2026-04-21 18:00:28.579654
277909,2026-02-27T00:30:00.000Z,nba,Hawks,Wizards,126,96,complete,2026-04-21 18:00:28.579654
277910,2026-02-27T00:30:00.000Z,nba,Magic,Rockets,108,113,complete,2026-04-21 18:00:28.579654
277911,2026-02-27T00:30:00.000Z,nba,Nets,Spurs,110,126,complete,2026-04-21 18:00:28.579654
277912,2026-02-27T01:00:00.000Z,nba,Bulls,Trail Blazers,112,121,complete,2026-04-21 18:00:28.579654
277913,2026-02-27T01:30:00.000Z,nba,Mavericks,Kings,121,130,complete,2026-04-21 18:00:28.579654
277914,2026-02-27T02:00:00.000Z,nba,Jazz,Pelicans,118,129,complete,2026-04-21 18:00:28.579654
277915,2026-02-27T02:00:00.000Z,nba,Suns,Lakers,113,110,complete,2026-04-21 18:00:28.579654
277916,2026-02-27T03:00:00.000Z,nba,Clippers,Timberwolves,88,94,complete,2026-04-21 18:00:28.579654
278220,2026-02-28T00:00:00.000Z,nba,Pistons,Cavaliers,122,119,complete,2026-04-21 18:00:28.579654
278221,2026-02-28T00:30:00.000Z,nba,Celtics,Nets,148,111,complete,2026-04-21 18:00:28.579654
278222,2026-02-28T01:00:00.000Z,nba,Bucks,Knicks,98,127,complete,2026-04-21 18:00:28.579654
278223,2026-02-28T01:30:00.000Z,nba,Mavericks,Grizzlies,105,124,complete,2026-04-21 18:00:28.579654
278224,2026-02-28T02:30:00.000Z,nba,Thunder,Nuggets,127,121,complete,2026-04-21 18:00:28.579654
278554,2026-02-28T18:00:00.000Z,nba,Hornets,Trail Blazers,109,93,complete,2026-04-21 18:00:28.579654
278555,2026-02-28T20:30:00.000Z,nba,Heat,Rockets,115,105,complete,2026-04-21 18:00:28.579654
278556,2026-03-01T00:00:00.000Z,nba,Wizards,Raptors,125,134,complete,2026-04-21 18:00:28.579654
278557,2026-03-01T01:30:00.000Z,nba,Warriors,Lakers,101,129,complete,2026-04-21 18:00:28.579654
278558,2026-03-01T02:30:00.000Z,nba,Jazz,Pelicans,105,115,complete,2026-04-21 18:00:28.579654
279159,2026-03-01T18:00:00.000Z,nba,Knicks,Spurs,114,89,complete,2026-04-21 18:00:28.579654
279160,2026-03-01T20:30:00.000Z,nba,Nuggets,Timberwolves,108,117,complete,2026-04-21 18:00:28.579654
279161,2026-03-01T20:30:00.000Z,nba,Bulls,Bucks,120,97,complete,2026-04-21 18:00:28.579654
279162,2026-03-01T20:30:00.000Z,nba,Nets,Cavaliers,102,106,complete,2026-04-21 18:00:28.579654
279163,2026-03-01T22:00:00.000Z,nba,Pacers,Grizzlies,106,125,complete,2026-04-21 18:00:28.579654
279164,2026-03-01T23:00:00.000Z,nba,Magic,Pistons,92,106,complete,2026-04-21 18:00:28.579654
279166,2026-03-01T23:00:00.000Z,nba,Hawks,Trail Blazers,135,101,complete,2026-04-21 18:00:28.579654
279165,2026-03-02T01:00:00.000Z,nba,Celtics,76ers,114,98,complete,2026-04-21 18:00:28.579654
279167,2026-03-02T01:00:00.000Z,nba,Mavericks,Thunder,87,100,complete,2026-04-21 18:00:28.579654
279168,2026-03-02T02:00:00.000Z,nba,Clippers,Pelicans,137,117,complete,2026-04-21 18:00:28.579654
279169,2026-03-02T02:30:00.000Z,nba,Lakers,Kings,128,104,complete,2026-04-21 18:00:28.579654
279478,2026-03-03T00:00:00.000Z,nba,Wizards,Rockets,118,123,complete,2026-04-21 18:00:28.579654
279479,2026-03-03T00:30:00.000Z,nba,Bucks,Celtics,81,108,complete,2026-04-21 18:00:28.579654
279480,2026-03-03T02:00:00.000Z,nba,Jazz,Nuggets,125,128,complete,2026-04-21 18:00:28.579654
279481,2026-03-03T03:00:00.000Z,nba,Warriors,Clippers,101,114,complete,2026-04-21 18:00:28.579654
279740,2026-03-04T00:00:00.000Z,nba,Cavaliers,Pistons,113,109,complete,2026-04-21 18:00:28.579654
279741,2026-03-04T00:00:00.000Z,nba,Hornets,Mavericks,117,90,complete,2026-04-21 18:00:28.579654
279742,2026-03-04T00:00:00.000Z,nba,Magic,Wizards,126,109,complete,2026-04-21 18:00:28.579654
279743,2026-03-04T00:30:00.000Z,nba,Raptors,Knicks,95,111,complete,2026-04-21 18:00:28.579654
279744,2026-03-04T00:30:00.000Z,nba,Heat,Nets,124,98,complete,2026-04-21 18:00:28.579654
279745,2026-03-04T01:00:00.000Z,nba,Bulls,Thunder,108,116,complete,2026-04-21 18:00:28.579654
279746,2026-03-04T01:00:00.000Z,nba,76ers,Spurs,91,131,complete,2026-04-21 18:00:28.579654
279747,2026-03-04T01:00:00.000Z,nba,Timberwolves,Grizzlies,117,110,complete,2026-04-21 18:00:28.579654
279748,2026-03-04T03:30:00.000Z,nba,Lakers,Pelicans,110,101,complete,2026-04-21 18:00:28.579654
279749,2026-03-04T04:00:00.000Z,nba,Kings,Suns,103,114,complete,2026-04-21 18:00:28.579654
279914,2026-03-05T00:00:00.000Z,nba,Knicks,Thunder,100,103,complete,2026-04-21 18:00:28.579654
279915,2026-03-05T00:30:00.000Z,nba,Celtics,Hornets,89,118,complete,2026-04-21 18:00:28.579654
279916,2026-03-05T00:30:00.000Z,nba,76ers,Jazz,106,102,complete,2026-04-21 18:00:28.579654
279917,2026-03-05T01:00:00.000Z,nba,Grizzlies,Trail Blazers,114,122,complete,2026-04-21 18:00:28.579654
279918,2026-03-05T02:30:00.000Z,nba,Bucks,Hawks,113,131,complete,2026-04-21 18:00:28.579654
279919,2026-03-05T03:30:00.000Z,nba,Clippers,Pacers,130,107,complete,2026-04-21 18:00:28.579654
280084,2026-03-06T00:00:00.000Z,nba,Magic,Mavericks,115,114,complete,2026-04-21 18:00:28.579654
280085,2026-03-06T00:00:00.000Z,nba,Wizards,Jazz,112,122,complete,2026-04-21 18:00:28.579654
280086,2026-03-06T00:30:00.000Z,nba,Heat,Nets,126,110,complete,2026-04-21 18:00:28.579654
280087,2026-03-06T00:30:00.000Z,nba,Rockets,Warriors,113,115,complete,2026-04-21 18:00:28.579654
280088,2026-03-06T01:00:00.000Z,nba,Spurs,Pistons,121,106,complete,2026-04-21 18:00:28.579654
280089,2026-03-06T01:00:00.000Z,nba,Timberwolves,Raptors,115,107,complete,2026-04-21 18:00:28.579654
280090,2026-03-06T02:00:00.000Z,nba,Suns,Bulls,103,105,complete,2026-04-21 18:00:28.579654
280091,2026-03-06T03:00:00.000Z,nba,Nuggets,Lakers,120,113,complete,2026-04-21 18:00:28.579654
280092,2026-03-06T03:00:00.000Z,nba,Kings,Pelicans,123,133,complete,2026-04-21 18:00:28.579654
280247,2026-03-07T00:00:00.000Z,nba,Hornets,Heat,120,128,complete,2026-04-21 18:00:28.579654
280248,2026-03-07T00:00:00.000Z,nba,Celtics,Mavericks,120,100,complete,2026-04-21 18:00:28.579654
280249,2026-03-07T01:00:00.000Z,nba,Rockets,Trail Blazers,106,99,complete,2026-04-21 18:00:28.579654
280250,2026-03-07T02:00:00.000Z,nba,Nuggets,Knicks,103,142,complete,2026-04-21 18:00:28.579654
280251,2026-03-07T02:00:00.000Z,nba,Suns,Pelicans,118,116,complete,2026-04-21 18:00:28.579654
280252,2026-03-07T02:30:00.000Z,nba,Spurs,Clippers,116,112,complete,2026-04-21 18:00:28.579654
280253,2026-03-07T03:30:00.000Z,nba,Lakers,Pacers,128,117,complete,2026-04-21 18:00:28.579654
280555,2026-03-07T20:00:00.000Z,nba,Timberwolves,Magic,92,119,complete,2026-04-21 18:00:28.579654
280556,2026-03-07T23:00:00.000Z,nba,Pistons,Nets,105,107,complete,2026-04-21 18:00:28.579654
280557,2026-03-07T23:00:00.000Z,nba,Hawks,76ers,125,116,complete,2026-04-21 18:00:28.579654
280558,2026-03-08T01:00:00.000Z,nba,Bucks,Jazz,113,99,complete,2026-04-21 18:00:28.579654
280559,2026-03-08T01:00:00.000Z,nba,Grizzlies,Clippers,120,123,complete,2026-04-21 18:00:28.579654
280560,2026-03-08T01:30:00.000Z,nba,Thunder,Warriors,104,97,complete,2026-04-21 18:00:28.579654
280696,2026-03-08T17:00:00.000Z,nba,Cavaliers,Celtics,98,109,complete,2026-04-21 18:00:28.579654
280697,2026-03-08T19:30:00.000Z,nba,Lakers,Knicks,110,97,complete,2026-04-21 18:00:28.579654
280698,2026-03-08T22:00:00.000Z,nba,Raptors,Mavericks,122,92,complete,2026-04-21 18:00:28.579654
280699,2026-03-08T22:00:00.000Z,nba,Heat,Pistons,121,110,complete,2026-04-21 18:00:28.579654
280700,2026-03-08T23:00:00.000Z,nba,Pelicans,Wizards,138,118,complete,2026-04-21 18:00:28.579654
280701,2026-03-09T00:00:00.000Z,nba,Bucks,Magic,91,130,complete,2026-04-21 18:00:28.579654
280702,2026-03-09T00:00:00.000Z,nba,Spurs,Rockets,145,120,complete,2026-04-21 18:00:28.579654
280703,2026-03-09T01:00:00.000Z,nba,Kings,Bulls,126,110,complete,2026-04-21 18:00:28.579654
280705,2026-03-09T01:00:00.000Z,nba,Trail Blazers,Pacers,131,111,complete,2026-04-21 18:00:28.579654
280704,2026-03-09T02:00:00.000Z,nba,Suns,Hornets,111,99,complete,2026-04-21 18:00:28.579654
280833,2026-03-09T23:00:00.000Z,nba,Cavaliers,76ers,115,101,complete,2026-04-21 18:00:28.579654
280834,2026-03-09T23:30:00.000Z,nba,Thunder,Nuggets,129,126,complete,2026-04-21 18:00:28.579654
280835,2026-03-09T23:30:00.000Z,nba,Nets,Grizzlies,126,115,complete,2026-04-21 18:00:28.579654
280836,2026-03-10T01:00:00.000Z,nba,Jazz,Warriors,119,116,complete,2026-04-21 18:00:28.579654
280837,2026-03-10T02:00:00.000Z,nba,Clippers,Knicks,126,118,complete,2026-04-21 18:00:28.579654
280838,2026-03-10T23:00:00.000Z,nba,76ers,Grizzlies,139,129,complete,2026-04-21 18:00:28.579654
280839,2026-03-10T23:30:00.000Z,nba,Nets,Pistons,100,138,complete,2026-04-21 18:00:28.579654
280840,2026-03-10T23:30:00.000Z,nba,Heat,Wizards,150,129,complete,2026-04-21 18:00:28.579654
280841,2026-03-10T23:30:00.000Z,nba,Hawks,Mavericks,124,112,complete,2026-04-21 18:00:28.579654
280842,2026-03-11T00:00:00.000Z,nba,Rockets,Raptors,113,99,complete,2026-04-21 18:00:28.579654
280843,2026-03-11T00:00:00.000Z,nba,Spurs,Celtics,125,116,complete,2026-04-21 18:00:28.579654
280844,2026-03-11T00:00:00.000Z,nba,Bucks,Suns,114,129,complete,2026-04-21 18:00:28.579654
280845,2026-03-11T02:00:00.000Z,nba,Trail Blazers,Hornets,101,103,complete,2026-04-21 18:00:28.579654
280846,2026-03-11T02:00:00.000Z,nba,Warriors,Bulls,124,130,complete,2026-04-21 18:00:28.579654
280847,2026-03-11T02:00:00.000Z,nba,Kings,Pacers,114,109,complete,2026-04-21 18:00:28.579654
280848,2026-03-11T03:00:00.000Z,nba,Lakers,Timberwolves,120,106,complete,2026-04-21 18:00:28.579654
280903,2026-03-11T23:30:00.000Z,nba,Magic,Cavaliers,128,122,complete,2026-04-21 18:00:28.579654
280904,2026-03-12T00:00:00.000Z,nba,Pelicans,Raptors,122,111,complete,2026-04-21 18:00:28.579654
280905,2026-03-12T01:00:00.000Z,nba,Jazz,Knicks,117,134,complete,2026-04-21 18:00:28.579654
280906,2026-03-12T02:00:00.000Z,nba,Nuggets,Rockets,129,93,complete,2026-04-21 18:00:28.579654
280907,2026-03-12T02:00:00.000Z,nba,Kings,Hornets,109,117,complete,2026-04-21 18:00:28.579654
280908,2026-03-12T02:30:00.000Z,nba,Clippers,Timberwolves,153,128,complete,2026-04-21 18:00:28.579654
280933,2026-03-12T23:00:00.000Z,nba,Magic,Wizards,136,131,complete,2026-04-21 18:00:28.579654
280934,2026-03-12T23:00:00.000Z,nba,Pacers,Suns,108,123,complete,2026-04-21 18:00:28.579654
280935,2026-03-12T23:00:00.000Z,nba,Pistons,76ers,131,109,complete,2026-04-21 18:00:28.579654
280936,2026-03-12T23:30:00.000Z,nba,Heat,Bucks,112,105,complete,2026-04-21 18:00:28.579654
280937,2026-03-12T23:30:00.000Z,nba,Hawks,Nets,108,97,complete,2026-04-21 18:00:28.579654
281767,2026-03-13T00:00:00.000Z,nba,Grizzlies,Mavericks,112,120,complete,2026-04-21 18:00:28.579654
280938,2026-03-13T01:00:00.000Z,nba,Spurs,Nuggets,131,136,complete,2026-04-21 18:00:28.579654
280939,2026-03-13T01:30:00.000Z,nba,Thunder,Celtics,104,102,complete,2026-04-21 18:00:28.579654
280940,2026-03-13T02:30:00.000Z,nba,Lakers,Bulls,142,130,complete,2026-04-21 18:00:28.579654
280954,2026-03-13T23:30:00.000Z,nba,Raptors,Suns,122,115,complete,2026-04-21 18:00:28.579654
280955,2026-03-13T23:30:00.000Z,nba,Pacers,Knicks,92,101,complete,2026-04-21 18:00:28.579654
280956,2026-03-13T23:30:00.000Z,nba,Pistons,Grizzlies,126,110,complete,2026-04-21 18:00:28.579654
280958,2026-03-13T23:30:00.000Z,nba,Mavericks,Cavaliers,105,138,complete,2026-04-21 18:00:28.579654
280957,2026-03-14T00:00:00.000Z,nba,Rockets,Pelicans,107,105,complete,2026-04-21 18:00:28.579654
280959,2026-03-14T02:00:00.000Z,nba,Trail Blazers,Jazz,124,114,complete,2026-04-21 18:00:28.579654
280960,2026-03-14T02:00:00.000Z,nba,Warriors,Timberwolves,117,127,complete,2026-04-21 18:00:28.579654
280961,2026-03-14T02:30:00.000Z,nba,Clippers,Bulls,119,108,complete,2026-04-21 18:00:28.579654
281088,2026-03-14T17:00:00.000Z,nba,76ers,Nets,104,97,complete,2026-04-21 18:00:28.579654
281089,2026-03-14T19:00:00.000Z,nba,Hawks,Bucks,122,99,complete,2026-04-21 18:00:28.579654
281092,2026-03-14T19:30:00.000Z,nba,Spurs,Hornets,115,102,complete,2026-04-21 18:00:28.579654
281090,2026-03-14T22:00:00.000Z,nba,Celtics,Wizards,111,100,complete,2026-04-21 18:00:28.579654
281091,2026-03-15T00:00:00.000Z,nba,Heat,Magic,117,121,complete,2026-04-21 18:00:28.579654
281093,2026-03-15T00:30:00.000Z,nba,Lakers,Nuggets,127,125,complete,2026-04-21 18:00:28.579654
281094,2026-03-15T02:30:00.000Z,nba,Clippers,Kings,109,118,complete,2026-04-21 18:00:28.579654
281128,2026-03-15T17:00:00.000Z,nba,Thunder,Timberwolves,116,103,complete,2026-04-21 18:00:28.579654
281129,2026-03-15T19:30:00.000Z,nba,Bucks,Pacers,134,123,complete,2026-04-21 18:00:28.579654
281130,2026-03-15T19:30:00.000Z,nba,Raptors,Pistons,119,108,complete,2026-04-21 18:00:28.579654
281131,2026-03-15T19:30:00.000Z,nba,Cavaliers,Mavericks,120,130,complete,2026-04-21 18:00:28.579654
281132,2026-03-15T22:00:00.000Z,nba,76ers,Trail Blazers,109,103,complete,2026-04-21 18:00:28.579654
281133,2026-03-16T00:00:00.000Z,nba,Knicks,Warriors,110,107,complete,2026-04-21 18:00:28.579654
281134,2026-03-16T02:00:00.000Z,nba,Kings,Jazz,116,111,complete,2026-04-21 18:00:28.579654
281260,2026-03-16T23:00:00.000Z,nba,Wizards,Warriors,117,125,complete,2026-04-21 18:00:28.579654
281261,2026-03-16T23:00:00.000Z,nba,Hawks,Magic,124,112,complete,2026-04-21 18:00:28.579654
281262,2026-03-16T23:30:00.000Z,nba,Nets,Trail Blazers,95,114,complete,2026-04-21 18:00:28.579654
281264,2026-03-16T23:30:00.000Z,nba,Celtics,Suns,120,112,complete,2026-04-21 18:00:28.579654
281263,2026-03-17T00:00:00.000Z,nba,Bulls,Grizzlies,132,107,complete,2026-04-21 18:00:28.579654
281265,2026-03-17T00:00:00.000Z,nba,Pelicans,Mavericks,129,111,complete,2026-04-21 18:00:28.579654
281266,2026-03-17T01:30:00.000Z,nba,Rockets,Lakers,92,100,complete,2026-04-21 18:00:28.579654
281267,2026-03-17T02:00:00.000Z,nba,Clippers,Spurs,115,119,complete,2026-04-21 18:00:28.579654
281271,2026-03-17T23:00:00.000Z,nba,Wizards,Pistons,117,130,complete,2026-04-21 18:00:28.579654
281272,2026-03-17T23:00:00.000Z,nba,Magic,Thunder,108,113,complete,2026-04-21 18:00:28.579654
281273,2026-03-17T23:00:00.000Z,nba,Hornets,Heat,136,106,complete,2026-04-21 18:00:28.579654
281274,2026-03-17T23:30:00.000Z,nba,Knicks,Pacers,136,110,complete,2026-04-21 18:00:28.579654
281275,2026-03-18T00:00:00.000Z,nba,Timberwolves,Suns,116,104,complete,2026-04-21 18:00:28.579654
281276,2026-03-18T00:00:00.000Z,nba,Bucks,Cavaliers,116,123,complete,2026-04-21 18:00:28.579654
281277,2026-03-18T02:00:00.000Z,nba,Nuggets,76ers,124,96,complete,2026-04-21 18:00:28.579654
281278,2026-03-18T02:00:00.000Z,nba,Kings,Spurs,104,132,complete,2026-04-21 18:00:28.579654
281305,2026-03-18T23:00:00.000Z,nba,Celtics,Warriors,120,99,complete,2026-04-21 18:00:28.579654
281306,2026-03-18T23:30:00.000Z,nba,Pacers,Trail Blazers,119,127,complete,2026-04-21 18:00:28.579654
281307,2026-03-18T23:30:00.000Z,nba,Nets,Thunder,92,121,complete,2026-04-21 18:00:28.579654
281309,2026-03-19T00:00:00.000Z,nba,Timberwolves,Jazz,147,111,complete,2026-04-21 18:00:28.579654
281310,2026-03-19T00:00:00.000Z,nba,Pelicans,Clippers,124,109,complete,2026-04-21 18:00:28.579654
281311,2026-03-19T00:00:00.000Z,nba,Bulls,Raptors,109,139,complete,2026-04-21 18:00:28.579654
281312,2026-03-19T00:30:00.000Z,nba,Mavericks,Hawks,120,135,complete,2026-04-21 18:00:28.579654
284754,2026-03-19T00:30:00.000Z,nba,Grizzlies,Nuggets,125,118,complete,2026-04-21 18:00:28.579654
281313,2026-03-19T01:30:00.000Z,nba,Rockets,Lakers,116,124,complete,2026-04-21 18:00:28.579654
281339,2026-03-19T23:00:00.000Z,nba,Hornets,Magic,130,111,complete,2026-04-21 18:00:28.579654
281340,2026-03-19T23:00:00.000Z,nba,Wizards,Pistons,95,117,complete,2026-04-21 18:00:28.579654
281341,2026-03-20T00:00:00.000Z,nba,Spurs,Suns,101,100,complete,2026-04-21 18:00:28.579654
281342,2026-03-20T00:00:00.000Z,nba,Heat,Lakers,126,134,complete,2026-04-21 18:00:28.579654
281343,2026-03-20T00:00:00.000Z,nba,Pelicans,Clippers,105,99,complete,2026-04-21 18:00:28.579654
281344,2026-03-20T00:00:00.000Z,nba,Bulls,Cavaliers,110,115,complete,2026-04-21 18:00:28.579654
281345,2026-03-20T01:00:00.000Z,nba,Jazz,Bucks,128,96,complete,2026-04-21 18:00:28.579654
281346,2026-03-20T02:00:00.000Z,nba,Kings,76ers,118,139,complete,2026-04-21 18:00:28.579654
281354,2026-03-20T23:30:00.000Z,nba,Nets,Knicks,92,93,complete,2026-04-21 18:00:28.579654
281355,2026-03-20T23:30:00.000Z,nba,Pistons,Warriors,115,101,complete,2026-04-21 18:00:28.579654
281356,2026-03-21T00:00:00.000Z,nba,Grizzlies,Celtics,112,117,complete,2026-04-21 18:00:28.579654
281357,2026-03-21T00:00:00.000Z,nba,Timberwolves,Trail Blazers,104,108,complete,2026-04-21 18:00:28.579654
281358,2026-03-21T00:00:00.000Z,nba,Rockets,Hawks,117,95,complete,2026-04-21 18:00:28.579654
281359,2026-03-21T01:00:00.000Z,nba,Nuggets,Raptors,121,115,complete,2026-04-21 18:00:28.579654
281390,2026-03-21T21:00:00.000Z,nba,Wizards,Thunder,111,132,complete,2026-04-21 18:00:28.579654
281391,2026-03-21T23:00:00.000Z,nba,Pelicans,Cavaliers,106,111,complete,2026-04-21 18:00:28.579654
281392,2026-03-21T23:00:00.000Z,nba,Magic,Lakers,104,105,complete,2026-04-21 18:00:28.579654
281393,2026-03-21T23:00:00.000Z,nba,Hornets,Grizzlies,124,101,complete,2026-04-21 18:00:28.579654
281394,2026-03-22T00:00:00.000Z,nba,Spurs,Pacers,134,119,complete,2026-04-21 18:00:28.579654
281395,2026-03-22T00:00:00.000Z,nba,Hawks,Warriors,126,110,complete,2026-04-21 18:00:28.579654
281396,2026-03-22T00:00:00.000Z,nba,Rockets,Heat,123,122,complete,2026-04-21 18:00:28.579654
281397,2026-03-22T00:30:00.000Z,nba,Mavericks,Clippers,131,138,complete,2026-04-21 18:00:28.579654
281398,2026-03-22T01:30:00.000Z,nba,Jazz,76ers,116,126,complete,2026-04-21 18:00:28.579654
281399,2026-03-22T02:00:00.000Z,nba,Suns,Bucks,105,108,complete,2026-04-21 18:00:28.579654
281410,2026-03-22T21:00:00.000Z,nba,Nuggets,Trail Blazers,128,112,complete,2026-04-21 18:00:28.579654
281411,2026-03-22T22:00:00.000Z,nba,Kings,Nets,126,122,complete,2026-04-21 18:00:28.579654
281412,2026-03-22T23:30:00.000Z,nba,Knicks,Wizards,145,113,complete,2026-04-21 18:00:28.579654
281413,2026-03-23T00:00:00.000Z,nba,Celtics,Timberwolves,92,102,complete,2026-04-21 18:00:28.579654
281414,2026-03-23T01:00:00.000Z,nba,Suns,Raptors,120,98,complete,2026-04-21 18:00:28.579654
281442,2026-03-23T23:00:00.000Z,nba,Magic,Pacers,126,128,complete,2026-04-21 18:00:28.579654
281443,2026-03-23T23:00:00.000Z,nba,Pistons,Lakers,113,110,complete,2026-04-21 18:00:28.579654
281444,2026-03-23T23:00:00.000Z,nba,76ers,Thunder,103,123,complete,2026-04-21 18:00:28.579654
281446,2026-03-23T23:00:00.000Z,nba,Heat,Spurs,111,136,complete,2026-04-21 18:00:28.579654
281445,2026-03-23T23:30:00.000Z,nba,Hawks,Grizzlies,146,107,complete,2026-04-21 18:00:28.579654
281447,2026-03-24T00:00:00.000Z,nba,Bulls,Rockets,132,124,complete,2026-04-21 18:00:28.579654
281448,2026-03-24T01:00:00.000Z,nba,Jazz,Raptors,127,143,complete,2026-04-21 18:00:28.579654
281449,2026-03-24T01:30:00.000Z,nba,Mavericks,Warriors,131,137,complete,2026-04-21 18:00:28.579654
281450,2026-03-24T02:00:00.000Z,nba,Trail Blazers,Nets,134,99,complete,2026-04-21 18:00:28.579654
281451,2026-03-24T02:30:00.000Z,nba,Clippers,Bucks,129,96,complete,2026-04-21 18:00:28.579654
281454,2026-03-24T23:00:00.000Z,nba,Hornets,Kings,134,90,complete,2026-04-21 18:00:28.579654
281455,2026-03-24T23:30:00.000Z,nba,Knicks,Pelicans,121,116,complete,2026-04-21 18:00:28.579654
281456,2026-03-25T00:00:00.000Z,nba,Cavaliers,Magic,136,131,complete,2026-04-21 18:00:28.579654
281457,2026-03-25T03:00:00.000Z,nba,Suns,Nuggets,123,125,complete,2026-04-21 18:00:28.579654
281503,2026-03-25T23:00:00.000Z,nba,76ers,Bulls,157,137,complete,2026-04-21 18:00:28.579654
281504,2026-03-25T23:00:00.000Z,nba,Pistons,Hawks,129,130,complete,2026-04-21 18:00:28.579654
281505,2026-03-25T23:00:00.000Z,nba,Pacers,Lakers,130,137,complete,2026-04-21 18:00:28.579654
281506,2026-03-25T23:30:00.000Z,nba,Celtics,Thunder,119,109,complete,2026-04-21 18:00:28.579654
281507,2026-03-25T23:30:00.000Z,nba,Cavaliers,Heat,103,120,complete,2026-04-21 18:00:28.579654
281508,2026-03-26T00:00:00.000Z,nba,Grizzlies,Spurs,98,123,complete,2026-04-21 18:00:28.579654
281509,2026-03-26T01:00:00.000Z,nba,Jazz,Wizards,110,133,complete,2026-04-21 18:00:28.579654
281510,2026-03-26T01:30:00.000Z,nba,Timberwolves,Rockets,110,108,complete,2026-04-21 18:00:28.579654
281511,2026-03-26T02:00:00.000Z,nba,Warriors,Nets,109,106,complete,2026-04-21 18:00:28.579654
281512,2026-03-26T02:00:00.000Z,nba,Trail Blazers,Bucks,130,99,complete,2026-04-21 18:00:28.579654
281513,2026-03-26T02:00:00.000Z,nba,Nuggets,Mavericks,142,135,complete,2026-04-21 18:00:28.579654
281514,2026-03-26T02:30:00.000Z,nba,Clippers,Raptors,119,94,complete,2026-04-21 18:00:28.579654
281570,2026-03-26T23:00:00.000Z,nba,Pistons,Pelicans,129,108,complete,2026-04-21 18:00:28.579654
281571,2026-03-26T23:00:00.000Z,nba,Hornets,Knicks,114,103,complete,2026-04-21 18:00:28.579654
281572,2026-03-26T23:00:00.000Z,nba,Magic,Kings,121,117,complete,2026-04-21 18:00:28.579654
281613,2026-03-27T23:00:00.000Z,nba,Pacers,Clippers,113,114,complete,2026-04-21 18:00:28.579654
281614,2026-03-27T23:30:00.000Z,nba,Celtics,Hawks,109,102,complete,2026-04-21 18:00:28.579654
281615,2026-03-27T23:30:00.000Z,nba,Cavaliers,Heat,149,128,complete,2026-04-21 18:00:28.579654
281616,2026-03-28T00:00:00.000Z,nba,Thunder,Bulls,131,113,complete,2026-04-21 18:00:28.579654
281617,2026-03-28T00:00:00.000Z,nba,Grizzlies,Rockets,109,119,complete,2026-04-21 18:00:28.579654
281618,2026-03-28T00:30:00.000Z,nba,Raptors,Pelicans,119,106,complete,2026-04-21 18:00:28.579654
281619,2026-03-28T01:00:00.000Z,nba,Nuggets,Jazz,135,129,complete,2026-04-21 18:00:28.579654
281620,2026-03-28T02:00:00.000Z,nba,Warriors,Wizards,131,126,complete,2026-04-21 18:00:28.579654
281621,2026-03-28T02:00:00.000Z,nba,Trail Blazers,Mavericks,93,100,complete,2026-04-21 18:00:28.579654
281622,2026-03-28T02:30:00.000Z,nba,Lakers,Nets,116,99,complete,2026-04-21 18:00:28.579654
281646,2026-03-28T19:00:00.000Z,nba,Bucks,Spurs,95,127,complete,2026-04-21 18:00:28.579654
281649,2026-03-28T21:30:00.000Z,nba,Timberwolves,Pistons,87,109,complete,2026-04-21 18:00:28.579654
281647,2026-03-28T22:00:00.000Z,nba,Hornets,76ers,114,118,complete,2026-04-21 18:00:28.579654
281648,2026-03-28T23:30:00.000Z,nba,Hawks,Kings,123,113,complete,2026-04-21 18:00:28.579654
281650,2026-03-29T00:00:00.000Z,nba,Grizzlies,Bulls,125,124,complete,2026-04-21 18:00:28.579654
281651,2026-03-29T02:00:00.000Z,nba,Suns,Jazz,134,109,complete,2026-04-21 18:00:28.579654
281696,2026-03-29T19:30:00.000Z,nba,Bucks,Clippers,113,127,complete,2026-04-21 18:00:28.579654
281697,2026-03-29T21:00:00.000Z,nba,Pacers,Heat,135,118,complete,2026-04-21 18:00:28.579654
281698,2026-03-29T22:00:00.000Z,nba,Nets,Kings,116,99,complete,2026-04-21 18:00:28.579654
281699,2026-03-29T22:00:00.000Z,nba,Raptors,Magic,139,87,complete,2026-04-21 18:00:28.579654
281700,2026-03-29T22:00:00.000Z,nba,Trail Blazers,Wizards,123,88,complete,2026-04-21 18:00:28.579654
281701,2026-03-29T22:00:00.000Z,nba,Hornets,Celtics,99,114,complete,2026-04-21 18:00:28.579654
281702,2026-03-29T23:00:00.000Z,nba,Pelicans,Rockets,102,134,complete,2026-04-21 18:00:28.579654
281703,2026-03-29T23:30:00.000Z,nba,Thunder,Knicks,111,100,complete,2026-04-21 18:00:28.579654
281704,2026-03-30T02:00:00.000Z,nba,Nuggets,Warriors,116,93,complete,2026-04-21 18:00:28.579654
281729,2026-03-30T23:00:00.000Z,nba,Heat,76ers,119,109,complete,2026-04-21 18:00:28.579654
281730,2026-03-30T23:30:00.000Z,nba,Hawks,Celtics,112,102,complete,2026-04-21 18:00:28.579654
281731,2026-03-31T00:00:00.000Z,nba,Grizzlies,Suns,105,131,complete,2026-04-21 18:00:28.579654
281732,2026-03-31T00:00:00.000Z,nba,Spurs,Bulls,129,114,complete,2026-04-21 18:00:28.579654
281733,2026-03-31T00:30:00.000Z,nba,Mavericks,Timberwolves,94,124,complete,2026-04-21 18:00:28.579654
281734,2026-03-31T01:00:00.000Z,nba,Jazz,Cavaliers,113,122,complete,2026-04-21 18:00:28.579654
281735,2026-03-31T01:30:00.000Z,nba,Thunder,Pistons,114,110,complete,2026-04-21 18:00:28.579654
281736,2026-03-31T02:00:00.000Z,nba,Lakers,Wizards,120,101,complete,2026-04-21 18:00:28.579654
281738,2026-03-31T23:00:00.000Z,nba,Magic,Suns,115,111,complete,2026-04-21 18:00:28.579654
281739,2026-03-31T23:30:00.000Z,nba,Nets,Hornets,86,117,complete,2026-04-21 18:00:28.579654
281740,2026-04-01T00:00:00.000Z,nba,Pistons,Raptors,127,116,complete,2026-04-21 18:00:28.579654
281741,2026-04-01T00:00:00.000Z,nba,Rockets,Knicks,111,94,complete,2026-04-21 18:00:28.579654
284755,2026-04-01T00:00:00.000Z,nba,Bucks,Mavericks,123,99,complete,2026-04-21 18:00:28.579654
281742,2026-04-01T02:30:00.000Z,nba,Lakers,Cavaliers,127,113,complete,2026-04-21 18:00:28.579654
281743,2026-04-01T03:00:00.000Z,nba,Clippers,Trail Blazers,104,114,complete,2026-04-21 18:00:28.579654
281764,2026-04-01T23:00:00.000Z,nba,Wizards,76ers,131,153,complete,2026-04-21 18:00:28.579654
281765,2026-04-01T23:00:00.000Z,nba,Magic,Hawks,101,130,complete,2026-04-21 18:00:28.579654
281766,2026-04-01T23:30:00.000Z,nba,Heat,Celtics,129,147,complete,2026-04-21 18:00:28.579654
281308,2026-04-02T00:00:00.000Z,nba,Grizzlies,Knicks,119,130,complete,2026-04-21 18:00:28.579654
281768,2026-04-02T00:00:00.000Z,nba,Raptors,Kings,115,123,complete,2026-04-21 18:00:28.579654
281769,2026-04-02T00:00:00.000Z,nba,Rockets,Bucks,119,113,complete,2026-04-21 18:00:28.579654
281770,2026-04-02T00:00:00.000Z,nba,Bulls,Pacers,126,145,complete,2026-04-21 18:00:28.579654
281771,2026-04-02T01:00:00.000Z,nba,Jazz,Nuggets,117,130,complete,2026-04-21 18:00:28.579654
281772,2026-04-02T02:00:00.000Z,nba,Warriors,Spurs,113,127,complete,2026-04-21 18:00:28.579654
281777,2026-04-02T23:00:00.000Z,nba,Pistons,Timberwolves,113,108,complete,2026-04-21 18:00:28.579654
281778,2026-04-02T23:00:00.000Z,nba,Hornets,Suns,127,107,complete,2026-04-21 18:00:28.579654
281779,2026-04-03T01:30:00.000Z,nba,Thunder,Lakers,139,96,complete,2026-04-21 18:00:28.579654
281780,2026-04-03T02:00:00.000Z,nba,Trail Blazers,Pelicans,118,106,complete,2026-04-21 18:00:28.579654
281781,2026-04-03T02:00:00.000Z,nba,Warriors,Cavaliers,111,118,complete,2026-04-21 18:00:28.579654
281782,2026-04-03T02:30:00.000Z,nba,Clippers,Spurs,99,118,complete,2026-04-21 18:00:28.579654
281839,2026-04-03T23:00:00.000Z,nba,76ers,Timberwolves,115,103,complete,2026-04-21 18:00:28.579654
281840,2026-04-03T23:00:00.000Z,nba,Hornets,Pacers,129,108,complete,2026-04-21 18:00:28.579654
281841,2026-04-03T23:30:00.000Z,nba,Nets,Hawks,107,141,complete,2026-04-21 18:00:28.579654
281842,2026-04-03T23:30:00.000Z,nba,Knicks,Bulls,136,96,complete,2026-04-21 18:00:28.579654
281843,2026-04-04T00:00:00.000Z,nba,Rockets,Jazz,140,106,complete,2026-04-21 18:00:28.579654
281844,2026-04-04T00:00:00.000Z,nba,Bucks,Celtics,101,133,complete,2026-04-21 18:00:28.579654
281845,2026-04-04T00:00:00.000Z,nba,Grizzlies,Raptors,96,128,complete,2026-04-21 18:00:28.579654
281846,2026-04-04T00:30:00.000Z,nba,Mavericks,Magic,127,138,complete,2026-04-21 18:00:28.579654
281847,2026-04-04T02:00:00.000Z,nba,Kings,Pelicans,117,113,complete,2026-04-21 18:00:28.579654
281876,2026-04-04T19:00:00.000Z,nba,Nuggets,Spurs,136,134,complete,2026-04-21 18:00:28.579654
281877,2026-04-04T19:00:00.000Z,nba,Heat,Wizards,152,136,complete,2026-04-21 18:00:28.579654
281878,2026-04-04T23:00:00.000Z,nba,76ers,Pistons,93,116,complete,2026-04-21 18:00:28.579654
281909,2026-04-05T19:30:00.000Z,nba,Celtics,Raptors,115,101,complete,2026-04-21 18:00:28.579654
281910,2026-04-05T19:30:00.000Z,nba,Bucks,Grizzlies,131,115,complete,2026-04-21 18:00:28.579654
281911,2026-04-05T19:30:00.000Z,nba,Bulls,Suns,110,120,complete,2026-04-21 18:00:28.579654
281912,2026-04-05T19:30:00.000Z,nba,Nets,Wizards,121,115,complete,2026-04-21 18:00:28.579654
281913,2026-04-05T22:00:00.000Z,nba,Cavaliers,Pacers,117,108,complete,2026-04-21 18:00:28.579654
281914,2026-04-05T23:00:00.000Z,nba,Pelicans,Magic,108,112,complete,2026-04-21 18:00:28.579654
281915,2026-04-05T23:00:00.000Z,nba,Thunder,Jazz,146,111,complete,2026-04-21 18:00:28.579654
281916,2026-04-05T23:00:00.000Z,nba,Timberwolves,Hornets,108,122,complete,2026-04-21 18:00:28.579654
281917,2026-04-05T23:30:00.000Z,nba,Mavericks,Lakers,134,128,complete,2026-04-21 18:00:28.579654
281918,2026-04-06T01:00:00.000Z,nba,Kings,Clippers,109,138,complete,2026-04-21 18:00:28.579654
281919,2026-04-06T02:00:00.000Z,nba,Warriors,Rockets,116,117,complete,2026-04-21 18:00:28.579654
281920,2026-04-06T23:00:00.000Z,nba,Hawks,Knicks,105,108,complete,2026-04-21 18:00:28.579654
281921,2026-04-06T23:00:00.000Z,nba,Magic,Pistons,123,107,complete,2026-04-21 18:00:28.579654
281922,2026-04-07T00:00:00.000Z,nba,Spurs,76ers,115,102,complete,2026-04-21 18:00:28.579654
281923,2026-04-07T00:00:00.000Z,nba,Grizzlies,Cavaliers,126,142,complete,2026-04-21 18:00:28.579654
281924,2026-04-07T01:00:00.000Z,nba,Nuggets,Trail Blazers,137,132,complete,2026-04-21 18:00:28.579654
281942,2026-04-07T23:00:00.000Z,nba,Wizards,Bulls,98,129,complete,2026-04-21 18:00:28.579654
281947,2026-04-07T23:00:00.000Z,nba,Pacers,Timberwolves,104,124,complete,2026-04-21 18:00:28.579654
281943,2026-04-07T23:30:00.000Z,nba,Raptors,Heat,121,95,complete,2026-04-21 18:00:28.579654
281945,2026-04-07T23:30:00.000Z,nba,Nets,Bucks,96,90,complete,2026-04-21 18:00:28.579654
281944,2026-04-08T00:00:00.000Z,nba,Celtics,Hornets,113,102,complete,2026-04-21 18:00:28.579654
281946,2026-04-08T00:00:00.000Z,nba,Pelicans,Jazz,156,137,complete,2026-04-21 18:00:28.579654
281948,2026-04-08T02:00:00.000Z,nba,Warriors,Kings,110,105,complete,2026-04-21 18:00:28.579654
281949,2026-04-08T02:30:00.000Z,nba,Clippers,Mavericks,116,103,complete,2026-04-21 18:00:28.579654
281950,2026-04-08T02:30:00.000Z,nba,Lakers,Thunder,87,123,complete,2026-04-21 18:00:28.579654
281951,2026-04-08T03:00:00.000Z,nba,Suns,Rockets,105,119,complete,2026-04-21 18:00:28.579654
281975,2026-04-08T23:00:00.000Z,nba,Magic,Timberwolves,132,120,complete,2026-04-21 18:00:28.579654
281976,2026-04-08T23:00:00.000Z,nba,Cavaliers,Hawks,122,116,complete,2026-04-21 18:00:28.579654
281977,2026-04-08T23:00:00.000Z,nba,Pistons,Bucks,137,111,complete,2026-04-21 18:00:28.579654
281979,2026-04-09T01:00:00.000Z,nba,Nuggets,Grizzlies,136,119,complete,2026-04-21 18:00:28.579654
281978,2026-04-09T01:30:00.000Z,nba,Spurs,Trail Blazers,112,101,complete,2026-04-21 18:00:28.579654
281980,2026-04-09T02:00:00.000Z,nba,Clippers,Thunder,110,128,complete,2026-04-21 18:00:28.579654
281981,2026-04-09T02:00:00.000Z,nba,Suns,Mavericks,112,107,complete,2026-04-21 18:00:28.579654
282027,2026-04-09T23:00:00.000Z,nba,Wizards,Bulls,108,119,complete,2026-04-21 18:00:28.579654
282028,2026-04-09T23:00:00.000Z,nba,Raptors,Heat,128,114,complete,2026-04-21 18:00:28.579654
282029,2026-04-09T23:30:00.000Z,nba,Nets,Pacers,94,123,complete,2026-04-21 18:00:28.579654
282030,2026-04-09T23:30:00.000Z,nba,Knicks,Celtics,112,106,complete,2026-04-21 18:00:28.579654
282031,2026-04-10T00:00:00.000Z,nba,Rockets,76ers,113,102,complete,2026-04-21 18:00:28.579654
282032,2026-04-10T02:00:00.000Z,nba,Warriors,Lakers,103,119,complete,2026-04-21 18:00:28.579654
282035,2026-04-10T23:00:00.000Z,nba,Wizards,Heat,117,140,complete,2026-04-21 18:00:28.579654
282036,2026-04-10T23:00:00.000Z,nba,Hornets,Pistons,100,118,complete,2026-04-21 18:00:28.579654
282039,2026-04-10T23:00:00.000Z,nba,Hawks,Cavaliers,124,102,complete,2026-04-21 18:00:28.579654
282037,2026-04-10T23:30:00.000Z,nba,Knicks,Raptors,112,95,complete,2026-04-21 18:00:28.579654
282038,2026-04-10T23:30:00.000Z,nba,Pacers,76ers,94,105,complete,2026-04-21 18:00:28.579654
282040,2026-04-10T23:30:00.000Z,nba,Celtics,Pelicans,144,118,complete,2026-04-21 18:00:28.579654
282042,2026-04-11T00:00:00.000Z,nba,Bucks,Nets,125,108,complete,2026-04-21 18:00:28.579654
282043,2026-04-11T00:00:00.000Z,nba,Bulls,Magic,103,127,complete,2026-04-21 18:00:28.579654
282044,2026-04-11T00:00:00.000Z,nba,Spurs,Mavericks,139,120,complete,2026-04-21 18:00:28.579654
282046,2026-04-11T01:00:00.000Z,nba,Nuggets,Thunder,127,107,complete,2026-04-21 18:00:28.579654
282041,2026-04-11T01:30:00.000Z,nba,Rockets,Timberwolves,132,136,complete,2026-04-21 18:00:28.579654
282045,2026-04-11T01:30:00.000Z,nba,Jazz,Grizzlies,147,101,complete,2026-04-21 18:00:28.579654
282047,2026-04-11T02:00:00.000Z,nba,Kings,Warriors,124,118,complete,2026-04-21 18:00:28.579654
282048,2026-04-11T02:00:00.000Z,nba,Trail Blazers,Clippers,116,97,complete,2026-04-21 18:00:28.579654
282049,2026-04-11T02:30:00.000Z,nba,Lakers,Suns,101,73,complete,2026-04-21 18:00:28.579654
282050,2026-04-12T22:00:00.000Z,nba,Pacers,Pistons,121,133,complete,2026-04-21 18:00:28.579654
282051,2026-04-12T22:00:00.000Z,nba,Knicks,Hornets,96,110,complete,2026-04-21 18:00:28.579654
282052,2026-04-12T22:00:00.000Z,nba,Celtics,Magic,113,108,complete,2026-04-21 18:00:28.579654
282053,2026-04-12T22:00:00.000Z,nba,76ers,Bucks,126,106,complete,2026-04-21 18:00:28.579654
282054,2026-04-12T22:00:00.000Z,nba,Heat,Hawks,143,117,complete,2026-04-21 18:00:28.579654
282055,2026-04-12T22:00:00.000Z,nba,Cavaliers,Wizards,130,117,complete,2026-04-21 18:00:28.579654
282056,2026-04-12T22:00:00.000Z,nba,Raptors,Nets,136,101,complete,2026-04-21 18:00:28.579654
282057,2026-04-13T00:30:00.000Z,nba,Spurs,Nuggets,118,128,complete,2026-04-21 18:00:28.579654
282058,2026-04-13T00:30:00.000Z,nba,Timberwolves,Pelicans,132,126,complete,2026-04-21 18:00:28.579654
282059,2026-04-13T00:30:00.000Z,nba,Mavericks,Bulls,149,128,complete,2026-04-21 18:00:28.579654
282060,2026-04-13T00:30:00.000Z,nba,Thunder,Suns,103,135,complete,2026-04-21 18:00:28.579654
282061,2026-04-13T00:30:00.000Z,nba,Rockets,Grizzlies,132,101,complete,2026-04-21 18:00:28.579654
282062,2026-04-13T00:30:00.000Z,nba,Clippers,Warriors,115,110,complete,2026-04-21 18:00:28.579654
282063,2026-04-13T00:30:00.000Z,nba,Trail Blazers,Kings,122,110,complete,2026-04-21 18:00:28.579654
282064,2026-04-13T00:30:00.000Z,nba,Lakers,Jazz,131,107,complete,2026-04-21 18:00:28.579654
288279,2026-04-14T23:30:00.000Z,nba,Hornets,Heat,127,126,complete,2026-04-21 18:00:28.579654
288295,2026-04-15T02:00:00.000Z,nba,Suns,Trail Blazers,110,114,complete,2026-04-21 18:00:28.579654
288278,2026-04-15T23:30:00.000Z,nba,76ers,Magic,109,97,complete,2026-04-21 18:00:28.579654
288296,2026-04-16T02:00:00.000Z,nba,Clippers,Warriors,121,126,complete,2026-04-21 18:00:28.579654
288429,2026-04-17T23:30:00.000Z,nba,Magic,Hornets,121,90,complete,2026-04-21 18:00:28.579654
288436,2026-04-18T02:00:00.000Z,nba,Suns,Warriors,111,96,complete,2026-04-21 18:00:28.579654
288297,2026-04-18T17:00:00.000Z,nba,Cavaliers,Raptors,126,113,complete,2026-04-21 18:00:28.579654
288298,2026-04-18T19:30:00.000Z,nba,Nuggets,Timberwolves,116,105,complete,2026-04-21 18:00:28.579654
288299,2026-04-18T22:00:00.000Z,nba,Knicks,Hawks,113,102,complete,2026-04-21 18:00:28.579654
288300,2026-04-19T00:30:00.000Z,nba,Lakers,Rockets,107,98,complete,2026-04-21 18:00:28.579654
288430,2026-04-19T17:00:00.000Z,nba,Celtics,76ers,123,91,complete,2026-04-21 18:00:28.579654
288541,2026-04-19T19:30:00.000Z,nba,Thunder,Suns,119,84,complete,2026-04-21 18:00:28.579654
288534,2026-04-19T22:30:00.000Z,nba,Pistons,Magic,101,112,complete,2026-04-21 18:00:28.579654
288351,2026-04-20T01:00:00.000Z,nba,Spurs,Trail Blazers,111,98,complete,2026-04-21 18:00:28.579654
288352,2026-04-20T23:00:00.000Z,nba,Cavaliers,Raptors,115,105,complete,2026-04-21 18:00:28.579654
288353,2026-04-21T00:00:00.000Z,nba,Knicks,Hawks,106,107,complete,2026-04-21 18:00:28.579654
288354,2026-04-21T02:30:00.000Z,nba,Nuggets,Timberwolves,114,119,complete,2026-04-21 18:00:28.579654
