game_id,start_time,league_name,home_team,away_team,home_score,away_score,status,date_scraped
263588,2025-11-04T23:00:00.000Z,ncaab,UMBC,Nittany Lions,74,53,complete,2026-04-21 18:05:57.427374
264451,2025-11-04T23:30:00.000Z,ncaab,Purdue,Evansville,82,51,complete,2026-04-21 18:05:57.427374
264449,2025-11-05T00:00:00.000Z,ncaab,Kentucky,Nicholls St,77,51,complete,2026-04-21 18:05:57.427374
264450,2025-11-05T00:00:00.000Z,ncaab,E. Carolina,GA Southern,92,89,complete,2026-04-21 18:05:57.427374
264454,2025-11-05T00:00:00.000Z,ncaab,West Virginia,St. Mary's,70,54,complete,2026-04-21 18:05:57.427374
264456,2025-11-05T00:00:00.000Z,ncaab,Fordham,N.J.I.T.,61,72,complete,2026-04-21 18:05:57.427374
266311,2025-11-05T00:00:00.000Z,ncaab,S. Carolina,NC A&T,91,72,complete,2026-04-21 18:05:57.427374
266314,2025-11-05T00:00:00.000Z,ncaab,Florida St,Alcorn State,108,76,complete,2026-04-21 18:05:57.427374
267594,2025-11-05T00:00:00.000Z,ncaab,E Tennessee St,Converse Valkyries,102,50,complete,2026-04-21 18:05:57.427374
264455,2025-11-05T00:30:00.000Z,ncaab,Wichita State,UNC Asheville,75,58,complete,2026-04-21 18:05:57.427374
264448,2025-11-05T01:00:00.000Z,ncaab,Texas Tech,Lindenwood,98,60,complete,2026-04-21 18:05:57.427374
264452,2025-11-05T01:00:00.000Z,ncaab,OK State,Oral Roberts,95,71,complete,2026-04-21 18:05:57.427374
264453,2025-11-05T01:00:00.000Z,ncaab,K State,UNC Greensboro,93,64,complete,2026-04-21 18:05:57.427374
266316,2025-11-05T01:00:00.000Z,ncaab,Valparaiso,E. Illinois,66,63,complete,2026-04-21 18:05:57.427374
267330,2025-11-05T01:00:00.000Z,ncaab,Ark-Little Rock,Arkansas Baptist Buffaloes,92,63,complete,2026-04-21 18:05:57.427374
267328,2025-11-05T01:30:00.000Z,ncaab,Iowa,Robert Morris,101,69,complete,2026-04-21 18:05:57.427374
264446,2025-11-05T01:45:00.000Z,ncaab,Duke,Texas,75,60,complete,2026-04-21 18:05:57.427374
264447,2025-11-05T02:00:00.000Z,ncaab,Arizona St,Southern Utah,81,64,complete,2026-04-21 18:05:57.427374
280376,2025-11-05T02:00:00.000Z,ncaab,N. Mexico St,Adams State,83,72,complete,2026-04-21 18:05:57.427374
280377,2025-11-05T02:00:00.000Z,ncaab,UCSB,Gators,98,67,complete,2026-04-21 18:05:57.427374
263589,2025-11-05T03:00:00.000Z,ncaab,Sac State,Penguins,103,79,complete,2026-04-21 18:05:57.427374
264457,2025-11-05T03:00:00.000Z,ncaab,Stanford,Portland State,89,79,complete,2026-04-21 18:05:57.427374
266312,2025-11-05T03:00:00.000Z,ncaab,UNLV,TN-Martin,81,86,complete,2026-04-21 18:05:57.427374
266315,2025-11-05T03:00:00.000Z,ncaab,San Diego State,LBSU,77,45,complete,2026-04-21 18:05:57.427374
267329,2025-11-05T03:00:00.000Z,ncaab,Nevada,LA Tech,77,50,complete,2026-04-21 18:05:57.427374
266313,2025-11-05T03:30:00.000Z,ncaab,Oregon,Hawaii,60,59,complete,2026-04-21 18:05:57.427374
271990,2025-11-05T23:00:00.000Z,ncaab,Rutgers,Rider,81,53,complete,2026-04-21 18:05:57.427374
266317,2025-11-05T23:30:00.000Z,ncaab,La Salle,Coppin St,87,59,complete,2026-04-21 18:05:57.427374
264464,2025-11-06T00:00:00.000Z,ncaab,Butler,Southern Indiana,88,58,complete,2026-04-21 18:05:57.427374
264466,2025-11-06T00:00:00.000Z,ncaab,Queens,Hornets,87,76,complete,2026-04-21 18:05:57.427374
266318,2025-11-06T00:00:00.000Z,ncaab,Georgia,MD-E Shore,94,29,complete,2026-04-21 18:05:57.427374
267554,2025-11-06T00:00:00.000Z,ncaab,Temple,Delaware St,83,65,complete,2026-04-21 18:05:57.427374
264458,2025-11-06T01:00:00.000Z,ncaab,Indiana,Alabama A&M,98,51,complete,2026-04-21 18:05:57.427374
264460,2025-11-06T01:00:00.000Z,ncaab,Marquette,Southern U,100,82,complete,2026-04-21 18:05:57.427374
264461,2025-11-06T01:00:00.000Z,ncaab,LSU,Tarleton St,96,60,complete,2026-04-21 18:05:57.427374
264462,2025-11-06T01:00:00.000Z,ncaab,Creighton,South Dakota,92,76,complete,2026-04-21 18:05:57.427374
264459,2025-11-06T02:00:00.000Z,ncaab,Mississippi St,North Alabama,86,62,complete,2026-04-21 18:05:57.427374
264463,2025-11-06T02:00:00.000Z,ncaab,New Mexico,E TA&M,76,54,complete,2026-04-21 18:05:57.427374
264465,2025-11-06T02:00:00.000Z,ncaab,UC Davis,NDSU,80,68,complete,2026-04-21 18:05:57.427374
267555,2025-11-06T02:00:00.000Z,ncaab,Fresno State,USC Upstate,66,67,complete,2026-04-21 18:05:57.427374
263590,2025-11-06T03:00:00.000Z,ncaab,Pacific,Life Pacific College,83,56,complete,2026-04-21 18:05:57.427374
264467,2025-11-06T03:30:00.000Z,ncaab,Loyola Marymount,E. Washington,70,62,complete,2026-04-21 18:05:57.427374
263591,2025-11-06T23:00:00.000Z,ncaab,Morgan State,Knights,101,77,complete,2026-04-21 18:05:57.427374
264473,2025-11-06T23:30:00.000Z,ncaab,IUIN,Long Island,90,94,complete,2026-04-21 18:05:57.427374
263592,2025-11-07T00:00:00.000Z,ncaab,Old Dominion,Wildcats,93,53,complete,2026-04-21 18:05:57.427374
263593,2025-11-07T00:00:00.000Z,ncaab,Charleston So,Toccoa Falls Eagles,106,71,complete,2026-04-21 18:05:57.427374
264471,2025-11-07T00:00:00.000Z,ncaab,Quinnipiac,Central Conn,71,49,complete,2026-04-21 18:05:57.427374
264472,2025-11-07T00:00:00.000Z,ncaab,Louisville,Jackson St,106,70,complete,2026-04-21 18:05:57.427374
264605,2025-11-07T00:00:00.000Z,ncaab,Boston Col,Citadel,76,47,complete,2026-04-21 18:05:57.427374
264606,2025-11-07T00:00:00.000Z,ncaab,West Virginia,Campbell,73,65,complete,2026-04-21 18:05:57.427374
264614,2025-11-07T00:00:00.000Z,ncaab,Miami (FL),B-Cookman,101,61,complete,2026-04-21 18:05:57.427374
264615,2025-11-07T00:00:00.000Z,ncaab,Xavier,Dolphins,74,69,complete,2026-04-21 18:05:57.427374
266323,2025-11-07T00:00:00.000Z,ncaab,Bowling Green,Bethany (WV) Bison,120,65,complete,2026-04-21 18:05:57.427374
267595,2025-11-07T00:00:00.000Z,ncaab,Ohio,Illinois St,72,68,complete,2026-04-21 18:05:57.427374
264469,2025-11-07T00:30:00.000Z,ncaab,Drake,Robert Morris,79,81,complete,2026-04-21 18:05:57.427374
264468,2025-11-07T01:00:00.000Z,ncaab,Saint Louis,Chicago St,108,86,complete,2026-04-21 18:05:57.427374
264607,2025-11-07T01:00:00.000Z,ncaab,Florida,North Florida,104,64,complete,2026-04-21 18:05:57.427374
264609,2025-11-07T01:00:00.000Z,ncaab,TCU,St. Francis (PA),104,63,complete,2026-04-21 18:05:57.427374
264610,2025-11-07T01:00:00.000Z,ncaab,Ab Christian,Omaha,73,71,complete,2026-04-21 18:05:57.427374
264611,2025-11-07T01:00:00.000Z,ncaab,SMU,Texas A&M-CC,69,58,complete,2026-04-21 18:05:57.427374
264613,2025-11-07T01:00:00.000Z,ncaab,Iowa State,Grambling St,102,62,complete,2026-04-21 18:05:57.427374
266319,2025-11-07T01:00:00.000Z,ncaab,Texas A&M,Texas Southern,104,70,complete,2026-04-21 18:05:57.427374
266320,2025-11-07T01:00:00.000Z,ncaab,North Dakota,UC Riverside,70,74,complete,2026-04-21 18:05:57.427374
266321,2025-11-07T01:00:00.000Z,ncaab,Auburn,Merrimack,95,57,complete,2026-04-21 18:05:57.427374
266322,2025-11-07T01:00:00.000Z,ncaab,N. Iowa,CS Northridge,86,57,complete,2026-04-21 18:05:57.427374
267331,2025-11-07T01:00:00.000Z,ncaab,SD State,Dakota State,68,62,complete,2026-04-21 18:05:57.427374
275934,2025-11-07T01:00:00.000Z,ncaab,North Texas,NW State,80,53,complete,2026-04-21 18:05:57.427374
281255,2025-11-07T01:00:00.000Z,ncaab,S. Alabama,Alcorn State,76,70,complete,2026-04-21 18:05:57.427374
264608,2025-11-07T02:00:00.000Z,ncaab,Loyola (IL),Lakers,65,73,complete,2026-04-21 18:05:57.427374
264470,2025-11-07T03:00:00.000Z,ncaab,California,Wright State,77,67,complete,2026-04-21 18:05:57.427374
264612,2025-11-07T03:00:00.000Z,ncaab,Washington,Denver,84,70,complete,2026-04-21 18:05:57.427374
264474,2025-11-07T03:30:00.000Z,ncaab,Portland,AR-Pine Bluff,83,74,complete,2026-04-21 18:05:57.427374
276080,2025-11-07T16:00:00.000Z,ncaab,Delaware,Wildcats,62,71,complete,2026-04-21 18:05:57.427374
265992,2025-11-07T18:00:00.000Z,ncaab,New Haven,Columbia,53,71,complete,2026-04-21 18:05:57.427374
281117,2025-11-07T18:30:00.000Z,ncaab,UTSA,SIU-Edwardsville,60,77,complete,2026-04-21 18:05:57.427374
263594,2025-11-07T22:00:00.000Z,ncaab,Harvard,Engineers,79,50,complete,2026-04-21 18:05:57.427374
264642,2025-11-07T22:00:00.000Z,ncaab,Colgate,Northeastern,65,68,complete,2026-04-21 18:05:57.427374
264475,2025-11-07T23:00:00.000Z,ncaab,Rhode Island,Tulsa,65,82,complete,2026-04-21 18:05:57.427374
264630,2025-11-07T23:00:00.000Z,ncaab,Maryland,Georgetown,60,70,complete,2026-04-21 18:05:57.427374
264639,2025-11-07T23:00:00.000Z,ncaab,Northwestern,Boston U,76,52,complete,2026-04-21 18:05:57.427374
266326,2025-11-07T23:00:00.000Z,ncaab,Liberty,Charleston,90,75,complete,2026-04-21 18:05:57.427374
264637,2025-11-07T23:30:00.000Z,ncaab,Buffalo,Green Bay,83,76,complete,2026-04-21 18:05:57.427374
264643,2025-11-07T23:30:00.000Z,ncaab,Ohio State,IPFW,94,68,complete,2026-04-21 18:05:57.427374
264476,2025-11-08T00:00:00.000Z,ncaab,Brown,Siena,46,62,complete,2026-04-21 18:05:57.427374
264477,2025-11-08T00:00:00.000Z,ncaab,SFA,Arkansas St,90,65,complete,2026-04-21 18:05:57.427374
264478,2025-11-08T00:00:00.000Z,ncaab,St. Mary's,Bucknell,62,73,complete,2026-04-21 18:05:57.427374
264619,2025-11-08T00:00:00.000Z,ncaab,UNC,Kansas,87,74,complete,2026-04-21 18:05:57.427374
264621,2025-11-08T00:00:00.000Z,ncaab,Wake Forest,Morehead St,81,65,complete,2026-04-21 18:05:57.427374
264625,2025-11-08T00:00:00.000Z,ncaab,Iona,Hofstra,81,73,complete,2026-04-21 18:05:57.427374
264627,2025-11-08T00:00:00.000Z,ncaab,Charlotte,Tenn Tech,70,65,complete,2026-04-21 18:05:57.427374
264628,2025-11-08T00:00:00.000Z,ncaab,Purdue,Oakland,87,77,complete,2026-04-21 18:05:57.427374
264629,2025-11-08T00:00:00.000Z,ncaab,Kentucky,Valparaiso,107,59,complete,2026-04-21 18:05:57.427374
264632,2025-11-08T00:00:00.000Z,ncaab,Pittsburgh,Longwood,78,60,complete,2026-04-21 18:05:57.427374
264634,2025-11-08T00:00:00.000Z,ncaab,Clemson,Gardner-Webb,97,59,complete,2026-04-21 18:05:57.427374
264635,2025-11-08T00:00:00.000Z,ncaab,Notre Dame,Detroit,102,70,complete,2026-04-21 18:05:57.427374
264640,2025-11-08T00:00:00.000Z,ncaab,Virginia,NC Central,81,62,complete,2026-04-21 18:05:57.427374
264644,2025-11-08T00:00:00.000Z,ncaab,Duquesne,Sacred Heart,92,80,complete,2026-04-21 18:05:57.427374
266324,2025-11-08T00:00:00.000Z,ncaab,Cincinnati,Georgia State,74,64,complete,2026-04-21 18:05:57.427374
266325,2025-11-08T00:00:00.000Z,ncaab,Florida St,Alabama St,101,64,complete,2026-04-21 18:05:57.427374
266328,2025-11-08T00:00:00.000Z,ncaab,Kent State,Cornell,110,102,complete,2026-04-21 18:05:57.427374
267333,2025-11-08T00:00:00.000Z,ncaab,George Mason,Winthrop,96,90,complete,2026-04-21 18:05:57.427374
267334,2025-11-08T00:00:00.000Z,ncaab,Iowa,W. Illinois,77,58,complete,2026-04-21 18:05:57.427374
267596,2025-11-08T00:00:00.000Z,ncaab,Furman,Troy,61,64,complete,2026-04-21 18:05:57.427374
276081,2025-11-08T00:00:00.000Z,ncaab,Davidson,Washington St,85,69,complete,2026-04-21 18:05:57.427374
264620,2025-11-08T00:30:00.000Z,ncaab,UConn,UMass Lowell,110,47,complete,2026-04-21 18:05:57.427374
264633,2025-11-08T00:30:00.000Z,ncaab,Seton Hall,Wagner,68,61,complete,2026-04-21 18:05:57.427374
264645,2025-11-08T00:30:00.000Z,ncaab,G Tech,Bryant U,74,45,complete,2026-04-21 18:05:57.427374
276551,2025-11-08T00:30:00.000Z,ncaab,Ole Miss,UL Monroe,86,65,complete,2026-04-21 18:05:57.427374
263595,2025-11-08T01:00:00.000Z,ncaab,N. Colorado,Cougars,101,65,complete,2026-04-21 18:05:57.427374
264479,2025-11-08T01:00:00.000Z,ncaab,E. Illinois,Nicholls St,65,57,complete,2026-04-21 18:05:57.427374
264617,2025-11-08T01:00:00.000Z,ncaab,VCU,Utah State,77,80,complete,2026-04-21 18:05:57.427374
264622,2025-11-08T01:00:00.000Z,ncaab,Missouri,SE Missouri,89,84,complete,2026-04-21 18:05:57.427374
264624,2025-11-08T01:00:00.000Z,ncaab,Texas Tech,Sam Houston,98,77,complete,2026-04-21 18:05:57.427374
264626,2025-11-08T01:00:00.000Z,ncaab,Murray State,MS Valley St,108,60,complete,2026-04-21 18:05:57.427374
264641,2025-11-08T01:00:00.000Z,ncaab,DePaul,Stonehill,72,64,complete,2026-04-21 18:05:57.427374
267332,2025-11-08T01:00:00.000Z,ncaab,S. Illinois,UMKC,101,78,complete,2026-04-21 18:05:57.427374
264480,2025-11-08T01:30:00.000Z,ncaab,Southern Indiana,VMI,74,78,complete,2026-04-21 18:05:57.427374
264616,2025-11-08T01:30:00.000Z,ncaab,Wisconsin,N. Illinois,97,72,complete,2026-04-21 18:05:57.427374
264618,2025-11-08T01:30:00.000Z,ncaab,Louisiana,SE Louisiana,58,52,complete,2026-04-21 18:05:57.427374
264636,2025-11-08T01:30:00.000Z,ncaab,Illinois,FGCU,113,70,complete,2026-04-21 18:05:57.427374
266329,2025-11-08T01:30:00.000Z,ncaab,Navy,Yale,68,97,complete,2026-04-21 18:05:57.427374
275586,2025-11-08T01:30:00.000Z,ncaab,Samford,SC State,82,72,complete,2026-04-21 18:05:57.427374
264481,2025-11-08T02:00:00.000Z,ncaab,Grand Canyon,Youngstown St,81,90,complete,2026-04-21 18:05:57.427374
264631,2025-11-08T02:00:00.000Z,ncaab,NC State,UAB,94,70,complete,2026-04-21 18:05:57.427374
264646,2025-11-08T02:00:00.000Z,ncaab,San Diego,Idaho State,68,71,complete,2026-04-21 18:05:57.427374
271991,2025-11-08T02:00:00.000Z,ncaab,Arizona,Utah Tech,93,67,complete,2026-04-21 18:05:57.427374
275659,2025-11-08T02:00:00.000Z,ncaab,UTEP,Mustangs,107,70,complete,2026-04-21 18:05:57.427374
264482,2025-11-08T03:00:00.000Z,ncaab,Santa Clara,McNeese St,79,67,complete,2026-04-21 18:05:57.427374
264623,2025-11-08T03:00:00.000Z,ncaab,Oregon St,UIC,76,73,complete,2026-04-21 18:05:57.427374
266327,2025-11-08T03:00:00.000Z,ncaab,Oregon,Rice,67,63,complete,2026-04-21 18:05:57.427374
264638,2025-11-08T03:30:00.000Z,ncaab,UCLA,Pepperdine,74,63,complete,2026-04-21 18:05:57.427374
274943,2025-11-08T03:30:00.000Z,ncaab,Saint Mary's,Chattanooga,87,66,complete,2026-04-21 18:05:57.427374
278476,2025-11-08T03:30:00.000Z,ncaab,UC Irvine,Cal Baptist,61,69,complete,2026-04-21 18:05:57.427374
264654,2025-11-08T17:00:00.000Z,ncaab,St. John's,Alabama,96,103,complete,2026-04-21 18:05:57.427374
264664,2025-11-08T17:00:00.000Z,ncaab,Akron,Princeton,104,69,complete,2026-04-21 18:05:57.427374
264670,2025-11-08T17:00:00.000Z,ncaab,Minnesota,Alcorn State,95,50,complete,2026-04-21 18:05:57.427374
264659,2025-11-08T18:00:00.000Z,ncaab,Syracuse,Delaware St,83,43,complete,2026-04-21 18:05:57.427374
264663,2025-11-08T18:00:00.000Z,ncaab,Nebraska,FIU,96,66,complete,2026-04-21 18:05:57.427374
265993,2025-11-08T18:00:00.000Z,ncaab,New Haven,Penn State,43,87,complete,2026-04-21 18:05:57.427374
266338,2025-11-08T18:00:00.000Z,ncaab,Saint Joe's,Drexel,76,65,complete,2026-04-21 18:05:57.427374
280858,2025-11-08T18:00:00.000Z,ncaab,Florida A&M,Kennesaw St,72,92,complete,2026-04-21 18:05:57.427374
264648,2025-11-08T18:30:00.000Z,ncaab,Duke,W. Carolina,95,54,complete,2026-04-21 18:05:57.427374
264672,2025-11-08T18:30:00.000Z,ncaab,G Washington,S. Florida,99,95,complete,2026-04-21 18:05:57.427374
264483,2025-11-08T19:00:00.000Z,ncaab,Binghamton,Niagara,59,67,complete,2026-04-21 18:05:57.427374
264484,2025-11-08T19:00:00.000Z,ncaab,Tulane,Texas St,79,71,complete,2026-04-21 18:05:57.427374
264651,2025-11-08T19:00:00.000Z,ncaab,Toledo,Marshall,73,85,complete,2026-04-21 18:05:57.427374
264652,2025-11-08T19:00:00.000Z,ncaab,Dayton,UMBC,77,71,complete,2026-04-21 18:05:57.427374
267502,2025-11-08T19:00:00.000Z,ncaab,Wofford,Milwaukee,86,76,complete,2026-04-21 18:05:57.427374
267584,2025-11-08T19:00:00.000Z,ncaab,C. Arkansas,Champion Christian,110,63,complete,2026-04-21 18:05:57.427374
278411,2025-11-08T19:00:00.000Z,ncaab,N.J.I.T.,Fairfield,53,74,complete,2026-04-21 18:05:57.427374
281077,2025-11-08T19:00:00.000Z,ncaab,St. Peter's,Fairleigh,93,83,complete,2026-04-21 18:05:57.427374
264657,2025-11-08T20:00:00.000Z,ncaab,Texas,Lafayette,97,60,complete,2026-04-21 18:05:57.427374
264658,2025-11-08T20:00:00.000Z,ncaab,Memphis,San Francisco,76,70,complete,2026-04-21 18:05:57.427374
264662,2025-11-08T20:00:00.000Z,ncaab,Tennessee,N Kentucky,95,56,complete,2026-04-21 18:05:57.427374
266340,2025-11-08T20:00:00.000Z,ncaab,Houston,Towson,65,48,complete,2026-04-21 18:05:57.427374
266341,2025-11-08T20:00:00.000Z,ncaab,GA Southern,UNC Asheville,93,90,complete,2026-04-21 18:05:57.427374
266335,2025-11-08T20:30:00.000Z,ncaab,La Salle,Monmouth,73,60,complete,2026-04-21 18:05:57.427374
264485,2025-11-08T21:00:00.000Z,ncaab,Air Force,Austin Peay,54,74,complete,2026-04-21 18:05:57.427374
264486,2025-11-08T21:00:00.000Z,ncaab,Stanford,Montana,91,68,complete,2026-04-21 18:05:57.427374
264655,2025-11-08T21:00:00.000Z,ncaab,Boise State,Utah Valley,101,77,complete,2026-04-21 18:05:57.427374
264656,2025-11-08T21:00:00.000Z,ncaab,New Mexico,UT-Arlington,74,56,complete,2026-04-21 18:05:57.427374
264661,2025-11-08T21:00:00.000Z,ncaab,VA Tech,Providence,107,101,complete,2026-04-21 18:05:57.427374
264668,2025-11-08T21:00:00.000Z,ncaab,Colorado,E. Washington,102,97,complete,2026-04-21 18:05:57.427374
264671,2025-11-08T21:00:00.000Z,ncaab,St. Bonaventure,Canisius,89,70,complete,2026-04-21 18:05:57.427374
266336,2025-11-08T21:00:00.000Z,ncaab,Wyoming,CS Fullerton,92,82,complete,2026-04-21 18:05:57.427374
267624,2025-11-08T21:00:00.000Z,ncaab,UCF,Vanderbilt,93,105,complete,2026-04-21 18:05:57.427374
271992,2025-11-08T21:00:00.000Z,ncaab,Norfolk State,William & Mary,78,81,complete,2026-04-21 18:05:57.427374
278412,2025-11-08T21:00:00.000Z,ncaab,UNC Greensboro,Elon,90,92,complete,2026-04-21 18:05:57.427374
280378,2025-11-08T21:00:00.000Z,ncaab,UCSB,San Jose St,85,74,complete,2026-04-21 18:05:57.427374
263596,2025-11-08T22:00:00.000Z,ncaab,High Point,Cougars,127,52,complete,2026-04-21 18:05:57.427374
264653,2025-11-08T22:00:00.000Z,ncaab,Butler,IUIN,112,80,complete,2026-04-21 18:05:57.427374
264673,2025-11-08T22:00:00.000Z,ncaab,Stony Brook,Maine,71,60,complete,2026-04-21 18:05:57.427374
267556,2025-11-08T22:00:00.000Z,ncaab,Fresno State,LBSU,82,62,complete,2026-04-21 18:05:57.427374
264647,2025-11-08T23:00:00.000Z,ncaab,FAU,Charleston,94,77,complete,2026-04-21 18:05:57.427374
264666,2025-11-08T23:00:00.000Z,ncaab,Richmond,E. Carolina,87,72,complete,2026-04-21 18:05:57.427374
264667,2025-11-08T23:00:00.000Z,ncaab,UMASS,Albany,83,62,complete,2026-04-21 18:05:57.427374
266337,2025-11-08T23:00:00.000Z,ncaab,Presbyterian,E Tennessee St,68,64,complete,2026-04-21 18:05:57.427374
264650,2025-11-09T00:00:00.000Z,ncaab,Wichita State,Prairie View,105,62,complete,2026-04-21 18:05:57.427374
264665,2025-11-09T00:00:00.000Z,ncaab,Utah,Weber State,92,89,complete,2026-04-21 18:05:57.427374
264669,2025-11-09T00:00:00.000Z,ncaab,Villanova,Queens,94,74,complete,2026-04-21 18:05:57.427374
266331,2025-11-09T00:00:00.000Z,ncaab,Tarleton St,Texas A&M-CC,85,77,complete,2026-04-21 18:05:57.427374
266334,2025-11-09T00:00:00.000Z,ncaab,Michigan St,Arkansas,69,66,complete,2026-04-21 18:05:57.427374
266330,2025-11-09T00:30:00.000Z,ncaab,Middle Tenn,Webster Gorloks,109,56,complete,2026-04-21 18:05:57.427374
264487,2025-11-09T01:00:00.000Z,ncaab,Belmont,Tenn St,87,79,complete,2026-04-21 18:05:57.427374
264649,2025-11-09T01:00:00.000Z,ncaab,Bradley,C. Michigan,85,54,complete,2026-04-21 18:05:57.427374
264660,2025-11-09T01:00:00.000Z,ncaab,K State,Bellarmine,98,71,complete,2026-04-21 18:05:57.427374
266342,2025-11-09T01:00:00.000Z,ncaab,St. Thomas,Army ,83,76,complete,2026-04-21 18:05:57.427374
266343,2025-11-09T01:30:00.000Z,ncaab,Southern Utah,UT Grande Valley,72,95,complete,2026-04-21 18:05:57.427374
264488,2025-11-09T02:00:00.000Z,ncaab,Loyola Marymount,AR-Pine Bluff,94,72,complete,2026-04-21 18:05:57.427374
264674,2025-11-09T02:00:00.000Z,ncaab,BYU,Holy Cross,98,53,complete,2026-04-21 18:05:57.427374
266339,2025-11-09T02:00:00.000Z,ncaab,UNLV,Chattanooga,101,69,complete,2026-04-21 18:05:57.427374
266332,2025-11-09T03:00:00.000Z,ncaab,Seattle,Cal Poly,71,73,complete,2026-04-21 18:05:57.427374
266344,2025-11-09T03:00:00.000Z,ncaab,UCSD,Hou Christian,78,60,complete,2026-04-21 18:05:57.427374
267335,2025-11-09T03:00:00.000Z,ncaab,Nevada,Pacific,78,77,complete,2026-04-21 18:05:57.427374
266333,2025-11-09T03:30:00.000Z,ncaab,Gonzaga,Oklahoma,83,68,complete,2026-04-21 18:05:57.427374
264489,2025-11-09T17:00:00.000Z,ncaab,Harvard,New Hampshire,86,75,complete,2026-04-21 18:05:57.427374
275660,2025-11-09T17:30:00.000Z,ncaab,Campbell,W. Michigan,91,82,complete,2026-04-21 18:05:57.427374
264490,2025-11-09T18:00:00.000Z,ncaab,Marquette,Indiana,77,100,complete,2026-04-21 18:05:57.427374
264491,2025-11-09T18:00:00.000Z,ncaab,App State,NC Central,76,54,complete,2026-04-21 18:05:57.427374
264678,2025-11-09T18:00:00.000Z,ncaab,American U,Penn,84,78,complete,2026-04-21 18:05:57.427374
266355,2025-11-09T18:00:00.000Z,ncaab,JMU,Coppin St,84,70,complete,2026-04-21 18:05:57.427374
264492,2025-11-09T19:00:00.000Z,ncaab,Brown,Vermont,84,89,complete,2026-04-21 18:05:57.427374
264675,2025-11-09T19:00:00.000Z,ncaab,OK State,Texas A&M,87,63,complete,2026-04-21 18:05:57.427374
264680,2025-11-09T19:00:00.000Z,ncaab,Illinois St,Cornell,76,65,complete,2026-04-21 18:05:57.427374
266345,2025-11-09T19:00:00.000Z,ncaab,Mercer,Lipscomb,92,77,complete,2026-04-21 18:05:57.427374
266346,2025-11-09T19:00:00.000Z,ncaab,N. Iowa,SD State,65,58,complete,2026-04-21 18:05:57.427374
266347,2025-11-09T19:00:00.000Z,ncaab,Georgia,Morehead St,120,81,complete,2026-04-21 18:05:57.427374
266349,2025-11-09T19:00:00.000Z,ncaab,Bowling Green,Dolphins,83,60,complete,2026-04-21 18:05:57.427374
266350,2025-11-09T19:00:00.000Z,ncaab,North Dakota,CS Northridge,85,93,complete,2026-04-21 18:05:57.427374
266354,2025-11-09T19:00:00.000Z,ncaab,IPFW,Dominican (IL),137,56,complete,2026-04-21 18:05:57.427374
281118,2025-11-09T19:00:00.000Z,ncaab,Dartmouth ,Marist,56,75,complete,2026-04-21 18:05:57.427374
264493,2025-11-09T20:00:00.000Z,ncaab,Montana St,Denver,73,75,complete,2026-04-21 18:05:57.427374
264677,2025-11-09T20:00:00.000Z,ncaab,Arizona St,Utah Tech,81,66,complete,2026-04-21 18:05:57.427374
264681,2025-11-09T20:00:00.000Z,ncaab,West Virginia,Lehigh,69,47,complete,2026-04-21 18:05:57.427374
266352,2025-11-09T20:00:00.000Z,ncaab,LA Tech,Lyon,93,35,complete,2026-04-21 18:05:57.427374
263597,2025-11-09T21:00:00.000Z,ncaab,Evansville,Mighty Oaks,76,47,complete,2026-04-21 18:05:57.427374
264683,2025-11-09T21:30:00.000Z,ncaab,Missouri,VMI,106,68,complete,2026-04-21 18:05:57.427374
264494,2025-11-09T22:00:00.000Z,ncaab,Portland,UC Davis,67,63,complete,2026-04-21 18:05:57.427374
266353,2025-11-09T22:00:00.000Z,ncaab,San Diego State,Idaho State,73,57,complete,2026-04-21 18:05:57.427374
275935,2025-11-09T22:00:00.000Z,ncaab,Loyola (IL),North Texas,62,64,complete,2026-04-21 18:05:57.427374
264676,2025-11-09T23:00:00.000Z,ncaab,Colorado St,Omaha,97,74,complete,2026-04-21 18:05:57.427374
264679,2025-11-09T23:00:00.000Z,ncaab,USC,Manhattan,114,83,complete,2026-04-21 18:05:57.427374
266348,2025-11-09T23:00:00.000Z,ncaab,Liberty,FAU,88,68,complete,2026-04-21 18:05:57.427374
280379,2025-11-09T23:00:00.000Z,ncaab,Howard,Grambling St,70,73,complete,2026-04-21 18:05:57.427374
266351,2025-11-09T23:30:00.000Z,ncaab,S. Carolina,Southern Miss,83,79,complete,2026-04-21 18:05:57.427374
266356,2025-11-10T00:30:00.000Z,ncaab,TN-Martin,Kentucky Christian,97,42,complete,2026-04-21 18:05:57.427374
264682,2025-11-10T01:30:00.000Z,ncaab,Baylor,Washington,78,69,complete,2026-04-21 18:05:57.427374
271290,2025-11-10T06:00:00.000Z,ncaab,Hawaii,E TA&M,100,74,complete,2026-04-21 18:05:57.427374
267336,2025-11-10T17:00:00.000Z,ncaab,Jax State,Reinhardt,114,39,complete,2026-04-21 18:05:57.427374
265994,2025-11-10T23:00:00.000Z,ncaab,UMass Lowell,New Haven,67,73,complete,2026-04-21 18:05:57.427374
264691,2025-11-10T23:30:00.000Z,ncaab,Niagara,Delaware St,68,57,complete,2026-04-21 18:05:57.427374
264696,2025-11-10T23:30:00.000Z,ncaab,UConn,Columbia,89,62,complete,2026-04-21 18:05:57.427374
271993,2025-11-10T23:30:00.000Z,ncaab,Rutgers,Maine,72,60,complete,2026-04-21 18:05:57.427374
264495,2025-11-11T00:00:00.000Z,ncaab,NC A&T,SC State,85,62,complete,2026-04-21 18:05:57.427374
264686,2025-11-11T00:00:00.000Z,ncaab,Pittsburgh,E. Michigan,78,66,complete,2026-04-21 18:05:57.427374
264688,2025-11-11T00:00:00.000Z,ncaab,Seton Hall,Fairfield,82,59,complete,2026-04-21 18:05:57.427374
264699,2025-11-11T00:00:00.000Z,ncaab,Miami (FL),Stetson,102,61,complete,2026-04-21 18:05:57.427374
266357,2025-11-11T00:00:00.000Z,ncaab,SIU-Edwardsville,Indiana St,55,64,complete,2026-04-21 18:05:57.427374
266358,2025-11-11T00:00:00.000Z,ncaab,Kent State,UNC Wilmington,86,77,complete,2026-04-21 18:05:57.427374
274049,2025-11-11T00:00:00.000Z,ncaab,Citadel,Charleston So,86,96,complete,2026-04-21 18:05:57.427374
274050,2025-11-11T00:00:00.000Z,ncaab,Georgia State,Presbyterian,61,63,complete,2026-04-21 18:05:57.427374
276552,2025-11-11T00:00:00.000Z,ncaab,E. Kentucky,W. Kentucky,79,87,complete,2026-04-21 18:05:57.427374
264684,2025-11-11T01:00:00.000Z,ncaab,TCU,Lamar,78,65,complete,2026-04-21 18:05:57.427374
264685,2025-11-11T01:00:00.000Z,ncaab,LSU,New Orleans,93,58,complete,2026-04-21 18:05:57.427374
264692,2025-11-11T01:00:00.000Z,ncaab,Iowa State,Mississippi St,96,80,complete,2026-04-21 18:05:57.427374
264694,2025-11-11T01:00:00.000Z,ncaab,Milwaukee,Ark-Little Rock,92,72,complete,2026-04-21 18:05:57.427374
264697,2025-11-11T01:00:00.000Z,ncaab,Saint Louis,Lindenwood,109,66,complete,2026-04-21 18:05:57.427374
264693,2025-11-11T01:30:00.000Z,ncaab,Xavier,Santa Clara,68,87,complete,2026-04-21 18:05:57.427374
264698,2025-11-11T01:30:00.000Z,ncaab,Northwestern,Cleveland St,110,63,complete,2026-04-21 18:05:57.427374
264496,2025-11-11T02:00:00.000Z,ncaab,Grand Canyon,N. Illinois,88,59,complete,2026-04-21 18:05:57.427374
264695,2025-11-11T02:00:00.000Z,ncaab,G Tech,SE Louisiana,70,60,complete,2026-04-21 18:05:57.427374
264700,2025-11-11T02:00:00.000Z,ncaab,Utah,Holy Cross,87,69,complete,2026-04-21 18:05:57.427374
264687,2025-11-11T02:30:00.000Z,ncaab,Washington St,St. Thomas,81,71,complete,2026-04-21 18:05:57.427374
264689,2025-11-11T03:00:00.000Z,ncaab,UCLA,Wolves,83,62,complete,2026-04-21 18:05:57.427374
264690,2025-11-11T03:00:00.000Z,ncaab,California,CS Fullerton,93,65,complete,2026-04-21 18:05:57.427374
278477,2025-11-11T03:00:00.000Z,ncaab,UC Irvine,Lincoln (CA),130,63,complete,2026-04-21 18:05:57.427374
271291,2025-11-11T18:00:00.000Z,ncaab,UMKC,Iona,91,105,complete,2026-04-21 18:05:57.427374
264497,2025-11-11T21:00:00.000Z,ncaab,Air Force,Long Island,72,76,complete,2026-04-21 18:05:57.427374
264713,2025-11-11T23:00:00.000Z,ncaab,Morgan State,UMBC,79,81,complete,2026-04-21 18:05:57.427374
264704,2025-11-11T23:30:00.000Z,ncaab,Ohio State,App State,75,53,complete,2026-04-21 18:05:57.427374
264727,2025-11-11T23:30:00.000Z,ncaab,Penn State,Navy,80,71,complete,2026-04-21 18:05:57.427374
266367,2025-11-11T23:30:00.000Z,ncaab,Michigan,Wake Forest,85,84,complete,2026-04-21 18:05:57.427374
280380,2025-11-11T23:30:00.000Z,ncaab,UNC Asheville,Lipscomb,69,64,complete,2026-04-21 18:05:57.427374
264498,2025-11-12T00:00:00.000Z,ncaab,Fordham,Wagner,63,61,complete,2026-04-21 18:05:57.427374
264499,2025-11-12T00:00:00.000Z,ncaab,Harvard,Northeastern,60,77,complete,2026-04-21 18:05:57.427374
264706,2025-11-12T00:00:00.000Z,ncaab,Richmond,William & Mary,90,86,complete,2026-04-21 18:05:57.427374
264707,2025-11-12T00:00:00.000Z,ncaab,Clemson,Morehead St,83,56,complete,2026-04-21 18:05:57.427374
264710,2025-11-12T00:00:00.000Z,ncaab,Maryland,Alcorn State,84,64,complete,2026-04-21 18:05:57.427374
264711,2025-11-12T00:00:00.000Z,ncaab,Colgate,Drexel,90,83,complete,2026-04-21 18:05:57.427374
264712,2025-11-12T00:00:00.000Z,ncaab,Boston Col,Central Conn,59,60,complete,2026-04-21 18:05:57.427374
264715,2025-11-12T00:00:00.000Z,ncaab,Villanova,Sacred Heart,94,60,complete,2026-04-21 18:05:57.427374
264721,2025-11-12T00:00:00.000Z,ncaab,UNC,Radford,89,74,complete,2026-04-21 18:05:57.427374
264722,2025-11-12T00:00:00.000Z,ncaab,Loyola (MD),N.J.I.T.,64,66,complete,2026-04-21 18:05:57.427374
264724,2025-11-12T00:00:00.000Z,ncaab,Charlotte,Davidson,55,62,complete,2026-04-21 18:05:57.427374
264725,2025-11-12T00:00:00.000Z,ncaab,Coastal Car,Winthrop,72,66,complete,2026-04-21 18:05:57.427374
264728,2025-11-12T00:00:00.000Z,ncaab,Rhode Island,Stonehill,80,57,complete,2026-04-21 18:05:57.427374
264729,2025-11-12T00:00:00.000Z,ncaab,St. Francis (PA),St. Mary's,66,74,complete,2026-04-21 18:05:57.427374
264731,2025-11-12T00:00:00.000Z,ncaab,Florida,Florida St,78,76,complete,2026-04-21 18:05:57.427374
264733,2025-11-12T00:00:00.000Z,ncaab,Old Dominion,Norfolk State,60,57,complete,2026-04-21 18:05:57.427374
264734,2025-11-12T00:00:00.000Z,ncaab,Providence,Penn,106,81,complete,2026-04-21 18:05:57.427374
264735,2025-11-12T00:00:00.000Z,ncaab,High Point,Jacksonville,85,64,complete,2026-04-21 18:05:57.427374
264736,2025-11-12T00:00:00.000Z,ncaab,Butler,Chicago St,98,66,complete,2026-04-21 18:05:57.427374
266361,2025-11-12T00:00:00.000Z,ncaab,Army ,Duke,59,114,complete,2026-04-21 18:05:57.427374
266362,2025-11-12T00:00:00.000Z,ncaab,Wright State,Toledo,71,81,complete,2026-04-21 18:05:57.427374
266363,2025-11-12T00:00:00.000Z,ncaab,Cincinnati,Dayton,74,62,complete,2026-04-21 18:05:57.427374
266368,2025-11-12T00:00:00.000Z,ncaab,FGCU,GA Southern,94,95,complete,2026-04-21 18:05:57.427374
266369,2025-11-12T00:00:00.000Z,ncaab,North Alabama,NW State,87,83,complete,2026-04-21 18:05:57.427374
267557,2025-11-12T00:00:00.000Z,ncaab,Temple,La Salle,90,63,complete,2026-04-21 18:05:57.427374
267626,2025-11-12T00:00:00.000Z,ncaab,UCF,Florida A&M,97,60,complete,2026-04-21 18:05:57.427374
271996,2025-11-12T00:00:00.000Z,ncaab,Princeton,Bucknell,73,63,complete,2026-04-21 18:05:57.427374
264720,2025-11-12T00:30:00.000Z,ncaab,Quinnipiac,Yale,60,97,complete,2026-04-21 18:05:57.427374
264723,2025-11-12T00:30:00.000Z,ncaab,Notre Dame,E. Illinois,78,58,complete,2026-04-21 18:05:57.427374
267337,2025-11-12T00:30:00.000Z,ncaab,UAB,Alabama St,74,77,complete,2026-04-21 18:05:57.427374
263598,2025-11-12T01:00:00.000Z,ncaab,Tenn St,Oakwood,114,76,complete,2026-04-21 18:05:57.427374
264702,2025-11-12T01:00:00.000Z,ncaab,Missouri St,Arkansas St,85,86,complete,2026-04-21 18:05:57.427374
264703,2025-11-12T01:00:00.000Z,ncaab,DePaul,Buffalo,53,66,complete,2026-04-21 18:05:57.427374
264708,2025-11-12T01:00:00.000Z,ncaab,Duquesne,Queens,87,81,complete,2026-04-21 18:05:57.427374
264714,2025-11-12T01:00:00.000Z,ncaab,Kansas,Texas A&M-CC,77,46,complete,2026-04-21 18:05:57.427374
264716,2025-11-12T01:00:00.000Z,ncaab,SMU,Murray State,102,91,complete,2026-04-21 18:05:57.427374
264719,2025-11-12T01:00:00.000Z,ncaab,Louisiana,Tulane,62,66,complete,2026-04-21 18:05:57.427374
264726,2025-11-12T01:00:00.000Z,ncaab,Nebraska,MD-E Shore,69,50,complete,2026-04-21 18:05:57.427374
264732,2025-11-12T01:00:00.000Z,ncaab,Louisville,Kentucky,96,88,complete,2026-04-21 18:05:57.427374
264737,2025-11-12T01:00:00.000Z,ncaab,Rice,SFA,69,81,complete,2026-04-21 18:05:57.427374
264738,2025-11-12T01:00:00.000Z,ncaab,NDSU,CS Northridge,90,68,complete,2026-04-21 18:05:57.427374
266359,2025-11-12T01:00:00.000Z,ncaab,Auburn,Wofford,93,62,complete,2026-04-21 18:05:57.427374
266364,2025-11-12T01:00:00.000Z,ncaab,Tarleton St,Merrimack,76,62,complete,2026-04-21 18:05:57.427374
266370,2025-11-12T01:00:00.000Z,ncaab,North Dakota,Mayville State,128,58,complete,2026-04-21 18:05:57.427374
267338,2025-11-12T01:00:00.000Z,ncaab,Oklahoma,AR-Pine Bluff,95,69,complete,2026-04-21 18:05:57.427374
267625,2025-11-12T01:00:00.000Z,ncaab,Arkansas,C. Arkansas,93,56,complete,2026-04-21 18:05:57.427374
264701,2025-11-12T01:30:00.000Z,ncaab,Illinois,Texas Tech,81,77,complete,2026-04-21 18:05:57.427374
264709,2025-11-12T01:30:00.000Z,ncaab,Wisconsin,Ball State,86,55,complete,2026-04-21 18:05:57.427374
266360,2025-11-12T01:30:00.000Z,ncaab,Wyoming,Austin Peay,79,65,complete,2026-04-21 18:05:57.427374
264705,2025-11-12T02:00:00.000Z,ncaab,New Mexico,UC Riverside,82,68,complete,2026-04-21 18:05:57.427374
264717,2025-11-12T02:00:00.000Z,ncaab,Boise State,UT Grande Valley,85,65,complete,2026-04-21 18:05:57.427374
264718,2025-11-12T02:00:00.000Z,ncaab,BYU,Delaware,85,68,complete,2026-04-21 18:05:57.427374
264730,2025-11-12T02:00:00.000Z,ncaab,Virginia,Hampton,91,53,complete,2026-04-21 18:05:57.427374
266366,2025-11-12T02:00:00.000Z,ncaab,Pepperdine,Lincoln (CA),113,76,complete,2026-04-21 18:05:57.427374
271994,2025-11-12T02:00:00.000Z,ncaab,Arizona,N. Arizona,84,49,complete,2026-04-21 18:05:57.427374
275661,2025-11-12T02:00:00.000Z,ncaab,UTEP,Loyola Marymount,58,71,complete,2026-04-21 18:05:57.427374
276553,2025-11-12T02:00:00.000Z,ncaab,Ole Miss,Memphis,83,77,complete,2026-04-21 18:05:57.427374
266371,2025-11-12T02:30:00.000Z,ncaab,CS Bakersfield,W. Illinois,74,58,complete,2026-04-21 18:05:57.427374
264500,2025-11-12T03:00:00.000Z,ncaab,Sac State,UCSB,87,92,complete,2026-04-21 18:05:57.427374
266365,2025-11-12T03:00:00.000Z,ncaab,UNLV,Montana,93,102,complete,2026-04-21 18:05:57.427374
266649,2025-11-12T03:00:00.000Z,ncaab,Gonzaga,Creighton,90,63,complete,2026-04-21 18:05:57.427374
274944,2025-11-12T03:00:00.000Z,ncaab,Saint Mary's,Ohio,90,60,complete,2026-04-21 18:05:57.427374
264754,2025-11-12T23:30:00.000Z,ncaab,Georgetown,Binghamton,83,70,complete,2026-04-21 18:05:57.427374
263599,2025-11-13T00:00:00.000Z,ncaab,Bellarmine,Hanover Panthers,94,55,complete,2026-04-21 18:05:57.427374
264501,2025-11-13T00:00:00.000Z,ncaab,Longwood,JMU,82,72,complete,2026-04-21 18:05:57.427374
264742,2025-11-13T00:00:00.000Z,ncaab,Tennessee,North Florida,99,66,complete,2026-04-21 18:05:57.427374
264743,2025-11-13T00:00:00.000Z,ncaab,G Washington,American U,107,67,complete,2026-04-21 18:05:57.427374
264748,2025-11-13T00:00:00.000Z,ncaab,St. Bonaventure,Siena,75,66,complete,2026-04-21 18:05:57.427374
264749,2025-11-13T00:00:00.000Z,ncaab,Indiana,Milwaukee,101,70,complete,2026-04-21 18:05:57.427374
264753,2025-11-13T00:00:00.000Z,ncaab,Canisius,Lakers,58,55,complete,2026-04-21 18:05:57.427374
264755,2025-11-13T00:00:00.000Z,ncaab,S. Florida,Coppin St,100,50,complete,2026-04-21 18:05:57.427374
264756,2025-11-13T00:00:00.000Z,ncaab,VA Tech,Saint Joe's,94,59,complete,2026-04-21 18:05:57.427374
264759,2025-11-13T00:00:00.000Z,ncaab,VCU,St. Peter's,78,61,complete,2026-04-21 18:05:57.427374
266372,2025-11-13T00:00:00.000Z,ncaab,Kennesaw St,Point University Skyhawks,111,60,complete,2026-04-21 18:05:57.427374
266373,2025-11-13T00:00:00.000Z,ncaab,Marshall,Elon,96,89,complete,2026-04-21 18:05:57.427374
266374,2025-11-13T00:00:00.000Z,ncaab,S. Carolina,Presbyterian,81,61,complete,2026-04-21 18:05:57.427374
266378,2025-11-13T00:00:00.000Z,ncaab,Boston U,Brown,90,77,complete,2026-04-21 18:05:57.427374
267597,2025-11-13T00:00:00.000Z,ncaab,E Tennessee St,N Kentucky,75,63,complete,2026-04-21 18:05:57.427374
271294,2025-11-13T00:00:00.000Z,ncaab,W. Michigan,IPFW,83,71,complete,2026-04-21 18:05:57.427374
271997,2025-11-13T00:30:00.000Z,ncaab,SE Missouri,Webster Gorloks,87,41,complete,2026-04-21 18:05:57.427374
264502,2025-11-13T01:00:00.000Z,ncaab,Oral Roberts,Tulsa,87,88,complete,2026-04-21 18:05:57.427374
264739,2025-11-13T01:00:00.000Z,ncaab,Evansville,Middle Tenn,72,77,complete,2026-04-21 18:05:57.427374
264745,2025-11-13T01:00:00.000Z,ncaab,South Dakota,Southern Indiana,89,74,complete,2026-04-21 18:05:57.427374
264747,2025-11-13T01:00:00.000Z,ncaab,Vanderbilt,E. Kentucky,92,62,complete,2026-04-21 18:05:57.427374
264750,2025-11-13T01:00:00.000Z,ncaab,Texas Southern,Samford,90,93,complete,2026-04-21 18:05:57.427374
264751,2025-11-13T01:00:00.000Z,ncaab,Texas,Fairleigh,93,58,complete,2026-04-21 18:05:57.427374
264757,2025-11-13T01:00:00.000Z,ncaab,Missouri,Minnesota,83,60,complete,2026-04-21 18:05:57.427374
264758,2025-11-13T01:00:00.000Z,ncaab,OK State,Prairie View,94,67,complete,2026-04-21 18:05:57.427374
264761,2025-11-13T01:00:00.000Z,ncaab,NC State,UNC Greensboro,110,64,complete,2026-04-21 18:05:57.427374
264762,2025-11-13T01:00:00.000Z,ncaab,Marquette,Ark-Little Rock,89,49,complete,2026-04-21 18:05:57.427374
266377,2025-11-13T01:00:00.000Z,ncaab,Houston,Oakland,78,45,complete,2026-04-21 18:05:57.427374
266379,2025-11-13T01:00:00.000Z,ncaab,Valparaiso,Nicholls St,68,63,complete,2026-04-21 18:05:57.427374
266380,2025-11-13T01:00:00.000Z,ncaab,Texas St,UTSA,80,69,complete,2026-04-21 18:05:57.427374
264746,2025-11-13T01:30:00.000Z,ncaab,Bradley,TN-Martin,67,78,complete,2026-04-21 18:05:57.427374
264752,2025-11-13T01:30:00.000Z,ncaab,Bryant U,Dartmouth ,82,75,complete,2026-04-21 18:05:57.427374
264741,2025-11-13T02:00:00.000Z,ncaab,San Diego,Idaho,78,74,complete,2026-04-21 18:05:57.427374
264744,2025-11-13T02:00:00.000Z,ncaab,Colorado St,Cal Poly,93,79,complete,2026-04-21 18:05:57.427374
267558,2025-11-13T02:00:00.000Z,ncaab,Fresno State,UCSD,73,78,complete,2026-04-21 18:05:57.427374
267585,2025-11-13T02:00:00.000Z,ncaab,Utah State,Weber State,83,73,complete,2026-04-21 18:05:57.427374
264740,2025-11-13T02:30:00.000Z,ncaab,Oregon St,North Texas,66,64,complete,2026-04-21 18:05:57.427374
266375,2025-11-13T02:30:00.000Z,ncaab,Oregon,SD State,83,69,complete,2026-04-21 18:05:57.427374
271292,2025-11-13T02:30:00.000Z,ncaab,Manhattan,Utah Tech,79,75,complete,2026-04-21 18:05:57.427374
264503,2025-11-13T03:00:00.000Z,ncaab,Pacific,LBSU,69,66,complete,2026-04-21 18:05:57.427374
264504,2025-11-13T03:00:00.000Z,ncaab,Stanford,Montana St,77,68,complete,2026-04-21 18:05:57.427374
264760,2025-11-13T03:00:00.000Z,ncaab,San Francisco,Portland State,80,70,complete,2026-04-21 18:05:57.427374
266376,2025-11-13T03:00:00.000Z,ncaab,Seattle,E. Washington,94,67,complete,2026-04-21 18:05:57.427374
267339,2025-11-13T03:00:00.000Z,ncaab,Nevada,S. Illinois,86,81,complete,2026-04-21 18:05:57.427374
271293,2025-11-13T05:00:00.000Z,ncaab,Hawaii,MS Valley St,88,56,complete,2026-04-21 18:05:57.427374
267340,2025-11-13T16:00:00.000Z,ncaab,S. Alabama,C. Michigan,66,64,complete,2026-04-21 18:05:57.427374
264769,2025-11-13T23:00:00.000Z,ncaab,West Virginia,Pittsburgh,71,49,complete,2026-04-21 18:05:57.427374
266381,2025-11-13T23:00:00.000Z,ncaab,Lafayette,Cornell,78,97,complete,2026-04-21 18:05:57.427374
266382,2025-11-13T23:30:00.000Z,ncaab,Michigan St,San Jose St,79,60,complete,2026-04-21 18:05:57.427374
263600,2025-11-14T00:00:00.000Z,ncaab,Tenn Tech,Mountaineers,86,64,complete,2026-04-21 18:05:57.427374
264505,2025-11-14T00:00:00.000Z,ncaab,Columbia,UMass Lowell,86,72,complete,2026-04-21 18:05:57.427374
264763,2025-11-14T00:00:00.000Z,ncaab,UMASS,Dolphins,94,80,complete,2026-04-21 18:05:57.427374
264764,2025-11-14T00:00:00.000Z,ncaab,Seton Hall,Monmouth,70,58,complete,2026-04-21 18:05:57.427374
264767,2025-11-14T00:00:00.000Z,ncaab,Alabama,Purdue,80,87,complete,2026-04-21 18:05:57.427374
280381,2025-11-14T00:00:00.000Z,ncaab,Howard,Alcorn State,72,64,complete,2026-04-21 18:05:57.427374
264768,2025-11-14T00:30:00.000Z,ncaab,Wichita State,Loyola (IL),95,74,complete,2026-04-21 18:05:57.427374
267568,2025-11-14T00:30:00.000Z,ncaab,Grambling St,Southern Miss,75,70,complete,2026-04-21 18:05:57.427374
264506,2025-11-14T01:00:00.000Z,ncaab,Hou Christian,UL Monroe,72,61,complete,2026-04-21 18:05:57.427374
264507,2025-11-14T01:00:00.000Z,ncaab,Alabama A&M,Charleston So,68,64,complete,2026-04-21 18:05:57.427374
264765,2025-11-14T01:00:00.000Z,ncaab,LSU,FIU,98,81,complete,2026-04-21 18:05:57.427374
266383,2025-11-14T01:00:00.000Z,ncaab,St. Thomas,Green Bay,80,61,complete,2026-04-21 18:05:57.427374
264766,2025-11-14T02:00:00.000Z,ncaab,K State,California,99,96,complete,2026-04-21 18:05:57.427374
266384,2025-11-14T16:00:00.000Z,ncaab,C. Michigan,Coppin St,82,59,complete,2026-04-21 18:05:57.427374
264508,2025-11-14T23:30:00.000Z,ncaab,E. Michigan,IUIN,83,90,complete,2026-04-21 18:05:57.427374
264778,2025-11-14T23:30:00.000Z,ncaab,Lindenwood,Charleston So,77,83,complete,2026-04-21 18:05:57.427374
271998,2025-11-14T23:30:00.000Z,ncaab,Rutgers,Lehigh,84,72,complete,2026-04-21 18:05:57.427374
264509,2025-11-15T00:00:00.000Z,ncaab,Bucknell,Hofstra,77,83,complete,2026-04-21 18:05:57.427374
264771,2025-11-15T00:00:00.000Z,ncaab,Towson,Norfolk State,51,41,complete,2026-04-21 18:05:57.427374
264775,2025-11-15T00:00:00.000Z,ncaab,Rhode Island,Albany,80,61,complete,2026-04-21 18:05:57.427374
264779,2025-11-15T00:00:00.000Z,ncaab,Fairfield,Stonehill,73,71,complete,2026-04-21 18:05:57.427374
264780,2025-11-15T00:00:00.000Z,ncaab,Kentucky,E. Illinois,99,53,complete,2026-04-21 18:05:57.427374
264781,2025-11-15T00:00:00.000Z,ncaab,Iona,Fordham,76,71,complete,2026-04-21 18:05:57.427374
264784,2025-11-15T00:00:00.000Z,ncaab,Charleston,SC State,88,61,complete,2026-04-21 18:05:57.427374
264786,2025-11-15T00:00:00.000Z,ncaab,Duke,Indiana St,100,62,complete,2026-04-21 18:05:57.427374
264789,2025-11-15T00:00:00.000Z,ncaab,McNeese St,Louisiana,88,62,complete,2026-04-21 18:05:57.427374
264792,2025-11-15T00:00:00.000Z,ncaab,Wolves,Citadel,100,92,complete,2026-04-21 18:05:57.427374
266385,2025-11-15T00:00:00.000Z,ncaab,N. Iowa,Furman,70,54,complete,2026-04-21 18:05:57.427374
267343,2025-11-15T00:00:00.000Z,ncaab,Jax State,Coastal Car,74,67,complete,2026-04-21 18:05:57.427374
264770,2025-11-15T00:30:00.000Z,ncaab,Tulane,New Orleans,63,85,complete,2026-04-21 18:05:57.427374
264772,2025-11-15T00:30:00.000Z,ncaab,Drake,SIU-Edwardsville,59,61,complete,2026-04-21 18:05:57.427374
264776,2025-11-15T00:30:00.000Z,ncaab,USC,Illinois St,87,67,complete,2026-04-21 18:05:57.427374
267341,2025-11-15T00:30:00.000Z,ncaab,UAB,High Point,91,74,complete,2026-04-21 18:05:57.427374
276554,2025-11-15T00:30:00.000Z,ncaab,Ole Miss,CS Bakersfield,82,60,complete,2026-04-21 18:05:57.427374
264777,2025-11-15T01:00:00.000Z,ncaab,Rice,E TA&M,71,64,complete,2026-04-21 18:05:57.427374
264791,2025-11-15T01:00:00.000Z,ncaab,Texas Tech,Milwaukee,80,63,complete,2026-04-21 18:05:57.427374
264793,2025-11-15T01:00:00.000Z,ncaab,Creighton,MD-E Shore,84,45,complete,2026-04-21 18:05:57.427374
266387,2025-11-15T01:00:00.000Z,ncaab,Texas A&M,UCF,74,86,complete,2026-04-21 18:05:57.427374
267342,2025-11-15T01:00:00.000Z,ncaab,Iowa,Xavier,81,62,complete,2026-04-21 18:05:57.427374
267627,2025-11-15T01:00:00.000Z,ncaab,Arkansas,Samford,79,75,complete,2026-04-21 18:05:57.427374
264510,2025-11-15T01:15:00.000Z,ncaab,Brown,Hampton,63,72,complete,2026-04-21 18:05:57.427374
264773,2025-11-15T01:30:00.000Z,ncaab,DePaul,Northwestern,79,81,complete,2026-04-21 18:05:57.427374
264511,2025-11-15T02:00:00.000Z,ncaab,SFA,Ab Christian,76,66,complete,2026-04-21 18:05:57.427374
264512,2025-11-15T02:00:00.000Z,ncaab,UC Davis,Sac State,77,73,complete,2026-04-21 18:05:57.427374
264774,2025-11-15T02:00:00.000Z,ncaab,Illinois,Colgate,84,65,complete,2026-04-21 18:05:57.427374
264783,2025-11-15T02:00:00.000Z,ncaab,Colorado,Providence,97,88,complete,2026-04-21 18:05:57.427374
264785,2025-11-15T02:00:00.000Z,ncaab,UNC,NC Central,97,53,complete,2026-04-21 18:05:57.427374
264787,2025-11-15T02:00:00.000Z,ncaab,Baylor,Tarleton St,94,81,complete,2026-04-21 18:05:57.427374
264790,2025-11-15T02:00:00.000Z,ncaab,TCU,Michigan,63,67,complete,2026-04-21 18:05:57.427374
266386,2025-11-15T02:00:00.000Z,ncaab,Georgia,G Tech,92,87,complete,2026-04-21 18:05:57.427374
275587,2025-11-15T02:00:00.000Z,ncaab,Montana,Cal Poly,90,82,complete,2026-04-21 18:05:57.427374
271296,2025-11-15T02:30:00.000Z,ncaab,Utah Tech,MS Valley St,81,75,complete,2026-04-21 18:05:57.427374
264513,2025-11-15T03:00:00.000Z,ncaab,Loyola Marymount,Troy,74,63,complete,2026-04-21 18:05:57.427374
264788,2025-11-15T03:00:00.000Z,ncaab,UCLA,Arizona,65,69,complete,2026-04-21 18:05:57.427374
274945,2025-11-15T03:00:00.000Z,ncaab,Saint Mary's,North Texas,80,49,complete,2026-04-21 18:05:57.427374
264514,2025-11-15T03:30:00.000Z,ncaab,Cal Baptist,W. Illinois,69,59,complete,2026-04-21 18:05:57.427374
264782,2025-11-15T04:00:00.000Z,ncaab,Washington St,Washington,69,81,complete,2026-04-21 18:05:57.427374
264794,2025-11-15T04:00:00.000Z,ncaab,Arizona St,Gonzaga,65,77,complete,2026-04-21 18:05:57.427374
271295,2025-11-15T05:00:00.000Z,ncaab,Hawaii,Manhattan,86,56,complete,2026-04-21 18:05:57.427374
266393,2025-11-15T16:00:00.000Z,ncaab,S. Alabama,Coppin St,72,62,complete,2026-04-21 18:05:57.427374
264813,2025-11-15T17:00:00.000Z,ncaab,Georgetown,Clemson,79,74,complete,2026-04-21 18:05:57.427374
264824,2025-11-15T17:00:00.000Z,ncaab,Virginia,Marshall,104,78,complete,2026-04-21 18:05:57.427374
264826,2025-11-15T17:00:00.000Z,ncaab,Louisville,Ohio,106,81,complete,2026-04-21 18:05:57.427374
264515,2025-11-15T18:00:00.000Z,ncaab,Yale,Stony Brook,86,79,complete,2026-04-21 18:05:57.427374
264516,2025-11-15T18:00:00.000Z,ncaab,Northeastern,Vermont,74,85,complete,2026-04-21 18:05:57.427374
264798,2025-11-15T18:00:00.000Z,ncaab,Texas,UMKC,71,55,complete,2026-04-21 18:05:57.427374
264809,2025-11-15T18:00:00.000Z,ncaab,Penn State,La Salle,83,69,complete,2026-04-21 18:05:57.427374
264811,2025-11-15T18:00:00.000Z,ncaab,Toledo,Detroit,90,83,complete,2026-04-21 18:05:57.427374
264827,2025-11-15T18:00:00.000Z,ncaab,VMI,Jacksonville,67,69,complete,2026-04-21 18:05:57.427374
265995,2025-11-15T18:00:00.000Z,ncaab,New Haven,Delaware St,65,52,complete,2026-04-21 18:05:57.427374
266390,2025-11-15T18:00:00.000Z,ncaab,Boston U,Merrimack,79,91,complete,2026-04-21 18:05:57.427374
266396,2025-11-15T18:00:00.000Z,ncaab,Kent State,Cleveland St,102,95,complete,2026-04-21 18:05:57.427374
266398,2025-11-15T18:00:00.000Z,ncaab,FGCU,Chattanooga,91,73,complete,2026-04-21 18:05:57.427374
264517,2025-11-15T19:00:00.000Z,ncaab,Air Force,Miami (OH),61,76,complete,2026-04-21 18:05:57.427374
264801,2025-11-15T19:00:00.000Z,ncaab,Kansas,Princeton,76,57,complete,2026-04-21 18:05:57.427374
264802,2025-11-15T19:00:00.000Z,ncaab,SMU,Butler,87,85,complete,2026-04-21 18:05:57.427374
264808,2025-11-15T19:00:00.000Z,ncaab,Bellarmine,Wofford,86,94,complete,2026-04-21 18:05:57.427374
264815,2025-11-15T19:00:00.000Z,ncaab,Stonehill,Loyola (MD),63,74,complete,2026-04-21 18:05:57.427374
264823,2025-11-15T19:00:00.000Z,ncaab,Marquette,Maryland,82,89,complete,2026-04-21 18:05:57.427374
264825,2025-11-15T19:00:00.000Z,ncaab,Denver,UTSA,79,84,complete,2026-04-21 18:05:57.427374
266388,2025-11-15T19:00:00.000Z,ncaab,Winthrop,Mercer,105,69,complete,2026-04-21 18:05:57.427374
266397,2025-11-15T19:00:00.000Z,ncaab,Army ,Harvard,52,75,complete,2026-04-21 18:05:57.427374
266399,2025-11-15T19:00:00.000Z,ncaab,Chicago St,UIC,63,67,complete,2026-04-21 18:05:57.427374
267344,2025-11-15T19:00:00.000Z,ncaab,George Mason,New Hampshire,61,44,complete,2026-04-21 18:05:57.427374
267559,2025-11-15T19:00:00.000Z,ncaab,Temple,Boston Col,71,76,complete,2026-04-21 18:05:57.427374
278414,2025-11-15T19:00:00.000Z,ncaab,UNC Greensboro,Austin Peay,63,69,complete,2026-04-21 18:05:57.427374
264518,2025-11-15T20:00:00.000Z,ncaab,Queens,Sacred Heart,81,64,complete,2026-04-21 18:05:57.427374
264519,2025-11-15T20:00:00.000Z,ncaab,Longwood,Binghamton,90,82,complete,2026-04-21 18:05:57.427374
264799,2025-11-15T20:00:00.000Z,ncaab,Mississippi St,SE Louisiana,75,68,complete,2026-04-21 18:05:57.427374
264818,2025-11-15T20:00:00.000Z,ncaab,Vanderbilt,AR-Pine Bluff,104,75,complete,2026-04-21 18:05:57.427374
266400,2025-11-15T20:00:00.000Z,ncaab,North Alabama,E Tennessee St,74,78,complete,2026-04-21 18:05:57.427374
271999,2025-11-15T20:00:00.000Z,ncaab,SE Missouri,St. Thomas,72,84,complete,2026-04-21 18:05:57.427374
264817,2025-11-15T20:30:00.000Z,ncaab,Syracuse,Drexel,80,50,complete,2026-04-21 18:05:57.427374
266401,2025-11-15T20:30:00.000Z,ncaab,Radford,Wright State,59,92,complete,2026-04-21 18:05:57.427374
263601,2025-11-15T21:00:00.000Z,ncaab,American U,Knights,115,50,complete,2026-04-21 18:05:57.427374
264520,2025-11-15T21:00:00.000Z,ncaab,Lakers,Morgan State,86,72,complete,2026-04-21 18:05:57.427374
264795,2025-11-15T21:00:00.000Z,ncaab,Boise State,Montana St,62,58,complete,2026-04-21 18:05:57.427374
264812,2025-11-15T21:00:00.000Z,ncaab,St. Bonaventure,Youngstown St,84,80,complete,2026-04-21 18:05:57.427374
266402,2025-11-15T21:00:00.000Z,ncaab,UCSD,Idaho,75,67,complete,2026-04-21 18:05:57.427374
267586,2025-11-15T21:00:00.000Z,ncaab,Utah State,UTEP,75,51,complete,2026-04-21 18:05:57.427374
278413,2025-11-15T21:00:00.000Z,ncaab,N.J.I.T.,Fairleigh,93,81,complete,2026-04-21 18:05:57.427374
266403,2025-11-15T22:00:00.000Z,ncaab,CS Fullerton,Pacific,73,85,complete,2026-04-21 18:05:57.427374
266404,2025-11-15T22:00:00.000Z,ncaab,Texas St,Texas Southern,77,67,complete,2026-04-21 18:05:57.427374
267628,2025-11-15T22:00:00.000Z,ncaab,UC Riverside,North Dakota,74,76,complete,2026-04-21 18:05:57.427374
264800,2025-11-15T22:30:00.000Z,ncaab,Murray State,Nicholls St,99,79,complete,2026-04-21 18:05:57.427374
264804,2025-11-15T23:00:00.000Z,ncaab,St. John's,William & Mary,93,60,complete,2026-04-21 18:05:57.427374
264821,2025-11-15T23:00:00.000Z,ncaab,G Washington,Old Dominion,96,73,complete,2026-04-21 18:05:57.427374
266405,2025-11-15T23:00:00.000Z,ncaab,UT-Arlington,Missouri St,67,49,complete,2026-04-21 18:05:57.427374
276082,2025-11-15T23:00:00.000Z,ncaab,Davidson,Bowling Green,91,87,complete,2026-04-21 18:05:57.427374
264807,2025-11-16T00:00:00.000Z,ncaab,UConn,BYU,86,84,complete,2026-04-21 18:05:57.427374
264816,2025-11-16T00:00:00.000Z,ncaab,Ball State,Ark-Little Rock,62,68,complete,2026-04-21 18:05:57.427374
264819,2025-11-16T00:00:00.000Z,ncaab,Long Island,JMU,88,79,complete,2026-04-21 18:05:57.427374
264820,2025-11-16T00:00:00.000Z,ncaab,Nebraska,Oklahoma,105,99,complete,2026-04-21 18:05:57.427374
264822,2025-11-16T00:00:00.000Z,ncaab,UNC Wilmington,USC Upstate,73,60,complete,2026-04-21 18:05:57.427374
264828,2025-11-16T00:00:00.000Z,ncaab,Santa Clara,Nevada,98,83,complete,2026-04-21 18:05:57.427374
266395,2025-11-16T00:00:00.000Z,ncaab,LA Tech,Jackson St,68,51,complete,2026-04-21 18:05:57.427374
264805,2025-11-16T00:30:00.000Z,ncaab,Dayton,B-Cookman,91,82,complete,2026-04-21 18:05:57.427374
267345,2025-11-16T00:30:00.000Z,ncaab,Southern U,Champion Christian,129,64,complete,2026-04-21 18:05:57.427374
264521,2025-11-16T01:00:00.000Z,ncaab,Oral Roberts,Belmont,60,83,complete,2026-04-21 18:05:57.427374
264796,2025-11-16T01:00:00.000Z,ncaab,Saint Louis,Grand Canyon,78,64,complete,2026-04-21 18:05:57.427374
264797,2025-11-16T01:00:00.000Z,ncaab,Elon,Gardner-Webb,95,84,complete,2026-04-21 18:05:57.427374
264810,2025-11-16T01:00:00.000Z,ncaab,Villanova,Duquesne,87,77,complete,2026-04-21 18:05:57.427374
266392,2025-11-16T01:00:00.000Z,ncaab,Omaha,Southern Utah,90,85,complete,2026-04-21 18:05:57.427374
264806,2025-11-16T02:00:00.000Z,ncaab,Minnesota,Green Bay,72,65,complete,2026-04-21 18:05:57.427374
264814,2025-11-16T02:00:00.000Z,ncaab,Utah,Sam Houston,85,79,complete,2026-04-21 18:05:57.427374
266391,2025-11-16T02:00:00.000Z,ncaab,Pepperdine,N. Colorado,81,88,complete,2026-04-21 18:05:57.427374
266394,2025-11-16T02:00:00.000Z,ncaab,Wyoming,Portland,93,56,complete,2026-04-21 18:05:57.427374
280382,2025-11-16T02:00:00.000Z,ncaab,N. Mexico St,New Mexico,76,68,complete,2026-04-21 18:05:57.427374
271298,2025-11-16T02:30:00.000Z,ncaab,MS Valley St,Manhattan,73,80,complete,2026-04-21 18:05:57.427374
264803,2025-11-16T03:00:00.000Z,ncaab,San Francisco,Bradley,75,64,complete,2026-04-21 18:05:57.427374
266389,2025-11-16T03:00:00.000Z,ncaab,Seattle,Idaho State,83,74,complete,2026-04-21 18:05:57.427374
267560,2025-11-16T03:00:00.000Z,ncaab,Fresno State,Utah Valley,75,74,complete,2026-04-21 18:05:57.427374
278478,2025-11-16T03:00:00.000Z,ncaab,UC Irvine,Weber State,79,70,complete,2026-04-21 18:05:57.427374
271297,2025-11-16T05:00:00.000Z,ncaab,Hawaii,Utah Tech,68,62,complete,2026-04-21 18:05:57.427374
264522,2025-11-16T17:00:00.000Z,ncaab,UMBC,Wagner,71,70,complete,2026-04-21 18:05:57.427374
266410,2025-11-16T17:00:00.000Z,ncaab,Wright State,Kent State,72,76,complete,2026-04-21 18:05:57.427374
275589,2025-11-16T17:00:00.000Z,ncaab,Dartmouth ,App State,77,85,complete,2026-04-21 18:05:57.427374
264833,2025-11-16T17:30:00.000Z,ncaab,Ohio State,Notre Dame,64,63,complete,2026-04-21 18:05:57.427374
272000,2025-11-16T17:30:00.000Z,ncaab,Morehead St,Kentucky Christian,121,51,complete,2026-04-21 18:05:57.427374
264835,2025-11-16T18:00:00.000Z,ncaab,W. Carolina,Stetson,76,65,complete,2026-04-21 18:05:57.427374
264837,2025-11-16T18:00:00.000Z,ncaab,Holy Cross,Hampton,67,61,complete,2026-04-21 18:05:57.427374
266406,2025-11-16T18:00:00.000Z,ncaab,N Kentucky,U of the Cumberlands,101,73,complete,2026-04-21 18:05:57.427374
266411,2025-11-16T18:00:00.000Z,ncaab,Valparaiso,Bryant U,68,50,complete,2026-04-21 18:05:57.427374
264523,2025-11-16T19:00:00.000Z,ncaab,Maine,Quinnipiac,64,70,complete,2026-04-21 18:05:57.427374
264829,2025-11-16T19:00:00.000Z,ncaab,OK State,Texas A&M-CC,85,69,complete,2026-04-21 18:05:57.427374
264830,2025-11-16T19:00:00.000Z,ncaab,VA Tech,Charlotte,84,76,complete,2026-04-21 18:05:57.427374
264832,2025-11-16T19:00:00.000Z,ncaab,UMASS,Central Conn,84,77,complete,2026-04-21 18:05:57.427374
264840,2025-11-16T19:00:00.000Z,ncaab,Wake Forest,UMass Lowell,109,75,complete,2026-04-21 18:05:57.427374
264841,2025-11-16T19:00:00.000Z,ncaab,South Dakota,W. Michigan,83,78,complete,2026-04-21 18:05:57.427374
264845,2025-11-16T19:00:00.000Z,ncaab,Fairfield,Loyola (MD),85,82,complete,2026-04-21 18:05:57.427374
266408,2025-11-16T19:00:00.000Z,ncaab,Kennesaw St,S. Florida,89,108,complete,2026-04-21 18:05:57.427374
267587,2025-11-16T19:00:00.000Z,ncaab,C. Arkansas,Samford,77,84,complete,2026-04-21 18:05:57.427374
266412,2025-11-16T19:30:00.000Z,ncaab,Cleveland St,Radford,87,82,complete,2026-04-21 18:05:57.427374
264831,2025-11-16T20:00:00.000Z,ncaab,W. Kentucky,Tenn St,95,82,complete,2026-04-21 18:05:57.427374
266409,2025-11-16T20:00:00.000Z,ncaab,Auburn,Houston,72,73,complete,2026-04-21 18:05:57.427374
264844,2025-11-16T21:00:00.000Z,ncaab,Alabama A&M,Lindenwood,74,65,complete,2026-04-21 18:05:57.427374
264846,2025-11-16T21:00:00.000Z,ncaab,Sac State,Presbyterian,64,62,complete,2026-04-21 18:05:57.427374
264836,2025-11-16T22:00:00.000Z,ncaab,Marist,Harvard,54,56,complete,2026-04-21 18:05:57.427374
264842,2025-11-16T22:00:00.000Z,ncaab,Loyola (IL),Colorado St,67,80,complete,2026-04-21 18:05:57.427374
264843,2025-11-16T22:00:00.000Z,ncaab,Memphis,UNLV,78,92,complete,2026-04-21 18:05:57.427374
264834,2025-11-16T22:30:00.000Z,ncaab,Indiana,Incarnate Word,69,61,complete,2026-04-21 18:05:57.427374
266407,2025-11-16T23:00:00.000Z,ncaab,Cincinnati,St. Mary's,72,55,complete,2026-04-21 18:05:57.427374
266413,2025-11-17T00:00:00.000Z,ncaab,LBSU,Illinois St,80,82,complete,2026-04-21 18:05:57.427374
264838,2025-11-17T00:30:00.000Z,ncaab,Purdue,Akron,97,79,complete,2026-04-21 18:05:57.427374
266414,2025-11-17T01:00:00.000Z,ncaab,CS Northridge,Troy,94,85,complete,2026-04-21 18:05:57.427374
264839,2025-11-17T01:30:00.000Z,ncaab,Miami (FL),Florida,68,82,complete,2026-04-21 18:05:57.427374
266416,2025-11-17T23:30:00.000Z,ncaab,Georgia,Florida A&M,87,57,complete,2026-04-21 18:05:57.427374
264848,2025-11-18T00:00:00.000Z,ncaab,Pittsburgh,Bucknell,84,50,complete,2026-04-21 18:05:57.427374
264849,2025-11-18T00:00:00.000Z,ncaab,NC State,VCU,85,79,complete,2026-04-21 18:05:57.427374
264852,2025-11-18T00:00:00.000Z,ncaab,Charleston,Drake,62,71,complete,2026-04-21 18:05:57.427374
264853,2025-11-18T00:00:00.000Z,ncaab,West Virginia,Lafayette,81,59,complete,2026-04-21 18:05:57.427374
264856,2025-11-18T00:00:00.000Z,ncaab,Penn,Saint Joe's,83,74,complete,2026-04-21 18:05:57.427374
264859,2025-11-18T00:00:00.000Z,ncaab,Tenn Tech,Wolves,59,61,complete,2026-04-21 18:05:57.427374
264862,2025-11-18T00:00:00.000Z,ncaab,High Point,Canisius,93,50,complete,2026-04-21 18:05:57.427374
264863,2025-11-18T00:00:00.000Z,ncaab,Dolphins,Niagara,74,68,complete,2026-04-21 18:05:57.427374
267346,2025-11-18T00:00:00.000Z,ncaab,Siena,Colgate,69,72,complete,2026-04-21 18:05:57.427374
267629,2025-11-18T00:00:00.000Z,ncaab,UCF,Oakland,87,83,complete,2026-04-21 18:05:57.427374
278479,2025-11-18T00:30:00.000Z,ncaab,UL Monroe,Lamar,66,79,complete,2026-04-21 18:05:57.427374
264847,2025-11-18T01:00:00.000Z,ncaab,K State,Tulsa,84,83,complete,2026-04-21 18:05:57.427374
264850,2025-11-18T01:00:00.000Z,ncaab,Iowa State,Stonehill,96,57,complete,2026-04-21 18:05:57.427374
264854,2025-11-18T01:00:00.000Z,ncaab,Missouri,Prairie View,91,73,complete,2026-04-21 18:05:57.427374
264855,2025-11-18T01:00:00.000Z,ncaab,NDSU,S. Illinois,92,85,complete,2026-04-21 18:05:57.427374
264861,2025-11-18T01:00:00.000Z,ncaab,Wisconsin,SIU-Edwardsville,94,69,complete,2026-04-21 18:05:57.427374
267347,2025-11-18T01:00:00.000Z,ncaab,SD State,Peru State,94,46,complete,2026-04-21 18:05:57.427374
264858,2025-11-18T01:30:00.000Z,ncaab,Tennessee,Rice,91,66,complete,2026-04-21 18:05:57.427374
264851,2025-11-18T02:00:00.000Z,ncaab,Clemson,North Alabama,81,61,complete,2026-04-21 18:05:57.427374
264857,2025-11-18T02:00:00.000Z,ncaab,Colorado,Alabama St,94,66,complete,2026-04-21 18:05:57.427374
264860,2025-11-18T02:00:00.000Z,ncaab,Arizona St,Georgia State,75,62,complete,2026-04-21 18:05:57.427374
266415,2025-11-18T02:00:00.000Z,ncaab,Gonzaga,Southern Utah,122,50,complete,2026-04-21 18:05:57.427374
280384,2025-11-18T02:00:00.000Z,ncaab,UCSB,Loyola Marymount,74,78,complete,2026-04-21 18:05:57.427374
264864,2025-11-18T03:00:00.000Z,ncaab,Portland State,CS Bakersfield,93,80,complete,2026-04-21 18:05:57.427374
266417,2025-11-18T03:00:00.000Z,ncaab,Oregon,Oregon St,87,75,complete,2026-04-21 18:05:57.427374
263603,2025-11-18T03:30:00.000Z,ncaab,E. Washington,Eastern Oregon,91,73,complete,2026-04-21 18:05:57.427374
266418,2025-11-18T16:00:00.000Z,ncaab,Coppin St,Knights,103,62,complete,2026-04-21 18:05:57.427374
264866,2025-11-18T23:30:00.000Z,ncaab,Kentucky,Michigan St,66,83,complete,2026-04-21 18:05:57.427374
264870,2025-11-18T23:30:00.000Z,ncaab,Buffalo,Vermont,94,90,complete,2026-04-21 18:05:57.427374
272001,2025-11-18T23:30:00.000Z,ncaab,Rutgers,American U,80,71,complete,2026-04-21 18:05:57.427374
264867,2025-11-19T00:00:00.000Z,ncaab,Iona,Princeton,89,69,complete,2026-04-21 18:05:57.427374
264868,2025-11-19T00:00:00.000Z,ncaab,Xavier,Old Dominion,99,69,complete,2026-04-21 18:05:57.427374
264871,2025-11-19T00:00:00.000Z,ncaab,Providence,New Hampshire,98,66,complete,2026-04-21 18:05:57.427374
264872,2025-11-19T00:00:00.000Z,ncaab,Boston Col,Hampton,63,52,complete,2026-04-21 18:05:57.427374
264876,2025-11-19T00:00:00.000Z,ncaab,Detroit,E. Michigan,62,72,complete,2026-04-21 18:05:57.427374
264879,2025-11-19T00:00:00.000Z,ncaab,Morgan State,NC A&T,73,79,complete,2026-04-21 18:05:57.427374
264880,2025-11-19T00:00:00.000Z,ncaab,UNC Wilmington,E. Carolina,85,60,complete,2026-04-21 18:05:57.427374
264888,2025-11-19T00:00:00.000Z,ncaab,UNC,Navy,73,61,complete,2026-04-21 18:05:57.427374
264891,2025-11-19T00:00:00.000Z,ncaab,Charleston So,IUIN,103,91,complete,2026-04-21 18:05:57.427374
264893,2025-11-19T00:00:00.000Z,ncaab,Brown,Holy Cross,68,49,complete,2026-04-21 18:05:57.427374
264894,2025-11-19T00:00:00.000Z,ncaab,Columbia,Boston U,54,49,complete,2026-04-21 18:05:57.427374
264895,2025-11-19T00:00:00.000Z,ncaab,Longwood,MD-E Shore,82,83,complete,2026-04-21 18:05:57.427374
265996,2025-11-19T00:00:00.000Z,ncaab,Seton Hall,New Haven,68,45,complete,2026-04-21 18:05:57.427374
266421,2025-11-19T00:00:00.000Z,ncaab,Drexel,N.J.I.T.,75,43,complete,2026-04-21 18:05:57.427374
266422,2025-11-19T00:00:00.000Z,ncaab,Florida St,TN-Martin,87,73,complete,2026-04-21 18:05:57.427374
266423,2025-11-19T00:00:00.000Z,ncaab,S. Carolina,Radford,87,58,complete,2026-04-21 18:05:57.427374
266426,2025-11-19T00:00:00.000Z,ncaab,Kent State,E. Kentucky,93,78,complete,2026-04-21 18:05:57.427374
266427,2025-11-19T00:00:00.000Z,ncaab,JMU,Towson,81,75,complete,2026-04-21 18:05:57.427374
267349,2025-11-19T00:00:00.000Z,ncaab,George Mason,Jacksonville,79,57,complete,2026-04-21 18:05:57.427374
271299,2025-11-19T00:00:00.000Z,ncaab,Lehigh,St. Francis (PA),79,62,complete,2026-04-21 18:05:57.427374
276083,2025-11-19T00:00:00.000Z,ncaab,Delaware,St. Peter's,81,70,complete,2026-04-21 18:05:57.427374
263605,2025-11-19T00:30:00.000Z,ncaab,NC Central,Toccoa Falls Eagles,123,67,complete,2026-04-21 18:05:57.427374
264877,2025-11-19T00:30:00.000Z,ncaab,G Tech,GA Southern,68,66,complete,2026-04-21 18:05:57.427374
263604,2025-11-19T01:00:00.000Z,ncaab,Southern Miss,William Carey,82,59,complete,2026-04-21 18:05:57.427374
264875,2025-11-19T01:00:00.000Z,ncaab,Murray State,Ark-Little Rock,89,68,complete,2026-04-21 18:05:57.427374
264883,2025-11-19T01:00:00.000Z,ncaab,LSU,Alcorn State,107,81,complete,2026-04-21 18:05:57.427374
264884,2025-11-19T01:00:00.000Z,ncaab,Minnesota,Chicago St,66,54,complete,2026-04-21 18:05:57.427374
264887,2025-11-19T01:00:00.000Z,ncaab,SMU,AR-Pine Bluff,106,60,complete,2026-04-21 18:05:57.427374
264889,2025-11-19T01:00:00.000Z,ncaab,DePaul,Gardner-Webb,93,62,complete,2026-04-21 18:05:57.427374
264892,2025-11-19T01:00:00.000Z,ncaab,Evansville,UT-Arlington,76,84,complete,2026-04-21 18:05:57.427374
264896,2025-11-19T01:00:00.000Z,ncaab,Yale,Rhode Island,77,86,complete,2026-04-21 18:05:57.427374
266424,2025-11-19T01:00:00.000Z,ncaab,N. Iowa,N. Illinois,70,57,complete,2026-04-21 18:05:57.427374
266425,2025-11-19T01:00:00.000Z,ncaab,Texas A&M,Montana,86,81,complete,2026-04-21 18:05:57.427374
266428,2025-11-19T01:00:00.000Z,ncaab,Texas St,Ab Christian,63,49,complete,2026-04-21 18:05:57.427374
267569,2025-11-19T01:00:00.000Z,ncaab,N. Arizona,Embry-Riddle (AZ) Eagles,108,79,complete,2026-04-21 18:05:57.427374
267630,2025-11-19T01:00:00.000Z,ncaab,Arkansas,Winthrop,84,83,complete,2026-04-21 18:05:57.427374
276555,2025-11-19T01:00:00.000Z,ncaab,Ole Miss,Austin Peay,72,65,complete,2026-04-21 18:05:57.427374
278155,2025-11-19T01:00:00.000Z,ncaab,Cornell,Army ,86,73,complete,2026-04-21 18:05:57.427374
267348,2025-11-19T01:30:00.000Z,ncaab,Iowa,SE Missouri,99,70,complete,2026-04-21 18:05:57.427374
264865,2025-11-19T02:00:00.000Z,ncaab,Boise State,Wichita State,62,59,complete,2026-04-21 18:05:57.427374
264873,2025-11-19T02:00:00.000Z,ncaab,Syracuse,Monmouth,78,73,complete,2026-04-21 18:05:57.427374
264878,2025-11-19T02:00:00.000Z,ncaab,Texas,Rider,99,65,complete,2026-04-21 18:05:57.427374
264881,2025-11-19T02:00:00.000Z,ncaab,Duke,Kansas,78,66,complete,2026-04-21 18:05:57.427374
264886,2025-11-19T02:00:00.000Z,ncaab,Utah,IPFW,85,77,complete,2026-04-21 18:05:57.427374
264890,2025-11-19T02:00:00.000Z,ncaab,San Diego,Grambling St,78,68,complete,2026-04-21 18:05:57.427374
266419,2025-11-19T02:00:00.000Z,ncaab,Pepperdine,New Orleans,90,79,complete,2026-04-21 18:05:57.427374
267561,2025-11-19T02:00:00.000Z,ncaab,Fresno State,SFA,80,78,complete,2026-04-21 18:05:57.427374
264874,2025-11-19T02:30:00.000Z,ncaab,Washington,Southern U,99,93,complete,2026-04-21 18:05:57.427374
264869,2025-11-19T03:00:00.000Z,ncaab,California,Presbyterian,67,57,complete,2026-04-21 18:05:57.427374
264885,2025-11-19T03:00:00.000Z,ncaab,San Francisco,NW State,84,64,complete,2026-04-21 18:05:57.427374
264897,2025-11-19T03:00:00.000Z,ncaab,Santa Clara,Idaho State,64,55,complete,2026-04-21 18:05:57.427374
264898,2025-11-19T03:00:00.000Z,ncaab,Stanford,Louisiana,93,66,complete,2026-04-21 18:05:57.427374
266420,2025-11-19T03:00:00.000Z,ncaab,San Diego State,Troy,107,108,complete,2026-04-21 18:05:57.427374
267350,2025-11-19T03:00:00.000Z,ncaab,Nevada,UC Davis,71,75,complete,2026-04-21 18:05:57.427374
278724,2025-11-19T03:00:00.000Z,ncaab,Cal Baptist,UC Riverside,80,57,complete,2026-04-21 18:05:57.427374
264882,2025-11-19T03:30:00.000Z,ncaab,UCLA,Sac State,79,48,complete,2026-04-21 18:05:57.427374
264919,2025-11-19T23:00:00.000Z,ncaab,Air Force,Alabama St,66,64,complete,2026-04-21 18:05:57.427374
264901,2025-11-19T23:30:00.000Z,ncaab,Penn State,Harvard,84,80,complete,2026-04-21 18:05:57.427374
266433,2025-11-19T23:30:00.000Z,ncaab,Michigan,Middle Tenn,86,61,complete,2026-04-21 18:05:57.427374
263606,2025-11-20T00:00:00.000Z,ncaab,SE Louisiana,William Carey,71,45,complete,2026-04-21 18:05:57.427374
264902,2025-11-20T00:00:00.000Z,ncaab,Indiana St,LA Tech,60,51,complete,2026-04-21 18:05:57.427374
264905,2025-11-20T00:00:00.000Z,ncaab,Toledo,Youngstown St,92,75,complete,2026-04-21 18:05:57.427374
264906,2025-11-20T00:00:00.000Z,ncaab,USC Upstate,Tenn Tech,84,88,complete,2026-04-21 18:05:57.427374
264908,2025-11-20T00:00:00.000Z,ncaab,VA Tech,Bryant U,78,61,complete,2026-04-21 18:05:57.427374
264910,2025-11-20T00:00:00.000Z,ncaab,UConn,Arizona,67,71,complete,2026-04-21 18:05:57.427374
264911,2025-11-20T00:00:00.000Z,ncaab,Duquesne,Loyola (MD),92,78,complete,2026-04-21 18:05:57.427374
264912,2025-11-20T00:00:00.000Z,ncaab,Maryland,St. Mary's,95,90,complete,2026-04-21 18:05:57.427374
264914,2025-11-20T00:00:00.000Z,ncaab,Richmond,VMI,87,54,complete,2026-04-21 18:05:57.427374
264915,2025-11-20T00:00:00.000Z,ncaab,G Washington,UMBC,89,52,complete,2026-04-21 18:05:57.427374
264918,2025-11-20T00:00:00.000Z,ncaab,Notre Dame,Bellarmine,86,79,complete,2026-04-21 18:05:57.427374
266430,2025-11-20T00:00:00.000Z,ncaab,Bowling Green,William & Mary,74,82,complete,2026-04-21 18:05:57.427374
266431,2025-11-20T00:00:00.000Z,ncaab,La Salle,Villanova,55,70,complete,2026-04-21 18:05:57.427374
266434,2025-11-20T00:00:00.000Z,ncaab,Stetson,Howard,64,60,complete,2026-04-21 18:05:57.427374
267351,2025-11-20T00:00:00.000Z,ncaab,Jax State,S. Alabama,65,71,complete,2026-04-21 18:05:57.427374
267503,2025-11-20T00:00:00.000Z,ncaab,Wofford,North Florida,86,78,complete,2026-04-21 18:05:57.427374
267562,2025-11-20T00:00:00.000Z,ncaab,Temple,Hofstra,81,76,complete,2026-04-21 18:05:57.427374
267570,2025-11-20T00:00:00.000Z,ncaab,Cleveland St,Valparaiso,75,90,complete,2026-04-21 18:05:57.427374
267598,2025-11-20T00:00:00.000Z,ncaab,Ohio,B-Cookman,73,76,complete,2026-04-21 18:05:57.427374
272002,2025-11-20T00:00:00.000Z,ncaab,SC State,Chattanooga,66,78,complete,2026-04-21 18:05:57.427374
275590,2025-11-20T00:00:00.000Z,ncaab,Samford,FGCU,62,77,complete,2026-04-21 18:05:57.427374
264904,2025-11-20T00:30:00.000Z,ncaab,W. Carolina,UNC Asheville,80,73,complete,2026-04-21 18:05:57.427374
264917,2025-11-20T00:30:00.000Z,ncaab,Marquette,Dayton,71,77,complete,2026-04-21 18:05:57.427374
266435,2025-11-20T00:30:00.000Z,ncaab,Sam Houston,Wyoming,78,70,complete,2026-04-21 18:05:57.427374
274051,2025-11-20T00:30:00.000Z,ncaab,Merrimack,Maine,72,65,complete,2026-04-21 18:05:57.427374
264900,2025-11-20T01:00:00.000Z,ncaab,OK State,S. Florida,103,95,complete,2026-04-21 18:05:57.427374
264907,2025-11-20T01:00:00.000Z,ncaab,Bradley,UMass Lowell,87,77,complete,2026-04-21 18:05:57.427374
264909,2025-11-20T01:00:00.000Z,ncaab,Creighton,North Dakota,75,60,complete,2026-04-21 18:05:57.427374
264916,2025-11-20T01:00:00.000Z,ncaab,TCU,UMKC,81,45,complete,2026-04-21 18:05:57.427374
274052,2025-11-20T01:00:00.000Z,ncaab,Utah Valley,UC Irvine,79,72,complete,2026-04-21 18:05:57.427374
264920,2025-11-20T01:30:00.000Z,ncaab,Belmont,Lipscomb,75,68,complete,2026-04-21 18:05:57.427374
264913,2025-11-20T02:00:00.000Z,ncaab,Illinois,Alabama,86,90,complete,2026-04-21 18:05:57.427374
266432,2025-11-20T02:00:00.000Z,ncaab,Auburn,Jackson St,112,66,complete,2026-04-21 18:05:57.427374
266429,2025-11-20T03:00:00.000Z,ncaab,Weber State,Campbell,91,85,complete,2026-04-21 18:05:57.427374
274946,2025-11-20T03:00:00.000Z,ncaab,Saint Mary's,Arkansas St,85,72,complete,2026-04-21 18:05:57.427374
264903,2025-11-20T04:00:00.000Z,ncaab,Washington St,Southern Utah,98,74,complete,2026-04-21 18:05:57.427374
266440,2025-11-20T17:30:00.000Z,ncaab,Incarnate Word,Southern Indiana,87,81,complete,2026-04-21 18:05:57.427374
266441,2025-11-20T19:30:00.000Z,ncaab,High Point,UIC,90,80,complete,2026-04-21 18:05:57.427374
266436,2025-11-20T21:00:00.000Z,ncaab,Marshall,AR-Pine Bluff,98,70,complete,2026-04-21 18:05:57.427374
264923,2025-11-20T23:00:00.000Z,ncaab,St. Bonaventure,Robert Morris,75,61,complete,2026-04-21 18:05:57.427374
264931,2025-11-20T23:00:00.000Z,ncaab,Indiana,Lindenwood,73,53,complete,2026-04-21 18:05:57.427374
266442,2025-11-20T23:00:00.000Z,ncaab,Purdue,Memphis,80,71,complete,2026-04-21 18:05:57.427374
264926,2025-11-20T23:30:00.000Z,ncaab,Stony Brook,Brown,80,70,complete,2026-04-21 18:05:57.427374
264524,2025-11-21T00:00:00.000Z,ncaab,Queens,UNC Greensboro,101,94,complete,2026-04-21 18:05:57.427374
264525,2025-11-21T00:00:00.000Z,ncaab,Fordham,Long Island,69,53,complete,2026-04-21 18:05:57.427374
264925,2025-11-21T00:00:00.000Z,ncaab,Vanderbilt,Texas Southern,109,74,complete,2026-04-21 18:05:57.427374
264927,2025-11-21T00:00:00.000Z,ncaab,St. John's,Bucknell,97,49,complete,2026-04-21 18:05:57.427374
264928,2025-11-21T00:00:00.000Z,ncaab,Tennessee,Tenn St,89,60,complete,2026-04-21 18:05:57.427374
264929,2025-11-21T00:00:00.000Z,ncaab,C. Michigan,N Kentucky,66,90,complete,2026-04-21 18:05:57.427374
264930,2025-11-21T00:00:00.000Z,ncaab,Miami (FL),Elon,99,72,complete,2026-04-21 18:05:57.427374
266439,2025-11-21T00:00:00.000Z,ncaab,Wright State,Ohio Wesleyan Battling Bishops,100,47,complete,2026-04-21 18:05:57.427374
266443,2025-11-21T00:00:00.000Z,ncaab,Nebraska,New Mexico,84,72,complete,2026-04-21 18:05:57.427374
267352,2025-11-21T00:00:00.000Z,ncaab,Iowa,Chicago St,93,54,complete,2026-04-21 18:05:57.427374
267599,2025-11-21T00:00:00.000Z,ncaab,UCF,Pittsburgh,77,67,complete,2026-04-21 18:05:57.427374
272003,2025-11-21T00:00:00.000Z,ncaab,FAU,Pacific,82,59,complete,2026-04-21 18:05:57.427374
272004,2025-11-21T00:00:00.000Z,ncaab,Princeton,Northeastern,70,57,complete,2026-04-21 18:05:57.427374
278157,2025-11-21T00:00:00.000Z,ncaab,Cornell,Colgate,95,94,complete,2026-04-21 18:05:57.427374
280859,2025-11-21T00:00:00.000Z,ncaab,Miami (OH),Lakers,76,71,complete,2026-04-21 18:05:57.427374
264921,2025-11-21T01:00:00.000Z,ncaab,Missouri,South Dakota,102,68,complete,2026-04-21 18:05:57.427374
264922,2025-11-21T01:00:00.000Z,ncaab,Rice,Tarleton St,74,90,complete,2026-04-21 18:05:57.427374
264932,2025-11-21T01:00:00.000Z,ncaab,Ohio State,W. Michigan,91,58,complete,2026-04-21 18:05:57.427374
267353,2025-11-21T01:00:00.000Z,ncaab,Oklahoma,Oral Roberts,95,71,complete,2026-04-21 18:05:57.427374
275936,2025-11-21T01:00:00.000Z,ncaab,North Texas,C. Arkansas,74,56,complete,2026-04-21 18:05:57.427374
266444,2025-11-21T01:30:00.000Z,ncaab,Texas Tech,Wake Forest,84,83,complete,2026-04-21 18:05:57.427374
264924,2025-11-21T02:00:00.000Z,ncaab,Utah,Cal Poly,85,92,complete,2026-04-21 18:05:57.427374
266438,2025-11-21T02:00:00.000Z,ncaab,Houston,Rider,91,45,complete,2026-04-21 18:05:57.427374
266445,2025-11-21T02:30:00.000Z,ncaab,K State,Mississippi St,98,77,complete,2026-04-21 18:05:57.427374
264933,2025-11-21T03:00:00.000Z,ncaab,USC,Troy,107,106,complete,2026-04-21 18:05:57.427374
280676,2025-11-21T03:00:00.000Z,ncaab,UNLV,Saint Joe's,99,85,complete,2026-04-21 18:05:57.427374
271300,2025-11-21T05:00:00.000Z,ncaab,Hawaii,Arizona St,76,83,complete,2026-04-21 18:05:57.427374
266454,2025-11-21T17:30:00.000Z,ncaab,Yale,Green Bay,73,67,complete,2026-04-21 18:05:57.427374
266455,2025-11-21T18:00:00.000Z,ncaab,Tulane,Utah State,75,96,complete,2026-04-21 18:05:57.427374
264526,2025-11-21T19:00:00.000Z,ncaab,IUIN,Alabama St,80,101,complete,2026-04-21 18:05:57.427374
264935,2025-11-21T19:00:00.000Z,ncaab,Butler,S. Carolina,79,72,complete,2026-04-21 18:05:57.427374
266450,2025-11-21T20:00:00.000Z,ncaab,UT-Arlington,Campbell,67,71,complete,2026-04-21 18:05:57.427374
266456,2025-11-21T20:00:00.000Z,ncaab,Charleston,UMASS,69,65,complete,2026-04-21 18:05:57.427374
266457,2025-11-21T20:30:00.000Z,ncaab,Boston Col,Davidson,49,59,complete,2026-04-21 18:05:57.427374
264951,2025-11-21T21:00:00.000Z,ncaab,BYU,Wisconsin,98,70,complete,2026-04-21 18:05:57.427374
264941,2025-11-21T22:00:00.000Z,ncaab,Virginia,Northwestern,83,78,complete,2026-04-21 18:05:57.427374
266458,2025-11-21T22:30:00.000Z,ncaab,Akron,Iona,96,75,complete,2026-04-21 18:05:57.427374
264527,2025-11-21T23:00:00.000Z,ncaab,Air Force,SIU-Edwardsville,77,63,complete,2026-04-21 18:05:57.427374
264528,2025-11-21T23:00:00.000Z,ncaab,Stonehill,Lafayette,74,70,complete,2026-04-21 18:05:57.427374
266453,2025-11-21T23:00:00.000Z,ncaab,Florida St,GA Southern,98,72,complete,2026-04-21 18:05:57.427374
271301,2025-11-21T23:00:00.000Z,ncaab,Lehigh,Columbia,67,82,complete,2026-04-21 18:05:57.427374
264529,2025-11-21T23:30:00.000Z,ncaab,E. Michigan,Oakland,97,91,complete,2026-04-21 18:05:57.427374
264530,2025-11-21T23:30:00.000Z,ncaab,App State,Charlotte,65,63,complete,2026-04-21 18:05:57.427374
266447,2025-11-21T23:30:00.000Z,ncaab,Cincinnati,Louisville,64,74,complete,2026-04-21 18:05:57.427374
266452,2025-11-21T23:30:00.000Z,ncaab,Michigan St,Detroit,84,56,complete,2026-04-21 18:05:57.427374
266459,2025-11-21T23:30:00.000Z,ncaab,Clemson,West Virginia,70,67,complete,2026-04-21 18:05:57.427374
272005,2025-11-21T23:30:00.000Z,ncaab,Rutgers,Central Conn,54,67,complete,2026-04-21 18:05:57.427374
264934,2025-11-22T00:00:00.000Z,ncaab,Marist,Army ,76,65,complete,2026-04-21 18:05:57.427374
264938,2025-11-22T00:00:00.000Z,ncaab,Florida,Merrimack,80,45,complete,2026-04-21 18:05:57.427374
264939,2025-11-22T00:00:00.000Z,ncaab,Kentucky,Loyola (MD),88,46,complete,2026-04-21 18:05:57.427374
264940,2025-11-22T00:00:00.000Z,ncaab,Duke,Niagara,100,42,complete,2026-04-21 18:05:57.427374
264942,2025-11-22T00:00:00.000Z,ncaab,E. Carolina,Charleston So,65,77,complete,2026-04-21 18:05:57.427374
264943,2025-11-22T00:00:00.000Z,ncaab,Wolves,USC Upstate,72,64,complete,2026-04-21 18:05:57.427374
264945,2025-11-22T00:00:00.000Z,ncaab,Old Dominion,Morgan State,88,56,complete,2026-04-21 18:05:57.427374
264948,2025-11-22T00:00:00.000Z,ncaab,Sacred Heart,Holy Cross,79,66,complete,2026-04-21 18:05:57.427374
264949,2025-11-22T00:00:00.000Z,ncaab,Canisius,MD-E Shore,60,57,complete,2026-04-21 18:05:57.427374
266448,2025-11-22T00:00:00.000Z,ncaab,Radford,UNC Wilmington,73,81,complete,2026-04-21 18:05:57.427374
266449,2025-11-22T00:00:00.000Z,ncaab,Drexel,Penn,68,84,complete,2026-04-21 18:05:57.427374
267354,2025-11-22T00:00:00.000Z,ncaab,Siena,Albany,73,63,complete,2026-04-21 18:05:57.427374
267504,2025-11-22T00:00:00.000Z,ncaab,Wofford,Flying Fleet,81,57,complete,2026-04-21 18:05:57.427374
267600,2025-11-22T00:00:00.000Z,ncaab,E Tennessee St,Morehead St,77,62,complete,2026-04-21 18:05:57.427374
280386,2025-11-22T00:00:00.000Z,ncaab,W. Illinois,Coastal Car,64,84,complete,2026-04-21 18:05:57.427374
282310,2025-11-22T00:00:00.000Z,ncaab,Wake Forest,Memphis,69,68,complete,2026-04-21 18:05:57.427374
282311,2025-11-22T00:00:00.000Z,ncaab,New Mexico,Mississippi St,80,78,complete,2026-04-21 18:05:57.427374
264955,2025-11-22T00:30:00.000Z,ncaab,N. Colorado,St. Thomas,72,73,complete,2026-04-21 18:05:57.427374
267355,2025-11-22T00:30:00.000Z,ncaab,UAB,S. Alabama,80,72,complete,2026-04-21 18:05:57.427374
264944,2025-11-22T01:00:00.000Z,ncaab,LSU,Omaha,99,73,complete,2026-04-21 18:05:57.427374
264946,2025-11-22T01:00:00.000Z,ncaab,Saint Louis,IPFW,91,60,complete,2026-04-21 18:05:57.427374
264950,2025-11-22T01:00:00.000Z,ncaab,Loyola (IL),N. Illinois,59,76,complete,2026-04-21 18:05:57.427374
266451,2025-11-22T01:00:00.000Z,ncaab,Texas A&M,Manhattan,109,68,complete,2026-04-21 18:05:57.427374
266460,2025-11-22T01:00:00.000Z,ncaab,Texas St,Ark-Little Rock,65,56,complete,2026-04-21 18:05:57.427374
266461,2025-11-22T01:00:00.000Z,ncaab,Oregon St,Evansville,69,73,complete,2026-04-21 18:05:57.427374
267356,2025-11-22T01:00:00.000Z,ncaab,SD State,Georgia State,105,58,complete,2026-04-21 18:05:57.427374
267631,2025-11-22T01:00:00.000Z,ncaab,Arkansas,Jackson St,115,61,complete,2026-04-21 18:05:57.427374
272006,2025-11-22T01:00:00.000Z,ncaab,Norfolk State,Hampton,62,60,complete,2026-04-21 18:05:57.427374
275937,2025-11-22T01:00:00.000Z,ncaab,Tulsa,Austin Peay,84,75,complete,2026-04-21 18:05:57.427374
264936,2025-11-22T02:00:00.000Z,ncaab,San Diego,UC Riverside,71,85,complete,2026-04-21 18:05:57.427374
264937,2025-11-22T02:00:00.000Z,ncaab,Colorado St,Denver,81,83,complete,2026-04-21 18:05:57.427374
264952,2025-11-22T02:00:00.000Z,ncaab,Colorado,UC Davis,95,79,complete,2026-04-21 18:05:57.427374
264953,2025-11-22T02:00:00.000Z,ncaab,SMU,Arkansas St,100,69,complete,2026-04-21 18:05:57.427374
264956,2025-11-22T02:00:00.000Z,ncaab,Grand Canyon,NW State,85,72,complete,2026-04-21 18:05:57.427374
266446,2025-11-22T02:00:00.000Z,ncaab,Pepperdine,SFA,60,63,complete,2026-04-21 18:05:57.427374
266462,2025-11-22T02:00:00.000Z,ncaab,Xavier,Georgia,77,78,complete,2026-04-21 18:05:57.427374
267563,2025-11-22T02:00:00.000Z,ncaab,Fresno State,New Orleans,85,76,complete,2026-04-21 18:05:57.427374
280387,2025-11-22T02:00:00.000Z,ncaab,N. Mexico St,Samford,81,72,complete,2026-04-21 18:05:57.427374
282312,2025-11-22T02:30:00.000Z,ncaab,Nebraska,K State,86,85,complete,2026-04-21 18:05:57.427374
282313,2025-11-22T02:30:00.000Z,ncaab,Texas Tech,Purdue,56,86,complete,2026-04-21 18:05:57.427374
264947,2025-11-22T03:00:00.000Z,ncaab,California,Sac State,91,67,complete,2026-04-21 18:05:57.427374
264957,2025-11-22T03:00:00.000Z,ncaab,Stanford,Seattle,69,77,complete,2026-04-21 18:05:57.427374
264958,2025-11-22T03:00:00.000Z,ncaab,Portland,CS Fullerton,103,85,complete,2026-04-21 18:05:57.427374
264959,2025-11-22T03:00:00.000Z,ncaab,Santa Clara,Louisiana,80,43,complete,2026-04-21 18:05:57.427374
266463,2025-11-22T03:00:00.000Z,ncaab,LBSU,Montana St,72,78,complete,2026-04-21 18:05:57.427374
275938,2025-11-22T03:00:00.000Z,ncaab,San Jose St,Southern U,80,66,complete,2026-04-21 18:05:57.427374
278726,2025-11-22T03:00:00.000Z,ncaab,Cal Baptist,Grambling St,72,59,complete,2026-04-21 18:05:57.427374
264954,2025-11-22T03:30:00.000Z,ncaab,UCLA,Presbyterian,86,46,complete,2026-04-21 18:05:57.427374
264973,2025-11-22T17:00:00.000Z,ncaab,Georgetown,Wagner,92,75,complete,2026-04-21 18:05:57.427374
266467,2025-11-22T17:00:00.000Z,ncaab,Navy,N.J.I.T.,86,70,complete,2026-04-21 18:05:57.427374
264977,2025-11-22T18:00:00.000Z,ncaab,Dolphins,Fairfield,83,97,complete,2026-04-21 18:05:57.427374
264964,2025-11-22T18:30:00.000Z,ncaab,Boston U,Harvard,75,74,complete,2026-04-21 18:05:57.427374
264966,2025-11-22T19:00:00.000Z,ncaab,Marquette,C. Michigan,85,71,complete,2026-04-21 18:05:57.427374
264971,2025-11-22T19:00:00.000Z,ncaab,OK State,Nicholls St,95,81,complete,2026-04-21 18:05:57.427374
264974,2025-11-22T19:00:00.000Z,ncaab,Illinois,Long Island,98,58,complete,2026-04-21 18:05:57.427374
264976,2025-11-22T19:00:00.000Z,ncaab,Dayton,NC Central,74,55,complete,2026-04-21 18:05:57.427374
266468,2025-11-22T19:00:00.000Z,ncaab,Kent State,Cleveland St,91,71,complete,2026-04-21 18:05:57.427374
280860,2025-11-22T19:00:00.000Z,ncaab,St. Peter's,UMass Lowell,68,66,complete,2026-04-21 18:05:57.427374
264979,2025-11-22T20:00:00.000Z,ncaab,Binghamton,MD-E Shore,52,63,complete,2026-04-21 18:05:57.427374
276557,2025-11-22T20:00:00.000Z,ncaab,E. Kentucky,Mercer,83,95,complete,2026-04-21 18:05:57.427374
282314,2025-11-22T20:00:00.000Z,ncaab,UMASS,Green Bay,75,79,complete,2026-04-21 18:05:57.427374
264961,2025-11-22T21:00:00.000Z,ncaab,Niagara,Howard,70,80,complete,2026-04-21 18:05:57.427374
264968,2025-11-22T21:00:00.000Z,ncaab,Duquesne,Northeastern,86,93,complete,2026-04-21 18:05:57.427374
264978,2025-11-22T21:00:00.000Z,ncaab,Penn State,Providence,65,77,complete,2026-04-21 18:05:57.427374
266469,2025-11-22T21:00:00.000Z,ncaab,CS Bakersfield,MS Valley St,86,70,complete,2026-04-21 18:05:57.427374
272008,2025-11-22T21:30:00.000Z,ncaab,Chattanooga,North Alabama,71,57,complete,2026-04-21 18:05:57.427374
264972,2025-11-22T22:00:00.000Z,ncaab,Missouri St,UT Grande Valley,74,67,complete,2026-04-21 18:05:57.427374
266466,2025-11-22T22:00:00.000Z,ncaab,TN-Martin,Prairie View,69,68,complete,2026-04-21 18:05:57.427374
267357,2025-11-22T22:00:00.000Z,ncaab,Nevada,UCSB,77,64,complete,2026-04-21 18:05:57.427374
267601,2025-11-22T22:00:00.000Z,ncaab,Lipscomb,W. Carolina,83,62,complete,2026-04-21 18:05:57.427374
282305,2025-11-22T22:00:00.000Z,ncaab,UIC,Southern Indiana,84,73,complete,2026-04-21 18:05:57.427374
264975,2025-11-22T22:30:00.000Z,ncaab,Minnesota,San Francisco,65,77,complete,2026-04-21 18:05:57.427374
264980,2025-11-22T22:30:00.000Z,ncaab,St. Thomas,CS Fullerton,80,88,complete,2026-04-21 18:05:57.427374
282320,2025-11-22T22:30:00.000Z,ncaab,Oregon St,Iona,84,91,complete,2026-04-21 18:05:57.427374
264967,2025-11-23T00:00:00.000Z,ncaab,Richmond,Gardner-Webb,102,67,complete,2026-04-21 18:05:57.427374
264969,2025-11-23T00:00:00.000Z,ncaab,Wichita State,Milwaukee,75,58,complete,2026-04-21 18:05:57.427374
264970,2025-11-23T00:00:00.000Z,ncaab,Indiana St,Ball State,70,52,complete,2026-04-21 18:05:57.427374
266470,2025-11-23T00:00:00.000Z,ncaab,Coastal Car,North Dakota,75,58,complete,2026-04-21 18:05:57.427374
266471,2025-11-23T00:00:00.000Z,ncaab,Stetson,VMI,99,80,complete,2026-04-21 18:05:57.427374
272007,2025-11-23T00:00:00.000Z,ncaab,Morehead St,UL Monroe,83,80,complete,2026-04-21 18:05:57.427374
282306,2025-11-23T00:00:00.000Z,ncaab,High Point,Incarnate Word,91,80,complete,2026-04-21 18:05:57.427374
264965,2025-11-23T00:30:00.000Z,ncaab,VCU,Coppin St,101,58,complete,2026-04-21 18:05:57.427374
264981,2025-11-23T01:00:00.000Z,ncaab,Portland,N. Colorado,80,86,complete,2026-04-21 18:05:57.427374
266465,2025-11-23T01:00:00.000Z,ncaab,North Florida,Southern Miss,83,92,complete,2026-04-21 18:05:57.427374
263607,2025-11-23T02:00:00.000Z,ncaab,Idaho,Eastern Oregon,97,68,complete,2026-04-21 18:05:57.427374
266464,2025-11-23T02:00:00.000Z,ncaab,Weber State,UT-Arlington,73,74,complete,2026-04-21 18:05:57.427374
278482,2025-11-23T03:30:00.000Z,ncaab,UC Irvine,N. Iowa,69,70,complete,2026-04-21 18:05:57.427374
264987,2025-11-23T18:00:00.000Z,ncaab,Miami (FL),Delaware St,97,41,complete,2026-04-21 18:05:57.427374
264990,2025-11-23T18:00:00.000Z,ncaab,SIU-Edwardsville,Alabama St,83,68,complete,2026-04-21 18:05:57.427374
264993,2025-11-23T18:00:00.000Z,ncaab,Canisius,Binghamton,75,66,complete,2026-04-21 18:05:57.427374
280861,2025-11-23T18:00:00.000Z,ncaab,Miami (OH),AR-Pine Bluff,111,84,complete,2026-04-21 18:05:57.427374
282322,2025-11-23T18:00:00.000Z,ncaab,Georgia,Clemson,94,97,complete,2026-04-21 18:05:57.427374
264531,2025-11-23T19:00:00.000Z,ncaab,Columbia,Longwood,95,70,complete,2026-04-21 18:05:57.427374
264532,2025-11-23T19:00:00.000Z,ncaab,Maine,Brown,53,58,complete,2026-04-21 18:05:57.427374
264533,2025-11-23T19:00:00.000Z,ncaab,CS Fullerton,N. Colorado,93,97,complete,2026-04-21 18:05:57.427374
264983,2025-11-23T19:00:00.000Z,ncaab,G Tech,Wolves,82,66,complete,2026-04-21 18:05:57.427374
264984,2025-11-23T19:00:00.000Z,ncaab,Virginia,Butler,73,80,complete,2026-04-21 18:05:57.427374
264985,2025-11-23T19:00:00.000Z,ncaab,South Dakota,SC State,82,81,complete,2026-04-21 18:05:57.427374
266475,2025-11-23T19:00:00.000Z,ncaab,Drexel,Old Dominion,75,71,complete,2026-04-21 18:05:57.427374
267358,2025-11-23T19:00:00.000Z,ncaab,Oklahoma,Alcorn State,72,53,complete,2026-04-21 18:05:57.427374
267588,2025-11-23T19:00:00.000Z,ncaab,C. Arkansas,E. Washington,92,65,complete,2026-04-21 18:05:57.427374
282340,2025-11-23T19:30:00.000Z,ncaab,North Florida,Prairie View,82,85,complete,2026-04-21 18:05:57.427374
267571,2025-11-23T20:00:00.000Z,ncaab,W. Michigan,St. Mary's,83,60,complete,2026-04-21 18:05:57.427374
267603,2025-11-23T20:00:00.000Z,ncaab,Monmouth,Robert Morris,71,70,complete,2026-04-21 18:05:57.427374
271302,2025-11-23T20:00:00.000Z,ncaab,S. Illinois,Delaware,79,59,complete,2026-04-21 18:05:57.427374
282323,2025-11-23T20:30:00.000Z,ncaab,Xavier,West Virginia,78,68,complete,2026-04-21 18:05:57.427374
264535,2025-11-23T21:00:00.000Z,ncaab,Portland,St. Thomas,66,76,complete,2026-04-21 18:05:57.427374
264982,2025-11-23T21:00:00.000Z,ncaab,Duke,Howard,93,56,complete,2026-04-21 18:05:57.427374
266472,2025-11-23T21:00:00.000Z,ncaab,Wyoming,Norfolk State,75,67,complete,2026-04-21 18:05:57.427374
267604,2025-11-23T21:00:00.000Z,ncaab,E Tennessee St,UL Monroe,97,55,complete,2026-04-21 18:05:57.427374
275591,2025-11-23T21:00:00.000Z,ncaab,Montana,Lamar,63,68,complete,2026-04-21 18:05:57.427374
264534,2025-11-23T22:00:00.000Z,ncaab,Air Force,IUIN,98,85,complete,2026-04-21 18:05:57.427374
264986,2025-11-23T22:00:00.000Z,ncaab,S. Carolina,Northwestern,77,79,complete,2026-04-21 18:05:57.427374
264989,2025-11-23T22:00:00.000Z,ncaab,Illinois St,Coastal Car,94,42,complete,2026-04-21 18:05:57.427374
264991,2025-11-23T22:00:00.000Z,ncaab,Pittsburgh,Quinnipiac,75,83,complete,2026-04-21 18:05:57.427374
266476,2025-11-23T22:00:00.000Z,ncaab,McNeese St,G Washington,92,86,complete,2026-04-21 18:05:57.427374
267602,2025-11-23T22:00:00.000Z,ncaab,Furman,Queens,90,79,complete,2026-04-21 18:05:57.427374
271303,2025-11-23T22:30:00.000Z,ncaab,UNC Greensboro,Youngstown St,68,62,complete,2026-04-21 18:05:57.427374
282315,2025-11-23T22:30:00.000Z,ncaab,Charleston,Yale,63,74,complete,2026-04-21 18:05:57.427374
282341,2025-11-23T22:30:00.000Z,ncaab,Southern Miss,TN-Martin,70,60,complete,2026-04-21 18:05:57.427374
264988,2025-11-23T23:00:00.000Z,ncaab,DePaul,Detroit,95,75,complete,2026-04-21 18:05:57.427374
264992,2025-11-23T23:00:00.000Z,ncaab,UConn,Bryant U,72,49,complete,2026-04-21 18:05:57.427374
282316,2025-11-23T23:30:00.000Z,ncaab,Boston Col,Tulane,90,93,complete,2026-04-21 18:05:57.427374
266474,2025-11-24T00:00:00.000Z,ncaab,Marshall,Lakers,69,60,complete,2026-04-21 18:05:57.427374
280388,2025-11-24T00:00:00.000Z,ncaab,W. Illinois,North Dakota,69,78,complete,2026-04-21 18:05:57.427374
266477,2025-11-24T00:30:00.000Z,ncaab,Murray State,Middle Tenn,87,90,complete,2026-04-21 18:05:57.427374
266473,2025-11-24T01:00:00.000Z,ncaab,Jackson St,Winthrop,62,80,complete,2026-04-21 18:05:57.427374
282321,2025-11-24T01:00:00.000Z,ncaab,Evansville,Akron,59,97,complete,2026-04-21 18:05:57.427374
282317,2025-11-24T02:00:00.000Z,ncaab,Davidson,Utah State,60,94,complete,2026-04-21 18:05:57.427374
266478,2025-11-24T16:00:00.000Z,ncaab,Rhode Island,Towson,55,62,complete,2026-04-21 18:05:57.427374
278417,2025-11-24T16:00:00.000Z,ncaab,Troy,Toledo,68,75,complete,2026-04-21 18:05:57.427374
266481,2025-11-24T16:30:00.000Z,ncaab,Stony Brook,Pacific,58,86,complete,2026-04-21 18:05:57.427374
264994,2025-11-24T17:00:00.000Z,ncaab,Bowling Green,Bucknell,71,66,complete,2026-04-21 18:05:57.427374
264996,2025-11-24T17:00:00.000Z,ncaab,Fairleigh,E TA&M,65,70,complete,2026-04-21 18:05:57.427374
282338,2025-11-24T17:30:00.000Z,ncaab,Oregon St,UMASS,65,73,complete,2026-04-21 18:05:57.427374
266482,2025-11-24T18:00:00.000Z,ncaab,Tennessee,Rutgers,85,60,complete,2026-04-21 18:05:57.427374
266483,2025-11-24T18:30:00.000Z,ncaab,Vermont,Liberty,73,79,complete,2026-04-21 18:05:57.427374
271304,2025-11-24T18:30:00.000Z,ncaab,S. Illinois,UAB,73,81,complete,2026-04-21 18:05:57.427374
278418,2025-11-24T18:30:00.000Z,ncaab,Belmont,St. Francis (PA),94,57,complete,2026-04-21 18:05:57.427374
266484,2025-11-24T19:00:00.000Z,ncaab,Baylor,Creighton,81,74,complete,2026-04-21 18:05:57.427374
266485,2025-11-24T19:00:00.000Z,ncaab,Jacksonville,B-Cookman,69,64,complete,2026-04-21 18:05:57.427374
264536,2025-11-24T19:30:00.000Z,ncaab,Buffalo,VMI,78,70,complete,2026-04-21 18:05:57.427374
266486,2025-11-24T19:30:00.000Z,ncaab,NC State,Seton Hall,74,85,complete,2026-04-21 18:05:57.427374
267632,2025-11-24T20:00:00.000Z,ncaab,UC Riverside,Grambling St,83,74,complete,2026-04-21 18:05:57.427374
282339,2025-11-24T20:00:00.000Z,ncaab,Iona,Green Bay,75,80,complete,2026-04-21 18:05:57.427374
266488,2025-11-24T20:30:00.000Z,ncaab,Notre Dame,Kansas,61,71,complete,2026-04-21 18:05:57.427374
267359,2025-11-24T21:00:00.000Z,ncaab,Oakland,Lamar,83,68,complete,2026-04-21 18:05:57.427374
271305,2025-11-24T21:00:00.000Z,ncaab,William & Mary,UTEP,74,63,complete,2026-04-21 18:05:57.427374
266487,2025-11-24T21:30:00.000Z,ncaab,UCSD,Temple,91,76,complete,2026-04-21 18:05:57.427374
266489,2025-11-24T21:30:00.000Z,ncaab,Iowa State,St. John's,83,82,complete,2026-04-21 18:05:57.427374
278419,2025-11-24T21:30:00.000Z,ncaab,Rice,Kennesaw St,84,89,complete,2026-04-21 18:05:57.427374
266490,2025-11-24T22:00:00.000Z,ncaab,Boise State,USC,67,70,complete,2026-04-21 18:05:57.427374
266491,2025-11-24T22:00:00.000Z,ncaab,Middle Tenn,G Washington,79,92,complete,2026-04-21 18:05:57.427374
282379,2025-11-24T22:30:00.000Z,ncaab,Evansville,Charleston,59,78,complete,2026-04-21 18:05:57.427374
264998,2025-11-24T23:00:00.000Z,ncaab,Holy Cross,Siena,69,73,complete,2026-04-21 18:05:57.427374
266492,2025-11-24T23:00:00.000Z,ncaab,George Mason,Ohio,92,69,complete,2026-04-21 18:05:57.427374
266493,2025-11-24T23:00:00.000Z,ncaab,Syracuse,Houston,74,78,complete,2026-04-21 18:05:57.427374
264537,2025-11-24T23:30:00.000Z,ncaab,App State,Elon,53,88,complete,2026-04-21 18:05:57.427374
271306,2025-11-24T23:30:00.000Z,ncaab,Youngstown St,GA Southern,67,61,complete,2026-04-21 18:05:57.427374
265000,2025-11-25T00:00:00.000Z,ncaab,Louisville,E. Michigan,87,46,complete,2026-04-21 18:05:57.427374
265002,2025-11-25T00:00:00.000Z,ncaab,Central Conn,Sacred Heart,108,106,complete,2026-04-21 18:05:57.427374
265003,2025-11-25T00:00:00.000Z,ncaab,Lindenwood,UMKC,80,67,complete,2026-04-21 18:05:57.427374
266479,2025-11-25T00:00:00.000Z,ncaab,Cincinnati,N.J.I.T.,94,67,complete,2026-04-21 18:05:57.427374
266480,2025-11-25T00:00:00.000Z,ncaab,N Kentucky,E. Kentucky,82,71,complete,2026-04-21 18:05:57.427374
266494,2025-11-25T00:00:00.000Z,ncaab,Bradley,Princeton,88,64,complete,2026-04-21 18:05:57.427374
274053,2025-11-25T00:00:00.000Z,ncaab,Citadel,Bellarmine,58,70,complete,2026-04-21 18:05:57.427374
275188,2025-11-25T00:00:00.000Z,ncaab,FIU,JMU,72,80,complete,2026-04-21 18:05:57.427374
278420,2025-11-25T00:00:00.000Z,ncaab,FGCU,Oral Roberts,93,88,complete,2026-04-21 18:05:57.427374
264999,2025-11-25T00:30:00.000Z,ncaab,Mississippi St,New Orleans,81,78,complete,2026-04-21 18:05:57.427374
266495,2025-11-25T00:30:00.000Z,ncaab,McNeese St,Murray State,73,60,complete,2026-04-21 18:05:57.427374
264995,2025-11-25T01:00:00.000Z,ncaab,Missouri St,Long Island,61,75,complete,2026-04-21 18:05:57.427374
264997,2025-11-25T01:00:00.000Z,ncaab,SMU,Radford,89,72,complete,2026-04-21 18:05:57.427374
265001,2025-11-25T01:00:00.000Z,ncaab,Illinois,UT Grande Valley,87,73,complete,2026-04-21 18:05:57.427374
265004,2025-11-25T01:00:00.000Z,ncaab,N. Arizona,Cal Poly,93,87,complete,2026-04-21 18:05:57.427374
266496,2025-11-25T01:00:00.000Z,ncaab,Oregon,Auburn,73,84,complete,2026-04-21 18:05:57.427374
275592,2025-11-25T01:00:00.000Z,ncaab,Arkansas St,Jax State,74,63,complete,2026-04-21 18:05:57.427374
282380,2025-11-25T01:00:00.000Z,ncaab,Akron,Yale,94,97,complete,2026-04-21 18:05:57.427374
266497,2025-11-25T01:30:00.000Z,ncaab,FAU,Loyola Marymount,76,65,complete,2026-04-21 18:05:57.427374
265005,2025-11-25T02:00:00.000Z,ncaab,UC Davis,Louisiana,77,56,complete,2026-04-21 18:05:57.427374
266498,2025-11-25T02:00:00.000Z,ncaab,Silverswords,Washington St,85,90,complete,2026-04-21 18:05:57.427374
271307,2025-11-25T02:00:00.000Z,ncaab,Ab Christian,UTSA,61,50,complete,2026-04-21 18:05:57.427374
266499,2025-11-25T02:30:00.000Z,ncaab,Alabama,Gonzaga,85,95,complete,2026-04-21 18:05:57.427374
266500,2025-11-25T03:30:00.000Z,ncaab,San Diego State,Michigan,54,94,complete,2026-04-21 18:05:57.427374
272009,2025-11-25T03:30:00.000Z,ncaab,Arizona,Denver,103,73,complete,2026-04-21 18:05:57.427374
266501,2025-11-25T04:30:00.000Z,ncaab,Texas,Arizona St,86,87,complete,2026-04-21 18:05:57.427374
266502,2025-11-25T05:00:00.000Z,ncaab,Maryland,UNLV,74,67,complete,2026-04-21 18:05:57.427374
282437,2025-11-25T16:00:00.000Z,ncaab,Stony Brook,B-Cookman,61,54,complete,2026-04-21 18:05:57.427374
282404,2025-11-25T17:00:00.000Z,ncaab,Liberty,Towson,69,72,complete,2026-04-21 18:05:57.427374
265013,2025-11-25T18:00:00.000Z,ncaab,Michigan St,E. Carolina,89,56,complete,2026-04-21 18:05:57.427374
266508,2025-11-25T18:00:00.000Z,ncaab,Rutgers,Notre Dame,63,68,complete,2026-04-21 18:05:57.427374
266509,2025-11-25T18:30:00.000Z,ncaab,San Jose St,Tulsa,51,81,complete,2026-04-21 18:05:57.427374
271311,2025-11-25T18:30:00.000Z,ncaab,Delaware,UNC Greensboro,73,60,complete,2026-04-21 18:05:57.427374
282438,2025-11-25T18:30:00.000Z,ncaab,Pacific,Jacksonville,68,53,complete,2026-04-21 18:05:57.427374
266505,2025-11-25T19:00:00.000Z,ncaab,Army ,E TA&M,67,84,complete,2026-04-21 18:05:57.427374
266510,2025-11-25T19:00:00.000Z,ncaab,Creighton,Iowa State,60,78,complete,2026-04-21 18:05:57.427374
282405,2025-11-25T19:30:00.000Z,ncaab,Vermont,Rhode Island,65,80,complete,2026-04-21 18:05:57.427374
282569,2025-11-25T19:30:00.000Z,ncaab,Boise State,NC State,70,81,complete,2026-04-21 18:05:57.427374
266511,2025-11-25T20:00:00.000Z,ncaab,Georgia State,Samford,63,78,complete,2026-04-21 18:05:57.427374
266512,2025-11-25T20:30:00.000Z,ncaab,Kansas,Syracuse,71,60,complete,2026-04-21 18:05:57.427374
266513,2025-11-25T21:00:00.000Z,ncaab,N. Iowa,Loyola (IL),72,51,complete,2026-04-21 18:05:57.427374
271308,2025-11-25T21:00:00.000Z,ncaab,UAB,UTEP,75,59,complete,2026-04-21 18:05:57.427374
266514,2025-11-25T21:30:00.000Z,ncaab,St. John's,Baylor,96,81,complete,2026-04-21 18:05:57.427374
278421,2025-11-25T21:30:00.000Z,ncaab,Kennesaw St,Oral Roberts,83,91,complete,2026-04-21 18:05:57.427374
266515,2025-11-25T22:00:00.000Z,ncaab,Middle Tenn,McNeese St,62,72,complete,2026-04-21 18:05:57.427374
282570,2025-11-25T22:00:00.000Z,ncaab,USC,Seton Hall,83,81,complete,2026-04-21 18:05:57.427374
282602,2025-11-25T22:00:00.000Z,ncaab,Bradley,UCSD,77,87,complete,2026-04-21 18:05:57.427374
282637,2025-11-25T22:00:00.000Z,ncaab,Ohio,Loyola Marymount,58,70,complete,2026-04-21 18:05:57.427374
265011,2025-11-25T23:00:00.000Z,ncaab,UNC,St. Bonaventure,85,70,complete,2026-04-21 18:05:57.427374
265018,2025-11-25T23:00:00.000Z,ncaab,Morgan State,Drexel,66,71,complete,2026-04-21 18:05:57.427374
266516,2025-11-25T23:00:00.000Z,ncaab,Houston,Tennessee,73,76,complete,2026-04-21 18:05:57.427374
266517,2025-11-25T23:00:00.000Z,ncaab,SD State,Utah Valley,52,75,complete,2026-04-21 18:05:57.427374
265015,2025-11-25T23:30:00.000Z,ncaab,Ohio State,St. Mary's,113,60,complete,2026-04-21 18:05:57.427374
266518,2025-11-25T23:30:00.000Z,ncaab,San Diego,Cal Baptist,61,76,complete,2026-04-21 18:05:57.427374
271309,2025-11-25T23:30:00.000Z,ncaab,Ab Christian,William & Mary,58,92,complete,2026-04-21 18:05:57.427374
280390,2025-11-25T23:30:00.000Z,ncaab,UNC Asheville,Tenn St,73,75,complete,2026-04-21 18:05:57.427374
263602,2025-11-26T00:00:00.000Z,ncaab,Milwaukee,Dominican (IL),125,70,complete,2026-04-21 18:05:57.427374
265007,2025-11-26T00:00:00.000Z,ncaab,Penn State,Boston U,96,87,complete,2026-04-21 18:05:57.427374
265008,2025-11-26T00:00:00.000Z,ncaab,USC Upstate,NC Central,82,67,complete,2026-04-21 18:05:57.427374
265014,2025-11-26T00:00:00.000Z,ncaab,Wake Forest,Campbell,99,51,complete,2026-04-21 18:05:57.427374
265016,2025-11-26T00:00:00.000Z,ncaab,Marist,Lehigh,78,55,complete,2026-04-21 18:05:57.427374
265017,2025-11-26T00:00:00.000Z,ncaab,Villanova,Old Dominion,89,75,complete,2026-04-21 18:05:57.427374
265019,2025-11-26T00:00:00.000Z,ncaab,Bellarmine,Hou Christian,74,69,complete,2026-04-21 18:05:57.427374
265020,2025-11-26T00:00:00.000Z,ncaab,Rider,Coppin St,65,68,complete,2026-04-21 18:05:57.427374
265022,2025-11-26T00:00:00.000Z,ncaab,MD-E Shore,Hampton,68,74,complete,2026-04-21 18:05:57.427374
266503,2025-11-26T00:00:00.000Z,ncaab,JMU,Omaha,88,77,complete,2026-04-21 18:05:57.427374
266506,2025-11-26T00:00:00.000Z,ncaab,Florida St,CS Bakersfield,89,59,complete,2026-04-21 18:05:57.427374
266507,2025-11-26T00:00:00.000Z,ncaab,IPFW,Chicago St,90,77,complete,2026-04-21 18:05:57.427374
266519,2025-11-26T00:00:00.000Z,ncaab,Stetson,Wright State,62,79,complete,2026-04-21 18:05:57.427374
267633,2025-11-26T00:00:00.000Z,ncaab,UCF,Quinnipiac,102,91,complete,2026-04-21 18:05:57.427374
278422,2025-11-26T00:00:00.000Z,ncaab,FGCU,Rice,78,63,complete,2026-04-21 18:05:57.427374
263608,2025-11-26T00:30:00.000Z,ncaab,Charleston So,Piedmont,93,81,complete,2026-04-21 18:05:57.427374
266520,2025-11-26T00:30:00.000Z,ncaab,G Washington,Murray State,95,96,complete,2026-04-21 18:05:57.427374
267589,2025-11-26T00:30:00.000Z,ncaab,C. Arkansas,E. Illinois,81,60,complete,2026-04-21 18:05:57.427374
282603,2025-11-26T00:30:00.000Z,ncaab,Princeton,Temple,75,79,complete,2026-04-21 18:05:57.427374
282638,2025-11-26T00:30:00.000Z,ncaab,George Mason,FAU,74,65,complete,2026-04-21 18:05:57.427374
265012,2025-11-26T01:00:00.000Z,ncaab,Indiana,K State,86,69,complete,2026-04-21 18:05:57.427374
265021,2025-11-26T01:00:00.000Z,ncaab,Missouri,SC State,98,66,complete,2026-04-21 18:05:57.427374
266504,2025-11-26T01:00:00.000Z,ncaab,Texas A&M,MS Valley St,120,84,complete,2026-04-21 18:05:57.427374
272010,2025-11-26T01:00:00.000Z,ncaab,Cal Poly,SE Missouri,68,84,complete,2026-04-21 18:05:57.427374
275939,2025-11-26T01:00:00.000Z,ncaab,North Texas,E. Washington,79,71,complete,2026-04-21 18:05:57.427374
280389,2025-11-26T01:00:00.000Z,ncaab,Austin Peay,N. Illinois,77,59,complete,2026-04-21 18:05:57.427374
282734,2025-11-26T01:00:00.000Z,ncaab,Arizona St,Washington St,100,94,complete,2026-04-21 18:05:57.427374
265010,2025-11-26T01:30:00.000Z,ncaab,Nebraska,Winthrop,80,73,complete,2026-04-21 18:05:57.427374
266521,2025-11-26T01:30:00.000Z,ncaab,Auburn,Michigan,72,102,complete,2026-04-21 18:05:57.427374
266522,2025-11-26T01:30:00.000Z,ncaab,UC Irvine,N. Mexico St,45,57,complete,2026-04-21 18:05:57.427374
265006,2025-11-26T02:00:00.000Z,ncaab,Utah Tech,Portland State,63,68,complete,2026-04-21 18:05:57.427374
271310,2025-11-26T02:00:00.000Z,ncaab,GA Southern,UTSA,64,77,complete,2026-04-21 18:05:57.427374
275593,2025-11-26T02:00:00.000Z,ncaab,Montana,Oakland,87,95,complete,2026-04-21 18:05:57.427374
266523,2025-11-26T02:30:00.000Z,ncaab,Gonzaga,Maryland,100,61,complete,2026-04-21 18:05:57.427374
266524,2025-11-26T02:30:00.000Z,ncaab,Iowa,Ole Miss,74,69,complete,2026-04-21 18:05:57.427374
263609,2025-11-26T03:00:00.000Z,ncaab,Sac State,Gators,94,46,complete,2026-04-21 18:05:57.427374
265009,2025-11-26T03:00:00.000Z,ncaab,California,UCLA,80,72,complete,2026-04-21 18:05:57.427374
282735,2025-11-26T03:30:00.000Z,ncaab,Silverswords,Texas,78,119,complete,2026-04-21 18:05:57.427374
266525,2025-11-26T04:00:00.000Z,ncaab,San Diego State,Oregon,97,80,complete,2026-04-21 18:05:57.427374
266526,2025-11-26T05:00:00.000Z,ncaab,Grand Canyon,Utah,68,58,complete,2026-04-21 18:05:57.427374
266527,2025-11-26T05:00:00.000Z,ncaab,UNLV,Alabama,76,115,complete,2026-04-21 18:05:57.427374
265038,2025-11-26T16:00:00.000Z,ncaab,VMI,Bowling Green,48,81,complete,2026-04-21 18:05:57.427374
282406,2025-11-26T16:00:00.000Z,ncaab,Troy,St. Francis (PA),74,64,complete,2026-04-21 18:05:57.427374
265035,2025-11-26T17:00:00.000Z,ncaab,Stonehill,UMass Lowell,64,75,complete,2026-04-21 18:05:57.427374
266535,2025-11-26T17:00:00.000Z,ncaab,Vanderbilt,W. Kentucky,83,78,complete,2026-04-21 18:05:57.427374
282802,2025-11-26T17:00:00.000Z,ncaab,UCSD,Towson,87,73,complete,2026-04-21 18:05:57.427374
265025,2025-11-26T18:00:00.000Z,ncaab,Texas Tech,New Orleans,82,50,complete,2026-04-21 18:05:57.427374
265036,2025-11-26T18:00:00.000Z,ncaab,New Hampshire,Brown,47,59,complete,2026-04-21 18:05:57.427374
282812,2025-11-26T18:00:00.000Z,ncaab,Iowa State,Syracuse,95,64,complete,2026-04-21 18:05:57.427374
265037,2025-11-26T18:30:00.000Z,ncaab,Bucknell,Buffalo,71,73,complete,2026-04-21 18:05:57.427374
282407,2025-11-26T18:30:00.000Z,ncaab,Toledo,Belmont,72,87,complete,2026-04-21 18:05:57.427374
265031,2025-11-26T19:00:00.000Z,ncaab,Fairleigh,Army ,73,81,complete,2026-04-21 18:05:57.427374
266530,2025-11-26T19:00:00.000Z,ncaab,N Kentucky,Wofford,93,83,complete,2026-04-21 18:05:57.427374
266531,2025-11-26T19:00:00.000Z,ncaab,Robert Morris,UIC,88,74,complete,2026-04-21 18:05:57.427374
266532,2025-11-26T19:00:00.000Z,ncaab,Mercer,App State,75,67,complete,2026-04-21 18:05:57.427374
275189,2025-11-26T19:00:00.000Z,ncaab,FIU,Omaha,74,61,complete,2026-04-21 18:05:57.427374
278423,2025-11-26T19:00:00.000Z,ncaab,Miami (OH),UNC Greensboro,82,71,complete,2026-04-21 18:05:57.427374
282800,2025-11-26T19:00:00.000Z,ncaab,San Jose St,Loyola (IL),63,51,complete,2026-04-21 18:05:57.427374
266536,2025-11-26T19:30:00.000Z,ncaab,S. Florida,VCU,66,78,complete,2026-04-21 18:05:57.427374
282803,2025-11-26T19:30:00.000Z,ncaab,Bradley,Liberty,74,64,complete,2026-04-21 18:05:57.427374
282806,2025-11-26T19:30:00.000Z,ncaab,Arizona St,USC,75,88,complete,2026-04-21 18:05:57.427374
265034,2025-11-26T20:00:00.000Z,ncaab,Jax State,NDSU,43,56,complete,2026-04-21 18:05:57.427374
266537,2025-11-26T20:00:00.000Z,ncaab,N. Mexico St,Georgia State,77,58,complete,2026-04-21 18:05:57.427374
266538,2025-11-26T20:00:00.000Z,ncaab,Valparaiso,Southern Indiana,56,64,complete,2026-04-21 18:05:57.427374
282813,2025-11-26T20:30:00.000Z,ncaab,Houston,Notre Dame,66,56,complete,2026-04-21 18:05:57.427374
265024,2025-11-26T21:00:00.000Z,ncaab,Navy,Gardner-Webb,84,51,complete,2026-04-21 18:05:57.427374
265028,2025-11-26T21:00:00.000Z,ncaab,Boston Col,Harvard,73,60,complete,2026-04-21 18:05:57.427374
266529,2025-11-26T21:00:00.000Z,ncaab,Marshall,Lipscomb,67,90,complete,2026-04-21 18:05:57.427374
278424,2025-11-26T21:30:00.000Z,ncaab,Oral Roberts,Rice,62,81,complete,2026-04-21 18:05:57.427374
282801,2025-11-26T21:30:00.000Z,ncaab,Tulsa,N. Iowa,63,60,complete,2026-04-21 18:05:57.427374
266539,2025-11-26T22:00:00.000Z,ncaab,VA Tech,Colorado St,66,64,complete,2026-04-21 18:05:57.427374
267360,2025-11-26T22:00:00.000Z,ncaab,Manhattan,Wagner,101,103,complete,2026-04-21 18:05:57.427374
282804,2025-11-26T22:00:00.000Z,ncaab,Princeton,Vermont,74,79,complete,2026-04-21 18:05:57.427374
282807,2025-11-26T22:30:00.000Z,ncaab,Washington St,Seton Hall,61,75,complete,2026-04-21 18:05:57.427374
263610,2025-11-26T23:00:00.000Z,ncaab,Duquesne,Marauders,101,80,complete,2026-04-21 18:05:57.427374
265039,2025-11-26T23:00:00.000Z,ncaab,Air Force,N. Colorado,53,71,complete,2026-04-21 18:05:57.427374
266540,2025-11-26T23:00:00.000Z,ncaab,Utah Valley,Samford,89,45,complete,2026-04-21 18:05:57.427374
265040,2025-11-26T23:30:00.000Z,ncaab,Idaho State,Sam Houston,81,84,complete,2026-04-21 18:05:57.427374
265026,2025-11-27T00:00:00.000Z,ncaab,Kentucky,Tenn Tech,104,54,complete,2026-04-21 18:05:57.427374
265030,2025-11-27T00:00:00.000Z,ncaab,Fairfield,Columbia,77,106,complete,2026-04-21 18:05:57.427374
265032,2025-11-27T00:00:00.000Z,ncaab,UNC Wilmington,SE Louisiana,70,57,complete,2026-04-21 18:05:57.427374
266534,2025-11-27T00:00:00.000Z,ncaab,Cincinnati,E. Michigan,56,64,complete,2026-04-21 18:05:57.427374
266541,2025-11-27T00:00:00.000Z,ncaab,Pepperdine,Fresno State,53,76,complete,2026-04-21 18:05:57.427374
274054,2025-11-27T00:00:00.000Z,ncaab,Citadel,Hou Christian,65,72,complete,2026-04-21 18:05:57.427374
278425,2025-11-27T00:00:00.000Z,ncaab,FGCU,Kennesaw St,100,102,complete,2026-04-21 18:05:57.427374
282808,2025-11-27T00:00:00.000Z,ncaab,Tennessee,Kansas,76,81,complete,2026-04-21 18:05:57.427374
266528,2025-11-27T00:30:00.000Z,ncaab,LA Tech,Indiana St,75,73,complete,2026-04-21 18:05:57.427374
266542,2025-11-27T00:30:00.000Z,ncaab,Saint Mary's,Wichita State,70,65,complete,2026-04-21 18:05:57.427374
282805,2025-11-27T00:30:00.000Z,ncaab,Temple,Rhode Island,75,90,complete,2026-04-21 18:05:57.427374
265029,2025-11-27T01:00:00.000Z,ncaab,Memphis,S. Illinois,74,58,complete,2026-04-21 18:05:57.427374
265041,2025-11-27T01:00:00.000Z,ncaab,N. Arizona,SE Missouri,79,72,complete,2026-04-21 18:05:57.427374
282814,2025-11-27T01:00:00.000Z,ncaab,Auburn,St. John's,85,74,complete,2026-04-21 18:05:57.427374
266533,2025-11-27T01:30:00.000Z,ncaab,Wyoming,Denver,101,59,complete,2026-04-21 18:05:57.427374
266543,2025-11-27T01:30:00.000Z,ncaab,UC Irvine,SD State,64,52,complete,2026-04-21 18:05:57.427374
265023,2025-11-27T02:00:00.000Z,ncaab,Idaho,CS Northridge,78,64,complete,2026-04-21 18:05:57.427374
265027,2025-11-27T02:00:00.000Z,ncaab,New Mexico,Alabama St,93,87,complete,2026-04-21 18:05:57.427374
265033,2025-11-27T02:00:00.000Z,ncaab,Louisville,N.J.I.T.,104,47,complete,2026-04-21 18:05:57.427374
282809,2025-11-27T02:30:00.000Z,ncaab,Michigan,Gonzaga,101,61,complete,2026-04-21 18:05:57.427374
282810,2025-11-27T02:30:00.000Z,ncaab,Texas,NC State,102,97,complete,2026-04-21 18:05:57.427374
282819,2025-11-27T02:30:00.000Z,ncaab,Iowa,Grand Canyon,59,46,complete,2026-04-21 18:05:57.427374
265042,2025-11-27T03:00:00.000Z,ncaab,Portland,LBSU,93,73,complete,2026-04-21 18:05:57.427374
282815,2025-11-27T03:30:00.000Z,ncaab,San Diego State,Baylor,81,91,complete,2026-04-21 18:05:57.427374
282811,2025-11-27T05:00:00.000Z,ncaab,Silverswords,Boise State,76,102,complete,2026-04-21 18:05:57.427374
282816,2025-11-27T05:00:00.000Z,ncaab,Alabama,Maryland,105,72,complete,2026-04-21 18:05:57.427374
282820,2025-11-27T05:00:00.000Z,ncaab,Ole Miss,Utah,74,75,complete,2026-04-21 18:05:57.427374
266544,2025-11-27T16:00:00.000Z,ncaab,Furman,Richmond,73,72,complete,2026-04-21 18:05:57.427374
265045,2025-11-27T17:00:00.000Z,ncaab,E. Carolina,St. Bonaventure,58,67,complete,2026-04-21 18:05:57.427374
282821,2025-11-27T17:00:00.000Z,ncaab,VCU,Vanderbilt,74,89,complete,2026-04-21 18:05:57.427374
266545,2025-11-27T18:30:00.000Z,ncaab,Illinois St,Charlotte,79,69,complete,2026-04-21 18:05:57.427374
265044,2025-11-27T19:00:00.000Z,ncaab,San Francisco,Colorado,69,79,complete,2026-04-21 18:05:57.427374
282817,2025-11-27T19:00:00.000Z,ncaab,Creighton,Oregon,76,66,complete,2026-04-21 18:05:57.427374
282825,2025-11-27T19:30:00.000Z,ncaab,Saint Mary's,VA Tech,77,66,complete,2026-04-21 18:05:57.427374
266546,2025-11-27T20:00:00.000Z,ncaab,Florida,TCU,80,84,complete,2026-04-21 18:05:57.427374
265043,2025-11-27T21:30:00.000Z,ncaab,Michigan St,UNC,74,58,complete,2026-04-21 18:05:57.427374
266547,2025-11-27T21:30:00.000Z,ncaab,Washington,Nevada,83,66,complete,2026-04-21 18:05:57.427374
282818,2025-11-27T21:30:00.000Z,ncaab,Rutgers,UNLV,80,65,complete,2026-04-21 18:05:57.427374
266548,2025-11-27T22:00:00.000Z,ncaab,Miami (FL),BYU,62,72,complete,2026-04-21 18:05:57.427374
266549,2025-11-27T22:30:00.000Z,ncaab,Wisconsin,Providence,104,83,complete,2026-04-21 18:05:57.427374
282822,2025-11-27T22:30:00.000Z,ncaab,S. Florida,W. Kentucky,97,91,complete,2026-04-21 18:05:57.427374
266550,2025-11-28T00:00:00.000Z,ncaab,Santa Clara,Saint Louis,70,71,complete,2026-04-21 18:05:57.427374
266551,2025-11-28T00:30:00.000Z,ncaab,Dayton,Georgetown,84,79,complete,2026-04-21 18:05:57.427374
265047,2025-11-28T01:00:00.000Z,ncaab,Duke,Arkansas,80,71,complete,2026-04-21 18:05:57.427374
282826,2025-11-28T01:00:00.000Z,ncaab,Wichita State,Colorado St,70,76,complete,2026-04-21 18:05:57.427374
266552,2025-11-28T02:30:00.000Z,ncaab,Stanford,Minnesota,72,68,complete,2026-04-21 18:05:57.427374
265046,2025-11-28T03:30:00.000Z,ncaab,Northwestern,OK State,81,86,complete,2026-04-21 18:05:57.427374
282835,2025-11-28T15:30:00.000Z,ncaab,VA Tech,VCU,68,86,complete,2026-04-21 18:05:57.427374
265062,2025-11-28T17:00:00.000Z,ncaab,Gardner-Webb,SE Louisiana,68,76,complete,2026-04-21 18:05:57.427374
265063,2025-11-28T17:00:00.000Z,ncaab,Wake Forest,Northeastern,86,73,complete,2026-04-21 18:05:57.427374
265065,2025-11-28T17:00:00.000Z,ncaab,Purdue,E. Illinois,109,62,complete,2026-04-21 18:05:57.427374
265066,2025-11-28T17:30:00.000Z,ncaab,UConn,Illinois,74,61,complete,2026-04-21 18:05:57.427374
282833,2025-11-28T17:30:00.000Z,ncaab,Charlotte,Richmond,66,71,complete,2026-04-21 18:05:57.427374
265059,2025-11-28T18:00:00.000Z,ncaab,Longwood,Siena,63,70,complete,2026-04-21 18:05:57.427374
282836,2025-11-28T18:00:00.000Z,ncaab,Saint Mary's,Vanderbilt,71,96,complete,2026-04-21 18:05:57.427374
264538,2025-11-28T19:00:00.000Z,ncaab,Monmouth,Ball State,80,73,complete,2026-04-21 18:05:57.427374
265049,2025-11-28T19:00:00.000Z,ncaab,Indiana St,Alcorn State,74,81,complete,2026-04-21 18:05:57.427374
265051,2025-11-28T19:00:00.000Z,ncaab,Missouri,Cleveland St,86,59,complete,2026-04-21 18:05:57.427374
265054,2025-11-28T19:00:00.000Z,ncaab,Butler,Wright State,94,69,complete,2026-04-21 18:05:57.427374
265061,2025-11-28T19:00:00.000Z,ncaab,Marquette,Oklahoma,74,75,complete,2026-04-21 18:05:57.427374
266555,2025-11-28T19:00:00.000Z,ncaab,Robert Morris,Southern Utah,61,54,complete,2026-04-21 18:05:57.427374
266557,2025-11-28T19:00:00.000Z,ncaab,Seattle,Texas St,66,52,complete,2026-04-21 18:05:57.427374
266558,2025-11-28T19:00:00.000Z,ncaab,La Salle,Hofstra,58,63,complete,2026-04-21 18:05:57.427374
282839,2025-11-28T19:00:00.000Z,ncaab,San Francisco,Nevada,65,81,complete,2026-04-21 18:05:57.427374
265048,2025-11-28T20:00:00.000Z,ncaab,Tulane,Nicholls St,82,72,complete,2026-04-21 18:05:57.427374
265052,2025-11-28T20:00:00.000Z,ncaab,UNC Wilmington,Navy,87,57,complete,2026-04-21 18:05:57.427374
266559,2025-11-28T20:00:00.000Z,ncaab,Youngstown St,Chicago St,87,64,complete,2026-04-21 18:05:57.427374
275594,2025-11-28T20:00:00.000Z,ncaab,Arkansas St,NDSU,85,80,complete,2026-04-21 18:05:57.427374
282834,2025-11-28T20:00:00.000Z,ncaab,Illinois St,Furman,72,65,complete,2026-04-21 18:05:57.427374
282841,2025-11-28T20:00:00.000Z,ncaab,Florida,Providence,90,78,complete,2026-04-21 18:05:57.427374
265053,2025-11-28T21:00:00.000Z,ncaab,American U,Maine,74,61,complete,2026-04-21 18:05:57.427374
265058,2025-11-28T21:00:00.000Z,ncaab,Virginia,Queens,94,69,complete,2026-04-21 18:05:57.427374
265067,2025-11-28T21:00:00.000Z,ncaab,E. Michigan,N.J.I.T.,73,55,complete,2026-04-21 18:05:57.427374
266553,2025-11-28T21:00:00.000Z,ncaab,S. Carolina,Charleston So,74,62,complete,2026-04-21 18:05:57.427374
276085,2025-11-28T21:00:00.000Z,ncaab,Davidson,NC A&T,90,74,complete,2026-04-21 18:05:57.427374
264539,2025-11-28T21:30:00.000Z,ncaab,Penn,Merrimack,77,65,complete,2026-04-21 18:05:57.427374
266556,2025-11-28T21:30:00.000Z,ncaab,Lafayette,Dolphins,63,76,complete,2026-04-21 18:05:57.427374
266560,2025-11-28T21:30:00.000Z,ncaab,Lehigh,UCSB,70,72,complete,2026-04-21 18:05:57.427374
282840,2025-11-28T21:30:00.000Z,ncaab,Colorado,Washington,81,68,complete,2026-04-21 18:05:57.427374
282847,2025-11-28T21:30:00.000Z,ncaab,Colorado St,S. Florida,83,68,complete,2026-04-21 18:05:57.427374
266554,2025-11-28T22:00:00.000Z,ncaab,Florida St,Texas A&M,59,95,complete,2026-04-21 18:05:57.427374
265055,2025-11-28T22:30:00.000Z,ncaab,Xavier,Texas A&M-CC,88,67,complete,2026-04-21 18:05:57.427374
282842,2025-11-28T22:30:00.000Z,ncaab,TCU,Wisconsin,74,63,complete,2026-04-21 18:05:57.427374
264540,2025-11-28T23:30:00.000Z,ncaab,Idaho State,CS Northridge,82,50,complete,2026-04-21 18:05:57.427374
265050,2025-11-29T00:00:00.000Z,ncaab,Pittsburgh,Ohio State,67,66,complete,2026-04-21 18:05:57.427374
265056,2025-11-29T00:00:00.000Z,ncaab,Mississippi St,SMU,81,87,complete,2026-04-21 18:05:57.427374
265064,2025-11-29T00:00:00.000Z,ncaab,Clemson,Alabama A&M,92,56,complete,2026-04-21 18:05:57.427374
266561,2025-11-29T00:00:00.000Z,ncaab,G Tech,DePaul,61,75,complete,2026-04-21 18:05:57.427374
282843,2025-11-29T00:00:00.000Z,ncaab,Georgetown,Miami (FL),65,78,complete,2026-04-21 18:05:57.427374
282848,2025-11-29T00:00:00.000Z,ncaab,Wichita State,W. Kentucky,70,75,complete,2026-04-21 18:05:57.427374
282849,2025-11-29T00:00:00.000Z,ncaab,Saint Louis,Stanford,77,78,complete,2026-04-21 18:05:57.427374
271313,2025-11-29T00:30:00.000Z,ncaab,Albany,Colgate,67,69,complete,2026-04-21 18:05:57.427374
265060,2025-11-29T01:00:00.000Z,ncaab,Louisiana,Jackson St,45,51,complete,2026-04-21 18:05:57.427374
265057,2025-11-29T02:00:00.000Z,ncaab,Idaho,Sam Houston,68,94,complete,2026-04-21 18:05:57.427374
266562,2025-11-29T02:30:00.000Z,ncaab,LSU,Drake,71,62,complete,2026-04-21 18:05:57.427374
282844,2025-11-29T02:30:00.000Z,ncaab,Dayton,BYU,79,83,complete,2026-04-21 18:05:57.427374
282850,2025-11-29T02:30:00.000Z,ncaab,Santa Clara,Minnesota,86,75,complete,2026-04-21 18:05:57.427374
265068,2025-11-29T03:00:00.000Z,ncaab,Loyola Marymount,Stony Brook,68,71,complete,2026-04-21 18:05:57.427374
271312,2025-11-29T05:00:00.000Z,ncaab,Hawaii,North Dakota,92,55,complete,2026-04-21 18:05:57.427374
264541,2025-11-29T17:00:00.000Z,ncaab,Navy,SE Louisiana,65,69,complete,2026-04-21 18:05:57.427374
265069,2025-11-29T17:00:00.000Z,ncaab,Indiana,B-Cookman,100,56,complete,2026-04-21 18:05:57.427374
265070,2025-11-29T18:00:00.000Z,ncaab,Niagara,Detroit,66,70,complete,2026-04-21 18:05:57.427374
265078,2025-11-29T18:00:00.000Z,ncaab,Maine,Longwood,61,65,complete,2026-04-21 18:05:57.427374
266569,2025-11-29T18:00:00.000Z,ncaab,LA Tech,Alcorn State,83,58,complete,2026-04-21 18:05:57.427374
266570,2025-11-29T18:00:00.000Z,ncaab,N Kentucky,Boston U,74,65,complete,2026-04-21 18:05:57.427374
266571,2025-11-29T18:00:00.000Z,ncaab,Army ,Manhattan,81,78,complete,2026-04-21 18:05:57.427374
267634,2025-11-29T18:00:00.000Z,ncaab,UCF,VMI,82,57,complete,2026-04-21 18:05:57.427374
264542,2025-11-29T19:00:00.000Z,ncaab,Nebraska,USC Upstate,72,63,complete,2026-04-21 18:05:57.427374
265080,2025-11-29T19:00:00.000Z,ncaab,High Point,W. Carolina,93,73,complete,2026-04-21 18:05:57.427374
265082,2025-11-29T19:00:00.000Z,ncaab,Dolphins,Monmouth,83,79,complete,2026-04-21 18:05:57.427374
265083,2025-11-29T19:00:00.000Z,ncaab,UMBC,Delaware St,71,57,complete,2026-04-21 18:05:57.427374
265084,2025-11-29T19:00:00.000Z,ncaab,IUIN,Morehead St,85,80,complete,2026-04-21 18:05:57.427374
265085,2025-11-29T19:00:00.000Z,ncaab,Harvard,Bryant U,56,53,complete,2026-04-21 18:05:57.427374
266563,2025-11-29T19:00:00.000Z,ncaab,Georgia,Tenn Tech,123,81,complete,2026-04-21 18:05:57.427374
266566,2025-11-29T19:00:00.000Z,ncaab,Stetson,Southern Utah,68,70,complete,2026-04-21 18:05:57.427374
266572,2025-11-29T19:00:00.000Z,ncaab,Hofstra,Merrimack,78,58,complete,2026-04-21 18:05:57.427374
266575,2025-11-29T19:00:00.000Z,ncaab,GA Southern,Hou Christian,80,62,complete,2026-04-21 18:05:57.427374
267362,2025-11-29T19:00:00.000Z,ncaab,NW State,Southern U,73,75,complete,2026-04-21 18:05:57.427374
267363,2025-11-29T19:00:00.000Z,ncaab,George Mason,JMU,82,66,complete,2026-04-21 18:05:57.427374
281119,2025-11-29T19:00:00.000Z,ncaab,St. Peter's,Dartmouth ,61,87,complete,2026-04-21 18:05:57.427374
282874,2025-11-29T19:00:00.000Z,ncaab,Lehigh,Texas St,78,74,complete,2026-04-21 18:05:57.427374
265073,2025-11-29T20:00:00.000Z,ncaab,UNC Wilmington,Gardner-Webb,88,62,complete,2026-04-21 18:05:57.427374
266573,2025-11-29T20:00:00.000Z,ncaab,Valparaiso,W. Michigan,84,55,complete,2026-04-21 18:05:57.427374
266574,2025-11-29T20:00:00.000Z,ncaab,UT-Arlington,SFA,66,61,complete,2026-04-21 18:05:57.427374
272011,2025-11-29T20:00:00.000Z,ncaab,SE Missouri,Lipscomb,77,88,complete,2026-04-21 18:05:57.427374
263611,2025-11-29T21:00:00.000Z,ncaab,Southern Indiana,Thorobreds,93,56,complete,2026-04-21 18:05:57.427374
264543,2025-11-29T21:00:00.000Z,ncaab,American U,Siena,55,59,complete,2026-04-21 18:05:57.427374
265071,2025-11-29T21:00:00.000Z,ncaab,South Dakota,Air Force,80,63,complete,2026-04-21 18:05:57.427374
265077,2025-11-29T21:00:00.000Z,ncaab,Elon,Mercer,84,91,complete,2026-04-21 18:05:57.427374
265086,2025-11-29T21:00:00.000Z,ncaab,St. Mary's,Howard,79,75,complete,2026-04-21 18:05:57.427374
266564,2025-11-29T21:00:00.000Z,ncaab,Weber State,UMKC,82,61,complete,2026-04-21 18:05:57.427374
266567,2025-11-29T21:00:00.000Z,ncaab,Winthrop,SC State,101,79,complete,2026-04-21 18:05:57.427374
267590,2025-11-29T21:00:00.000Z,ncaab,Utah State,Montana St,84,81,complete,2026-04-21 18:05:57.427374
267605,2025-11-29T21:00:00.000Z,ncaab,E Tennessee St,C. Arkansas,80,57,complete,2026-04-21 18:05:57.427374
278426,2025-11-29T21:00:00.000Z,ncaab,Arizona,Norfolk State,98,61,complete,2026-04-21 18:05:57.427374
282884,2025-11-29T21:00:00.000Z,ncaab,Drake,G Tech,84,74,complete,2026-04-21 18:05:57.427374
265087,2025-11-29T21:30:00.000Z,ncaab,Penn,La Salle,73,71,complete,2026-04-21 18:05:57.427374
266568,2025-11-29T21:30:00.000Z,ncaab,Lafayette,Ball State,55,37,complete,2026-04-21 18:05:57.427374
282875,2025-11-29T21:30:00.000Z,ncaab,UCSB,Seattle,74,71,complete,2026-04-21 18:05:57.427374
265075,2025-11-29T22:00:00.000Z,ncaab,Utah Tech,UC Riverside,77,69,complete,2026-04-21 18:05:57.427374
266576,2025-11-29T22:00:00.000Z,ncaab,CS Fullerton,Pepperdine,83,69,complete,2026-04-21 18:05:57.427374
276558,2025-11-29T22:00:00.000Z,ncaab,E. Kentucky,Wofford,77,83,complete,2026-04-21 18:05:57.427374
265072,2025-11-29T23:00:00.000Z,ncaab,Penn State,Sacred Heart,90,59,complete,2026-04-21 18:05:57.427374
265081,2025-11-29T23:00:00.000Z,ncaab,Canisius,Buffalo,53,71,complete,2026-04-21 18:05:57.427374
265076,2025-11-30T00:00:00.000Z,ncaab,Akron,Milwaukee,105,81,complete,2026-04-21 18:05:57.427374
267361,2025-11-30T00:00:00.000Z,ncaab,S. Illinois,Ark-Little Rock,74,65,complete,2026-04-21 18:05:57.427374
267364,2025-11-30T00:00:00.000Z,ncaab,Lamar,Our Lady of the Lake University,90,46,complete,2026-04-21 18:05:57.427374
282885,2025-11-30T00:00:00.000Z,ncaab,LSU,DePaul,96,63,complete,2026-04-21 18:05:57.427374
275595,2025-11-30T00:30:00.000Z,ncaab,Fordham,Albany,88,68,complete,2026-04-21 18:05:57.427374
265074,2025-11-30T03:00:00.000Z,ncaab,Oregon St,Cal Baptist,69,75,complete,2026-04-21 18:05:57.427374
265088,2025-11-30T03:00:00.000Z,ncaab,Pacific,Sac State,68,54,complete,2026-04-21 18:05:57.427374
265096,2025-11-30T17:00:00.000Z,ncaab,Ball State,Dolphins,96,85,complete,2026-04-21 18:05:57.427374
266580,2025-11-30T17:00:00.000Z,ncaab,La Salle,Merrimack,60,66,complete,2026-04-21 18:05:57.427374
264545,2025-11-30T18:00:00.000Z,ncaab,Siena,Maine,64,60,complete,2026-04-21 18:05:57.427374
265092,2025-11-30T18:00:00.000Z,ncaab,Princeton,Saint Joe's,58,60,complete,2026-04-21 18:05:57.427374
263612,2025-11-30T18:30:00.000Z,ncaab,UNC Asheville,App State,67,55,complete,2026-04-21 18:05:57.427374
265090,2025-11-30T19:00:00.000Z,ncaab,Fairfield,New Hampshire,72,68,complete,2026-04-21 18:05:57.427374
265093,2025-11-30T19:00:00.000Z,ncaab,Bucknell,Cornell,72,101,complete,2026-04-21 18:05:57.427374
265095,2025-11-30T19:00:00.000Z,ncaab,Quinnipiac,Stonehill,76,62,complete,2026-04-21 18:05:57.427374
265098,2025-11-30T19:00:00.000Z,ncaab,William & Mary,Old Dominion,88,75,complete,2026-04-21 18:05:57.427374
266578,2025-11-30T19:00:00.000Z,ncaab,Robert Morris,Stetson,80,62,complete,2026-04-21 18:05:57.427374
267505,2025-11-30T19:00:00.000Z,ncaab,Vermont,Yale,74,77,complete,2026-04-21 18:05:57.427374
272013,2025-11-30T19:00:00.000Z,ncaab,Chattanooga,Tenn St,64,70,complete,2026-04-21 18:05:57.427374
281120,2025-11-30T19:00:00.000Z,ncaab,UTSA,S. Alabama,58,82,complete,2026-04-21 18:05:57.427374
265099,2025-11-30T19:30:00.000Z,ncaab,Penn,Hofstra,60,77,complete,2026-04-21 18:05:57.427374
266579,2025-11-30T19:30:00.000Z,ncaab,Lafayette,Monmouth,74,88,complete,2026-04-21 18:05:57.427374
265089,2025-11-30T20:00:00.000Z,ncaab,Texas Tech,Wyoming,76,72,complete,2026-04-21 18:05:57.427374
265094,2025-11-30T20:00:00.000Z,ncaab,West Virginia,Lakers,70,38,complete,2026-04-21 18:05:57.427374
264544,2025-11-30T20:30:00.000Z,ncaab,Coastal Car,Alabama A&M,67,60,complete,2026-04-21 18:05:57.427374
264546,2025-11-30T20:30:00.000Z,ncaab,Charleston,Belmont,73,96,complete,2026-04-21 18:05:57.427374
271314,2025-11-30T20:30:00.000Z,ncaab,Fordham,Colgate,62,72,complete,2026-04-21 18:05:57.427374
272012,2025-11-30T20:30:00.000Z,ncaab,FAU,St. Bonaventure,65,70,complete,2026-04-21 18:05:57.427374
265097,2025-11-30T21:00:00.000Z,ncaab,American U,Longwood,92,66,complete,2026-04-21 18:05:57.427374
266577,2025-11-30T21:00:00.000Z,ncaab,Presbyterian,Citadel,69,41,complete,2026-04-21 18:05:57.427374
275941,2025-11-30T21:00:00.000Z,ncaab,North Texas,Prairie View,72,69,complete,2026-04-21 18:05:57.427374
266581,2025-11-30T22:00:00.000Z,ncaab,LBSU,San Diego,76,72,complete,2026-04-21 18:05:57.427374
275940,2025-11-30T22:00:00.000Z,ncaab,San Jose St,UC Irvine,63,72,complete,2026-04-21 18:05:57.427374
265091,2025-11-30T23:00:00.000Z,ncaab,Loyola (MD),Coppin St,95,84,complete,2026-04-21 18:05:57.427374
267564,2025-11-30T23:00:00.000Z,ncaab,Fresno State,CS Bakersfield,71,76,complete,2026-04-21 18:05:57.427374
266585,2025-12-01T17:00:00.000Z,ncaab,Chicago St,St Xavier,85,62,complete,2026-04-21 18:05:57.427374
267365,2025-12-01T17:00:00.000Z,ncaab,Southern U,Wildcats,101,48,complete,2026-04-21 18:05:57.427374
263614,2025-12-01T23:30:00.000Z,ncaab,Toledo,Marauders,102,58,complete,2026-04-21 18:05:57.427374
265101,2025-12-01T23:30:00.000Z,ncaab,Villanova,Temple,74,56,complete,2026-04-21 18:05:57.427374
265103,2025-12-02T00:00:00.000Z,ncaab,Xavier,St. Francis (PA),96,74,complete,2026-04-21 18:05:57.427374
266582,2025-12-02T00:00:00.000Z,ncaab,Cincinnati,Tarleton St,76,58,complete,2026-04-21 18:05:57.427374
266583,2025-12-02T00:00:00.000Z,ncaab,Troy,Wolves,89,93,complete,2026-04-21 18:05:57.427374
267366,2025-12-02T00:00:00.000Z,ncaab,Jax State,North Alabama,66,73,complete,2026-04-21 18:05:57.427374
276086,2025-12-02T00:00:00.000Z,ncaab,Delaware,Iona,66,89,complete,2026-04-21 18:05:57.427374
263613,2025-12-02T00:30:00.000Z,ncaab,Incarnate Word,McNeese St,71,67,complete,2026-04-21 18:05:57.427374
266584,2025-12-02T00:30:00.000Z,ncaab,Middle Tenn,UAB,76,61,complete,2026-04-21 18:05:57.427374
265100,2025-12-02T01:00:00.000Z,ncaab,K State,Bowling Green,66,82,complete,2026-04-21 18:05:57.427374
265102,2025-12-02T02:00:00.000Z,ncaab,Colorado,Cal Baptist,78,70,complete,2026-04-21 18:05:57.427374
265104,2025-12-02T03:00:00.000Z,ncaab,Stanford,Portland,94,72,complete,2026-04-21 18:05:57.427374
266586,2025-12-02T16:00:00.000Z,ncaab,Army ,G Washington,70,84,complete,2026-04-21 18:05:57.427374
266593,2025-12-02T17:00:00.000Z,ncaab,TN-Martin,Charleston So,73,56,complete,2026-04-21 18:05:57.427374
264553,2025-12-02T23:00:00.000Z,ncaab,Penn State,Campbell,87,76,complete,2026-04-21 18:05:57.427374
265105,2025-12-02T23:00:00.000Z,ncaab,Bryant U,Stonehill,77,65,complete,2026-04-21 18:05:57.427374
265123,2025-12-02T23:45:00.000Z,ncaab,Binghamton,Lehigh,80,71,complete,2026-04-21 18:05:57.427374
263615,2025-12-03T00:00:00.000Z,ncaab,Indiana St,Red Devils,99,57,complete,2026-04-21 18:05:57.427374
264547,2025-12-03T00:00:00.000Z,ncaab,Syracuse,Tennessee,62,60,complete,2026-04-21 18:05:57.427374
264549,2025-12-03T00:00:00.000Z,ncaab,E. Carolina,MD-E Shore,68,56,complete,2026-04-21 18:05:57.427374
264555,2025-12-03T00:00:00.000Z,ncaab,Butler,E. Michigan,84,68,complete,2026-04-21 18:05:57.427374
265106,2025-12-03T00:00:00.000Z,ncaab,Pittsburgh,Texas A&M,73,81,complete,2026-04-21 18:05:57.427374
265107,2025-12-03T00:00:00.000Z,ncaab,Rhode Island,Brown,66,56,complete,2026-04-21 18:05:57.427374
265110,2025-12-03T00:00:00.000Z,ncaab,Providence,Fairleigh,94,64,complete,2026-04-21 18:05:57.427374
265113,2025-12-03T00:00:00.000Z,ncaab,Duquesne,William & Mary,79,83,complete,2026-04-21 18:05:57.427374
265118,2025-12-03T00:00:00.000Z,ncaab,Wake Forest,Oklahoma,68,86,complete,2026-04-21 18:05:57.427374
265122,2025-12-03T00:00:00.000Z,ncaab,Dayton,E Tennessee St,88,71,complete,2026-04-21 18:05:57.427374
265142,2025-12-03T00:00:00.000Z,ncaab,Charlotte,NC A&T,74,57,complete,2026-04-21 18:05:57.427374
266590,2025-12-03T00:00:00.000Z,ncaab,Kennesaw St,Jackson St,88,73,complete,2026-04-21 18:05:57.427374
266591,2025-12-03T00:00:00.000Z,ncaab,Mercer,Georgia State,78,67,complete,2026-04-21 18:05:57.427374
266592,2025-12-03T00:00:00.000Z,ncaab,Jacksonville,Florida A&M,85,82,complete,2026-04-21 18:05:57.427374
266594,2025-12-03T00:00:00.000Z,ncaab,North Florida,SIU-Edwardsville,63,72,complete,2026-04-21 18:05:57.427374
267368,2025-12-03T00:00:00.000Z,ncaab,George Mason,Cornell,99,81,complete,2026-04-21 18:05:57.427374
274949,2025-12-03T00:00:00.000Z,ncaab,Michigan St,Iowa,71,52,complete,2026-04-21 18:05:57.427374
275597,2025-12-03T00:00:00.000Z,ncaab,S. Carolina,VA Tech,83,86,complete,2026-04-21 18:05:57.427374
276933,2025-12-03T00:00:00.000Z,ncaab,UNC Asheville,UNC Greensboro,82,77,complete,2026-04-21 18:05:57.427374
280391,2025-12-03T00:00:00.000Z,ncaab,S. Alabama,N. Mexico St,77,75,complete,2026-04-21 18:05:57.427374
264550,2025-12-03T00:30:00.000Z,ncaab,Tulane,Grambling St,65,63,complete,2026-04-21 18:05:57.427374
264552,2025-12-03T00:30:00.000Z,ncaab,Drake,W. Illinois,108,57,complete,2026-04-21 18:05:57.427374
264554,2025-12-03T00:30:00.000Z,ncaab,Long Island,Winthrop,92,94,complete,2026-04-21 18:05:57.427374
265111,2025-12-03T00:30:00.000Z,ncaab,Duke,Florida,67,66,complete,2026-04-21 18:05:57.427374
265108,2025-12-03T01:00:00.000Z,ncaab,Maryland,Wagner,89,63,complete,2026-04-21 18:05:57.427374
265109,2025-12-03T01:00:00.000Z,ncaab,Bradley,Washington St,64,60,complete,2026-04-21 18:05:57.427374
265112,2025-12-03T01:00:00.000Z,ncaab,Loyola (IL),C. Michigan,83,72,complete,2026-04-21 18:05:57.427374
265115,2025-12-03T01:00:00.000Z,ncaab,OK State,Sam Houston,93,83,complete,2026-04-21 18:05:57.427374
265116,2025-12-03T01:00:00.000Z,ncaab,Marquette,Valparaiso,75,72,complete,2026-04-21 18:05:57.427374
265119,2025-12-03T01:00:00.000Z,ncaab,Murray State,Morehead St,84,52,complete,2026-04-21 18:05:57.427374
265120,2025-12-03T01:00:00.000Z,ncaab,Baylor,Sac State,110,88,complete,2026-04-21 18:05:57.427374
266588,2025-12-03T01:00:00.000Z,ncaab,N. Illinois,Lindenwood,64,99,complete,2026-04-21 18:05:57.427374
274948,2025-12-03T01:00:00.000Z,ncaab,Rutgers,Purdue,65,81,complete,2026-04-21 18:05:57.427374
275596,2025-12-03T01:00:00.000Z,ncaab,Arkansas St,UT-Arlington,83,63,complete,2026-04-21 18:05:57.427374
275942,2025-12-03T01:00:00.000Z,ncaab,North Texas,Hou Christian,77,75,complete,2026-04-21 18:05:57.427374
264548,2025-12-03T02:00:00.000Z,ncaab,Notre Dame,Missouri,76,71,complete,2026-04-21 18:05:57.427374
264551,2025-12-03T02:00:00.000Z,ncaab,Kansas,UConn,56,61,complete,2026-04-21 18:05:57.427374
265121,2025-12-03T02:00:00.000Z,ncaab,Creighton,Nicholls St,96,76,complete,2026-04-21 18:05:57.427374
265124,2025-12-03T02:00:00.000Z,ncaab,Grand Canyon,Stetson,67,45,complete,2026-04-21 18:05:57.427374
266587,2025-12-03T02:00:00.000Z,ncaab,Pepperdine,Ab Christian,63,71,complete,2026-04-21 18:05:57.427374
266589,2025-12-03T02:00:00.000Z,ncaab,Florida St,Georgia,73,107,complete,2026-04-21 18:05:57.427374
275598,2025-12-03T02:00:00.000Z,ncaab,Ole Miss,Miami (FL),66,75,complete,2026-04-21 18:05:57.427374
265114,2025-12-03T02:30:00.000Z,ncaab,Kentucky,UNC,64,67,complete,2026-04-21 18:05:57.427374
265117,2025-12-03T03:00:00.000Z,ncaab,California,Utah,79,72,complete,2026-04-21 18:05:57.427374
265125,2025-12-03T03:00:00.000Z,ncaab,Loyola Marymount,Saint Louis,70,91,complete,2026-04-21 18:05:57.427374
267367,2025-12-03T03:00:00.000Z,ncaab,Nevada,UCSD,76,70,complete,2026-04-21 18:05:57.427374
274950,2025-12-03T03:00:00.000Z,ncaab,Oregon,USC,77,82,complete,2026-04-21 18:05:57.427374
263618,2025-12-05T00:00:00.000Z,ncaab,Merrimack,Rider,68,66,complete,2026-04-21 18:05:57.427374
265163,2025-12-05T00:00:00.000Z,ncaab,S. Florida,Utah State,74,61,complete,2026-04-21 18:05:57.427374
266609,2025-12-05T00:00:00.000Z,ncaab,Green Bay,Robert Morris,78,80,complete,2026-04-21 18:05:57.427374
276087,2025-12-05T00:00:00.000Z,ncaab,Davidson,Citadel,79,63,complete,2026-04-21 18:05:57.427374
262166,2025-12-05T02:00:00.000Z,ncaab,UCSB,LBSU,84,77,complete,2026-04-21 18:05:57.427374
262167,2025-12-05T03:00:00.000Z,ncaab,UC Irvine,UC Riverside,73,60,complete,2026-04-21 18:05:57.427374
262169,2025-12-05T03:00:00.000Z,ncaab,CS Northridge,CS Bakersfield,87,66,complete,2026-04-21 18:05:57.427374
262170,2025-12-05T03:00:00.000Z,ncaab,CS Fullerton,Cal Poly,91,94,complete,2026-04-21 18:05:57.427374
262168,2025-12-05T05:00:00.000Z,ncaab,Hawaii,UC Davis,75,69,complete,2026-04-21 18:05:57.427374
263619,2025-12-06T00:00:00.000Z,ncaab,Manhattan,Fairfield,70,66,complete,2026-04-21 18:05:57.427374
263620,2025-12-06T00:00:00.000Z,ncaab,Iona,Quinnipiac,68,89,complete,2026-04-21 18:05:57.427374
263621,2025-12-06T00:00:00.000Z,ncaab,Marist,St. Mary's,64,56,complete,2026-04-21 18:05:57.427374
263622,2025-12-06T00:00:00.000Z,ncaab,St. Peter's,Canisius,69,57,complete,2026-04-21 18:05:57.427374
263624,2025-12-06T00:00:00.000Z,ncaab,Siena,Niagara,83,54,complete,2026-04-21 18:05:57.427374
265165,2025-12-06T00:00:00.000Z,ncaab,B-Cookman,SC State,80,59,complete,2026-04-21 18:05:57.427374
265166,2025-12-06T00:00:00.000Z,ncaab,Kentucky,Gonzaga,59,94,complete,2026-04-21 18:05:57.427374
265168,2025-12-06T00:00:00.000Z,ncaab,VCU,Samford,83,57,complete,2026-04-21 18:05:57.427374
265171,2025-12-06T00:00:00.000Z,ncaab,High Point,N.J.I.T.,89,72,complete,2026-04-21 18:05:57.427374
265172,2025-12-06T00:00:00.000Z,ncaab,Brown,Bryant U,75,56,complete,2026-04-21 18:05:57.427374
266610,2025-12-06T00:00:00.000Z,ncaab,Lafayette,Lakers,79,71,complete,2026-04-21 18:05:57.427374
267609,2025-12-06T00:00:00.000Z,ncaab,E Tennessee St,S. Alabama,91,65,complete,2026-04-21 18:05:57.427374
263623,2025-12-06T00:30:00.000Z,ncaab,McNeese St,NW State,92,54,complete,2026-04-21 18:05:57.427374
265164,2025-12-06T00:30:00.000Z,ncaab,Xavier,Cincinnati,79,74,complete,2026-04-21 18:05:57.427374
265167,2025-12-06T00:30:00.000Z,ncaab,Drake,UAB,69,74,complete,2026-04-21 18:05:57.427374
265169,2025-12-06T00:30:00.000Z,ncaab,UConn,E TA&M,83,59,complete,2026-04-21 18:05:57.427374
265170,2025-12-06T01:00:00.000Z,ncaab,TCU,Notre Dame,85,87,complete,2026-04-21 18:05:57.427374
275943,2025-12-06T03:00:00.000Z,ncaab,San Jose St,San Diego,86,69,complete,2026-04-21 18:05:57.427374
265193,2025-12-06T17:00:00.000Z,ncaab,G Tech,Monmouth,79,67,complete,2026-04-21 18:05:57.427374
265200,2025-12-06T17:00:00.000Z,ncaab,Miami (FL),Southern Miss,88,64,complete,2026-04-21 18:05:57.427374
265208,2025-12-06T17:00:00.000Z,ncaab,Virginia,Dayton,86,73,complete,2026-04-21 18:05:57.427374
265210,2025-12-06T17:00:00.000Z,ncaab,Providence,Rhode Island,90,71,complete,2026-04-21 18:05:57.427374
265216,2025-12-06T17:00:00.000Z,ncaab,Purdue,Iowa State,58,81,complete,2026-04-21 18:05:57.427374
265218,2025-12-06T17:00:00.000Z,ncaab,Bucknell,UMBC,66,73,complete,2026-04-21 18:05:57.427374
265997,2025-12-06T17:00:00.000Z,ncaab,Boston Col,New Haven,67,63,complete,2026-04-21 18:05:57.427374
266623,2025-12-06T17:00:00.000Z,ncaab,Michigan St,Duke,60,66,complete,2026-04-21 18:05:57.427374
265179,2025-12-06T17:30:00.000Z,ncaab,Richmond,Old Dominion,86,77,complete,2026-04-21 18:05:57.427374
265196,2025-12-06T18:00:00.000Z,ncaab,NC State,UNC Asheville,75,63,complete,2026-04-21 18:05:57.427374
266614,2025-12-06T18:00:00.000Z,ncaab,Bowling Green,Utah Valley,71,82,complete,2026-04-21 18:05:57.427374
280863,2025-12-06T18:00:00.000Z,ncaab,Miami (OH),Maine,93,61,complete,2026-04-21 18:05:57.427374
263628,2025-12-06T19:00:00.000Z,ncaab,Colgate,St. John Fisher Cardinals,94,50,complete,2026-04-21 18:05:57.427374
265180,2025-12-06T19:00:00.000Z,ncaab,Duquesne,Stony Brook,84,75,complete,2026-04-21 18:05:57.427374
265182,2025-12-06T19:00:00.000Z,ncaab,Wolves,Tenn Tech,59,87,complete,2026-04-21 18:05:57.427374
265183,2025-12-06T19:00:00.000Z,ncaab,Gardner-Webb,GA Southern,84,88,complete,2026-04-21 18:05:57.427374
265191,2025-12-06T19:00:00.000Z,ncaab,Wisconsin,Marquette,96,76,complete,2026-04-21 18:05:57.427374
265198,2025-12-06T19:00:00.000Z,ncaab,USC Upstate,W. Carolina,78,67,complete,2026-04-21 18:05:57.427374
265206,2025-12-06T19:00:00.000Z,ncaab,Butler,Boise State,68,77,complete,2026-04-21 18:05:57.427374
265209,2025-12-06T19:00:00.000Z,ncaab,Buffalo,St. Bonaventure,69,77,complete,2026-04-21 18:05:57.427374
265212,2025-12-06T19:00:00.000Z,ncaab,American U,MD-E Shore,78,60,complete,2026-04-21 18:05:57.427374
265220,2025-12-06T19:00:00.000Z,ncaab,Fordham,Holy Cross,69,70,complete,2026-04-21 18:05:57.427374
266616,2025-12-06T19:00:00.000Z,ncaab,S. Carolina,Stetson,82,51,complete,2026-04-21 18:05:57.427374
266617,2025-12-06T19:00:00.000Z,ncaab,IPFW,N Kentucky,79,77,complete,2026-04-21 18:05:57.427374
266619,2025-12-06T19:00:00.000Z,ncaab,Presbyterian,Morehead St,80,72,complete,2026-04-21 18:05:57.427374
266620,2025-12-06T19:00:00.000Z,ncaab,Liberty,Coppin St,92,50,complete,2026-04-21 18:05:57.427374
266621,2025-12-06T19:00:00.000Z,ncaab,SIU-Edwardsville,W. Michigan,73,83,complete,2026-04-21 18:05:57.427374
266624,2025-12-06T19:00:00.000Z,ncaab,Winthrop,Coastal Car,84,88,complete,2026-04-21 18:05:57.427374
266627,2025-12-06T19:00:00.000Z,ncaab,JMU,Norfolk State,68,67,complete,2026-04-21 18:05:57.427374
266628,2025-12-06T19:00:00.000Z,ncaab,Cleveland St,Detroit,59,71,complete,2026-04-21 18:05:57.427374
266629,2025-12-06T19:00:00.000Z,ncaab,IUIN,Youngstown St,55,78,complete,2026-04-21 18:05:57.427374
267611,2025-12-06T19:00:00.000Z,ncaab,Furman,Harvard,79,69,complete,2026-04-21 18:05:57.427374
274955,2025-12-06T19:00:00.000Z,ncaab,Delaware St,Delaware,75,72,complete,2026-04-21 18:05:57.427374
274957,2025-12-06T19:00:00.000Z,ncaab,Northwestern,Ohio State,82,86,complete,2026-04-21 18:05:57.427374
275191,2025-12-06T19:00:00.000Z,ncaab,FIU,Jacksonville,88,65,complete,2026-04-21 18:05:57.427374
283031,2025-12-06T19:00:00.000Z,ncaab,La Salle,Drexel,69,64,complete,2026-04-21 18:05:57.427374
265219,2025-12-06T19:15:00.000Z,ncaab,Indiana,Louisville,78,87,complete,2026-04-21 18:05:57.427374
265214,2025-12-06T19:30:00.000Z,ncaab,Loyola (IL),Princeton,73,68,complete,2026-04-21 18:05:57.427374
265178,2025-12-06T20:00:00.000Z,ncaab,Murray State,Bellarmine,81,68,complete,2026-04-21 18:05:57.427374
265205,2025-12-06T20:00:00.000Z,ncaab,VA Tech,George Mason,73,62,complete,2026-04-21 18:05:57.427374
265217,2025-12-06T20:00:00.000Z,ncaab,SD State,Idaho,81,84,complete,2026-04-21 18:05:57.427374
266611,2025-12-06T20:00:00.000Z,ncaab,Kennesaw St,Georgia State,92,69,complete,2026-04-21 18:05:57.427374
267371,2025-12-06T20:00:00.000Z,ncaab,Oakland,Toledo,98,97,complete,2026-04-21 18:05:57.427374
275944,2025-12-06T20:00:00.000Z,ncaab,Tulsa,Missouri St,98,74,complete,2026-04-21 18:05:57.427374
263626,2025-12-06T21:00:00.000Z,ncaab,Nicholls St,Incarnate Word,74,67,complete,2026-04-21 18:05:57.427374
263629,2025-12-06T21:00:00.000Z,ncaab,Prairie View,Champion Christian,124,62,complete,2026-04-21 18:05:57.427374
265177,2025-12-06T21:00:00.000Z,ncaab,E. Carolina,UNC Greensboro,78,82,complete,2026-04-21 18:05:57.427374
265188,2025-12-06T21:00:00.000Z,ncaab,Louisiana,UNC Wilmington,63,70,complete,2026-04-21 18:05:57.427374
265189,2025-12-06T21:00:00.000Z,ncaab,UMASS,UMass Lowell,80,60,complete,2026-04-21 18:05:57.427374
265192,2025-12-06T21:00:00.000Z,ncaab,K State,Seton Hall,67,78,complete,2026-04-21 18:05:57.427374
265203,2025-12-06T21:00:00.000Z,ncaab,Ab Christian,N. Mexico St,77,69,complete,2026-04-21 18:05:57.427374
265207,2025-12-06T21:00:00.000Z,ncaab,W. Kentucky,Evansville,80,79,complete,2026-04-21 18:05:57.427374
265215,2025-12-06T21:00:00.000Z,ncaab,Morgan State,Longwood,80,84,complete,2026-04-21 18:05:57.427374
265221,2025-12-06T21:00:00.000Z,ncaab,Binghamton,Dolphins,63,78,complete,2026-04-21 18:05:57.427374
265222,2025-12-06T21:00:00.000Z,ncaab,Tulane,Akron,71,88,complete,2026-04-21 18:05:57.427374
265223,2025-12-06T21:00:00.000Z,ncaab,NC Central,NC A&T,54,69,complete,2026-04-21 18:05:57.427374
266615,2025-12-06T21:00:00.000Z,ncaab,Wyoming,Dartmouth ,93,80,complete,2026-04-21 18:05:57.427374
267507,2025-12-06T21:00:00.000Z,ncaab,Wofford,Elon,52,73,complete,2026-04-21 18:05:57.427374
267565,2025-12-06T21:00:00.000Z,ncaab,Arkansas,Fresno State,82,58,complete,2026-04-21 18:05:57.427374
267610,2025-12-06T21:00:00.000Z,ncaab,Ohio,Marshall,88,81,complete,2026-04-21 18:05:57.427374
274959,2025-12-06T21:00:00.000Z,ncaab,Iowa,Maryland,83,64,complete,2026-04-21 18:05:57.427374
274960,2025-12-06T21:00:00.000Z,ncaab,Michigan,Rutgers,101,60,complete,2026-04-21 18:05:57.427374
265224,2025-12-06T21:30:00.000Z,ncaab,Memphis,Baylor,78,71,complete,2026-04-21 18:05:57.427374
272015,2025-12-06T21:30:00.000Z,ncaab,Chattanooga,SE Missouri,70,74,complete,2026-04-21 18:05:57.427374
283035,2025-12-06T21:30:00.000Z,ncaab,Temple,Saint Joe's,69,70,complete,2026-04-21 18:05:57.427374
265174,2025-12-06T22:00:00.000Z,ncaab,E. Washington,UMKC,90,66,complete,2026-04-21 18:05:57.427374
265181,2025-12-06T22:00:00.000Z,ncaab,Colorado St,Colorado,91,86,complete,2026-04-21 18:05:57.427374
265186,2025-12-06T22:00:00.000Z,ncaab,Texas Southern,Sam Houston,70,82,complete,2026-04-21 18:05:57.427374
265190,2025-12-06T22:00:00.000Z,ncaab,California,Pacific,67,61,complete,2026-04-21 18:05:57.427374
265197,2025-12-06T22:00:00.000Z,ncaab,Oregon St,Southern Utah,81,70,complete,2026-04-21 18:05:57.427374
265225,2025-12-06T22:00:00.000Z,ncaab,Portland State,Omaha,55,60,complete,2026-04-21 18:05:57.427374
266622,2025-12-06T22:00:00.000Z,ncaab,Pepperdine,Vermont,56,65,complete,2026-04-21 18:05:57.427374
271316,2025-12-06T22:00:00.000Z,ncaab,Lehigh,Long Island,82,87,complete,2026-04-21 18:05:57.427374
265173,2025-12-06T22:30:00.000Z,ncaab,Columbia,Albany,93,65,complete,2026-04-21 18:05:57.427374
263627,2025-12-06T23:00:00.000Z,ncaab,New Orleans,Hou Christian,76,85,complete,2026-04-21 18:05:57.427374
265176,2025-12-06T23:00:00.000Z,ncaab,West Virginia,Wake Forest,66,75,complete,2026-04-21 18:05:57.427374
265185,2025-12-06T23:00:00.000Z,ncaab,G Washington,William & Mary,99,86,complete,2026-04-21 18:05:57.427374
265226,2025-12-06T23:00:00.000Z,ncaab,Idaho State,Denver,93,79,complete,2026-04-21 18:05:57.427374
274956,2025-12-06T23:00:00.000Z,ncaab,UCLA,Oregon,74,63,complete,2026-04-21 18:05:57.427374
274958,2025-12-06T23:00:00.000Z,ncaab,USC,Washington,76,84,complete,2026-04-21 18:05:57.427374
262174,2025-12-07T00:00:00.000Z,ncaab,Cal Poly,UC Riverside,84,88,complete,2026-04-21 18:05:57.427374
263625,2025-12-07T00:00:00.000Z,ncaab,Lamar,Texas A&M-CC,49,57,complete,2026-04-21 18:05:57.427374
265211,2025-12-07T00:00:00.000Z,ncaab,Utah,Cal Baptist,91,85,complete,2026-04-21 18:05:57.427374
265227,2025-12-07T00:00:00.000Z,ncaab,New Hampshire,Boston U,88,82,complete,2026-04-21 18:05:57.427374
265184,2025-12-07T00:30:00.000Z,ncaab,Grand Canyon,OK State,78,84,complete,2026-04-21 18:05:57.427374
283036,2025-12-07T00:30:00.000Z,ncaab,Villanova,Penn,90,63,complete,2026-04-21 18:05:57.427374
262172,2025-12-07T01:00:00.000Z,ncaab,E. Illinois,Lindenwood,74,82,complete,2026-04-21 18:05:57.427374
265194,2025-12-07T01:00:00.000Z,ncaab,Illinois St,Chicago St,95,53,complete,2026-04-21 18:05:57.427374
265199,2025-12-07T01:00:00.000Z,ncaab,NDSU,N. Arizona,69,68,complete,2026-04-21 18:05:57.427374
265201,2025-12-07T01:00:00.000Z,ncaab,Bradley,N. Illinois,84,55,complete,2026-04-21 18:05:57.427374
265202,2025-12-07T01:00:00.000Z,ncaab,St. John's,Ole Miss,63,58,complete,2026-04-21 18:05:57.427374
265213,2025-12-07T01:00:00.000Z,ncaab,Tennessee,Illinois,62,75,complete,2026-04-21 18:05:57.427374
265228,2025-12-07T01:00:00.000Z,ncaab,N. Colorado,South Dakota,89,87,complete,2026-04-21 18:05:57.427374
265229,2025-12-07T01:00:00.000Z,ncaab,Oral Roberts,Montana St,72,68,complete,2026-04-21 18:05:57.427374
266612,2025-12-07T01:00:00.000Z,ncaab,North Dakota,Montana,75,79,complete,2026-04-21 18:05:57.427374
266613,2025-12-07T01:00:00.000Z,ncaab,N. Iowa,Wichita State,69,74,complete,2026-04-21 18:05:57.427374
266618,2025-12-07T01:00:00.000Z,ncaab,Milwaukee,Robert Morris,74,72,complete,2026-04-21 18:05:57.427374
266625,2025-12-07T01:00:00.000Z,ncaab,Houston,Florida St,82,67,complete,2026-04-21 18:05:57.427374
262171,2025-12-07T02:00:00.000Z,ncaab,UCSB,CS Bakersfield,109,84,complete,2026-04-21 18:05:57.427374
262173,2025-12-07T02:00:00.000Z,ncaab,LBSU,UCSD,74,80,complete,2026-04-21 18:05:57.427374
265175,2025-12-07T02:00:00.000Z,ncaab,DePaul,AR-Pine Bluff,76,72,complete,2026-04-21 18:05:57.427374
265195,2025-12-07T02:00:00.000Z,ncaab,New Mexico,Santa Clara,98,71,complete,2026-04-21 18:05:57.427374
267370,2025-12-07T02:00:00.000Z,ncaab,Ark-Little Rock,Arkansas St,78,90,complete,2026-04-21 18:05:57.427374
262175,2025-12-07T03:00:00.000Z,ncaab,UC Irvine,CS Northridge,85,71,complete,2026-04-21 18:05:57.427374
265187,2025-12-07T03:00:00.000Z,ncaab,Arizona St,Oklahoma,86,70,complete,2026-04-21 18:05:57.427374
265204,2025-12-07T03:00:00.000Z,ncaab,Arizona,Auburn,97,68,complete,2026-04-21 18:05:57.427374
262176,2025-12-07T05:00:00.000Z,ncaab,Hawaii,CS Fullerton,69,59,complete,2026-04-21 18:05:57.427374
266636,2025-12-07T17:00:00.000Z,ncaab,Navy,Air Force,61,56,complete,2026-04-21 18:05:57.427374
263634,2025-12-07T18:00:00.000Z,ncaab,Merrimack,Fairfield,74,63,complete,2026-04-21 18:05:57.427374
265232,2025-12-07T18:00:00.000Z,ncaab,Indiana St,Southern Indiana,77,55,complete,2026-04-21 18:05:57.427374
265233,2025-12-07T18:00:00.000Z,ncaab,Kansas,Missouri,80,60,complete,2026-04-21 18:05:57.427374
265235,2025-12-07T18:00:00.000Z,ncaab,Northeastern,Central Conn,73,56,complete,2026-04-21 18:05:57.427374
266626,2025-12-07T18:00:00.000Z,ncaab,St. Thomas,Weber State,88,65,complete,2026-04-21 18:05:57.427374
263630,2025-12-07T19:00:00.000Z,ncaab,Siena,Canisius,74,52,complete,2026-04-21 18:05:57.427374
263631,2025-12-07T19:00:00.000Z,ncaab,Marist,Manhattan,80,68,complete,2026-04-21 18:05:57.427374
263632,2025-12-07T19:00:00.000Z,ncaab,Sacred Heart,Iona,69,81,complete,2026-04-21 18:05:57.427374
263633,2025-12-07T19:00:00.000Z,ncaab,St. Peter's,Niagara,71,43,complete,2026-04-21 18:05:57.427374
263635,2025-12-07T19:00:00.000Z,ncaab,Quinnipiac,Rider,72,58,complete,2026-04-21 18:05:57.427374
263636,2025-12-07T19:00:00.000Z,ncaab,Lakers,Bethany (WV) Bison,80,51,complete,2026-04-21 18:05:57.427374
265230,2025-12-07T19:00:00.000Z,ncaab,Charlotte,Utah State,53,79,complete,2026-04-21 18:05:57.427374
265236,2025-12-07T19:00:00.000Z,ncaab,Alabama,UTSA,97,55,complete,2026-04-21 18:05:57.427374
265243,2025-12-07T19:00:00.000Z,ncaab,Yale,UIC,80,66,complete,2026-04-21 18:05:57.427374
266633,2025-12-07T19:00:00.000Z,ncaab,Mercer,Stormy Petrels,100,50,complete,2026-04-21 18:05:57.427374
266637,2025-12-07T19:00:00.000Z,ncaab,FGCU,FAU,76,81,complete,2026-04-21 18:05:57.427374
276088,2025-12-07T19:00:00.000Z,ncaab,Davidson,Saint Mary's,61,70,complete,2026-04-21 18:05:57.427374
278158,2025-12-07T19:00:00.000Z,ncaab,UT Grande Valley,Austin Peay,63,50,complete,2026-04-21 18:05:57.427374
266634,2025-12-07T19:30:00.000Z,ncaab,Radford,St. Francis (PA),89,56,complete,2026-04-21 18:05:57.427374
265231,2025-12-07T20:00:00.000Z,ncaab,Saint Louis,C. Michigan,107,65,complete,2026-04-21 18:05:57.427374
265241,2025-12-07T20:00:00.000Z,ncaab,Texas Tech,LSU,82,58,complete,2026-04-21 18:05:57.427374
265244,2025-12-07T20:00:00.000Z,ncaab,SFA,UL Monroe,96,76,complete,2026-04-21 18:05:57.427374
266638,2025-12-07T20:00:00.000Z,ncaab,TN-Martin,Alabama St,74,64,complete,2026-04-21 18:05:57.427374
265237,2025-12-07T21:00:00.000Z,ncaab,Pittsburgh,Hofstra,73,80,complete,2026-04-21 18:05:57.427374
265242,2025-12-07T21:00:00.000Z,ncaab,Mississippi St,San Francisco,62,65,complete,2026-04-21 18:05:57.427374
265245,2025-12-07T21:00:00.000Z,ncaab,Stanford,UNLV,74,75,complete,2026-04-21 18:05:57.427374
267636,2025-12-07T21:00:00.000Z,ncaab,UCF,Towson,86,61,complete,2026-04-21 18:05:57.427374
263637,2025-12-07T21:30:00.000Z,ncaab,SE Louisiana,NW State,68,76,complete,2026-04-21 18:05:57.427374
266635,2025-12-07T21:30:00.000Z,ncaab,Middle Tenn,Belmont,62,83,complete,2026-04-21 18:05:57.427374
265234,2025-12-07T22:00:00.000Z,ncaab,UNC,Georgetown,81,61,complete,2026-04-21 18:05:57.427374
265238,2025-12-07T22:00:00.000Z,ncaab,Texas A&M,SMU,80,93,complete,2026-04-21 18:05:57.427374
265239,2025-12-07T22:00:00.000Z,ncaab,Nebraska,Creighton,71,50,complete,2026-04-21 18:05:57.427374
265240,2025-12-07T22:00:00.000Z,ncaab,Washington St,Nevada,64,78,complete,2026-04-21 18:05:57.427374
266630,2025-12-07T22:00:00.000Z,ncaab,Wright State,Green Bay,86,58,complete,2026-04-21 18:05:57.427374
267372,2025-12-07T22:00:00.000Z,ncaab,Jax State,Auburn Montgomery,66,39,complete,2026-04-21 18:05:57.427374
267612,2025-12-07T22:00:00.000Z,ncaab,Lipscomb,Alabama A&M,92,58,complete,2026-04-21 18:05:57.427374
275945,2025-12-07T22:30:00.000Z,ncaab,North Texas,TCU,55,65,complete,2026-04-21 18:05:57.427374
280392,2025-12-07T23:00:00.000Z,ncaab,E TA&M,C. Arkansas,75,68,complete,2026-04-21 18:05:57.427374
275600,2025-12-08T00:00:00.000Z,ncaab,Samford,Cornell,93,90,complete,2026-04-21 18:05:57.427374
266632,2025-12-08T01:00:00.000Z,ncaab,Seattle,UTEP,75,68,complete,2026-04-21 18:05:57.427374
266631,2025-12-08T02:00:00.000Z,ncaab,Gonzaga,North Florida,109,58,complete,2026-04-21 18:05:57.427374
265248,2025-12-08T23:00:00.000Z,ncaab,Penn,Lafayette,74,72,complete,2026-04-21 18:05:57.427374
265250,2025-12-09T00:00:00.000Z,ncaab,Charleston So,SC State,84,44,complete,2026-04-21 18:05:57.427374
263638,2025-12-09T01:00:00.000Z,ncaab,New Orleans,Incarnate Word,84,83,complete,2026-04-21 18:05:57.427374
265246,2025-12-09T01:00:00.000Z,ncaab,Texas,Southern U,95,69,complete,2026-04-21 18:05:57.427374
265247,2025-12-09T01:00:00.000Z,ncaab,Southern Miss,Grambling St,68,60,complete,2026-04-21 18:05:57.427374
265249,2025-12-09T01:00:00.000Z,ncaab,K State,MS Valley St,108,49,complete,2026-04-21 18:05:57.427374
278484,2025-12-09T18:00:00.000Z,ncaab,UL Monroe,Arkansas Baptist Buffaloes,79,69,complete,2026-04-21 18:05:57.427374
265261,2025-12-09T22:00:00.000Z,ncaab,UMBC,Buffalo,79,83,complete,2026-04-21 18:05:57.427374
265262,2025-12-09T23:00:00.000Z,ncaab,VMI,Loyola (MD),86,70,complete,2026-04-21 18:05:57.427374
265263,2025-12-09T23:30:00.000Z,ncaab,BYU,Clemson,67,64,complete,2026-04-21 18:05:57.427374
266640,2025-12-09T23:30:00.000Z,ncaab,Winthrop,Toccoa Falls Eagles,111,62,complete,2026-04-21 18:05:57.427374
266641,2025-12-09T23:30:00.000Z,ncaab,Michigan,Villanova,89,61,complete,2026-04-21 18:05:57.427374
264558,2025-12-10T00:00:00.000Z,ncaab,Ball State,SD State,64,68,complete,2026-04-21 18:05:57.427374
265251,2025-12-10T00:00:00.000Z,ncaab,NC A&T,Howard,69,73,complete,2026-04-21 18:05:57.427374
265252,2025-12-10T00:00:00.000Z,ncaab,Kentucky,NC Central,103,67,complete,2026-04-21 18:05:57.427374
265253,2025-12-10T00:00:00.000Z,ncaab,Stony Brook,Columbia,77,73,complete,2026-04-21 18:05:57.427374
265255,2025-12-10T00:00:00.000Z,ncaab,Rider,Bucknell,38,51,complete,2026-04-21 18:05:57.427374
265256,2025-12-10T00:00:00.000Z,ncaab,Virginia,MD-E Shore,84,60,complete,2026-04-21 18:05:57.427374
265258,2025-12-10T00:00:00.000Z,ncaab,Saint Joe's,Coppin St,87,65,complete,2026-04-21 18:05:57.427374
265259,2025-12-10T00:00:00.000Z,ncaab,West Virginia,Ark-Little Rock,90,58,complete,2026-04-21 18:05:57.427374
265260,2025-12-10T00:00:00.000Z,ncaab,Rhode Island,McNeese St,64,66,complete,2026-04-21 18:05:57.427374
272016,2025-12-10T00:00:00.000Z,ncaab,Chattanooga,Oakwood,103,46,complete,2026-04-21 18:05:57.427374
264559,2025-12-10T00:30:00.000Z,ncaab,Providence,Brown,86,79,complete,2026-04-21 18:05:57.427374
274961,2025-12-10T00:30:00.000Z,ncaab,Ohio State,Illinois,80,88,complete,2026-04-21 18:05:57.427374
264557,2025-12-10T01:00:00.000Z,ncaab,DePaul,Morgan State,92,49,complete,2026-04-21 18:05:57.427374
266639,2025-12-10T01:30:00.000Z,ncaab,Wyoming,South Dakota,106,79,complete,2026-04-21 18:05:57.427374
274962,2025-12-10T01:30:00.000Z,ncaab,Indiana,Penn State,113,72,complete,2026-04-21 18:05:57.427374
263639,2025-12-10T02:00:00.000Z,ncaab,Denver,Cougars,95,59,complete,2026-04-21 18:05:57.427374
264556,2025-12-10T02:00:00.000Z,ncaab,Colorado St,Dartmouth ,76,55,complete,2026-04-21 18:05:57.427374
265254,2025-12-10T02:00:00.000Z,ncaab,Arizona St,N. Arizona,73,48,complete,2026-04-21 18:05:57.427374
265257,2025-12-10T02:00:00.000Z,ncaab,San Diego,USC,81,94,complete,2026-04-21 18:05:57.427374
265264,2025-12-10T02:00:00.000Z,ncaab,UConn,Florida,77,73,complete,2026-04-21 18:05:57.427374
267613,2025-12-10T03:00:00.000Z,ncaab,California,Penguins,93,71,complete,2026-04-21 18:05:57.427374
275946,2025-12-10T03:00:00.000Z,ncaab,San Jose St,LBSU,89,83,complete,2026-04-21 18:05:57.427374
264567,2025-12-10T17:00:00.000Z,ncaab,Baylor,Norfolk State,97,67,complete,2026-04-21 18:05:57.427374
264568,2025-12-10T21:30:00.000Z,ncaab,Yale,Albany,93,82,complete,2026-04-21 18:05:57.427374
272017,2025-12-10T22:00:00.000Z,ncaab,Princeton,Merrimack,56,59,complete,2026-04-21 18:05:57.427374
280393,2025-12-10T23:00:00.000Z,ncaab,UNC Asheville,Miami (OH),87,90,complete,2026-04-21 18:05:57.427374
264560,2025-12-11T00:00:00.000Z,ncaab,Notre Dame,Idaho,80,65,complete,2026-04-21 18:05:57.427374
264561,2025-12-11T00:00:00.000Z,ncaab,S. Florida,Charleston,81,75,complete,2026-04-21 18:05:57.427374
264562,2025-12-11T00:00:00.000Z,ncaab,G Washington,Delaware,58,70,complete,2026-04-21 18:05:57.427374
264563,2025-12-11T00:00:00.000Z,ncaab,UMASS,Boston Col,76,74,complete,2026-04-21 18:05:57.427374
264565,2025-12-11T00:00:00.000Z,ncaab,St. Bonaventure,Colgate,85,77,complete,2026-04-21 18:05:57.427374
264566,2025-12-11T00:00:00.000Z,ncaab,VCU,New Mexico,78,81,complete,2026-04-21 18:05:57.427374
265265,2025-12-11T00:00:00.000Z,ncaab,NC State,Liberty,85,45,complete,2026-04-21 18:05:57.427374
265266,2025-12-11T00:00:00.000Z,ncaab,Iona,Bryant U,69,63,complete,2026-04-21 18:05:57.427374
265267,2025-12-11T00:00:00.000Z,ncaab,Fordham,Fairleigh,75,54,complete,2026-04-21 18:05:57.427374
266643,2025-12-11T00:00:00.000Z,ncaab,Marshall,W. Kentucky,77,61,complete,2026-04-21 18:05:57.427374
266645,2025-12-11T00:00:00.000Z,ncaab,Boston U,Maine,59,69,complete,2026-04-21 18:05:57.427374
274963,2025-12-11T00:00:00.000Z,ncaab,Purdue,Minnesota,85,57,complete,2026-04-21 18:05:57.427374
278427,2025-12-11T00:00:00.000Z,ncaab,N.J.I.T.,New Haven,70,64,complete,2026-04-21 18:05:57.427374
265268,2025-12-11T01:00:00.000Z,ncaab,E. Illinois,E. Kentucky,59,68,complete,2026-04-21 18:05:57.427374
266644,2025-12-11T01:00:00.000Z,ncaab,IPFW,E. Michigan,80,65,complete,2026-04-21 18:05:57.427374
266646,2025-12-11T01:00:00.000Z,ncaab,Houston,Jackson St,80,38,complete,2026-04-21 18:05:57.427374
267373,2025-12-11T01:00:00.000Z,ncaab,S. Illinois,TN-Martin,83,54,complete,2026-04-21 18:05:57.427374
271317,2025-12-11T01:00:00.000Z,ncaab,UMKC,Weber State,60,64,complete,2026-04-21 18:05:57.427374
274055,2025-12-11T01:00:00.000Z,ncaab,Utah Valley,Idaho State,73,69,complete,2026-04-21 18:05:57.427374
275947,2025-12-11T01:00:00.000Z,ncaab,Tulsa,AR-Pine Bluff,117,84,complete,2026-04-21 18:05:57.427374
266642,2025-12-11T01:30:00.000Z,ncaab,Texas St,Southern U,86,83,complete,2026-04-21 18:05:57.427374
264564,2025-12-11T02:00:00.000Z,ncaab,Boise State,Duquesne,86,64,complete,2026-04-21 18:05:57.427374
274964,2025-12-11T02:00:00.000Z,ncaab,Nebraska,Wisconsin,90,60,complete,2026-04-21 18:05:57.427374
266647,2025-12-11T03:00:00.000Z,ncaab,San Diego State,Lamar,89,71,complete,2026-04-21 18:05:57.427374
266648,2025-12-11T03:00:00.000Z,ncaab,CS Northridge,Fresno State,89,87,complete,2026-04-21 18:05:57.427374
266650,2025-12-11T23:30:00.000Z,ncaab,IUIN,Green Bay,75,85,complete,2026-04-21 18:05:57.427374
265271,2025-12-12T00:00:00.000Z,ncaab,VA Tech,W. Carolina,96,74,complete,2026-04-21 18:05:57.427374
265272,2025-12-12T00:00:00.000Z,ncaab,E. Carolina,App State,54,67,complete,2026-04-21 18:05:57.427374
278159,2025-12-12T00:30:00.000Z,ncaab,UT Grande Valley,UT-Arlington,50,58,complete,2026-04-21 18:05:57.427374
265269,2025-12-12T01:00:00.000Z,ncaab,Iowa State,Iowa,66,62,complete,2026-04-21 18:05:57.427374
265270,2025-12-12T01:00:00.000Z,ncaab,Missouri,Alabama St,85,77,complete,2026-04-21 18:05:57.427374
263640,2025-12-12T02:00:00.000Z,ncaab,Denver,Seawolves,97,61,complete,2026-04-21 18:05:57.427374
276089,2025-12-12T02:00:00.000Z,ncaab,Syracuse,Saint Joe's,71,63,complete,2026-04-21 18:05:57.427374
266651,2025-12-12T02:30:00.000Z,ncaab,CS Bakersfield,NDSU,69,80,complete,2026-04-21 18:05:57.427374
265276,2025-12-12T23:00:00.000Z,ncaab,UMBC,Army ,60,63,complete,2026-04-21 18:05:57.427374
263641,2025-12-13T00:00:00.000Z,ncaab,Gardner-Webb,Tornados,77,63,complete,2026-04-21 18:05:57.427374
265274,2025-12-13T00:00:00.000Z,ncaab,Xavier,Missouri St,75,57,complete,2026-04-21 18:05:57.427374
265277,2025-12-13T00:00:00.000Z,ncaab,NC A&T,MD-E Shore,82,79,complete,2026-04-21 18:05:57.427374
265278,2025-12-13T00:00:00.000Z,ncaab,Queens,SC State,102,78,complete,2026-04-21 18:05:57.427374
265273,2025-12-13T01:00:00.000Z,ncaab,UConn,Texas,71,63,complete,2026-04-21 18:05:57.427374
280394,2025-12-13T01:00:00.000Z,ncaab,Austin Peay,E Tennessee St,76,75,complete,2026-04-21 18:05:57.427374
263642,2025-12-13T01:30:00.000Z,ncaab,McNeese St,E TA&M,102,66,complete,2026-04-21 18:05:57.427374
265275,2025-12-13T02:00:00.000Z,ncaab,E. Washington,Cal Baptist,83,88,complete,2026-04-21 18:05:57.427374
264573,2025-12-13T17:00:00.000Z,ncaab,Wichita State,DePaul,58,61,complete,2026-04-21 18:05:57.427374
264576,2025-12-13T17:00:00.000Z,ncaab,Stony Brook,C. Michigan,78,55,complete,2026-04-21 18:05:57.427374
264577,2025-12-13T17:00:00.000Z,ncaab,St. John's,Iona,91,64,complete,2026-04-21 18:05:57.427374
265291,2025-12-13T17:00:00.000Z,ncaab,Miami (FL),UL Monroe,104,79,complete,2026-04-21 18:05:57.427374
265314,2025-12-13T17:00:00.000Z,ncaab,Florida St,UMASS,95,103,complete,2026-04-21 18:05:57.427374
266662,2025-12-13T17:00:00.000Z,ncaab,Texas Tech,Arkansas,86,93,complete,2026-04-21 18:05:57.427374
272018,2025-12-13T17:00:00.000Z,ncaab,FAU,Albany,105,79,complete,2026-04-21 18:05:57.427374
274967,2025-12-13T17:00:00.000Z,ncaab,Penn State,Michigan St,72,76,complete,2026-04-21 18:05:57.427374
267374,2025-12-13T17:30:00.000Z,ncaab,George Mason,Old Dominion,73,61,complete,2026-04-21 18:05:57.427374
264579,2025-12-13T18:00:00.000Z,ncaab,Oklahoma,OK State,85,76,complete,2026-04-21 18:05:57.427374
265304,2025-12-13T18:00:00.000Z,ncaab,Elon,N. Illinois,85,79,complete,2026-04-21 18:05:57.427374
266654,2025-12-13T18:00:00.000Z,ncaab,Robert Morris,Toledo,75,70,complete,2026-04-21 18:05:57.427374
276090,2025-12-13T18:00:00.000Z,ncaab,Delaware,CS Northridge,66,88,complete,2026-04-21 18:05:57.427374
264574,2025-12-13T19:00:00.000Z,ncaab,Notre Dame,Evansville,82,58,complete,2026-04-21 18:05:57.427374
265286,2025-12-13T19:00:00.000Z,ncaab,Bellarmine,N Kentucky,76,80,complete,2026-04-21 18:05:57.427374
265287,2025-12-13T19:00:00.000Z,ncaab,South Dakota,Prairie View,97,85,complete,2026-04-21 18:05:57.427374
265290,2025-12-13T19:00:00.000Z,ncaab,Drake,NDSU,94,99,complete,2026-04-21 18:05:57.427374
265302,2025-12-13T19:00:00.000Z,ncaab,Maine,Canisius,43,70,complete,2026-04-21 18:05:57.427374
265308,2025-12-13T19:00:00.000Z,ncaab,UNC,USC Upstate,80,62,complete,2026-04-21 18:05:57.427374
265309,2025-12-13T19:00:00.000Z,ncaab,Northwestern,Jackson St,93,53,complete,2026-04-21 18:05:57.427374
265312,2025-12-13T19:00:00.000Z,ncaab,Quinnipiac,UMass Lowell,75,71,complete,2026-04-21 18:05:57.427374
265317,2025-12-13T19:00:00.000Z,ncaab,Purdue,Marquette,79,59,complete,2026-04-21 18:05:57.427374
265319,2025-12-13T19:00:00.000Z,ncaab,Fordham,Manhattan,82,53,complete,2026-04-21 18:05:57.427374
266653,2025-12-13T19:00:00.000Z,ncaab,Georgia,Cincinnati,84,65,complete,2026-04-21 18:05:57.427374
266663,2025-12-13T19:00:00.000Z,ncaab,North Dakota,W. Illinois,66,69,complete,2026-04-21 18:05:57.427374
267375,2025-12-13T19:00:00.000Z,ncaab,Butler,Providence,113,110,complete,2026-04-21 18:05:57.427374
274056,2025-12-13T19:00:00.000Z,ncaab,Utah Valley,UCSB,68,53,complete,2026-04-21 18:05:57.427374
274057,2025-12-13T19:00:00.000Z,ncaab,Georgia State,Jax State,77,73,complete,2026-04-21 18:05:57.427374
276091,2025-12-13T19:00:00.000Z,ncaab,Davidson,Lakers,80,47,complete,2026-04-21 18:05:57.427374
278428,2025-12-13T19:00:00.000Z,ncaab,N.J.I.T.,Sacred Heart,49,65,complete,2026-04-21 18:05:57.427374
280395,2025-12-13T19:00:00.000Z,ncaab,UNC Asheville,St. Thomas,59,80,complete,2026-04-21 18:05:57.427374
281121,2025-12-13T19:00:00.000Z,ncaab,Dartmouth ,Boston U,77,64,complete,2026-04-21 18:05:57.427374
265297,2025-12-13T19:30:00.000Z,ncaab,Georgetown,St. Peter's,76,68,complete,2026-04-21 18:05:57.427374
265315,2025-12-13T19:30:00.000Z,ncaab,Florida,G Washington,80,70,complete,2026-04-21 18:05:57.427374
265280,2025-12-13T20:00:00.000Z,ncaab,Ole Miss,Southern Miss,71,67,complete,2026-04-21 18:05:57.427374
265283,2025-12-13T20:00:00.000Z,ncaab,Howard,Hampton,61,57,complete,2026-04-21 18:05:57.427374
265298,2025-12-13T20:00:00.000Z,ncaab,Rice,Arkansas St,77,76,complete,2026-04-21 18:05:57.427374
265300,2025-12-13T20:00:00.000Z,ncaab,Creighton,K State,76,83,complete,2026-04-21 18:05:57.427374
265301,2025-12-13T20:00:00.000Z,ncaab,Clemson,Mercer,70,63,complete,2026-04-21 18:05:57.427374
265320,2025-12-13T20:00:00.000Z,ncaab,Longwood,Delaware St,76,81,complete,2026-04-21 18:05:57.427374
266652,2025-12-13T20:00:00.000Z,ncaab,LA Tech,Louisiana,65,44,complete,2026-04-21 18:05:57.427374
266660,2025-12-13T20:00:00.000Z,ncaab,Houston,New Orleans,99,57,complete,2026-04-21 18:05:57.427374
266664,2025-12-13T20:00:00.000Z,ncaab,Valparaiso,UNC Wilmington,70,73,complete,2026-04-21 18:05:57.427374
275949,2025-12-13T20:00:00.000Z,ncaab,Tulsa,N. Mexico St,83,70,complete,2026-04-21 18:05:57.427374
276559,2025-12-13T20:00:00.000Z,ncaab,E. Kentucky,Miami (OH),69,79,complete,2026-04-21 18:05:57.427374
265295,2025-12-13T20:30:00.000Z,ncaab,Louisville,Memphis,99,73,complete,2026-04-21 18:05:57.427374
264569,2025-12-13T21:00:00.000Z,ncaab,Colorado,UTSA,88,64,complete,2026-04-21 18:05:57.427374
265279,2025-12-13T21:00:00.000Z,ncaab,Bryant U,Marist,74,82,complete,2026-04-21 18:05:57.427374
265292,2025-12-13T21:00:00.000Z,ncaab,Syracuse,Hofstra,69,70,complete,2026-04-21 18:05:57.427374
265307,2025-12-13T21:00:00.000Z,ncaab,Long Island,La Salle,70,60,complete,2026-04-21 18:05:57.427374
265310,2025-12-13T21:00:00.000Z,ncaab,Morgan State,Niagara,81,73,complete,2026-04-21 18:05:57.427374
265318,2025-12-13T21:00:00.000Z,ncaab,Denver,CS Fullerton,86,105,complete,2026-04-21 18:05:57.427374
265321,2025-12-13T21:00:00.000Z,ncaab,Binghamton,Central Conn,67,84,complete,2026-04-21 18:05:57.427374
265322,2025-12-13T21:00:00.000Z,ncaab,Akron,Murray State,100,115,complete,2026-04-21 18:05:57.427374
266659,2025-12-13T21:00:00.000Z,ncaab,Marshall,Wright State,76,74,complete,2026-04-21 18:05:57.427374
266661,2025-12-13T21:00:00.000Z,ncaab,Oregon,UC Davis,104,62,complete,2026-04-21 18:05:57.427374
274965,2025-12-13T21:00:00.000Z,ncaab,Illinois,Nebraska,80,83,complete,2026-04-21 18:05:57.427374
280396,2025-12-13T21:00:00.000Z,ncaab,Belmont,UIC,87,84,complete,2026-04-21 18:05:57.427374
263643,2025-12-13T21:30:00.000Z,ncaab,Hou Christian,SE Louisiana,71,74,complete,2026-04-21 18:05:57.427374
265294,2025-12-13T21:30:00.000Z,ncaab,Villanova,Pittsburgh,79,61,complete,2026-04-21 18:05:57.427374
266656,2025-12-13T21:30:00.000Z,ncaab,Auburn,Chattanooga,92,78,complete,2026-04-21 18:05:57.427374
264575,2025-12-13T22:00:00.000Z,ncaab,Oregon St,Montana St,67,57,complete,2026-04-21 18:05:57.427374
265296,2025-12-13T22:00:00.000Z,ncaab,California,NW State,79,70,complete,2026-04-21 18:05:57.427374
265306,2025-12-13T22:00:00.000Z,ncaab,Utah State,Illinois St,83,78,complete,2026-04-21 18:05:57.427374
265323,2025-12-13T22:00:00.000Z,ncaab,Alabama A&M,Arkansas Baptist Buffaloes,67,59,complete,2026-04-21 18:05:57.427374
267614,2025-12-13T22:00:00.000Z,ncaab,Ohio,St. Bonaventure,88,83,complete,2026-04-21 18:05:57.427374
265293,2025-12-13T22:30:00.000Z,ncaab,NC State,Kansas,76,77,complete,2026-04-21 18:05:57.427374
265288,2025-12-13T23:00:00.000Z,ncaab,San Diego,N. Arizona,78,69,complete,2026-04-21 18:05:57.427374
265303,2025-12-13T23:00:00.000Z,ncaab,Loyola (MD),St. Mary's,73,81,complete,2026-04-21 18:05:57.427374
265305,2025-12-13T23:00:00.000Z,ncaab,Washington,Southern Utah,105,69,complete,2026-04-21 18:05:57.427374
265313,2025-12-13T23:00:00.000Z,ncaab,Richmond,S. Illinois,93,84,complete,2026-04-21 18:05:57.427374
266658,2025-12-13T23:00:00.000Z,ncaab,N. Iowa,Oakland,75,63,complete,2026-04-21 18:05:57.427374
265282,2025-12-13T23:30:00.000Z,ncaab,Vanderbilt,C. Arkansas,83,72,complete,2026-04-21 18:05:57.427374
264578,2025-12-14T00:00:00.000Z,ncaab,Dayton,North Florida,84,61,complete,2026-04-21 18:05:57.427374
265311,2025-12-14T00:00:00.000Z,ncaab,Wolves,GA Southern,85,91,complete,2026-04-21 18:05:57.427374
265324,2025-12-14T00:00:00.000Z,ncaab,Arizona St,Santa Clara,82,79,complete,2026-04-21 18:05:57.427374
266655,2025-12-14T00:00:00.000Z,ncaab,S. Carolina,Citadel,71,55,complete,2026-04-21 18:05:57.427374
275948,2025-12-14T00:00:00.000Z,ncaab,San Jose St,Stanford,82,86,complete,2026-04-21 18:05:57.427374
265284,2025-12-14T00:30:00.000Z,ncaab,Kentucky,Indiana,72,60,complete,2026-04-21 18:05:57.427374
264572,2025-12-14T01:00:00.000Z,ncaab,Ohio State,West Virginia,89,88,complete,2026-04-21 18:05:57.427374
264580,2025-12-14T01:00:00.000Z,ncaab,Saint Louis,San Francisco,85,75,complete,2026-04-21 18:05:57.427374
265281,2025-12-14T01:00:00.000Z,ncaab,Seton Hall,Rutgers,81,59,complete,2026-04-21 18:05:57.427374
265325,2025-12-14T01:00:00.000Z,ncaab,Grand Canyon,Coastal Car,82,61,complete,2026-04-21 18:05:57.427374
266657,2025-12-14T01:00:00.000Z,ncaab,Seattle,Warner Pacific,115,60,complete,2026-04-21 18:05:57.427374
274966,2025-12-14T01:00:00.000Z,ncaab,Maryland,Michigan,83,101,complete,2026-04-21 18:05:57.427374
265289,2025-12-14T01:30:00.000Z,ncaab,LSU,SMU,89,77,complete,2026-04-21 18:05:57.427374
265299,2025-12-14T02:00:00.000Z,ncaab,BYU,UC Riverside,100,53,complete,2026-04-21 18:05:57.427374
265316,2025-12-14T02:30:00.000Z,ncaab,Alabama,Arizona,75,96,complete,2026-04-21 18:05:57.427374
266665,2025-12-14T02:30:00.000Z,ncaab,UNLV,Tenn St,60,63,complete,2026-04-21 18:05:57.427374
266666,2025-12-14T02:30:00.000Z,ncaab,CS Bakersfield,Pepperdine,62,70,complete,2026-04-21 18:05:57.427374
264571,2025-12-14T03:00:00.000Z,ncaab,Utah,Mississippi St,74,82,complete,2026-04-21 18:05:57.427374
267376,2025-12-14T03:00:00.000Z,ncaab,Nevada,Duquesne,78,75,complete,2026-04-21 18:05:57.427374
264570,2025-12-14T04:30:00.000Z,ncaab,Gonzaga,UCLA,82,72,complete,2026-04-21 18:05:57.427374
265285,2025-12-14T05:00:00.000Z,ncaab,UCSD,Tulane,93,67,complete,2026-04-21 18:05:57.427374
271318,2025-12-14T05:00:00.000Z,ncaab,Hawaii,UTEP,66,61,complete,2026-04-21 18:05:57.427374
264587,2025-12-14T17:00:00.000Z,ncaab,VA Tech,MD-E Shore,82,53,complete,2026-04-21 18:05:57.427374
267573,2025-12-14T17:00:00.000Z,ncaab,Temple,St. Francis (PA),95,67,complete,2026-04-21 18:05:57.427374
264586,2025-12-14T18:00:00.000Z,ncaab,Iowa State,E. Illinois,78,53,complete,2026-04-21 18:05:57.427374
264588,2025-12-14T18:00:00.000Z,ncaab,Minnesota,Texas Southern,89,53,complete,2026-04-21 18:05:57.427374
264592,2025-12-14T18:00:00.000Z,ncaab,E. Carolina,Buffalo,73,70,complete,2026-04-21 18:05:57.427374
264584,2025-12-14T19:00:00.000Z,ncaab,Missouri,B-Cookman,82,60,complete,2026-04-21 18:05:57.427374
264585,2025-12-14T19:00:00.000Z,ncaab,Fairfield,Monmouth,73,65,complete,2026-04-21 18:05:57.427374
264590,2025-12-14T19:00:00.000Z,ncaab,App State,High Point,86,78,complete,2026-04-21 18:05:57.427374
264591,2025-12-14T19:00:00.000Z,ncaab,Milwaukee,Indiana St,68,70,complete,2026-04-21 18:05:57.427374
266668,2025-12-14T19:00:00.000Z,ncaab,SIU-Edwardsville,Red Devils,97,54,complete,2026-04-21 18:05:57.427374
267508,2025-12-14T19:00:00.000Z,ncaab,Vermont,Merrimack,66,59,complete,2026-04-21 18:05:57.427374
267574,2025-12-14T19:00:00.000Z,ncaab,Cleveland St,Mighty Oaks,96,52,complete,2026-04-21 18:05:57.427374
275663,2025-12-14T19:00:00.000Z,ncaab,Campbell,Ball State,69,64,complete,2026-04-21 18:05:57.427374
266669,2025-12-14T19:30:00.000Z,ncaab,Radford,Coppin St,107,77,complete,2026-04-21 18:05:57.427374
267377,2025-12-14T20:00:00.000Z,ncaab,Iowa,W. Michigan,91,51,complete,2026-04-21 18:05:57.427374
267378,2025-12-14T20:00:00.000Z,ncaab,UAB,Troy,85,86,complete,2026-04-21 18:05:57.427374
272019,2025-12-14T20:00:00.000Z,ncaab,SE Missouri,St Xavier,88,65,complete,2026-04-21 18:05:57.427374
264582,2025-12-14T21:00:00.000Z,ncaab,New Mexico,FGCU,75,59,complete,2026-04-21 18:05:57.427374
264593,2025-12-14T21:00:00.000Z,ncaab,Charleston,Charlotte,74,67,complete,2026-04-21 18:05:57.427374
264581,2025-12-14T22:00:00.000Z,ncaab,Loyola (IL),Chicago St,75,84,complete,2026-04-21 18:05:57.427374
264583,2025-12-14T22:00:00.000Z,ncaab,Wake Forest,Queens,111,73,complete,2026-04-21 18:05:57.427374
265327,2025-12-14T22:00:00.000Z,ncaab,Portland,Kent State,88,78,complete,2026-04-21 18:05:57.427374
266667,2025-12-14T22:00:00.000Z,ncaab,IPFW,Detroit,81,77,complete,2026-04-21 18:05:57.427374
266671,2025-12-14T22:30:00.000Z,ncaab,TN-Martin,Champion Christian,96,52,complete,2026-04-21 18:05:57.427374
280864,2025-12-14T22:30:00.000Z,ncaab,S. Alabama,North Texas,57,58,complete,2026-04-21 18:05:57.427374
265326,2025-12-14T23:00:00.000Z,ncaab,Boise State,Saint Mary's,68,67,complete,2026-04-21 18:05:57.427374
266670,2025-12-15T00:00:00.000Z,ncaab,Texas A&M,Jacksonville,112,75,complete,2026-04-21 18:05:57.427374
264589,2025-12-15T00:30:00.000Z,ncaab,USC,Washington St,68,61,complete,2026-04-21 18:05:57.427374
263646,2025-12-16T00:00:00.000Z,ncaab,SE Louisiana,E TA&M,69,70,complete,2026-04-21 18:05:57.427374
265330,2025-12-16T00:00:00.000Z,ncaab,Gardner-Webb,Wofford,57,83,complete,2026-04-21 18:05:57.427374
265331,2025-12-16T00:00:00.000Z,ncaab,VCU,Niagara,84,58,complete,2026-04-21 18:05:57.427374
263644,2025-12-16T00:30:00.000Z,ncaab,W. Kentucky,Campbellsville Tigers,102,59,complete,2026-04-21 18:05:57.427374
263645,2025-12-16T01:00:00.000Z,ncaab,Hou Christian,McNeese St,68,78,complete,2026-04-21 18:05:57.427374
265328,2025-12-16T01:00:00.000Z,ncaab,SD State,Wyoming,72,87,complete,2026-04-21 18:05:57.427374
265329,2025-12-16T01:00:00.000Z,ncaab,TCU,Incarnate Word,69,65,complete,2026-04-21 18:05:57.427374
265332,2025-12-16T01:00:00.000Z,ncaab,Alabama A&M,North Alabama,68,60,complete,2026-04-21 18:05:57.427374
266673,2025-12-16T16:00:00.000Z,ncaab,Drexel,Howard,66,74,complete,2026-04-21 18:05:57.427374
265337,2025-12-16T23:00:00.000Z,ncaab,UMass Lowell,Sacred Heart,87,82,complete,2026-04-21 18:05:57.427374
265345,2025-12-16T23:00:00.000Z,ncaab,Holy Cross,Dartmouth ,64,89,complete,2026-04-21 18:05:57.427374
265347,2025-12-16T23:00:00.000Z,ncaab,Duke,Lipscomb,97,73,complete,2026-04-21 18:05:57.427374
272020,2025-12-16T23:00:00.000Z,ncaab,SC State,USC Upstate,72,78,complete,2026-04-21 18:05:57.427374
266675,2025-12-16T23:30:00.000Z,ncaab,Michigan St,Toledo,92,69,complete,2026-04-21 18:05:57.427374
280399,2025-12-16T23:30:00.000Z,ncaab,UNC Asheville,Kentucky Christian,83,73,complete,2026-04-21 18:05:57.427374
263647,2025-12-17T00:00:00.000Z,ncaab,Lamar,UT Grande Valley,72,83,complete,2026-04-21 18:05:57.427374
265335,2025-12-17T00:00:00.000Z,ncaab,Tennessee,Louisville,83,62,complete,2026-04-21 18:05:57.427374
265338,2025-12-17T00:00:00.000Z,ncaab,Clemson,S. Carolina,68,61,complete,2026-04-21 18:05:57.427374
265339,2025-12-17T00:00:00.000Z,ncaab,Dayton,Florida St,97,69,complete,2026-04-21 18:05:57.427374
265340,2025-12-17T00:00:00.000Z,ncaab,High Point,Mary Baldwin Fighting Squirrels,129,47,complete,2026-04-21 18:05:57.427374
265342,2025-12-17T00:00:00.000Z,ncaab,Miami (FL),FIU,98,81,complete,2026-04-21 18:05:57.427374
265346,2025-12-17T00:00:00.000Z,ncaab,Rhode Island,Canisius,62,45,complete,2026-04-21 18:05:57.427374
266672,2025-12-17T00:00:00.000Z,ncaab,Wright State,Miami (OH),76,83,complete,2026-04-21 18:05:57.427374
266674,2025-12-17T00:00:00.000Z,ncaab,Bowling Green,Chicago St,76,55,complete,2026-04-21 18:05:57.427374
267379,2025-12-17T00:00:00.000Z,ncaab,St. John's,DePaul,79,66,complete,2026-04-21 18:05:57.427374
267381,2025-12-17T00:00:00.000Z,ncaab,Oklahoma,UMKC,89,67,complete,2026-04-21 18:05:57.427374
267615,2025-12-17T00:00:00.000Z,ncaab,Ohio,Ohio Wesleyan Battling Bishops,89,56,complete,2026-04-21 18:05:57.427374
276092,2025-12-17T00:00:00.000Z,ncaab,Delaware,Rider,65,57,complete,2026-04-21 18:05:57.427374
278429,2025-12-17T00:00:00.000Z,ncaab,UNC Greensboro,NC A&T,65,71,complete,2026-04-21 18:05:57.427374
278727,2025-12-17T00:00:00.000Z,ncaab,MS Valley St,Tarleton St,64,88,complete,2026-04-21 18:05:57.427374
280398,2025-12-17T00:00:00.000Z,ncaab,Evansville,Belmont,78,83,complete,2026-04-21 18:05:57.427374
262178,2025-12-17T00:30:00.000Z,ncaab,Morehead St,Ark-Little Rock,78,64,complete,2026-04-21 18:05:57.427374
265334,2025-12-17T00:30:00.000Z,ncaab,G Tech,Marist,87,76,complete,2026-04-21 18:05:57.427374
265349,2025-12-17T00:30:00.000Z,ncaab,Mississippi St,Long Island,87,83,complete,2026-04-21 18:05:57.427374
265333,2025-12-17T01:00:00.000Z,ncaab,UNC,E Tennessee St,77,58,complete,2026-04-21 18:05:57.427374
265341,2025-12-17T01:00:00.000Z,ncaab,Texas Tech,N. Colorado,101,90,complete,2026-04-21 18:05:57.427374
265344,2025-12-17T01:00:00.000Z,ncaab,Northwestern,Valparaiso,86,70,complete,2026-04-21 18:05:57.427374
265348,2025-12-17T01:00:00.000Z,ncaab,Texas,Dolphins,95,53,complete,2026-04-21 18:05:57.427374
265350,2025-12-17T01:00:00.000Z,ncaab,Missouri St,Oral Roberts,63,62,complete,2026-04-21 18:05:57.427374
267380,2025-12-17T01:30:00.000Z,ncaab,UConn,Butler,79,60,complete,2026-04-21 18:05:57.427374
265336,2025-12-17T02:00:00.000Z,ncaab,Kansas,Towson,73,49,complete,2026-04-21 18:05:57.427374
265343,2025-12-17T02:00:00.000Z,ncaab,BYU,Pacific,93,57,complete,2026-04-21 18:05:57.427374
267637,2025-12-17T02:00:00.000Z,ncaab,Arkansas,Queens,108,80,complete,2026-04-21 18:05:57.427374
272021,2025-12-17T02:00:00.000Z,ncaab,Arizona,Ab Christian,96,62,complete,2026-04-21 18:05:57.427374
265351,2025-12-17T03:00:00.000Z,ncaab,Cal Baptist,Southern U,75,67,complete,2026-04-21 18:05:57.427374
280397,2025-12-17T03:00:00.000Z,ncaab,Cal Poly,Montana St,80,83,complete,2026-04-21 18:05:57.427374
265352,2025-12-17T04:30:00.000Z,ncaab,Loyola Marymount,UCSD,57,67,complete,2026-04-21 18:05:57.427374
278728,2025-12-17T18:00:00.000Z,ncaab,AR-Pine Bluff,Champion Christian,138,73,complete,2026-04-21 18:05:57.427374
280400,2025-12-17T22:00:00.000Z,ncaab,UIC,N. Iowa,54,60,complete,2026-04-21 18:05:57.427374
265374,2025-12-17T23:00:00.000Z,ncaab,New Hampshire,Stonehill,59,58,complete,2026-04-21 18:05:57.427374
265371,2025-12-17T23:30:00.000Z,ncaab,Florida,St. Francis (PA),102,61,complete,2026-04-21 18:05:57.427374
267384,2025-12-17T23:30:00.000Z,ncaab,Xavier,Creighton,57,98,complete,2026-04-21 18:05:57.427374
265353,2025-12-18T00:00:00.000Z,ncaab,Bellarmine,Chattanooga,79,64,complete,2026-04-21 18:05:57.427374
265355,2025-12-18T00:00:00.000Z,ncaab,Stony Brook,Albany,55,71,complete,2026-04-21 18:05:57.427374
265356,2025-12-18T00:00:00.000Z,ncaab,Wake Forest,Longwood,71,68,complete,2026-04-21 18:05:57.427374
265359,2025-12-18T00:00:00.000Z,ncaab,Pittsburgh,Binghamton,103,63,complete,2026-04-21 18:05:57.427374
265360,2025-12-18T00:00:00.000Z,ncaab,E. Carolina,Presbyterian,74,53,complete,2026-04-21 18:05:57.427374
265361,2025-12-18T00:00:00.000Z,ncaab,Elon,Richmond,73,70,complete,2026-04-21 18:05:57.427374
265363,2025-12-18T00:00:00.000Z,ncaab,Memphis,Vanderbilt,70,77,complete,2026-04-21 18:05:57.427374
265366,2025-12-18T00:00:00.000Z,ncaab,Syracuse,Lakers,76,62,complete,2026-04-21 18:05:57.427374
265367,2025-12-18T00:00:00.000Z,ncaab,Charleston,Citadel,82,78,complete,2026-04-21 18:05:57.427374
265370,2025-12-18T00:00:00.000Z,ncaab,NC State,Texas Southern,108,72,complete,2026-04-21 18:05:57.427374
266676,2025-12-18T00:00:00.000Z,ncaab,Cincinnati,Alabama St,88,51,complete,2026-04-21 18:05:57.427374
266679,2025-12-18T00:00:00.000Z,ncaab,Robert Morris,Youngstown St,80,77,complete,2026-04-21 18:05:57.427374
266680,2025-12-18T00:00:00.000Z,ncaab,N Kentucky,Oakland,77,82,complete,2026-04-21 18:05:57.427374
266681,2025-12-18T00:00:00.000Z,ncaab,Green Bay,UCSB,67,64,complete,2026-04-21 18:05:57.427374
267385,2025-12-18T00:00:00.000Z,ncaab,Jax State,E. Kentucky,59,62,complete,2026-04-21 18:05:57.427374
267509,2025-12-18T00:00:00.000Z,ncaab,Vermont,Siena,83,69,complete,2026-04-21 18:05:57.427374
267616,2025-12-18T00:00:00.000Z,ncaab,Monmouth,Quinnipiac,75,85,complete,2026-04-21 18:05:57.427374
267638,2025-12-18T00:00:00.000Z,ncaab,UCF,Mercer,81,63,complete,2026-04-21 18:05:57.427374
280865,2025-12-18T00:00:00.000Z,ncaab,Florida A&M,Jacksonville,72,65,complete,2026-04-21 18:05:57.427374
281268,2025-12-18T00:00:00.000Z,ncaab,Wagner,MD-E Shore,78,64,complete,2026-04-21 18:05:57.427374
262177,2025-12-18T00:30:00.000Z,ncaab,Middle Tenn,Kennesaw St,68,67,complete,2026-04-21 18:05:57.427374
262179,2025-12-18T00:30:00.000Z,ncaab,UL Monroe,S. Alabama,92,96,complete,2026-04-21 18:05:57.427374
263650,2025-12-18T00:30:00.000Z,ncaab,Nicholls St,Hou Christian,79,64,complete,2026-04-21 18:05:57.427374
265358,2025-12-18T00:30:00.000Z,ncaab,Wichita State,Wofford,84,73,complete,2026-04-21 18:05:57.427374
265369,2025-12-18T00:30:00.000Z,ncaab,Tulane,LA Tech,61,53,complete,2026-04-21 18:05:57.427374
267382,2025-12-18T00:30:00.000Z,ncaab,UAB,Cleveland St,101,77,complete,2026-04-21 18:05:57.427374
262181,2025-12-18T01:00:00.000Z,ncaab,Old Dominion,JMU,77,68,complete,2026-04-21 18:05:57.427374
263648,2025-12-18T01:00:00.000Z,ncaab,South Dakota,Dakota State,80,71,complete,2026-04-21 18:05:57.427374
265354,2025-12-18T01:00:00.000Z,ncaab,Alabama,S. Florida,104,93,complete,2026-04-21 18:05:57.427374
265364,2025-12-18T01:00:00.000Z,ncaab,Saint Louis,B-Cookman,112,53,complete,2026-04-21 18:05:57.427374
274058,2025-12-18T01:00:00.000Z,ncaab,Utah Valley,Weber State,90,74,complete,2026-04-21 18:05:57.427374
276560,2025-12-18T01:00:00.000Z,ncaab,Ole Miss,Alabama A&M,80,66,complete,2026-04-21 18:05:57.427374
262180,2025-12-18T01:30:00.000Z,ncaab,Texas St,Arkansas St,70,89,complete,2026-04-21 18:05:57.427374
267383,2025-12-18T01:30:00.000Z,ncaab,Marquette,Georgetown,69,78,complete,2026-04-21 18:05:57.427374
263649,2025-12-18T02:00:00.000Z,ncaab,SFA,Texas A&M-CC,69,60,complete,2026-04-21 18:05:57.427374
265362,2025-12-18T02:00:00.000Z,ncaab,Colorado,Portland State,84,73,complete,2026-04-21 18:05:57.427374
265372,2025-12-18T02:00:00.000Z,ncaab,USC,UTSA,97,70,complete,2026-04-21 18:05:57.427374
265375,2025-12-18T02:00:00.000Z,ncaab,UC Davis,Seattle,78,79,complete,2026-04-21 18:05:57.427374
265376,2025-12-18T02:00:00.000Z,ncaab,Santa Clara,North Texas,63,60,complete,2026-04-21 18:05:57.427374
266677,2025-12-18T02:00:00.000Z,ncaab,Gonzaga,Campbell,98,70,complete,2026-04-21 18:05:57.427374
265373,2025-12-18T02:30:00.000Z,ncaab,Oregon St,Sam Houston,75,85,complete,2026-04-21 18:05:57.427374
265357,2025-12-18T03:00:00.000Z,ncaab,Washington St,E. Washington,78,63,complete,2026-04-21 18:05:57.427374
265368,2025-12-18T03:00:00.000Z,ncaab,San Francisco,Loyola (IL),85,71,complete,2026-04-21 18:05:57.427374
265377,2025-12-18T03:00:00.000Z,ncaab,Stanford,UT-Arlington,76,60,complete,2026-04-21 18:05:57.427374
280706,2025-12-18T03:00:00.000Z,ncaab,San Diego State,Air Force,81,58,complete,2026-04-21 18:05:57.427374
265365,2025-12-18T03:30:00.000Z,ncaab,UCLA,Arizona St,90,77,complete,2026-04-21 18:05:57.427374
266678,2025-12-18T04:00:00.000Z,ncaab,Oregon,Portland,94,69,complete,2026-04-21 18:05:57.427374
263651,2025-12-18T16:00:00.000Z,ncaab,Gardner-Webb,Toccoa Falls Eagles,105,65,complete,2026-04-21 18:05:57.427374
265383,2025-12-18T16:00:00.000Z,ncaab,Charleston So,North Florida,113,90,complete,2026-04-21 18:05:57.427374
266683,2025-12-18T22:00:00.000Z,ncaab,Hampton,Jackson St,84,77,complete,2026-04-21 18:05:57.427374
262187,2025-12-18T23:30:00.000Z,ncaab,E. Illinois,SIU-Edwardsville,76,72,complete,2026-04-21 18:05:57.427374
262189,2025-12-18T23:30:00.000Z,ncaab,App State,Coastal Car,67,49,complete,2026-04-21 18:05:57.427374
265378,2025-12-19T00:00:00.000Z,ncaab,Saint Joe's,Delaware St,67,51,complete,2026-04-21 18:05:57.427374
265379,2025-12-19T00:00:00.000Z,ncaab,Charlotte,Lafayette,81,67,complete,2026-04-21 18:05:57.427374
265381,2025-12-19T00:00:00.000Z,ncaab,VCU,American U,105,83,complete,2026-04-21 18:05:57.427374
265384,2025-12-19T00:00:00.000Z,ncaab,N. Arizona,Southern Utah,65,57,complete,2026-04-21 18:05:57.427374
265385,2025-12-19T00:00:00.000Z,ncaab,William & Mary,Radford,96,83,complete,2026-04-21 18:05:57.427374
265386,2025-12-19T00:00:00.000Z,ncaab,Central Conn,Fairfield,70,84,complete,2026-04-21 18:05:57.427374
266682,2025-12-19T00:00:00.000Z,ncaab,Georgia,W. Carolina,112,82,complete,2026-04-21 18:05:57.427374
267386,2025-12-19T00:00:00.000Z,ncaab,Manhattan,Furman,68,75,complete,2026-04-21 18:05:57.427374
276093,2025-12-19T00:00:00.000Z,ncaab,Davidson,Temple,63,68,complete,2026-04-21 18:05:57.427374
280401,2025-12-19T00:00:00.000Z,ncaab,Indiana St,Bradley,99,108,complete,2026-04-21 18:05:57.427374
266684,2025-12-19T00:30:00.000Z,ncaab,Norfolk State,Grambling St,68,80,complete,2026-04-21 18:05:57.427374
262182,2025-12-19T01:00:00.000Z,ncaab,GA Southern,Georgia State,90,67,complete,2026-04-21 18:05:57.427374
265380,2025-12-19T01:00:00.000Z,ncaab,TCU,Oral Roberts,72,53,complete,2026-04-21 18:05:57.427374
265382,2025-12-19T01:00:00.000Z,ncaab,OK State,UMKC,91,79,complete,2026-04-21 18:05:57.427374
266685,2025-12-19T01:00:00.000Z,ncaab,North Dakota,Winthrop,90,88,complete,2026-04-21 18:05:57.427374
280402,2025-12-19T01:00:00.000Z,ncaab,Murray State,Drake,81,72,complete,2026-04-21 18:05:57.427374
262183,2025-12-19T01:30:00.000Z,ncaab,Tenn Tech,SE Missouri,85,74,complete,2026-04-21 18:05:57.427374
262184,2025-12-19T01:30:00.000Z,ncaab,Tenn St,TN-Martin,78,71,complete,2026-04-21 18:05:57.427374
262185,2025-12-19T01:30:00.000Z,ncaab,Southern Indiana,Ark-Little Rock,62,77,complete,2026-04-21 18:05:57.427374
262186,2025-12-19T01:30:00.000Z,ncaab,Southern Miss,Louisiana,62,54,complete,2026-04-21 18:05:57.427374
262188,2025-12-19T01:30:00.000Z,ncaab,Lindenwood,W. Illinois,92,76,complete,2026-04-21 18:05:57.427374
280403,2025-12-19T02:00:00.000Z,ncaab,S. Illinois,Illinois St,68,75,complete,2026-04-21 18:05:57.427374
266686,2025-12-19T03:00:00.000Z,ncaab,LBSU,Pepperdine,81,78,complete,2026-04-21 18:05:57.427374
265393,2025-12-19T16:00:00.000Z,ncaab,Sacred Heart,Dartmouth ,85,63,complete,2026-04-21 18:05:57.427374
275601,2025-12-19T18:00:00.000Z,ncaab,Samford,Reinhardt,85,49,complete,2026-04-21 18:05:57.427374
266687,2025-12-19T22:00:00.000Z,ncaab,Milwaukee,SD State,88,87,complete,2026-04-21 18:05:57.427374
266691,2025-12-19T22:00:00.000Z,ncaab,Grambling St,Hampton,81,72,complete,2026-04-21 18:05:57.427374
266692,2025-12-19T22:00:00.000Z,ncaab,Navy,Coppin St,88,55,complete,2026-04-21 18:05:57.427374
266693,2025-12-19T22:00:00.000Z,ncaab,CS Northridge,La Sierra University,88,53,complete,2026-04-21 18:05:57.427374
267387,2025-12-19T23:30:00.000Z,ncaab,Providence,Seton Hall,67,72,complete,2026-04-21 18:05:57.427374
263652,2025-12-20T00:00:00.000Z,ncaab,Akron,E. Michigan,93,72,complete,2026-04-21 18:05:57.427374
265391,2025-12-20T00:00:00.000Z,ncaab,High Point,La Salle,84,72,complete,2026-04-21 18:05:57.427374
266688,2025-12-20T00:00:00.000Z,ncaab,Drexel,St. Mary's,75,67,complete,2026-04-21 18:05:57.427374
266690,2025-12-20T00:00:00.000Z,ncaab,Florida St,MS Valley St,96,49,complete,2026-04-21 18:05:57.427374
265395,2025-12-20T00:30:00.000Z,ncaab,W. Kentucky,Tulsa,81,82,complete,2026-04-21 18:05:57.427374
266694,2025-12-20T00:30:00.000Z,ncaab,Jackson St,Norfolk State,72,82,complete,2026-04-21 18:05:57.427374
265388,2025-12-20T01:00:00.000Z,ncaab,Baylor,Alcorn State,113,56,complete,2026-04-21 18:05:57.427374
265390,2025-12-20T01:00:00.000Z,ncaab,LSU,SE Louisiana,78,65,complete,2026-04-21 18:05:57.427374
265396,2025-12-20T01:00:00.000Z,ncaab,Wisconsin,Villanova,66,76,complete,2026-04-21 18:05:57.427374
266689,2025-12-20T01:00:00.000Z,ncaab,Tarleton St,Florida A&M,78,54,complete,2026-04-21 18:05:57.427374
278485,2025-12-20T02:00:00.000Z,ncaab,UC Irvine,Belmont,58,84,complete,2026-04-21 18:05:57.427374
265389,2025-12-20T02:30:00.000Z,ncaab,BYU,Ab Christian,85,67,complete,2026-04-21 18:05:57.427374
265387,2025-12-20T03:00:00.000Z,ncaab,UCLA,Cal Poly,108,87,complete,2026-04-21 18:05:57.427374
265394,2025-12-20T03:00:00.000Z,ncaab,California,Morgan State,97,50,complete,2026-04-21 18:05:57.427374
265397,2025-12-20T03:00:00.000Z,ncaab,Loyola Marymount,North Alabama,91,57,complete,2026-04-21 18:05:57.427374
266695,2025-12-20T03:00:00.000Z,ncaab,UCSD,San Diego,80,82,complete,2026-04-21 18:05:57.427374
274968,2025-12-20T03:00:00.000Z,ncaab,Saint Mary's,FAU,88,75,complete,2026-04-21 18:05:57.427374
267068,2025-12-20T04:30:00.000Z,ncaab,Seattle,Washington,70,66,complete,2026-04-21 18:05:57.427374
265406,2025-12-20T17:00:00.000Z,ncaab,Louisville,Montana,94,54,complete,2026-04-21 18:05:57.427374
265408,2025-12-20T17:00:00.000Z,ncaab,K State,South Dakota,106,76,complete,2026-04-21 18:05:57.427374
266697,2025-12-20T17:00:00.000Z,ncaab,Michigan St,Oakland,79,70,complete,2026-04-21 18:05:57.427374
265401,2025-12-20T17:30:00.000Z,ncaab,Dayton,Liberty,61,64,complete,2026-04-21 18:05:57.427374
265414,2025-12-20T17:30:00.000Z,ncaab,Kentucky,St. John's,78,66,complete,2026-04-21 18:05:57.427374
262194,2025-12-20T18:00:00.000Z,ncaab,App State,Georgia State,63,70,complete,2026-04-21 18:05:57.427374
263656,2025-12-20T18:00:00.000Z,ncaab,Detroit,Siena Heights,91,60,complete,2026-04-21 18:05:57.427374
263657,2025-12-20T18:00:00.000Z,ncaab,W. Michigan,Buffalo,71,88,complete,2026-04-21 18:05:57.427374
265407,2025-12-20T18:00:00.000Z,ncaab,St. Francis (PA),Robert Morris,70,79,complete,2026-04-21 18:05:57.427374
265416,2025-12-20T18:00:00.000Z,ncaab,St. Bonaventure,Dolphins,92,81,complete,2026-04-21 18:05:57.427374
265418,2025-12-20T18:00:00.000Z,ncaab,Indiana,Chicago St,78,58,complete,2026-04-21 18:05:57.427374
266700,2025-12-20T18:00:00.000Z,ncaab,Youngstown St,USC Upstate,74,65,complete,2026-04-21 18:05:57.427374
262192,2025-12-20T19:00:00.000Z,ncaab,Old Dominion,Coastal Car,74,76,complete,2026-04-21 18:05:57.427374
262195,2025-12-20T19:00:00.000Z,ncaab,Troy,Marshall,70,63,complete,2026-04-21 18:05:57.427374
263653,2025-12-20T19:00:00.000Z,ncaab,UMASS,Kent State,59,69,complete,2026-04-21 18:05:57.427374
263658,2025-12-20T19:00:00.000Z,ncaab,Ball State,Miami (OH),77,86,complete,2026-04-21 18:05:57.427374
263659,2025-12-20T19:00:00.000Z,ncaab,Lindenwood,Harris-Stowe State,109,52,complete,2026-04-21 18:05:57.427374
265399,2025-12-20T19:00:00.000Z,ncaab,UNC Wilmington,Howard,66,67,complete,2026-04-21 18:05:57.427374
265412,2025-12-20T19:00:00.000Z,ncaab,G Tech,Lafayette,95,81,complete,2026-04-21 18:05:57.427374
265419,2025-12-20T19:00:00.000Z,ncaab,VA Tech,Elon,82,81,complete,2026-04-21 18:05:57.427374
265420,2025-12-20T19:00:00.000Z,ncaab,Lakers,Binghamton,82,61,complete,2026-04-21 18:05:57.427374
265421,2025-12-20T19:00:00.000Z,ncaab,Harvard,Holy Cross,81,53,complete,2026-04-21 18:05:57.427374
265422,2025-12-20T19:00:00.000Z,ncaab,NC Central,Longwood,72,74,complete,2026-04-21 18:05:57.427374
267510,2025-12-20T19:00:00.000Z,ncaab,Vermont,Iona,78,83,complete,2026-04-21 18:05:57.427374
280707,2025-12-20T19:00:00.000Z,ncaab,Utah State,Colorado St,100,58,complete,2026-04-21 18:05:57.427374
262196,2025-12-20T20:00:00.000Z,ncaab,UL Monroe,Louisiana,62,76,complete,2026-04-21 18:05:57.427374
263654,2025-12-20T20:00:00.000Z,ncaab,N. Illinois,C. Michigan,74,73,complete,2026-04-21 18:05:57.427374
265423,2025-12-20T20:00:00.000Z,ncaab,N. Colorado,Denver,79,86,complete,2026-04-21 18:05:57.427374
265402,2025-12-20T20:26:00.000Z,ncaab,Ohio State,UNC,70,71,complete,2026-04-21 18:05:57.427374
262190,2025-12-20T20:30:00.000Z,ncaab,Texas St,S. Alabama,67,65,complete,2026-04-21 18:05:57.427374
262199,2025-12-20T21:00:00.000Z,ncaab,Tenn Tech,TN-Martin,62,86,complete,2026-04-21 18:05:57.427374
263655,2025-12-20T21:00:00.000Z,ncaab,Ohio,Bowling Green,58,68,complete,2026-04-21 18:05:57.427374
265404,2025-12-20T21:00:00.000Z,ncaab,Syracuse,Northeastern,91,83,complete,2026-04-21 18:05:57.427374
265413,2025-12-20T21:00:00.000Z,ncaab,Mississippi St,Memphis,71,66,complete,2026-04-21 18:05:57.427374
265417,2025-12-20T21:00:00.000Z,ncaab,Butler,Northwestern,61,58,complete,2026-04-21 18:05:57.427374
267617,2025-12-20T21:00:00.000Z,ncaab,E Tennessee St,Jax State,75,81,complete,2026-04-21 18:05:57.427374
280708,2025-12-20T21:00:00.000Z,ncaab,Wyoming,Grand Canyon,70,82,complete,2026-04-21 18:05:57.427374
262191,2025-12-20T21:30:00.000Z,ncaab,Tenn St,SE Missouri,82,91,complete,2026-04-21 18:05:57.427374
262193,2025-12-20T21:30:00.000Z,ncaab,Southern Miss,Arkansas St,86,93,complete,2026-04-21 18:05:57.427374
262197,2025-12-20T21:30:00.000Z,ncaab,Southern Indiana,Morehead St,60,64,complete,2026-04-21 18:05:57.427374
262198,2025-12-20T22:00:00.000Z,ncaab,GA Southern,JMU,96,92,complete,2026-04-21 18:05:57.427374
265403,2025-12-20T22:00:00.000Z,ncaab,Washington St,Mercer,84,78,complete,2026-04-21 18:05:57.427374
265424,2025-12-20T22:00:00.000Z,ncaab,Santa Clara,Loyola (IL),78,80,complete,2026-04-21 18:05:57.427374
267639,2025-12-20T22:00:00.000Z,ncaab,UCF,FGCU,102,80,complete,2026-04-21 18:05:57.427374
275192,2025-12-20T22:00:00.000Z,ncaab,FIU,Long Island,86,79,complete,2026-04-21 18:05:57.427374
266699,2025-12-20T22:30:00.000Z,ncaab,Arkansas,Houston,85,94,complete,2026-04-21 18:05:57.427374
265410,2025-12-20T23:00:00.000Z,ncaab,Richmond,Citadel,80,56,complete,2026-04-21 18:05:57.427374
265415,2025-12-20T23:00:00.000Z,ncaab,Virginia,Maryland,80,72,complete,2026-04-21 18:05:57.427374
267388,2025-12-20T23:00:00.000Z,ncaab,Iowa,Bucknell,94,39,complete,2026-04-21 18:05:57.427374
265398,2025-12-20T23:30:00.000Z,ncaab,Purdue,Auburn,88,60,complete,2026-04-21 18:05:57.427374
265405,2025-12-21T00:00:00.000Z,ncaab,Utah,E. Washington,101,77,complete,2026-04-21 18:05:57.427374
267391,2025-12-21T00:00:00.000Z,ncaab,Lamar,Omaha,82,85,complete,2026-04-21 18:05:57.427374
280710,2025-12-21T00:00:00.000Z,ncaab,UNLV,Fresno State,84,72,complete,2026-04-21 18:05:57.427374
265411,2025-12-21T00:30:00.000Z,ncaab,Tulane,Portland State,63,61,complete,2026-04-21 18:05:57.427374
265409,2025-12-21T01:00:00.000Z,ncaab,Colorado,Stanford,68,77,complete,2026-04-21 18:05:57.427374
265425,2025-12-21T01:00:00.000Z,ncaab,Duke,Texas Tech,81,82,complete,2026-04-21 18:05:57.427374
265426,2025-12-21T01:00:00.000Z,ncaab,Cal Baptist,Sac State,74,67,complete,2026-04-21 18:05:57.427374
266701,2025-12-21T01:00:00.000Z,ncaab,St. Thomas,UC Riverside,92,78,complete,2026-04-21 18:05:57.427374
272023,2025-12-21T01:00:00.000Z,ncaab,Rutgers,Penn,70,69,complete,2026-04-21 18:05:57.427374
267389,2025-12-21T01:30:00.000Z,ncaab,Creighton,Marquette,84,63,complete,2026-04-21 18:05:57.427374
267390,2025-12-21T01:30:00.000Z,ncaab,Georgetown,Xavier,77,80,complete,2026-04-21 18:05:57.427374
266696,2025-12-21T02:00:00.000Z,ncaab,Weber State,Utah Tech,80,82,complete,2026-04-21 18:05:57.427374
266698,2025-12-21T02:00:00.000Z,ncaab,Pepperdine,Rice,84,62,complete,2026-04-21 18:05:57.427374
280709,2025-12-21T02:00:00.000Z,ncaab,New Mexico,San Jose St,88,65,complete,2026-04-21 18:05:57.427374
280711,2025-12-21T03:00:00.000Z,ncaab,Nevada,Boise State,81,66,complete,2026-04-21 18:05:57.427374
265400,2025-12-21T03:30:00.000Z,ncaab,Arizona,San Diego State,68,45,complete,2026-04-21 18:05:57.427374
263660,2025-12-21T17:00:00.000Z,ncaab,St. Mary's,Nittany Lions,73,42,complete,2026-04-21 18:05:57.427374
265439,2025-12-21T17:00:00.000Z,ncaab,Pittsburgh,Penn State,80,46,complete,2026-04-21 18:05:57.427374
265446,2025-12-21T17:00:00.000Z,ncaab,Florida,Colgate,90,60,complete,2026-04-21 18:05:57.427374
266703,2025-12-21T17:00:00.000Z,ncaab,Boston U,UMass Lowell,88,76,complete,2026-04-21 18:05:57.427374
266706,2025-12-21T17:00:00.000Z,ncaab,Winthrop,Clinton College Golden Bears,107,41,complete,2026-04-21 18:05:57.427374
266712,2025-12-21T17:00:00.000Z,ncaab,N Kentucky,Charleston,74,85,complete,2026-04-21 18:05:57.427374
265427,2025-12-21T18:00:00.000Z,ncaab,NC State,Ole Miss,76,62,complete,2026-04-21 18:05:57.427374
265442,2025-12-21T18:00:00.000Z,ncaab,Wake Forest,Vanderbilt,67,98,complete,2026-04-21 18:05:57.427374
265443,2025-12-21T18:00:00.000Z,ncaab,Baylor,Southern U,111,67,complete,2026-04-21 18:05:57.427374
265447,2025-12-21T18:00:00.000Z,ncaab,Marist,Stony Brook,70,51,complete,2026-04-21 18:05:57.427374
267619,2025-12-21T18:00:00.000Z,ncaab,Monmouth,Lehigh,76,62,complete,2026-04-21 18:05:57.427374
278160,2025-12-21T18:00:00.000Z,ncaab,Hofstra,Quinnipiac,74,66,complete,2026-04-21 18:05:57.427374
265428,2025-12-21T19:00:00.000Z,ncaab,Alabama,Kennesaw St,92,81,complete,2026-04-21 18:05:57.427374
265430,2025-12-21T19:00:00.000Z,ncaab,Notre Dame,IPFW,69,72,complete,2026-04-21 18:05:57.427374
265431,2025-12-21T19:00:00.000Z,ncaab,OK State,CS Fullerton,94,89,complete,2026-04-21 18:05:57.427374
265432,2025-12-21T19:00:00.000Z,ncaab,Charlotte,UIC,88,76,complete,2026-04-21 18:05:57.427374
265433,2025-12-21T19:00:00.000Z,ncaab,SMU,C. Arkansas,99,82,complete,2026-04-21 18:05:57.427374
266704,2025-12-21T19:00:00.000Z,ncaab,Drexel,Maine,74,56,complete,2026-04-21 18:05:57.427374
266709,2025-12-21T19:00:00.000Z,ncaab,Middle Tenn,Bulldogs,74,58,complete,2026-04-21 18:05:57.427374
267392,2025-12-21T19:00:00.000Z,ncaab,George Mason,Loyola (MD),86,79,complete,2026-04-21 18:05:57.427374
267395,2025-12-21T19:00:00.000Z,ncaab,Manhattan,Presbyterian,87,81,complete,2026-04-21 18:05:57.427374
267618,2025-12-21T19:00:00.000Z,ncaab,Furman,Charleston So,84,76,complete,2026-04-21 18:05:57.427374
280404,2025-12-21T19:00:00.000Z,ncaab,Bradley,S. Illinois,73,69,complete,2026-04-21 18:05:57.427374
280405,2025-12-21T19:00:00.000Z,ncaab,Valparaiso,Murray State,79,85,complete,2026-04-21 18:05:57.427374
266710,2025-12-21T19:30:00.000Z,ncaab,Radford,VMI,97,90,complete,2026-04-21 18:05:57.427374
265437,2025-12-21T20:00:00.000Z,ncaab,Arizona St,Oregon St,75,78,complete,2026-04-21 18:05:57.427374
265438,2025-12-21T20:00:00.000Z,ncaab,Tennessee,Gardner-Webb,94,52,complete,2026-04-21 18:05:57.427374
265445,2025-12-21T20:00:00.000Z,ncaab,Saint Louis,New Hampshire,93,79,complete,2026-04-21 18:05:57.427374
265450,2025-12-21T20:00:00.000Z,ncaab,S. Florida,UMBC,94,69,complete,2026-04-21 18:05:57.427374
265452,2025-12-21T20:00:00.000Z,ncaab,Alabama A&M,Chattanooga,66,73,complete,2026-04-21 18:05:57.427374
266708,2025-12-21T20:00:00.000Z,ncaab,Incarnate Word,N. Arizona,90,66,complete,2026-04-21 18:05:57.427374
266711,2025-12-21T20:00:00.000Z,ncaab,Clemson,Cincinnati,68,65,complete,2026-04-21 18:05:57.427374
267393,2025-12-21T20:00:00.000Z,ncaab,UAB,UNC Asheville,72,47,complete,2026-04-21 18:05:57.427374
275602,2025-12-21T20:00:00.000Z,ncaab,Albany,Cornell,75,83,complete,2026-04-21 18:05:57.427374
262200,2025-12-21T21:00:00.000Z,ncaab,N. Mexico St,Sam Houston,87,78,complete,2026-04-21 18:05:57.427374
265435,2025-12-21T21:00:00.000Z,ncaab,TCU,Florida A&M,80,56,complete,2026-04-21 18:05:57.427374
265444,2025-12-21T21:00:00.000Z,ncaab,Miami (FL),North Florida,105,67,complete,2026-04-21 18:05:57.427374
266702,2025-12-21T21:00:00.000Z,ncaab,Texas A&M,E TA&M,118,77,complete,2026-04-21 18:05:57.427374
266707,2025-12-21T21:00:00.000Z,ncaab,Michigan,La Salle,102,50,complete,2026-04-21 18:05:57.427374
280406,2025-12-21T21:00:00.000Z,ncaab,Evansville,Drake,65,66,complete,2026-04-21 18:05:57.427374
283462,2025-12-21T21:00:00.000Z,ncaab,USC,Banana Slugs,102,63,complete,2026-04-21 18:05:57.427374
267394,2025-12-21T21:30:00.000Z,ncaab,DePaul,UConn,54,72,complete,2026-04-21 18:05:57.427374
265440,2025-12-21T22:00:00.000Z,ncaab,Wichita State,E. Kentucky,88,57,complete,2026-04-21 18:05:57.427374
265449,2025-12-21T22:00:00.000Z,ncaab,California,Columbia,74,56,complete,2026-04-21 18:05:57.427374
266713,2025-12-21T22:00:00.000Z,ncaab,Cleveland St,Milwaukee,71,81,complete,2026-04-21 18:05:57.427374
280407,2025-12-21T22:00:00.000Z,ncaab,Illinois St,Indiana St,85,65,complete,2026-04-21 18:05:57.427374
265429,2025-12-21T23:00:00.000Z,ncaab,San Francisco,Morgan State,94,64,complete,2026-04-21 18:05:57.427374
265434,2025-12-21T23:00:00.000Z,ncaab,Iowa State,LBSU,91,60,complete,2026-04-21 18:05:57.427374
265448,2025-12-21T23:00:00.000Z,ncaab,Minnesota,Campbell,78,50,complete,2026-04-21 18:05:57.427374
265451,2025-12-21T23:00:00.000Z,ncaab,Idaho State,UC Davis,83,93,complete,2026-04-21 18:05:57.427374
266705,2025-12-21T23:00:00.000Z,ncaab,Oregon,Gonzaga,82,91,complete,2026-04-21 18:05:57.427374
265455,2025-12-22T00:00:00.000Z,ncaab,Pacific,Nicholls St,95,82,complete,2026-04-21 18:05:57.427374
275664,2025-12-22T00:00:00.000Z,ncaab,NDSU,UC Irvine,73,74,complete,2026-04-21 18:05:57.427374
280408,2025-12-22T00:00:00.000Z,ncaab,Cal Poly,Idaho,80,83,complete,2026-04-21 18:05:57.427374
265436,2025-12-22T01:00:00.000Z,ncaab,Nebraska,North Dakota,78,55,complete,2026-04-21 18:05:57.427374
275665,2025-12-22T02:00:00.000Z,ncaab,UTEP,Norfolk State,71,72,complete,2026-04-21 18:05:57.427374
265998,2025-12-22T16:00:00.000Z,ncaab,Fordham,New Haven,65,47,complete,2026-04-21 18:05:57.427374
267620,2025-12-22T17:00:00.000Z,ncaab,Ohio,Miami-Hamilton Harriers,102,59,complete,2026-04-21 18:05:57.427374
281122,2025-12-22T17:00:00.000Z,ncaab,St. Peter's,Cyclones,116,50,complete,2026-04-21 18:05:57.427374
264595,2025-12-22T19:00:00.000Z,ncaab,Butler,N.J.I.T.,101,52,complete,2026-04-21 18:05:57.427374
265473,2025-12-22T19:00:00.000Z,ncaab,Towson,Sacred Heart,72,47,complete,2026-04-21 18:05:57.427374
266715,2025-12-22T19:00:00.000Z,ncaab,Bowling Green,Siena Heights,125,66,complete,2026-04-21 18:05:57.427374
266716,2025-12-22T19:00:00.000Z,ncaab,Georgia,Wolves,103,74,complete,2026-04-21 18:05:57.427374
275950,2025-12-22T20:00:00.000Z,ncaab,Tulsa,Denver,90,85,complete,2026-04-21 18:05:57.427374
281123,2025-12-22T20:00:00.000Z,ncaab,UTSA,Seattle,68,71,complete,2026-04-21 18:05:57.427374
266718,2025-12-22T21:00:00.000Z,ncaab,Weber State,Lincoln (CA),103,64,complete,2026-04-21 18:05:57.427374
266719,2025-12-22T21:00:00.000Z,ncaab,S. Carolina,SC State,95,70,complete,2026-04-21 18:05:57.427374
262201,2025-12-22T21:30:00.000Z,ncaab,W. Illinois,SIU-Edwardsville,61,66,complete,2026-04-21 18:05:57.427374
264597,2025-12-22T22:00:00.000Z,ncaab,Texas Southern,Ab Christian,68,75,complete,2026-04-21 18:05:57.427374
280409,2025-12-22T22:00:00.000Z,ncaab,UCSB,Portland,79,61,complete,2026-04-21 18:05:57.427374
265471,2025-12-22T23:00:00.000Z,ncaab,Virginia,American U,95,51,complete,2026-04-21 18:05:57.427374
265472,2025-12-22T23:00:00.000Z,ncaab,Indiana,Siena,81,60,complete,2026-04-21 18:05:57.427374
265453,2025-12-22T23:30:00.000Z,ncaab,Buffalo,Penn State-Erie Behrend Lions,92,63,complete,2026-04-21 18:05:57.427374
265476,2025-12-22T23:30:00.000Z,ncaab,Georgetown,Coppin St,97,67,complete,2026-04-21 18:05:57.427374
264594,2025-12-23T00:00:00.000Z,ncaab,LSU,Prairie View,104,90,complete,2026-04-21 18:05:57.427374
264596,2025-12-23T00:00:00.000Z,ncaab,VCU,Rider,100,79,complete,2026-04-21 18:05:57.427374
265456,2025-12-23T00:00:00.000Z,ncaab,Saint Joe's,Coastal Car,62,68,complete,2026-04-21 18:05:57.427374
265458,2025-12-23T00:00:00.000Z,ncaab,Boston Col,Fairleigh,72,61,complete,2026-04-21 18:05:57.427374
265461,2025-12-23T00:00:00.000Z,ncaab,High Point,Bryant U,93,47,complete,2026-04-21 18:05:57.427374
265462,2025-12-23T00:00:00.000Z,ncaab,Syracuse,Stonehill,77,48,complete,2026-04-21 18:05:57.427374
265463,2025-12-23T00:00:00.000Z,ncaab,Rhode Island,Northeastern,85,77,complete,2026-04-21 18:05:57.427374
265465,2025-12-23T00:00:00.000Z,ncaab,Duquesne,Canisius,103,59,complete,2026-04-21 18:05:57.427374
265475,2025-12-23T00:00:00.000Z,ncaab,West Virginia,MS Valley St,86,51,complete,2026-04-21 18:05:57.427374
266714,2025-12-23T00:00:00.000Z,ncaab,Wright State,E. Michigan,70,64,complete,2026-04-21 18:05:57.427374
266717,2025-12-23T00:00:00.000Z,ncaab,Florida St,Jacksonville,87,63,complete,2026-04-21 18:05:57.427374
267575,2025-12-23T00:00:00.000Z,ncaab,Temple,Princeton,65,61,complete,2026-04-21 18:05:57.427374
283613,2025-12-23T00:00:00.000Z,ncaab,UTEP,NDSU,76,66,complete,2026-04-21 18:05:57.427374
265454,2025-12-23T01:00:00.000Z,ncaab,Texas,MD-E Shore,94,71,complete,2026-04-21 18:05:57.427374
265457,2025-12-23T01:00:00.000Z,ncaab,Memphis,Alabama St,88,67,complete,2026-04-21 18:05:57.427374
265459,2025-12-23T01:00:00.000Z,ncaab,Wisconsin,C. Michigan,88,61,complete,2026-04-21 18:05:57.427374
265460,2025-12-23T01:00:00.000Z,ncaab,Creighton,Utah Tech,92,69,complete,2026-04-21 18:05:57.427374
265464,2025-12-23T01:00:00.000Z,ncaab,Grand Canyon,IUIN,91,78,complete,2026-04-21 18:05:57.427374
265466,2025-12-23T01:00:00.000Z,ncaab,Missouri,Illinois,48,91,complete,2026-04-21 18:05:57.427374
265468,2025-12-23T01:00:00.000Z,ncaab,Oral Roberts,UT-Arlington,57,69,complete,2026-04-21 18:05:57.427374
265469,2025-12-23T01:00:00.000Z,ncaab,UNC,E. Carolina,99,51,complete,2026-04-21 18:05:57.427374
265470,2025-12-23T01:00:00.000Z,ncaab,Kansas,Davidson,90,61,complete,2026-04-21 18:05:57.427374
265467,2025-12-23T02:00:00.000Z,ncaab,BYU,E. Washington,109,81,complete,2026-04-21 18:05:57.427374
267396,2025-12-23T02:00:00.000Z,ncaab,Oklahoma,Stetson,107,54,complete,2026-04-21 18:05:57.427374
272024,2025-12-23T02:00:00.000Z,ncaab,Arizona,B-Cookman,107,71,complete,2026-04-21 18:05:57.427374
283614,2025-12-23T02:00:00.000Z,ncaab,Norfolk State,UC Irvine,70,89,complete,2026-04-21 18:05:57.427374
265474,2025-12-23T03:00:00.000Z,ncaab,Washington,San Diego,86,56,complete,2026-04-21 18:05:57.427374
266720,2025-12-23T03:00:00.000Z,ncaab,CS Northridge,Sac State,100,88,complete,2026-04-21 18:05:57.427374
274969,2025-12-23T03:00:00.000Z,ncaab,Saint Mary's,N. Iowa,63,58,complete,2026-04-21 18:05:57.427374
266723,2025-12-23T17:00:00.000Z,ncaab,Army ,Binghamton,95,85,complete,2026-04-21 18:05:57.427374
275666,2025-12-23T17:00:00.000Z,ncaab,Campbell,Green Bay,102,79,complete,2026-04-21 18:05:57.427374
264601,2025-12-23T18:00:00.000Z,ncaab,Kentucky,Bellarmine,99,85,complete,2026-04-21 18:05:57.427374
264600,2025-12-23T19:00:00.000Z,ncaab,Ohio State,Grambling St,89,63,complete,2026-04-21 18:05:57.427374
267640,2025-12-23T19:00:00.000Z,ncaab,UCF,FAU,85,80,complete,2026-04-21 18:05:57.427374
264602,2025-12-23T20:00:00.000Z,ncaab,Missouri St,Lindenwood,70,65,complete,2026-04-21 18:05:57.427374
264598,2025-12-23T21:00:00.000Z,ncaab,UCLA,UC Riverside,97,65,complete,2026-04-21 18:05:57.427374
266722,2025-12-23T22:00:00.000Z,ncaab,CS Bakersfield,Idaho,64,63,complete,2026-04-21 18:05:57.427374
264599,2025-12-23T23:00:00.000Z,ncaab,St. John's,Harvard,85,59,complete,2026-04-21 18:05:57.427374
264603,2025-12-23T23:00:00.000Z,ncaab,Loyola Marymount,Morgan State,83,56,complete,2026-04-21 18:05:57.427374
266721,2025-12-24T00:00:00.000Z,ncaab,Marshall,West Virginia Tech,102,52,complete,2026-04-21 18:05:57.427374
267397,2025-12-24T00:00:00.000Z,ncaab,Seton Hall,Villanova,56,64,complete,2026-04-21 18:05:57.427374
265477,2025-12-28T01:00:00.000Z,ncaab,Stanford,CS Northridge,88,80,complete,2026-04-21 18:05:57.427374
262202,2025-12-28T19:00:00.000Z,ncaab,FIU,Liberty,94,97,complete,2026-04-21 18:05:57.427374
265478,2025-12-28T19:00:00.000Z,ncaab,K State,UL Monroe,94,85,complete,2026-04-21 18:05:57.427374
265483,2025-12-28T19:00:00.000Z,ncaab,Boston Col,Dolphins,72,64,complete,2026-04-21 18:05:57.427374
265484,2025-12-28T19:00:00.000Z,ncaab,Colgate,Harvard,69,78,complete,2026-04-21 18:05:57.427374
265485,2025-12-28T19:00:00.000Z,ncaab,Texas Tech,Winthrop,87,57,complete,2026-04-21 18:05:57.427374
266726,2025-12-28T19:00:00.000Z,ncaab,North Dakota,Dakota State,88,56,complete,2026-04-21 18:05:57.427374
266727,2025-12-28T19:00:00.000Z,ncaab,North Florida,Columbia,82,90,complete,2026-04-21 18:05:57.427374
272025,2025-12-28T19:00:00.000Z,ncaab,Morehead St,Alice Lloyd Eagles,115,65,complete,2026-04-21 18:05:57.427374
265496,2025-12-28T19:30:00.000Z,ncaab,G Tech,Florida A&M,89,65,complete,2026-04-21 18:05:57.427374
266725,2025-12-28T19:30:00.000Z,ncaab,Radford,Hornets,87,44,complete,2026-04-21 18:05:57.427374
263661,2025-12-28T20:00:00.000Z,ncaab,Longwood,Cougars,92,49,complete,2026-04-21 18:05:57.427374
265479,2025-12-28T20:00:00.000Z,ncaab,Colorado,N. Colorado,81,86,complete,2026-04-21 18:05:57.427374
265482,2025-12-28T20:00:00.000Z,ncaab,Louisiana,Norfolk State,63,54,complete,2026-04-21 18:05:57.427374
265486,2025-12-28T20:00:00.000Z,ncaab,SMU,CS Fullerton,110,63,complete,2026-04-21 18:05:57.427374
265481,2025-12-28T21:00:00.000Z,ncaab,Richmond,Charleston So,72,77,complete,2026-04-21 18:05:57.427374
280410,2025-12-28T21:00:00.000Z,ncaab,N. Mexico St,University of the Southwest Mustangs,104,33,complete,2026-04-21 18:05:57.427374
267398,2025-12-28T22:00:00.000Z,ncaab,George Mason,Penn,83,79,complete,2026-04-21 18:05:57.427374
276934,2025-12-28T22:00:00.000Z,ncaab,Portland,Washington St,62,67,complete,2026-04-21 18:05:57.427374
265480,2025-12-28T23:00:00.000Z,ncaab,Maryland,Old Dominion,73,58,complete,2026-04-21 18:05:57.427374
276935,2025-12-28T23:00:00.000Z,ncaab,Oregon St,Santa Clara,64,102,complete,2026-04-21 18:05:57.427374
276938,2025-12-28T23:00:00.000Z,ncaab,San Diego,Pacific,66,54,complete,2026-04-21 18:05:57.427374
276939,2025-12-29T00:00:00.000Z,ncaab,Loyola Marymount,Saint Mary's,73,78,complete,2026-04-21 18:05:57.427374
266724,2025-12-29T01:00:00.000Z,ncaab,Oregon,Omaha,80,57,complete,2026-04-21 18:05:57.427374
276936,2025-12-29T01:00:00.000Z,ncaab,Pepperdine,Gonzaga,56,96,complete,2026-04-21 18:05:57.427374
276937,2025-12-29T01:00:00.000Z,ncaab,Seattle,San Francisco,59,67,complete,2026-04-21 18:05:57.427374
265488,2025-12-29T18:00:00.000Z,ncaab,Penn State,NC Central,90,67,complete,2026-04-21 18:05:57.427374
262208,2025-12-29T19:00:00.000Z,ncaab,Delaware,Missouri St,43,61,complete,2026-04-21 18:05:57.427374
263670,2025-12-29T19:00:00.000Z,ncaab,Sacred Heart,Merrimack,72,80,complete,2026-04-21 18:05:57.427374
265497,2025-12-29T20:00:00.000Z,ncaab,Illinois,Southern U,90,55,complete,2026-04-21 18:05:57.427374
263666,2025-12-29T21:00:00.000Z,ncaab,Quinnipiac,Marist,64,58,complete,2026-04-21 18:05:57.427374
263663,2025-12-29T22:00:00.000Z,ncaab,William & Mary,Towson,84,70,complete,2026-04-21 18:05:57.427374
267399,2025-12-29T22:00:00.000Z,ncaab,Iowa,UMass Lowell,90,62,complete,2026-04-21 18:05:57.427374
265499,2025-12-29T23:00:00.000Z,ncaab,Florida,Dartmouth ,94,72,complete,2026-04-21 18:05:57.427374
266739,2025-12-29T23:00:00.000Z,ncaab,Coppin St,UMBC,59,93,complete,2026-04-21 18:05:57.427374
266740,2025-12-29T23:30:00.000Z,ncaab,Youngstown St,Detroit,68,73,complete,2026-04-21 18:05:57.427374
262206,2025-12-30T00:00:00.000Z,ncaab,Jax State,W. Kentucky,78,67,complete,2026-04-21 18:05:57.427374
263662,2025-12-30T00:00:00.000Z,ncaab,Elon,Northeastern,103,91,complete,2026-04-21 18:05:57.427374
263664,2025-12-30T00:00:00.000Z,ncaab,Fairfield,St. Peter's,66,70,complete,2026-04-21 18:05:57.427374
263665,2025-12-30T00:00:00.000Z,ncaab,Rider,Manhattan,71,74,complete,2026-04-21 18:05:57.427374
263667,2025-12-30T00:00:00.000Z,ncaab,Charleston,Drexel,72,63,complete,2026-04-21 18:05:57.427374
263671,2025-12-30T00:00:00.000Z,ncaab,St. Mary's,Iona,66,59,complete,2026-04-21 18:05:57.427374
263672,2025-12-30T00:00:00.000Z,ncaab,NC A&T,UNC Wilmington,78,87,complete,2026-04-21 18:05:57.427374
263673,2025-12-30T00:00:00.000Z,ncaab,Hampton,Stony Brook,62,59,complete,2026-04-21 18:05:57.427374
263674,2025-12-30T00:00:00.000Z,ncaab,Hofstra,Campbell,86,72,complete,2026-04-21 18:05:57.427374
265492,2025-12-30T00:00:00.000Z,ncaab,Purdue,Kent State,101,60,complete,2026-04-21 18:05:57.427374
265999,2025-12-30T00:00:00.000Z,ncaab,Vanderbilt,New Haven,96,53,complete,2026-04-21 18:05:57.427374
266729,2025-12-30T00:00:00.000Z,ncaab,Wright State,Oakland,88,73,complete,2026-04-21 18:05:57.427374
266731,2025-12-30T00:00:00.000Z,ncaab,Michigan St,Cornell,114,97,complete,2026-04-21 18:05:57.427374
266732,2025-12-30T00:00:00.000Z,ncaab,Cincinnati,Lipscomb,89,62,complete,2026-04-21 18:05:57.427374
266734,2025-12-30T00:00:00.000Z,ncaab,Michigan,McNeese St,112,71,complete,2026-04-21 18:05:57.427374
266735,2025-12-30T00:00:00.000Z,ncaab,Robert Morris,N Kentucky,77,79,complete,2026-04-21 18:05:57.427374
266737,2025-12-30T00:00:00.000Z,ncaab,Georgia,Long Island,89,74,complete,2026-04-21 18:05:57.427374
266741,2025-12-30T00:00:00.000Z,ncaab,Cleveland St,IUIN,99,86,complete,2026-04-21 18:05:57.427374
272026,2025-12-30T00:00:00.000Z,ncaab,Rutgers,Delaware St,65,50,complete,2026-04-21 18:05:57.427374
280413,2025-12-30T00:00:00.000Z,ncaab,Indiana St,Belmont,81,80,complete,2026-04-21 18:05:57.427374
280415,2025-12-30T00:00:00.000Z,ncaab,Murray State,S. Illinois,84,81,complete,2026-04-21 18:05:57.427374
262203,2025-12-30T00:30:00.000Z,ncaab,LA Tech,UTEP,75,63,complete,2026-04-21 18:05:57.427374
263668,2025-12-30T00:30:00.000Z,ncaab,NW State,Lamar,61,76,complete,2026-04-21 18:05:57.427374
263669,2025-12-30T00:30:00.000Z,ncaab,E TA&M,SFA,48,75,complete,2026-04-21 18:05:57.427374
263675,2025-12-30T00:30:00.000Z,ncaab,UT Grande Valley,New Orleans,69,85,complete,2026-04-21 18:05:57.427374
265491,2025-12-30T00:30:00.000Z,ncaab,Mississippi St,Alabama St,94,56,complete,2026-04-21 18:05:57.427374
262205,2025-12-30T01:00:00.000Z,ncaab,UT-Arlington,Tarleton St,63,69,complete,2026-04-21 18:05:57.427374
262207,2025-12-30T01:00:00.000Z,ncaab,Utah Valley,Cal Baptist,73,66,complete,2026-04-21 18:05:57.427374
265487,2025-12-30T01:00:00.000Z,ncaab,LSU,Southern Miss,90,62,complete,2026-04-21 18:05:57.427374
265489,2025-12-30T01:00:00.000Z,ncaab,OK State,B-Cookman,103,77,complete,2026-04-21 18:05:57.427374
265490,2025-12-30T01:00:00.000Z,ncaab,Alabama,Yale,102,78,complete,2026-04-21 18:05:57.427374
265494,2025-12-30T01:00:00.000Z,ncaab,Iowa State,Hou Christian,89,61,complete,2026-04-21 18:05:57.427374
265498,2025-12-30T01:00:00.000Z,ncaab,TCU,Jackson St,115,64,complete,2026-04-21 18:05:57.427374
266728,2025-12-30T01:00:00.000Z,ncaab,Milwaukee,IPFW,77,55,complete,2026-04-21 18:05:57.427374
266733,2025-12-30T01:00:00.000Z,ncaab,Texas A&M,Prairie View,111,82,complete,2026-04-21 18:05:57.427374
266738,2025-12-30T01:00:00.000Z,ncaab,Houston,Middle Tenn,69,60,complete,2026-04-21 18:05:57.427374
267401,2025-12-30T01:00:00.000Z,ncaab,Oklahoma,MS Valley St,93,69,complete,2026-04-21 18:05:57.427374
267641,2025-12-30T01:00:00.000Z,ncaab,Arkansas,JMU,103,74,complete,2026-04-21 18:05:57.427374
276561,2025-12-30T01:00:00.000Z,ncaab,Ole Miss,Alcorn State,79,43,complete,2026-04-21 18:05:57.427374
280412,2025-12-30T01:00:00.000Z,ncaab,Bradley,Evansville,76,68,complete,2026-04-21 18:05:57.427374
280414,2025-12-30T01:00:00.000Z,ncaab,N. Iowa,Valparaiso,58,48,complete,2026-04-21 18:05:57.427374
263676,2025-12-30T01:30:00.000Z,ncaab,Texas A&M-CC,Nicholls St,71,76,complete,2026-04-21 18:05:57.427374
262204,2025-12-30T02:00:00.000Z,ncaab,Utah Tech,Southern Utah,80,66,complete,2026-04-21 18:05:57.427374
265493,2025-12-30T02:00:00.000Z,ncaab,Minnesota,Fairleigh,60,43,complete,2026-04-21 18:05:57.427374
267400,2025-12-30T02:00:00.000Z,ncaab,Arizona,SD State,99,71,complete,2026-04-21 18:05:57.427374
280411,2025-12-30T02:00:00.000Z,ncaab,Drake,Illinois St,56,73,complete,2026-04-21 18:05:57.427374
266730,2025-12-30T03:00:00.000Z,ncaab,UNLV,La Sierra University,89,47,complete,2026-04-21 18:05:57.427374
266736,2025-12-30T03:00:00.000Z,ncaab,Auburn,Queens,106,65,complete,2026-04-21 18:05:57.427374
265495,2025-12-30T04:00:00.000Z,ncaab,Washington,Utah,74,65,complete,2026-04-21 18:05:57.427374
267576,2025-12-30T18:00:00.000Z,ncaab,Grambling St,Gentlemen,90,58,complete,2026-04-21 18:05:57.427374
272027,2025-12-30T18:00:00.000Z,ncaab,Princeton,Vermont,75,69,complete,2026-04-21 18:05:57.427374
263680,2025-12-30T20:00:00.000Z,ncaab,C. Michigan,Ohio,64,80,complete,2026-04-21 18:05:57.427374
263689,2025-12-30T20:00:00.000Z,ncaab,Incarnate Word,SE Louisiana,79,70,complete,2026-04-21 18:05:57.427374
280713,2025-12-30T21:00:00.000Z,ncaab,Air Force,Wyoming,56,68,complete,2026-04-21 18:05:57.427374
265500,2025-12-30T22:00:00.000Z,ncaab,Northwestern,Howard,80,60,complete,2026-04-21 18:05:57.427374
262210,2025-12-30T23:00:00.000Z,ncaab,Citadel,E Tennessee St,49,74,complete,2026-04-21 18:05:57.427374
263677,2025-12-30T23:00:00.000Z,ncaab,Morgan State,Nittany Lions,92,55,complete,2026-04-21 18:05:57.427374
266744,2025-12-30T23:00:00.000Z,ncaab,S. Carolina,Albany,96,67,complete,2026-04-21 18:05:57.427374
263682,2025-12-30T23:30:00.000Z,ncaab,Toledo,W. Michigan,84,79,complete,2026-04-21 18:05:57.427374
263678,2025-12-31T00:00:00.000Z,ncaab,Bowling Green,Miami (OH),83,93,complete,2026-04-21 18:05:57.427374
265501,2025-12-31T00:00:00.000Z,ncaab,Wisconsin,Milwaukee,80,60,complete,2026-04-21 18:05:57.427374
266745,2025-12-31T00:00:00.000Z,ncaab,UNC,Florida St,79,66,complete,2026-04-21 18:05:57.427374
266747,2025-12-31T00:00:00.000Z,ncaab,Miami (FL),Pittsburgh,76,69,complete,2026-04-21 18:05:57.427374
267403,2025-12-31T00:00:00.000Z,ncaab,Marquette,Seton Hall,73,79,complete,2026-04-21 18:05:57.427374
275956,2025-12-31T00:00:00.000Z,ncaab,Charlotte,Temple,73,76,complete,2026-04-21 18:05:57.427374
276094,2025-12-31T00:00:00.000Z,ncaab,Davidson,Duquesne,83,89,complete,2026-04-21 18:05:57.427374
263679,2025-12-31T00:30:00.000Z,ncaab,Texas Southern,Huston-Tillotson,80,56,complete,2026-04-21 18:05:57.427374
263683,2025-12-31T00:30:00.000Z,ncaab,E. Michigan,UMASS,80,74,complete,2026-04-21 18:05:57.427374
265503,2025-12-31T01:00:00.000Z,ncaab,Tennessee,SC State,105,54,complete,2026-04-21 18:05:57.427374
262209,2025-12-31T01:30:00.000Z,ncaab,Tenn Tech,Tenn St,76,88,complete,2026-04-21 18:05:57.427374
265502,2025-12-31T02:00:00.000Z,ncaab,Nebraska,New Hampshire,86,55,complete,2026-04-21 18:05:57.427374
266748,2025-12-31T02:00:00.000Z,ncaab,California,Louisville,70,90,complete,2026-04-21 18:05:57.427374
266749,2025-12-31T02:00:00.000Z,ncaab,Stanford,Notre Dame,40,47,complete,2026-04-21 18:05:57.427374
267402,2025-12-31T02:00:00.000Z,ncaab,Creighton,Butler,89,85,complete,2026-04-21 18:05:57.427374
276941,2025-12-31T02:00:00.000Z,ncaab,Pepperdine,Saint Mary's,45,72,complete,2026-04-21 18:05:57.427374
280712,2025-12-31T02:00:00.000Z,ncaab,Colorado St,Nevada,62,75,complete,2026-04-21 18:05:57.427374
280715,2025-12-31T02:00:00.000Z,ncaab,Fresno State,Utah State,63,72,complete,2026-04-21 18:05:57.427374
276940,2025-12-31T02:30:00.000Z,ncaab,San Diego,Gonzaga,93,99,complete,2026-04-21 18:05:57.427374
266751,2025-12-31T03:00:00.000Z,ncaab,LBSU,Lincoln (CA),113,66,complete,2026-04-21 18:05:57.427374
276942,2025-12-31T03:00:00.000Z,ncaab,Portland,Santa Clara,85,92,complete,2026-04-21 18:05:57.427374
276943,2025-12-31T03:00:00.000Z,ncaab,Loyola Marymount,Pacific,80,71,complete,2026-04-21 18:05:57.427374
276944,2025-12-31T03:00:00.000Z,ncaab,Seattle,Washington St,69,55,complete,2026-04-21 18:05:57.427374
276945,2025-12-31T03:00:00.000Z,ncaab,Oregon St,San Francisco,70,62,complete,2026-04-21 18:05:57.427374
280714,2025-12-31T03:00:00.000Z,ncaab,San Jose St,San Diego State,68,81,complete,2026-04-21 18:05:57.427374
280716,2025-12-31T04:00:00.000Z,ncaab,Boise State,New Mexico,62,53,complete,2026-04-21 18:05:57.427374
262215,2025-12-31T17:00:00.000Z,ncaab,Furman,Mercer,74,72,complete,2026-04-21 18:05:57.427374
263684,2025-12-31T17:00:00.000Z,ncaab,E TA&M,Lamar,62,69,complete,2026-04-21 18:05:57.427374
266742,2025-12-31T17:00:00.000Z,ncaab,NC State,Wake Forest,70,57,complete,2026-04-21 18:05:57.427374
275952,2025-12-31T17:00:00.000Z,ncaab,E. Carolina,Tulane,70,79,complete,2026-04-21 18:05:57.427374
276096,2025-12-31T17:00:00.000Z,ncaab,Rhode Island,Loyola (IL),57,61,complete,2026-04-21 18:05:57.427374
276562,2025-12-31T17:00:00.000Z,ncaab,Lehigh,Army ,78,85,complete,2026-04-21 18:05:57.427374
262211,2025-12-31T18:00:00.000Z,ncaab,W. Carolina,Wofford,74,79,complete,2026-04-21 18:05:57.427374
262216,2025-12-31T18:00:00.000Z,ncaab,Louisiana,S. Alabama,58,63,complete,2026-04-21 18:05:57.427374
263681,2025-12-31T18:00:00.000Z,ncaab,N. Illinois,Buffalo,67,81,complete,2026-04-21 18:05:57.427374
275953,2025-12-31T18:00:00.000Z,ncaab,FAU,UTSA,110,70,complete,2026-04-21 18:05:57.427374
276563,2025-12-31T18:00:00.000Z,ncaab,Navy,Boston U,82,77,complete,2026-04-21 18:05:57.427374
276566,2025-12-31T18:00:00.000Z,ncaab,American U,Loyola (MD),84,69,complete,2026-04-21 18:05:57.427374
262213,2025-12-31T19:00:00.000Z,ncaab,Old Dominion,App State,73,81,complete,2026-04-21 18:05:57.427374
262214,2025-12-31T19:00:00.000Z,ncaab,Troy,Texas St,100,80,complete,2026-04-21 18:05:57.427374
263686,2025-12-31T19:00:00.000Z,ncaab,Elon,Charleston,81,85,complete,2026-04-21 18:05:57.427374
263688,2025-12-31T19:00:00.000Z,ncaab,William & Mary,Stony Brook,76,57,complete,2026-04-21 18:05:57.427374
263690,2025-12-31T19:00:00.000Z,ncaab,Monmouth,Campbell,65,68,complete,2026-04-21 18:05:57.427374
265504,2025-12-31T19:00:00.000Z,ncaab,Penn,N.J.I.T.,80,61,complete,2026-04-21 18:05:57.427374
266746,2025-12-31T19:00:00.000Z,ncaab,VA Tech,Virginia,95,85,complete,2026-04-21 18:05:57.427374
266750,2025-12-31T19:00:00.000Z,ncaab,Syracuse,Clemson,61,64,complete,2026-04-21 18:05:57.427374
266752,2025-12-31T19:00:00.000Z,ncaab,USC Upstate,Radford,69,76,complete,2026-04-21 18:05:57.427374
266753,2025-12-31T19:00:00.000Z,ncaab,Gardner-Webb,Charleston So,79,89,complete,2026-04-21 18:05:57.427374
266755,2025-12-31T19:00:00.000Z,ncaab,UNC Asheville,High Point,69,87,complete,2026-04-21 18:05:57.427374
275954,2025-12-31T19:00:00.000Z,ncaab,Tulsa,Rice,97,48,complete,2026-04-21 18:05:57.427374
276095,2025-12-31T19:00:00.000Z,ncaab,La Salle,George Mason,75,80,complete,2026-04-21 18:05:57.427374
276097,2025-12-31T19:00:00.000Z,ncaab,Dayton,Fordham,63,56,complete,2026-04-21 18:05:57.427374
276100,2025-12-31T19:00:00.000Z,ncaab,VCU,St. Bonaventure,89,82,complete,2026-04-21 18:05:57.427374
276565,2025-12-31T19:00:00.000Z,ncaab,Holy Cross,Bucknell,65,58,complete,2026-04-21 18:05:57.427374
263693,2025-12-31T19:30:00.000Z,ncaab,Hampton,Towson,63,62,complete,2026-04-21 18:05:57.427374
263694,2025-12-31T20:00:00.000Z,ncaab,NC A&T,Northeastern,74,85,complete,2026-04-21 18:05:57.427374
266754,2025-12-31T20:00:00.000Z,ncaab,Longwood,Winthrop,82,70,complete,2026-04-21 18:05:57.427374
276564,2025-12-31T20:00:00.000Z,ncaab,Lafayette,Colgate,77,85,complete,2026-04-21 18:05:57.427374
262212,2025-12-31T21:00:00.000Z,ncaab,Marshall,Georgia State,84,80,complete,2026-04-21 18:05:57.427374
263687,2025-12-31T21:00:00.000Z,ncaab,Denver,UMKC,87,74,complete,2026-04-21 18:05:57.427374
266743,2025-12-31T21:00:00.000Z,ncaab,Duke,G Tech,85,79,complete,2026-04-21 18:05:57.427374
275951,2025-12-31T21:00:00.000Z,ncaab,Memphis,North Texas,57,48,complete,2026-04-21 18:05:57.427374
275955,2025-12-31T21:00:00.000Z,ncaab,UAB,Wichita State,70,75,complete,2026-04-21 18:05:57.427374
276098,2025-12-31T21:00:00.000Z,ncaab,Richmond,G Washington,85,99,complete,2026-04-21 18:05:57.427374
276099,2025-12-31T21:00:00.000Z,ncaab,Saint Louis,Saint Joe's,102,79,complete,2026-04-21 18:05:57.427374
263691,2025-12-31T21:30:00.000Z,ncaab,NW State,SFA,64,74,complete,2026-04-21 18:05:57.427374
263695,2025-12-31T21:30:00.000Z,ncaab,Texas A&M-CC,New Orleans,83,69,complete,2026-04-21 18:05:57.427374
263685,2025-12-31T22:00:00.000Z,ncaab,NDSU,South Dakota,84,61,complete,2026-04-21 18:05:57.427374
267404,2025-12-31T22:00:00.000Z,ncaab,Xavier,UConn,67,90,complete,2026-04-21 18:05:57.427374
263696,2025-12-31T22:30:00.000Z,ncaab,UT Grande Valley,Nicholls St,69,71,complete,2026-04-21 18:05:57.427374
267405,2025-12-31T23:00:00.000Z,ncaab,Villanova,DePaul,71,66,complete,2026-04-21 18:05:57.427374
263692,2026-01-01T00:00:00.000Z,ncaab,UNC Wilmington,Drexel,65,53,complete,2026-04-21 18:05:57.427374
267406,2026-01-01T01:00:00.000Z,ncaab,Georgetown,St. John's,83,95,complete,2026-04-21 18:05:57.427374
262220,2026-01-01T18:00:00.000Z,ncaab,North Alabama,Stetson,67,70,complete,2026-04-21 18:05:57.427374
262227,2026-01-01T18:00:00.000Z,ncaab,VMI,Samford,58,78,complete,2026-04-21 18:05:57.427374
262238,2026-01-01T18:00:00.000Z,ncaab,Coastal Car,GA Southern,81,82,complete,2026-04-21 18:05:57.427374
266759,2026-01-01T18:00:00.000Z,ncaab,Youngstown St,Oakland,83,85,complete,2026-04-21 18:05:57.427374
262219,2026-01-01T19:00:00.000Z,ncaab,Lipscomb,Jacksonville,76,57,complete,2026-04-21 18:05:57.427374
262223,2026-01-01T19:00:00.000Z,ncaab,C. Arkansas,FGCU,85,83,complete,2026-04-21 18:05:57.427374
263698,2026-01-01T19:00:00.000Z,ncaab,North Dakota,Oral Roberts,72,61,complete,2026-04-21 18:05:57.427374
266756,2026-01-01T19:00:00.000Z,ncaab,N Kentucky,IUIN,81,72,complete,2026-04-21 18:05:57.427374
266757,2026-01-01T19:00:00.000Z,ncaab,Wright State,Milwaukee,76,70,complete,2026-04-21 18:05:57.427374
266758,2026-01-01T19:00:00.000Z,ncaab,IPFW,Green Bay,54,72,complete,2026-04-21 18:05:57.427374
262241,2026-01-01T20:00:00.000Z,ncaab,UT-Arlington,Cal Baptist,63,51,complete,2026-04-21 18:05:57.427374
280419,2026-01-01T20:00:00.000Z,ncaab,Illinois St,Evansville,73,47,complete,2026-04-21 18:05:57.427374
280420,2026-01-01T20:00:00.000Z,ncaab,S. Illinois,Valparaiso,75,70,complete,2026-04-21 18:05:57.427374
262224,2026-01-01T21:00:00.000Z,ncaab,Weber State,Portland State,90,95,complete,2026-04-21 18:05:57.427374
262230,2026-01-01T21:00:00.000Z,ncaab,UNC Greensboro,Chattanooga,77,72,complete,2026-04-21 18:05:57.427374
262233,2026-01-01T21:30:00.000Z,ncaab,Lindenwood,Morehead St,77,64,complete,2026-04-21 18:05:57.427374
262234,2026-01-01T21:30:00.000Z,ncaab,SIU-Edwardsville,Southern Indiana,59,55,complete,2026-04-21 18:05:57.427374
262237,2026-01-01T21:30:00.000Z,ncaab,TN-Martin,W. Illinois,67,60,complete,2026-04-21 18:05:57.427374
262229,2026-01-01T22:00:00.000Z,ncaab,UL Monroe,Southern Miss,73,87,complete,2026-04-21 18:05:57.427374
262240,2026-01-01T22:00:00.000Z,ncaab,CS Bakersfield,UC Irvine,77,81,complete,2026-04-21 18:05:57.427374
262242,2026-01-01T22:00:00.000Z,ncaab,UC Davis,CS Northridge,89,80,complete,2026-04-21 18:05:57.427374
263697,2026-01-01T22:15:00.000Z,ncaab,SD State,Omaha,84,69,complete,2026-04-21 18:05:57.427374
262222,2026-01-01T23:00:00.000Z,ncaab,Montana,N. Arizona,78,64,complete,2026-04-21 18:05:57.427374
262239,2026-01-01T23:00:00.000Z,ncaab,Ark-Little Rock,Tenn Tech,77,58,complete,2026-04-21 18:05:57.427374
262218,2026-01-02T00:00:00.000Z,ncaab,Queens,E. Kentucky,91,89,complete,2026-04-21 18:05:57.427374
262231,2026-01-02T00:00:00.000Z,ncaab,Wolves,Bellarmine,87,85,complete,2026-04-21 18:05:57.427374
280418,2026-01-02T00:00:00.000Z,ncaab,Belmont,Bradley,88,78,complete,2026-04-21 18:05:57.427374
262221,2026-01-02T01:00:00.000Z,ncaab,Austin Peay,North Florida,102,83,complete,2026-04-21 18:05:57.427374
262226,2026-01-02T01:00:00.000Z,ncaab,Ab Christian,Utah Tech,64,79,complete,2026-04-21 18:05:57.427374
262228,2026-01-02T01:00:00.000Z,ncaab,Tarleton St,Utah Valley,85,91,complete,2026-04-21 18:05:57.427374
262235,2026-01-02T01:00:00.000Z,ncaab,UC Riverside,Hawaii,45,88,complete,2026-04-21 18:05:57.427374
280416,2026-01-02T01:00:00.000Z,ncaab,N. Iowa,Indiana St,75,66,complete,2026-04-21 18:05:57.427374
262232,2026-01-02T01:30:00.000Z,ncaab,SE Missouri,E. Illinois,68,59,complete,2026-04-21 18:05:57.427374
262217,2026-01-02T02:00:00.000Z,ncaab,Idaho State,Sac State,97,84,complete,2026-04-21 18:05:57.427374
262225,2026-01-02T02:00:00.000Z,ncaab,Montana St,N. Colorado,89,75,complete,2026-04-21 18:05:57.427374
280417,2026-01-02T02:00:00.000Z,ncaab,UIC,Murray State,77,81,complete,2026-04-21 18:05:57.427374
262236,2026-01-02T03:00:00.000Z,ncaab,CS Fullerton,UCSB,95,84,complete,2026-04-21 18:05:57.427374
262243,2026-01-02T03:00:00.000Z,ncaab,Cal Poly,UCSD,67,65,complete,2026-04-21 18:05:57.427374
262248,2026-01-02T17:00:00.000Z,ncaab,FIU,N. Mexico St,89,74,complete,2026-04-21 18:05:57.427374
263705,2026-01-02T20:00:00.000Z,ncaab,Merrimack,St. Mary's,75,65,complete,2026-04-21 18:05:57.427374
263699,2026-01-02T21:00:00.000Z,ncaab,Niagara,Sacred Heart,64,61,complete,2026-04-21 18:05:57.427374
263702,2026-01-02T21:00:00.000Z,ncaab,Canisius,Fairfield,85,81,complete,2026-04-21 18:05:57.427374
262247,2026-01-02T22:00:00.000Z,ncaab,W. Kentucky,Sam Houston,102,91,complete,2026-04-21 18:05:57.427374
262244,2026-01-03T00:00:00.000Z,ncaab,Delaware,Jax State,64,67,complete,2026-04-21 18:05:57.427374
262249,2026-01-03T00:00:00.000Z,ncaab,Liberty,Kennesaw St,81,73,complete,2026-04-21 18:05:57.427374
263700,2026-01-03T00:00:00.000Z,ncaab,Iona,Siena,75,72,complete,2026-04-21 18:05:57.427374
263701,2026-01-03T00:00:00.000Z,ncaab,Chicago St,Wagner,72,79,complete,2026-04-21 18:05:57.427374
263703,2026-01-03T00:00:00.000Z,ncaab,Long Island,Central Conn,84,78,complete,2026-04-21 18:05:57.427374
263704,2026-01-03T00:00:00.000Z,ncaab,Manhattan,Quinnipiac,80,79,complete,2026-04-21 18:05:57.427374
263706,2026-01-03T00:00:00.000Z,ncaab,St. Peter's,Marist,69,59,complete,2026-04-21 18:05:57.427374
263711,2026-01-03T00:00:00.000Z,ncaab,McNeese St,Lamar,82,70,complete,2026-04-21 18:05:57.427374
265505,2026-01-03T00:00:00.000Z,ncaab,St. Francis (PA),Dolphins,58,84,complete,2026-04-21 18:05:57.427374
266000,2026-01-03T00:00:00.000Z,ncaab,Stonehill,New Haven,55,70,complete,2026-04-21 18:05:57.427374
266761,2026-01-03T00:00:00.000Z,ncaab,Detroit,Robert Morris,77,85,complete,2026-04-21 18:05:57.427374
274970,2026-01-03T00:00:00.000Z,ncaab,Michigan,USC,96,66,complete,2026-04-21 18:05:57.427374
262245,2026-01-03T00:30:00.000Z,ncaab,Middle Tenn,LA Tech,88,51,complete,2026-04-21 18:05:57.427374
263707,2026-01-03T00:30:00.000Z,ncaab,Lakers,Fairleigh,67,74,complete,2026-04-21 18:05:57.427374
274971,2026-01-03T00:30:00.000Z,ncaab,Maryland,Oregon,54,64,complete,2026-04-21 18:05:57.427374
262246,2026-01-03T01:00:00.000Z,ncaab,Missouri St,UTEP,79,55,complete,2026-04-21 18:05:57.427374
266760,2026-01-03T01:00:00.000Z,ncaab,Stanford,Louisville,80,76,complete,2026-04-21 18:05:57.427374
274972,2026-01-03T01:00:00.000Z,ncaab,Rutgers,Ohio State,73,80,complete,2026-04-21 18:05:57.427374
274973,2026-01-03T02:00:00.000Z,ncaab,Nebraska,Michigan St,58,56,complete,2026-04-21 18:05:57.427374
275193,2026-01-03T02:00:00.000Z,ncaab,Iowa State,West Virginia,80,59,complete,2026-04-21 18:05:57.427374
276948,2026-01-03T02:00:00.000Z,ncaab,Gonzaga,Seattle,80,72,complete,2026-04-21 18:05:57.427374
276949,2026-01-03T02:30:00.000Z,ncaab,Washington St,Loyola Marymount,78,76,complete,2026-04-21 18:05:57.427374
276946,2026-01-03T03:00:00.000Z,ncaab,Pacific,Oregon St,84,53,complete,2026-04-21 18:05:57.427374
276947,2026-01-03T03:00:00.000Z,ncaab,San Francisco,San Diego,74,64,complete,2026-04-21 18:05:57.427374
276950,2026-01-03T03:00:00.000Z,ncaab,Santa Clara,Pepperdine,82,63,complete,2026-04-21 18:05:57.427374
276951,2026-01-03T03:00:00.000Z,ncaab,Saint Mary's,Portland,78,57,complete,2026-04-21 18:05:57.427374
266762,2026-01-03T04:00:00.000Z,ncaab,California,Notre Dame,72,71,complete,2026-04-21 18:05:57.427374
263737,2026-01-04T17:00:00.000Z,ncaab,Canisius,Sacred Heart,82,78,complete,2026-04-21 18:05:57.427374
263740,2026-01-04T17:00:00.000Z,ncaab,Merrimack,Manhattan,73,66,complete,2026-04-21 18:05:57.427374
267410,2026-01-04T17:00:00.000Z,ncaab,Seton Hall,Creighton,56,54,complete,2026-04-21 18:05:57.427374
276106,2026-01-04T17:00:00.000Z,ncaab,Fordham,Richmond,75,83,complete,2026-04-21 18:05:57.427374
263709,2026-01-04T18:00:00.000Z,ncaab,St. Thomas,Denver,92,88,complete,2026-04-21 18:05:57.427374
266001,2026-01-04T18:00:00.000Z,ncaab,Central Conn,New Haven,72,61,complete,2026-04-21 18:05:57.427374
275961,2026-01-04T18:00:00.000Z,ncaab,Tulane,FAU,69,66,complete,2026-04-21 18:05:57.427374
275962,2026-01-04T18:00:00.000Z,ncaab,S. Florida,UAB,106,109,complete,2026-04-21 18:05:57.427374
262297,2026-01-04T19:00:00.000Z,ncaab,Middle Tenn,Sam Houston,68,67,complete,2026-04-21 18:05:57.427374
262298,2026-01-04T19:00:00.000Z,ncaab,Liberty,Jax State,78,69,complete,2026-04-21 18:05:57.427374
262299,2026-01-04T19:00:00.000Z,ncaab,Delaware,Kennesaw St,67,52,complete,2026-04-21 18:05:57.427374
263734,2026-01-04T19:00:00.000Z,ncaab,Marist,Iona,83,38,complete,2026-04-21 18:05:57.427374
263735,2026-01-04T19:00:00.000Z,ncaab,Niagara,Fairfield,75,83,complete,2026-04-21 18:05:57.427374
263736,2026-01-04T19:00:00.000Z,ncaab,Chicago St,Long Island,55,74,complete,2026-04-21 18:05:57.427374
263738,2026-01-04T19:00:00.000Z,ncaab,Quinnipiac,St. Mary's,80,69,complete,2026-04-21 18:05:57.427374
263739,2026-01-04T19:00:00.000Z,ncaab,Rider,Siena,65,74,complete,2026-04-21 18:05:57.427374
265506,2026-01-04T19:00:00.000Z,ncaab,Lakers,Dolphins,74,60,complete,2026-04-21 18:05:57.427374
266773,2026-01-04T19:00:00.000Z,ncaab,IPFW,Cleveland St,74,71,complete,2026-04-21 18:05:57.427374
266776,2026-01-04T19:00:00.000Z,ncaab,IUIN,Wright State,77,81,complete,2026-04-21 18:05:57.427374
267411,2026-01-04T19:00:00.000Z,ncaab,UConn,Marquette,73,57,complete,2026-04-21 18:05:57.427374
262294,2026-01-04T20:00:00.000Z,ncaab,Missouri St,N. Mexico St,89,82,complete,2026-04-21 18:05:57.427374
262295,2026-01-04T20:00:00.000Z,ncaab,W. Kentucky,LA Tech,66,61,complete,2026-04-21 18:05:57.427374
266774,2026-01-04T20:00:00.000Z,ncaab,Oakland,Robert Morris,96,73,complete,2026-04-21 18:05:57.427374
280422,2026-01-04T20:00:00.000Z,ncaab,Valparaiso,UIC,66,59,complete,2026-04-21 18:05:57.427374
280424,2026-01-04T20:00:00.000Z,ncaab,Drake,Indiana St,74,72,complete,2026-04-21 18:05:57.427374
262296,2026-01-04T21:00:00.000Z,ncaab,FIU,UTEP,76,64,complete,2026-04-21 18:05:57.427374
263741,2026-01-04T21:00:00.000Z,ncaab,St. Francis (PA),Fairleigh,85,82,complete,2026-04-21 18:05:57.427374
265507,2026-01-04T21:00:00.000Z,ncaab,Wagner,Stonehill,60,69,complete,2026-04-21 18:05:57.427374
266775,2026-01-04T21:00:00.000Z,ncaab,N Kentucky,Youngstown St,94,79,complete,2026-04-21 18:05:57.427374
275960,2026-01-04T21:00:00.000Z,ncaab,North Texas,Tulsa,72,67,complete,2026-04-21 18:05:57.427374
280426,2026-01-04T21:00:00.000Z,ncaab,Evansville,N. Iowa,48,62,complete,2026-04-21 18:05:57.427374
280423,2026-01-04T22:00:00.000Z,ncaab,Murray State,Bradley,86,66,complete,2026-04-21 18:05:57.427374
280425,2026-01-04T22:00:00.000Z,ncaab,Belmont,S. Illinois,67,68,complete,2026-04-21 18:05:57.427374
276954,2026-01-05T00:00:00.000Z,ncaab,Santa Clara,San Diego,98,70,complete,2026-04-21 18:05:57.427374
276955,2026-01-05T00:00:00.000Z,ncaab,Pacific,Pepperdine,74,69,complete,2026-04-21 18:05:57.427374
276956,2026-01-05T00:00:00.000Z,ncaab,San Francisco,Portland,73,68,complete,2026-04-21 18:05:57.427374
276957,2026-01-05T00:30:00.000Z,ncaab,Washington St,Oregon St,81,67,complete,2026-04-21 18:05:57.427374
274979,2026-01-05T01:00:00.000Z,ncaab,Indiana,Washington,90,80,complete,2026-04-21 18:05:57.427374
276953,2026-01-05T01:00:00.000Z,ncaab,Saint Mary's,Seattle,93,76,complete,2026-04-21 18:05:57.427374
276952,2026-01-05T02:00:00.000Z,ncaab,Gonzaga,Loyola Marymount,82,47,complete,2026-04-21 18:05:57.427374
276736,2026-01-05T22:00:00.000Z,ncaab,Cornell,Columbia,99,104,complete,2026-04-21 18:05:57.427374
274981,2026-01-05T23:30:00.000Z,ncaab,Ohio State,Nebraska,69,72,complete,2026-04-21 18:05:57.427374
278740,2026-01-05T23:30:00.000Z,ncaab,AR-Pine Bluff,Alabama St,90,79,complete,2026-04-21 18:05:57.427374
263713,2026-01-06T00:00:00.000Z,ncaab,Charleston,William & Mary,88,79,complete,2026-04-21 18:05:57.427374
263746,2026-01-06T00:00:00.000Z,ncaab,SE Louisiana,Lamar,60,52,complete,2026-04-21 18:05:57.427374
266777,2026-01-06T00:00:00.000Z,ncaab,Green Bay,Milwaukee,79,76,complete,2026-04-21 18:05:57.427374
274980,2026-01-06T00:00:00.000Z,ncaab,Rutgers,Oregon,88,85,complete,2026-04-21 18:05:57.427374
276735,2026-01-06T00:00:00.000Z,ncaab,Harvard,Dartmouth ,68,76,complete,2026-04-21 18:05:57.427374
276737,2026-01-06T00:00:00.000Z,ncaab,Brown,Yale,53,70,complete,2026-04-21 18:05:57.427374
276738,2026-01-06T00:00:00.000Z,ncaab,Princeton,Penn,78,76,complete,2026-04-21 18:05:57.427374
278741,2026-01-06T00:00:00.000Z,ncaab,Southern U,Prairie View,85,89,complete,2026-04-21 18:05:57.427374
263743,2026-01-06T00:30:00.000Z,ncaab,McNeese St,SFA,66,64,complete,2026-04-21 18:05:57.427374
263744,2026-01-06T00:30:00.000Z,ncaab,Nicholls St,NW State,74,72,complete,2026-04-21 18:05:57.427374
263747,2026-01-06T00:30:00.000Z,ncaab,UT Grande Valley,Incarnate Word,80,67,complete,2026-04-21 18:05:57.427374
278738,2026-01-06T00:30:00.000Z,ncaab,Grambling St,Texas Southern,84,67,complete,2026-04-21 18:05:57.427374
263742,2026-01-06T01:00:00.000Z,ncaab,Hou Christian,Texas A&M-CC,65,81,complete,2026-04-21 18:05:57.427374
263745,2026-01-06T01:00:00.000Z,ncaab,New Orleans,E TA&M,83,73,complete,2026-04-21 18:05:57.427374
278739,2026-01-06T01:00:00.000Z,ncaab,MS Valley St,Alabama A&M,51,71,complete,2026-04-21 18:05:57.427374
274982,2026-01-06T01:30:00.000Z,ncaab,Michigan St,USC,80,51,complete,2026-04-21 18:05:57.427374
263750,2026-01-06T23:00:00.000Z,ncaab,Ohio,UMASS,86,83,complete,2026-04-21 18:05:57.427374
262301,2026-01-07T00:00:00.000Z,ncaab,LSU,S. Carolina,68,78,complete,2026-04-21 18:05:57.427374
262307,2026-01-07T00:00:00.000Z,ncaab,Florida,Georgia,92,77,complete,2026-04-21 18:05:57.427374
263748,2026-01-07T00:00:00.000Z,ncaab,Ball State,E. Michigan,52,74,complete,2026-04-21 18:05:57.427374
263751,2026-01-07T00:00:00.000Z,ncaab,Akron,C. Michigan,82,69,complete,2026-04-21 18:05:57.427374
263752,2026-01-07T00:00:00.000Z,ncaab,Miami (OH),W. Michigan,87,76,complete,2026-04-21 18:05:57.427374
263753,2026-01-07T00:00:00.000Z,ncaab,Kent State,Bowling Green,96,93,complete,2026-04-21 18:05:57.427374
266778,2026-01-07T00:00:00.000Z,ncaab,G Tech,Syracuse,72,82,complete,2026-04-21 18:05:57.427374
266782,2026-01-07T00:00:00.000Z,ncaab,Louisville,Duke,73,84,complete,2026-04-21 18:05:57.427374
267412,2026-01-07T00:00:00.000Z,ncaab,Butler,St. John's,70,84,complete,2026-04-21 18:05:57.427374
274985,2026-01-07T00:00:00.000Z,ncaab,Penn State,Michigan,72,74,complete,2026-04-21 18:05:57.427374
275204,2026-01-07T00:00:00.000Z,ncaab,West Virginia,Cincinnati,62,60,complete,2026-04-21 18:05:57.427374
263749,2026-01-07T01:00:00.000Z,ncaab,N. Illinois,Toledo,61,75,complete,2026-04-21 18:05:57.427374
267413,2026-01-07T01:00:00.000Z,ncaab,DePaul,Georgetown,56,50,complete,2026-04-21 18:05:57.427374
274984,2026-01-07T01:00:00.000Z,ncaab,Minnesota,Iowa,70,67,complete,2026-04-21 18:05:57.427374
275203,2026-01-07T01:00:00.000Z,ncaab,OK State,UCF,87,76,complete,2026-04-21 18:05:57.427374
276107,2026-01-07T01:00:00.000Z,ncaab,Dayton,G Washington,79,72,complete,2026-04-21 18:05:57.427374
262306,2026-01-07T01:30:00.000Z,ncaab,SIU-Edwardsville,Lindenwood,66,62,complete,2026-04-21 18:05:57.427374
262304,2026-01-07T02:00:00.000Z,ncaab,Auburn,Texas A&M,88,90,complete,2026-04-21 18:05:57.427374
262308,2026-01-07T02:00:00.000Z,ncaab,Tennessee,Texas,85,71,complete,2026-04-21 18:05:57.427374
266783,2026-01-07T02:00:00.000Z,ncaab,Boston Col,NC State,71,79,complete,2026-04-21 18:05:57.427374
274983,2026-01-07T02:00:00.000Z,ncaab,Wisconsin,UCLA,80,72,complete,2026-04-21 18:05:57.427374
275201,2026-01-07T02:00:00.000Z,ncaab,Houston,Texas Tech,69,65,complete,2026-04-21 18:05:57.427374
275202,2026-01-07T02:00:00.000Z,ncaab,Kansas,TCU,104,100,complete,2026-04-21 18:05:57.427374
280723,2026-01-07T02:00:00.000Z,ncaab,Air Force,Utah State,62,99,complete,2026-04-21 18:05:57.427374
280725,2026-01-07T02:00:00.000Z,ncaab,Colorado St,New Mexico,70,80,complete,2026-04-21 18:05:57.427374
280724,2026-01-07T03:00:00.000Z,ncaab,San Jose St,Fresno State,55,70,complete,2026-04-21 18:05:57.427374
280727,2026-01-07T03:00:00.000Z,ncaab,Wyoming,UNLV,98,66,complete,2026-04-21 18:05:57.427374
280726,2026-01-07T04:00:00.000Z,ncaab,Nevada,San Diego State,68,73,complete,2026-04-21 18:05:57.427374
262309,2026-01-07T22:00:00.000Z,ncaab,Chattanooga,Furman,67,78,complete,2026-04-21 18:05:57.427374
262316,2026-01-07T23:00:00.000Z,ncaab,Wofford,UNC Greensboro,97,85,complete,2026-04-21 18:05:57.427374
276572,2026-01-07T23:00:00.000Z,ncaab,Army ,Loyola (MD),76,84,complete,2026-04-21 18:05:57.427374
276574,2026-01-07T23:00:00.000Z,ncaab,Lehigh,Holy Cross,66,58,complete,2026-04-21 18:05:57.427374
266785,2026-01-07T23:30:00.000Z,ncaab,UNC Asheville,Longwood,72,61,complete,2026-04-21 18:05:57.427374
266786,2026-01-07T23:30:00.000Z,ncaab,Winthrop,Charleston So,81,77,complete,2026-04-21 18:05:57.427374
274987,2026-01-07T23:30:00.000Z,ncaab,Maryland,Indiana,66,84,complete,2026-04-21 18:05:57.427374
262302,2026-01-08T00:00:00.000Z,ncaab,Kentucky,Missouri,68,73,complete,2026-04-21 18:05:57.427374
262305,2026-01-08T00:00:00.000Z,ncaab,Mississippi St,Oklahoma,72,53,complete,2026-04-21 18:05:57.427374
262310,2026-01-08T00:00:00.000Z,ncaab,Kennesaw St,Missouri St,90,80,complete,2026-04-21 18:05:57.427374
262311,2026-01-08T00:00:00.000Z,ncaab,JMU,Marshall,64,66,complete,2026-04-21 18:05:57.427374
262312,2026-01-08T00:00:00.000Z,ncaab,Samford,W. Carolina,82,77,complete,2026-04-21 18:05:57.427374
262313,2026-01-08T00:00:00.000Z,ncaab,Mercer,Citadel,101,63,complete,2026-04-21 18:05:57.427374
262314,2026-01-08T00:00:00.000Z,ncaab,E Tennessee St,VMI,81,67,complete,2026-04-21 18:05:57.427374
262317,2026-01-08T00:00:00.000Z,ncaab,Jax State,FIU,71,64,complete,2026-04-21 18:05:57.427374
266779,2026-01-08T00:00:00.000Z,ncaab,Wake Forest,Miami (FL),77,81,complete,2026-04-21 18:05:57.427374
266784,2026-01-08T00:00:00.000Z,ncaab,VA Tech,Stanford,68,69,complete,2026-04-21 18:05:57.427374
266787,2026-01-08T00:00:00.000Z,ncaab,Radford,Presbyterian,80,61,complete,2026-04-21 18:05:57.427374
266788,2026-01-08T00:00:00.000Z,ncaab,High Point,Gardner-Webb,104,49,complete,2026-04-21 18:05:57.427374
267414,2026-01-08T00:00:00.000Z,ncaab,Providence,UConn,98,103,complete,2026-04-21 18:05:57.427374
267415,2026-01-08T00:00:00.000Z,ncaab,Marquette,Xavier,66,65,complete,2026-04-21 18:05:57.427374
275966,2026-01-08T00:00:00.000Z,ncaab,Temple,E. Carolina,75,67,complete,2026-04-21 18:05:57.427374
276108,2026-01-08T00:00:00.000Z,ncaab,St. Bonaventure,Richmond,80,89,complete,2026-04-21 18:05:57.427374
276109,2026-01-08T00:00:00.000Z,ncaab,Rhode Island,La Salle,72,79,complete,2026-04-21 18:05:57.427374
276110,2026-01-08T00:00:00.000Z,ncaab,VCU,Saint Louis,62,71,complete,2026-04-21 18:05:57.427374
276112,2026-01-08T00:00:00.000Z,ncaab,Fordham,George Mason,58,67,complete,2026-04-21 18:05:57.427374
276113,2026-01-08T00:00:00.000Z,ncaab,Saint Joe's,Duquesne,97,90,complete,2026-04-21 18:05:57.427374
276573,2026-01-08T00:00:00.000Z,ncaab,Lafayette,Boston U,67,83,complete,2026-04-21 18:05:57.427374
276575,2026-01-08T00:00:00.000Z,ncaab,Colgate,American U,64,62,complete,2026-04-21 18:05:57.427374
276576,2026-01-08T00:00:00.000Z,ncaab,Navy,Bucknell,76,55,complete,2026-04-21 18:05:57.427374
280429,2026-01-08T00:00:00.000Z,ncaab,N. Iowa,Belmont,65,78,complete,2026-04-21 18:05:57.427374
266789,2026-01-08T00:17:00.000Z,ncaab,Youngstown St,IPFW,69,71,complete,2026-04-21 18:05:57.427374
267416,2026-01-08T00:30:00.000Z,ncaab,Villanova,Creighton,72,76,complete,2026-04-21 18:05:57.427374
275965,2026-01-08T00:30:00.000Z,ncaab,UAB,FAU,71,76,complete,2026-04-21 18:05:57.427374
275967,2026-01-08T00:30:00.000Z,ncaab,Wichita State,Rice,64,66,complete,2026-04-21 18:05:57.427374
262315,2026-01-08T01:00:00.000Z,ncaab,Arkansas St,Troy,86,74,complete,2026-04-21 18:05:57.427374
275205,2026-01-08T01:00:00.000Z,ncaab,Baylor,Iowa State,60,70,complete,2026-04-21 18:05:57.427374
275963,2026-01-08T01:00:00.000Z,ncaab,North Texas,S. Florida,70,74,complete,2026-04-21 18:05:57.427374
275964,2026-01-08T01:00:00.000Z,ncaab,UTSA,Charlotte,58,74,complete,2026-04-21 18:05:57.427374
280427,2026-01-08T01:00:00.000Z,ncaab,Evansville,Murray State,69,79,complete,2026-04-21 18:05:57.427374
280428,2026-01-08T01:00:00.000Z,ncaab,Valparaiso,Illinois St,77,71,complete,2026-04-21 18:05:57.427374
280431,2026-01-08T01:00:00.000Z,ncaab,UIC,S. Illinois,70,57,complete,2026-04-21 18:05:57.427374
274986,2026-01-08T01:30:00.000Z,ncaab,Purdue,Washington,81,73,complete,2026-04-21 18:05:57.427374
262300,2026-01-08T02:00:00.000Z,ncaab,Vanderbilt,Alabama,96,90,complete,2026-04-21 18:05:57.427374
262303,2026-01-08T02:00:00.000Z,ncaab,Ole Miss,Arkansas,87,94,complete,2026-04-21 18:05:57.427374
263754,2026-01-08T02:00:00.000Z,ncaab,St. Thomas,South Dakota,99,86,complete,2026-04-21 18:05:57.427374
266780,2026-01-08T02:00:00.000Z,ncaab,Virginia,California,84,60,complete,2026-04-21 18:05:57.427374
266781,2026-01-08T02:00:00.000Z,ncaab,Clemson,SMU,74,70,complete,2026-04-21 18:05:57.427374
275206,2026-01-08T02:00:00.000Z,ncaab,Arizona,K State,101,76,complete,2026-04-21 18:05:57.427374
275207,2026-01-08T02:00:00.000Z,ncaab,BYU,Arizona St,104,76,complete,2026-04-21 18:05:57.427374
275208,2026-01-08T02:00:00.000Z,ncaab,Colorado,Utah,85,73,complete,2026-04-21 18:05:57.427374
276111,2026-01-08T02:00:00.000Z,ncaab,Loyola (IL),Davidson,64,79,complete,2026-04-21 18:05:57.427374
280430,2026-01-08T02:00:00.000Z,ncaab,Bradley,Drake,93,66,complete,2026-04-21 18:05:57.427374
280728,2026-01-08T04:00:00.000Z,ncaab,Boise State,Grand Canyon,58,75,complete,2026-04-21 18:05:57.427374
263758,2026-01-08T17:30:00.000Z,ncaab,Towson,Hofstra,67,78,complete,2026-04-21 18:05:57.427374
263756,2026-01-08T22:00:00.000Z,ncaab,Fairleigh,Chicago St,70,63,complete,2026-04-21 18:05:57.427374
263763,2026-01-08T23:00:00.000Z,ncaab,Bryant U,UMass Lowell,63,77,complete,2026-04-21 18:05:57.427374
263768,2026-01-08T23:00:00.000Z,ncaab,UMBC,Maine,69,62,complete,2026-04-21 18:05:57.427374
274989,2026-01-08T23:30:00.000Z,ncaab,Michigan St,Northwestern,76,66,complete,2026-04-21 18:05:57.427374
262319,2026-01-09T00:00:00.000Z,ncaab,North Florida,Wolves,73,85,complete,2026-04-21 18:05:57.427374
262321,2026-01-09T00:00:00.000Z,ncaab,Georgia State,App State,50,52,complete,2026-04-21 18:05:57.427374
262323,2026-01-09T00:00:00.000Z,ncaab,Bellarmine,C. Arkansas,84,78,complete,2026-04-21 18:05:57.427374
262324,2026-01-09T00:00:00.000Z,ncaab,FGCU,Austin Peay,71,82,complete,2026-04-21 18:05:57.427374
262325,2026-01-09T00:00:00.000Z,ncaab,Jacksonville,Queens,51,77,complete,2026-04-21 18:05:57.427374
262334,2026-01-09T00:00:00.000Z,ncaab,E. Kentucky,North Alabama,88,80,complete,2026-04-21 18:05:57.427374
262336,2026-01-09T00:00:00.000Z,ncaab,Coastal Car,Old Dominion,66,70,complete,2026-04-21 18:05:57.427374
262344,2026-01-09T00:00:00.000Z,ncaab,LA Tech,Liberty,56,72,complete,2026-04-21 18:05:57.427374
262345,2026-01-09T00:00:00.000Z,ncaab,Stetson,Lipscomb,91,83,complete,2026-04-21 18:05:57.427374
263755,2026-01-09T00:00:00.000Z,ncaab,Campbell,Hampton,86,72,complete,2026-04-21 18:05:57.427374
263757,2026-01-09T00:00:00.000Z,ncaab,Northeastern,UNC Wilmington,78,87,complete,2026-04-21 18:05:57.427374
263759,2026-01-09T00:00:00.000Z,ncaab,Drexel,Stony Brook,56,37,complete,2026-04-21 18:05:57.427374
263760,2026-01-09T00:00:00.000Z,ncaab,Wagner,St. Francis (PA),69,71,complete,2026-04-21 18:05:57.427374
263761,2026-01-09T00:00:00.000Z,ncaab,N.J.I.T.,New Hampshire,80,76,complete,2026-04-21 18:05:57.427374
263762,2026-01-09T00:00:00.000Z,ncaab,Monmouth,William & Mary,81,70,complete,2026-04-21 18:05:57.427374
263765,2026-01-09T00:00:00.000Z,ncaab,Long Island,Lakers,60,58,complete,2026-04-21 18:05:57.427374
263769,2026-01-09T00:00:00.000Z,ncaab,NC A&T,Elon,64,69,complete,2026-04-21 18:05:57.427374
263770,2026-01-09T00:00:00.000Z,ncaab,Vermont,Binghamton,60,59,complete,2026-04-21 18:05:57.427374
265508,2026-01-09T00:00:00.000Z,ncaab,Central Conn,Stonehill,76,69,complete,2026-04-21 18:05:57.427374
266002,2026-01-09T00:00:00.000Z,ncaab,Dolphins,New Haven,73,47,complete,2026-04-21 18:05:57.427374
262318,2026-01-09T00:30:00.000Z,ncaab,Sam Houston,Delaware,72,60,complete,2026-04-21 18:05:57.427374
262341,2026-01-09T00:30:00.000Z,ncaab,Morehead St,TN-Martin,68,76,complete,2026-04-21 18:05:57.427374
262327,2026-01-09T01:00:00.000Z,ncaab,N. Colorado,Idaho State,85,72,complete,2026-04-21 18:05:57.427374
262328,2026-01-09T01:00:00.000Z,ncaab,Tarleton St,Ab Christian,80,84,complete,2026-04-21 18:05:57.427374
262331,2026-01-09T01:00:00.000Z,ncaab,Utah Valley,Southern Utah,89,72,complete,2026-04-21 18:05:57.427374
262335,2026-01-09T01:00:00.000Z,ncaab,Southern Miss,Texas St,80,70,complete,2026-04-21 18:05:57.427374
262338,2026-01-09T01:00:00.000Z,ncaab,N. Arizona,Weber State,65,78,complete,2026-04-21 18:05:57.427374
263764,2026-01-09T01:00:00.000Z,ncaab,SD State,Denver,87,79,complete,2026-04-21 18:05:57.427374
263766,2026-01-09T01:00:00.000Z,ncaab,UMKC,NDSU,73,97,complete,2026-04-21 18:05:57.427374
263767,2026-01-09T01:00:00.000Z,ncaab,Omaha,North Dakota,90,79,complete,2026-04-21 18:05:57.427374
262320,2026-01-09T01:30:00.000Z,ncaab,Southern Indiana,SE Missouri,76,84,complete,2026-04-21 18:05:57.427374
262322,2026-01-09T01:30:00.000Z,ncaab,E. Illinois,Tenn Tech,71,61,complete,2026-04-21 18:05:57.427374
262330,2026-01-09T01:30:00.000Z,ncaab,SIU-Edwardsville,Ark-Little Rock,70,73,complete,2026-04-21 18:05:57.427374
262337,2026-01-09T01:30:00.000Z,ncaab,W. Illinois,Tenn St,68,90,complete,2026-04-21 18:05:57.427374
262339,2026-01-09T01:30:00.000Z,ncaab,Louisiana,UL Monroe,85,79,complete,2026-04-21 18:05:57.427374
274990,2026-01-09T01:30:00.000Z,ncaab,Illinois,Rutgers,81,55,complete,2026-04-21 18:05:57.427374
262326,2026-01-09T02:00:00.000Z,ncaab,Idaho,Montana,73,79,complete,2026-04-21 18:05:57.427374
262329,2026-01-09T02:00:00.000Z,ncaab,UCSB,UC Davis,86,93,complete,2026-04-21 18:05:57.427374
262333,2026-01-09T02:00:00.000Z,ncaab,E. Washington,Montana St,64,68,complete,2026-04-21 18:05:57.427374
262343,2026-01-09T02:00:00.000Z,ncaab,UTEP,Middle Tenn,83,80,complete,2026-04-21 18:05:57.427374
262347,2026-01-09T02:00:00.000Z,ncaab,N. Mexico St,W. Kentucky,80,64,complete,2026-04-21 18:05:57.427374
262346,2026-01-09T02:30:00.000Z,ncaab,CS Bakersfield,UC Riverside,67,66,complete,2026-04-21 18:05:57.427374
276960,2026-01-09T02:30:00.000Z,ncaab,San Diego,Pepperdine,83,63,complete,2026-04-21 18:05:57.427374
262332,2026-01-09T03:00:00.000Z,ncaab,UC Irvine,LBSU,74,64,complete,2026-04-21 18:05:57.427374
262340,2026-01-09T03:00:00.000Z,ncaab,CS Northridge,Cal Poly,95,90,complete,2026-04-21 18:05:57.427374
262342,2026-01-09T03:00:00.000Z,ncaab,UCSD,CS Fullerton,71,88,complete,2026-04-21 18:05:57.427374
262348,2026-01-09T03:00:00.000Z,ncaab,Cal Baptist,Utah Tech,84,72,complete,2026-04-21 18:05:57.427374
276959,2026-01-09T03:00:00.000Z,ncaab,Portland,Pacific,90,89,complete,2026-04-21 18:05:57.427374
276962,2026-01-09T03:00:00.000Z,ncaab,Oregon St,Seattle,68,55,complete,2026-04-21 18:05:57.427374
274988,2026-01-09T03:30:00.000Z,ncaab,Oregon,Ohio State,62,72,complete,2026-04-21 18:05:57.427374
276961,2026-01-09T04:00:00.000Z,ncaab,Loyola Marymount,San Francisco,84,82,complete,2026-04-21 18:05:57.427374
276958,2026-01-09T04:30:00.000Z,ncaab,Gonzaga,Santa Clara,89,77,complete,2026-04-21 18:05:57.427374
263787,2026-01-09T23:00:00.000Z,ncaab,Toledo,Miami (OH),73,87,complete,2026-04-21 18:05:57.427374
263771,2026-01-10T00:00:00.000Z,ncaab,Sacred Heart,Marist,72,76,complete,2026-04-21 18:05:57.427374
263772,2026-01-10T00:00:00.000Z,ncaab,Siena,Merrimack,59,63,complete,2026-04-21 18:05:57.427374
263773,2026-01-10T00:00:00.000Z,ncaab,Fairfield,Rider,68,62,complete,2026-04-21 18:05:57.427374
263774,2026-01-10T00:00:00.000Z,ncaab,Manhattan,Canisius,64,70,complete,2026-04-21 18:05:57.427374
263775,2026-01-10T00:00:00.000Z,ncaab,Iona,Niagara,71,53,complete,2026-04-21 18:05:57.427374
263776,2026-01-10T00:00:00.000Z,ncaab,St. Mary's,St. Peter's,70,65,complete,2026-04-21 18:05:57.427374
266790,2026-01-10T00:00:00.000Z,ncaab,Detroit,Wright State,82,84,complete,2026-04-21 18:05:57.427374
266791,2026-01-10T00:00:00.000Z,ncaab,Oakland,Cleveland St,97,72,complete,2026-04-21 18:05:57.427374
266793,2026-01-10T00:00:00.000Z,ncaab,Green Bay,IUIN,75,59,complete,2026-04-21 18:05:57.427374
263782,2026-01-10T01:00:00.000Z,ncaab,Bowling Green,Akron,67,77,complete,2026-04-21 18:05:57.427374
266792,2026-01-10T01:00:00.000Z,ncaab,Milwaukee,N Kentucky,67,85,complete,2026-04-21 18:05:57.427374
274991,2026-01-10T01:30:00.000Z,ncaab,Minnesota,USC,69,70,complete,2026-04-21 18:05:57.427374
280729,2026-01-10T03:00:00.000Z,ncaab,Colorado St,UNLV,70,62,complete,2026-04-21 18:05:57.427374
274998,2026-01-11T17:00:00.000Z,ncaab,Iowa,Illinois,69,75,complete,2026-04-21 18:05:57.427374
276119,2026-01-11T17:00:00.000Z,ncaab,Richmond,Saint Joe's,65,67,complete,2026-04-21 18:05:57.427374
263806,2026-01-11T18:00:00.000Z,ncaab,Iona,Canisius,74,48,complete,2026-04-21 18:05:57.427374
266810,2026-01-11T18:00:00.000Z,ncaab,Detroit,Cleveland St,94,84,complete,2026-04-21 18:05:57.427374
275972,2026-01-11T18:00:00.000Z,ncaab,FAU,Memphis,89,78,complete,2026-04-21 18:05:57.427374
263805,2026-01-11T19:00:00.000Z,ncaab,Sacred Heart,Quinnipiac,60,70,complete,2026-04-21 18:05:57.427374
263807,2026-01-11T19:00:00.000Z,ncaab,Rider,Marist,49,71,complete,2026-04-21 18:05:57.427374
263808,2026-01-11T19:00:00.000Z,ncaab,St. Peter's,Merrimack,76,63,complete,2026-04-21 18:05:57.427374
263809,2026-01-11T19:00:00.000Z,ncaab,Manhattan,Niagara,79,70,complete,2026-04-21 18:05:57.427374
263810,2026-01-11T19:00:00.000Z,ncaab,St. Mary's,Siena,50,67,complete,2026-04-21 18:05:57.427374
266809,2026-01-11T19:00:00.000Z,ncaab,Robert Morris,IPFW,74,79,complete,2026-04-21 18:05:57.427374
266811,2026-01-11T19:00:00.000Z,ncaab,Green Bay,N Kentucky,80,78,complete,2026-04-21 18:05:57.427374
275971,2026-01-11T19:00:00.000Z,ncaab,E. Carolina,UAB,85,87,complete,2026-04-21 18:05:57.427374
275973,2026-01-11T19:00:00.000Z,ncaab,Rice,Charlotte,73,74,complete,2026-04-21 18:05:57.427374
266807,2026-01-11T20:00:00.000Z,ncaab,Oakland,Wright State,84,94,complete,2026-04-21 18:05:57.427374
266808,2026-01-11T20:00:00.000Z,ncaab,Milwaukee,IUIN,95,83,complete,2026-04-21 18:05:57.427374
275970,2026-01-11T20:00:00.000Z,ncaab,Wichita State,North Texas,78,67,complete,2026-04-21 18:05:57.427374
274997,2026-01-11T22:00:00.000Z,ncaab,Rutgers,Northwestern,77,75,complete,2026-04-21 18:05:57.427374
275216,2026-01-11T22:00:00.000Z,ncaab,UCF,Cincinnati,73,72,complete,2026-04-21 18:05:57.427374
274996,2026-01-11T23:00:00.000Z,ncaab,Washington,Ohio State,81,74,complete,2026-04-21 18:05:57.427374
278751,2026-01-12T23:00:00.000Z,ncaab,Morgan State,NC Central,78,89,complete,2026-04-21 18:05:57.427374
263814,2026-01-13T00:00:00.000Z,ncaab,Lamar,Hou Christian,64,56,complete,2026-04-21 18:05:57.427374
263815,2026-01-13T00:00:00.000Z,ncaab,SE Louisiana,New Orleans,76,79,complete,2026-04-21 18:05:57.427374
263816,2026-01-13T00:00:00.000Z,ncaab,SFA,Incarnate Word,56,46,complete,2026-04-21 18:05:57.427374
276582,2026-01-13T00:00:00.000Z,ncaab,American U,Navy,65,51,complete,2026-04-21 18:05:57.427374
278749,2026-01-13T00:00:00.000Z,ncaab,B-Cookman,Southern U,73,77,complete,2026-04-21 18:05:57.427374
278753,2026-01-13T00:00:00.000Z,ncaab,Norfolk State,MD-E Shore,70,74,complete,2026-04-21 18:05:57.427374
278754,2026-01-13T00:00:00.000Z,ncaab,Prairie View,AR-Pine Bluff,73,61,complete,2026-04-21 18:05:57.427374
278755,2026-01-13T00:00:00.000Z,ncaab,Alabama St,Alcorn State,81,66,complete,2026-04-21 18:05:57.427374
278756,2026-01-13T00:00:00.000Z,ncaab,Coppin St,SC State,72,74,complete,2026-04-21 18:05:57.427374
279093,2026-01-13T00:00:00.000Z,ncaab,Florida A&M,Grambling St,91,84,complete,2026-04-21 18:05:57.427374
280438,2026-01-13T00:00:00.000Z,ncaab,Howard,Delaware St,84,58,complete,2026-04-21 18:05:57.427374
263811,2026-01-13T00:30:00.000Z,ncaab,NW State,UT Grande Valley,64,63,complete,2026-04-21 18:05:57.427374
263812,2026-01-13T00:30:00.000Z,ncaab,McNeese St,Nicholls St,94,68,complete,2026-04-21 18:05:57.427374
263813,2026-01-13T00:30:00.000Z,ncaab,E TA&M,Texas A&M-CC,50,61,complete,2026-04-21 18:05:57.427374
278750,2026-01-13T01:00:00.000Z,ncaab,Texas Southern,MS Valley St,84,51,complete,2026-04-21 18:05:57.427374
278757,2026-01-13T01:00:00.000Z,ncaab,Alabama A&M,Jackson St,100,91,complete,2026-04-21 18:05:57.427374
263820,2026-01-13T23:30:00.000Z,ncaab,Buffalo,Kent State,81,87,complete,2026-04-21 18:05:57.427374
263822,2026-01-13T23:30:00.000Z,ncaab,E. Michigan,N. Illinois,77,59,complete,2026-04-21 18:05:57.427374
267422,2026-01-13T23:30:00.000Z,ncaab,St. John's,Marquette,92,68,complete,2026-04-21 18:05:57.427374
267425,2026-01-13T23:30:00.000Z,ncaab,Providence,Villanova,82,88,complete,2026-04-21 18:05:57.427374
262404,2026-01-14T00:00:00.000Z,ncaab,Tennessee,Texas A&M,87,82,complete,2026-04-21 18:05:57.427374
263817,2026-01-14T00:00:00.000Z,ncaab,Akron,Ball State,87,77,complete,2026-04-21 18:05:57.427374
263818,2026-01-14T00:00:00.000Z,ncaab,Toledo,Ohio,101,85,complete,2026-04-21 18:05:57.427374
263819,2026-01-14T00:00:00.000Z,ncaab,Miami (OH),C. Michigan,100,61,complete,2026-04-21 18:05:57.427374
263821,2026-01-14T00:00:00.000Z,ncaab,W. Michigan,UMASS,82,85,complete,2026-04-21 18:05:57.427374
266817,2026-01-14T00:00:00.000Z,ncaab,Louisville,Virginia,70,79,complete,2026-04-21 18:05:57.427374
266818,2026-01-14T00:00:00.000Z,ncaab,Notre Dame,Miami (FL),69,81,complete,2026-04-21 18:05:57.427374
266819,2026-01-14T00:00:00.000Z,ncaab,Clemson,Boston Col,74,50,complete,2026-04-21 18:05:57.427374
275001,2026-01-14T00:00:00.000Z,ncaab,Michigan St,Indiana,81,60,complete,2026-04-21 18:05:57.427374
275002,2026-01-14T00:00:00.000Z,ncaab,Minnesota,Wisconsin,75,78,complete,2026-04-21 18:05:57.427374
276120,2026-01-14T00:00:00.000Z,ncaab,Duquesne,Dayton,65,71,complete,2026-04-21 18:05:57.427374
276121,2026-01-14T00:00:00.000Z,ncaab,Loyola (IL),George Mason,74,82,complete,2026-04-21 18:05:57.427374
280440,2026-01-14T00:00:00.000Z,ncaab,N. Iowa,UIC,61,69,complete,2026-04-21 18:05:57.427374
280439,2026-01-14T00:30:00.000Z,ncaab,Belmont,Valparaiso,78,74,complete,2026-04-21 18:05:57.427374
267423,2026-01-14T01:00:00.000Z,ncaab,Seton Hall,UConn,64,69,complete,2026-04-21 18:05:57.427374
280441,2026-01-14T01:00:00.000Z,ncaab,Evansville,Bradley,90,94,complete,2026-04-21 18:05:57.427374
262400,2026-01-14T01:30:00.000Z,ncaab,E. Illinois,W. Illinois,57,55,complete,2026-04-21 18:05:57.427374
275219,2026-01-14T01:30:00.000Z,ncaab,Houston,West Virginia,77,48,complete,2026-04-21 18:05:57.427374
262401,2026-01-14T02:00:00.000Z,ncaab,Oklahoma,Florida,79,96,complete,2026-04-21 18:05:57.427374
262406,2026-01-14T02:00:00.000Z,ncaab,Mississippi St,Alabama,82,97,complete,2026-04-21 18:05:57.427374
266812,2026-01-14T02:00:00.000Z,ncaab,Syracuse,Florida St,94,86,complete,2026-04-21 18:05:57.427374
267424,2026-01-14T02:00:00.000Z,ncaab,Creighton,Georgetown,86,83,complete,2026-04-21 18:05:57.427374
275000,2026-01-14T02:00:00.000Z,ncaab,Nebraska,Oregon,90,55,complete,2026-04-21 18:05:57.427374
275217,2026-01-14T02:00:00.000Z,ncaab,Kansas,Iowa State,84,63,complete,2026-04-21 18:05:57.427374
275218,2026-01-14T02:00:00.000Z,ncaab,OK State,Baylor,79,94,complete,2026-04-21 18:05:57.427374
280735,2026-01-14T02:00:00.000Z,ncaab,Fresno State,Colorado St,79,69,complete,2026-04-21 18:05:57.427374
280738,2026-01-14T02:00:00.000Z,ncaab,New Mexico,Grand Canyon,87,64,complete,2026-04-21 18:05:57.427374
280737,2026-01-14T03:00:00.000Z,ncaab,San Jose St,Air Force,70,62,complete,2026-04-21 18:05:57.427374
274999,2026-01-14T03:30:00.000Z,ncaab,USC,Maryland,88,71,complete,2026-04-21 18:05:57.427374
276971,2026-01-14T04:00:00.000Z,ncaab,San Francisco,Saint Mary's,68,82,complete,2026-04-21 18:05:57.427374
280736,2026-01-14T04:00:00.000Z,ncaab,UNLV,Boise State,89,85,complete,2026-04-21 18:05:57.427374
262412,2026-01-14T23:00:00.000Z,ncaab,W. Carolina,E Tennessee St,72,68,complete,2026-04-21 18:05:57.427374
262414,2026-01-14T23:00:00.000Z,ncaab,Wofford,Chattanooga,67,76,complete,2026-04-21 18:05:57.427374
276124,2026-01-14T23:00:00.000Z,ncaab,Rhode Island,VCU,75,84,complete,2026-04-21 18:05:57.427374
276584,2026-01-14T23:00:00.000Z,ncaab,Holy Cross,Army ,82,75,complete,2026-04-21 18:05:57.427374
276585,2026-01-14T23:00:00.000Z,ncaab,Boston U,Lehigh,91,93,complete,2026-04-21 18:05:57.427374
266822,2026-01-14T23:30:00.000Z,ncaab,Winthrop,High Point,92,75,complete,2026-04-21 18:05:57.427374
267426,2026-01-14T23:30:00.000Z,ncaab,Xavier,Butler,89,75,complete,2026-04-21 18:05:57.427374
275003,2026-01-14T23:30:00.000Z,ncaab,Purdue,Iowa,79,72,complete,2026-04-21 18:05:57.427374
262402,2026-01-15T00:00:00.000Z,ncaab,LSU,Kentucky,74,75,complete,2026-04-21 18:05:57.427374
262403,2026-01-15T00:00:00.000Z,ncaab,Missouri,Auburn,84,74,complete,2026-04-21 18:05:57.427374
262405,2026-01-15T00:00:00.000Z,ncaab,Georgia,Ole Miss,95,97,complete,2026-04-21 18:05:57.427374
262410,2026-01-15T00:00:00.000Z,ncaab,Marshall,Coastal Car,83,85,complete,2026-04-21 18:05:57.427374
262411,2026-01-15T00:00:00.000Z,ncaab,Jax State,Sam Houston,62,77,complete,2026-04-21 18:05:57.427374
262413,2026-01-15T00:00:00.000Z,ncaab,Kennesaw St,FIU,89,86,complete,2026-04-21 18:05:57.427374
262415,2026-01-15T00:00:00.000Z,ncaab,Troy,Southern Miss,91,65,complete,2026-04-21 18:05:57.427374
262416,2026-01-15T00:00:00.000Z,ncaab,Samford,Furman,73,77,complete,2026-04-21 18:05:57.427374
263823,2026-01-15T00:00:00.000Z,ncaab,Fairfield,Manhattan,98,62,complete,2026-04-21 18:05:57.427374
263826,2026-01-15T00:00:00.000Z,ncaab,Canisius,Niagara,54,59,complete,2026-04-21 18:05:57.427374
263827,2026-01-15T00:00:00.000Z,ncaab,Siena,Sacred Heart,80,86,complete,2026-04-21 18:05:57.427374
263828,2026-01-15T00:00:00.000Z,ncaab,Quinnipiac,St. Peter's,70,74,complete,2026-04-21 18:05:57.427374
263829,2026-01-15T00:00:00.000Z,ncaab,Rider,Iona,72,68,complete,2026-04-21 18:05:57.427374
266814,2026-01-15T00:00:00.000Z,ncaab,G Tech,Pittsburgh,66,89,complete,2026-04-21 18:05:57.427374
266820,2026-01-15T00:00:00.000Z,ncaab,Presbyterian,UNC Asheville,71,70,complete,2026-04-21 18:05:57.427374
266821,2026-01-15T00:00:00.000Z,ncaab,Gardner-Webb,Radford,80,89,complete,2026-04-21 18:05:57.427374
266823,2026-01-15T00:00:00.000Z,ncaab,Charleston So,USC Upstate,81,86,complete,2026-04-21 18:05:57.427374
275223,2026-01-15T00:00:00.000Z,ncaab,Cincinnati,Colorado,77,68,complete,2026-04-21 18:05:57.427374
275974,2026-01-15T00:00:00.000Z,ncaab,S. Florida,E. Carolina,82,71,complete,2026-04-21 18:05:57.427374
275976,2026-01-15T00:00:00.000Z,ncaab,Charlotte,Tulsa,74,86,complete,2026-04-21 18:05:57.427374
276123,2026-01-15T00:00:00.000Z,ncaab,G Washington,Davidson,79,84,complete,2026-04-21 18:05:57.427374
276125,2026-01-15T00:00:00.000Z,ncaab,Richmond,La Salle,74,53,complete,2026-04-21 18:05:57.427374
276126,2026-01-15T00:00:00.000Z,ncaab,Saint Joe's,St. Bonaventure,68,64,complete,2026-04-21 18:05:57.427374
276586,2026-01-15T00:00:00.000Z,ncaab,Loyola (MD),Colgate,80,86,complete,2026-04-21 18:05:57.427374
280443,2026-01-15T00:00:00.000Z,ncaab,Indiana St,Illinois St,94,89,complete,2026-04-21 18:05:57.427374
262408,2026-01-15T00:30:00.000Z,ncaab,LA Tech,Middle Tenn,59,58,complete,2026-04-21 18:05:57.427374
262409,2026-01-15T00:30:00.000Z,ncaab,W. Kentucky,Missouri St,87,72,complete,2026-04-21 18:05:57.427374
275977,2026-01-15T00:30:00.000Z,ncaab,Tulane,UAB,69,82,complete,2026-04-21 18:05:57.427374
276583,2026-01-15T00:30:00.000Z,ncaab,Bucknell,Lafayette,76,69,complete,2026-04-21 18:05:57.427374
262417,2026-01-15T01:00:00.000Z,ncaab,Texas St,Louisiana,59,54,complete,2026-04-21 18:05:57.427374
263824,2026-01-15T01:00:00.000Z,ncaab,NDSU,SD State,76,65,complete,2026-04-21 18:05:57.427374
275224,2026-01-15T01:00:00.000Z,ncaab,K State,UCF,73,82,complete,2026-04-21 18:05:57.427374
275975,2026-01-15T01:00:00.000Z,ncaab,Memphis,Temple,55,53,complete,2026-04-21 18:05:57.427374
275978,2026-01-15T01:00:00.000Z,ncaab,UTSA,Rice,73,89,complete,2026-04-21 18:05:57.427374
276122,2026-01-15T01:00:00.000Z,ncaab,Saint Louis,Fordham,78,56,complete,2026-04-21 18:05:57.427374
280442,2026-01-15T01:00:00.000Z,ncaab,S. Illinois,Drake,73,76,complete,2026-04-21 18:05:57.427374
280739,2026-01-15T01:00:00.000Z,ncaab,Wyoming,San Diego State,57,74,complete,2026-04-21 18:05:57.427374
275005,2026-01-15T01:30:00.000Z,ncaab,Northwestern,Illinois,68,79,complete,2026-04-21 18:05:57.427374
275006,2026-01-15T01:30:00.000Z,ncaab,Penn State,UCLA,60,71,complete,2026-04-21 18:05:57.427374
262399,2026-01-15T02:00:00.000Z,ncaab,Arkansas,S. Carolina,108,74,complete,2026-04-21 18:05:57.427374
262407,2026-01-15T02:00:00.000Z,ncaab,Texas,Vanderbilt,80,64,complete,2026-04-21 18:05:57.427374
263825,2026-01-15T02:00:00.000Z,ncaab,Denver,Oral Roberts,98,87,complete,2026-04-21 18:05:57.427374
266813,2026-01-15T02:00:00.000Z,ncaab,Stanford,UNC,95,90,complete,2026-04-21 18:05:57.427374
266815,2026-01-15T02:00:00.000Z,ncaab,SMU,VA Tech,77,76,complete,2026-04-21 18:05:57.427374
275222,2026-01-15T02:00:00.000Z,ncaab,Texas Tech,Utah,88,74,complete,2026-04-21 18:05:57.427374
276970,2026-01-15T02:00:00.000Z,ncaab,Pepperdine,Portland,67,63,complete,2026-04-21 18:05:57.427374
276968,2026-01-15T03:00:00.000Z,ncaab,Oregon St,Loyola Marymount,76,70,complete,2026-04-21 18:05:57.427374
276973,2026-01-15T03:00:00.000Z,ncaab,Santa Clara,Pacific,85,69,complete,2026-04-21 18:05:57.427374
280740,2026-01-15T03:00:00.000Z,ncaab,Utah State,Nevada,71,62,complete,2026-04-21 18:05:57.427374
275004,2026-01-15T03:30:00.000Z,ncaab,Washington,Michigan,72,82,complete,2026-04-21 18:05:57.427374
275220,2026-01-15T03:30:00.000Z,ncaab,Arizona,Arizona St,89,82,complete,2026-04-21 18:05:57.427374
266816,2026-01-15T04:00:00.000Z,ncaab,California,Duke,56,71,complete,2026-04-21 18:05:57.427374
275221,2026-01-15T04:00:00.000Z,ncaab,BYU,TCU,76,70,complete,2026-04-21 18:05:57.427374
262434,2026-01-15T23:00:00.000Z,ncaab,VMI,Mercer,67,77,complete,2026-04-21 18:05:57.427374
262440,2026-01-15T23:00:00.000Z,ncaab,Liberty,N. Mexico St,73,71,complete,2026-04-21 18:05:57.427374
263833,2026-01-15T23:00:00.000Z,ncaab,UMass Lowell,N.J.I.T.,64,73,complete,2026-04-21 18:05:57.427374
263836,2026-01-15T23:00:00.000Z,ncaab,Bryant U,UMBC,79,74,complete,2026-04-21 18:05:57.427374
262430,2026-01-15T23:30:00.000Z,ncaab,App State,JMU,80,65,complete,2026-04-21 18:05:57.427374
263832,2026-01-15T23:30:00.000Z,ncaab,Albany,Binghamton,69,53,complete,2026-04-21 18:05:57.427374
266827,2026-01-15T23:30:00.000Z,ncaab,IUIN,Robert Morris,96,93,complete,2026-04-21 18:05:57.427374
262421,2026-01-16T00:00:00.000Z,ncaab,FGCU,Queens,74,85,complete,2026-04-21 18:05:57.427374
262422,2026-01-16T00:00:00.000Z,ncaab,North Alabama,North Florida,91,105,complete,2026-04-21 18:05:57.427374
262426,2026-01-16T00:00:00.000Z,ncaab,Stetson,Wolves,95,86,complete,2026-04-21 18:05:57.427374
262432,2026-01-16T00:00:00.000Z,ncaab,Delaware,UTEP,69,70,complete,2026-04-21 18:05:57.427374
262439,2026-01-16T00:00:00.000Z,ncaab,GA Southern,Old Dominion,87,84,complete,2026-04-21 18:05:57.427374
262445,2026-01-16T00:00:00.000Z,ncaab,UNC Greensboro,Citadel,69,66,complete,2026-04-21 18:05:57.427374
263831,2026-01-16T00:00:00.000Z,ncaab,Stony Brook,Hofstra,76,71,complete,2026-04-21 18:05:57.427374
263834,2026-01-16T00:00:00.000Z,ncaab,William & Mary,NC A&T,97,89,complete,2026-04-21 18:05:57.427374
263837,2026-01-16T00:00:00.000Z,ncaab,Monmouth,Drexel,51,73,complete,2026-04-21 18:05:57.427374
263838,2026-01-16T00:00:00.000Z,ncaab,Northeastern,Elon,85,78,complete,2026-04-21 18:05:57.427374
263840,2026-01-16T00:00:00.000Z,ncaab,Vermont,Maine,67,62,complete,2026-04-21 18:05:57.427374
266824,2026-01-16T00:00:00.000Z,ncaab,N Kentucky,Detroit,96,71,complete,2026-04-21 18:05:57.427374
266825,2026-01-16T00:00:00.000Z,ncaab,Milwaukee,Oakland,60,73,complete,2026-04-21 18:05:57.427374
266826,2026-01-16T00:00:00.000Z,ncaab,Wright State,Youngstown St,93,83,complete,2026-04-21 18:05:57.427374
266828,2026-01-16T00:00:00.000Z,ncaab,Cleveland St,Green Bay,73,88,complete,2026-04-21 18:05:57.427374
262433,2026-01-16T00:30:00.000Z,ncaab,C. Arkansas,Jacksonville,62,60,complete,2026-04-21 18:05:57.427374
262418,2026-01-16T01:00:00.000Z,ncaab,S. Alabama,Arkansas St,91,87,complete,2026-04-21 18:05:57.427374
262425,2026-01-16T01:00:00.000Z,ncaab,Lipscomb,Bellarmine,81,71,complete,2026-04-21 18:05:57.427374
262428,2026-01-16T01:00:00.000Z,ncaab,Austin Peay,E. Kentucky,74,72,complete,2026-04-21 18:05:57.427374
262438,2026-01-16T01:00:00.000Z,ncaab,Ab Christian,Cal Baptist,58,74,complete,2026-04-21 18:05:57.427374
262446,2026-01-16T01:00:00.000Z,ncaab,Ark-Little Rock,E. Illinois,74,63,complete,2026-04-21 18:05:57.427374
263830,2026-01-16T01:00:00.000Z,ncaab,Towson,Charleston,61,52,complete,2026-04-21 18:05:57.427374
263835,2026-01-16T01:00:00.000Z,ncaab,North Dakota,St. Thomas,80,91,complete,2026-04-21 18:05:57.427374
263839,2026-01-16T01:00:00.000Z,ncaab,South Dakota,UMKC,99,83,complete,2026-04-21 18:05:57.427374
262419,2026-01-16T01:30:00.000Z,ncaab,Tenn Tech,Southern Indiana,54,71,complete,2026-04-21 18:05:57.427374
262424,2026-01-16T01:30:00.000Z,ncaab,TN-Martin,SIU-Edwardsville,65,59,complete,2026-04-21 18:05:57.427374
262436,2026-01-16T01:30:00.000Z,ncaab,Southern Utah,Tarleton St,106,105,complete,2026-04-21 18:05:57.427374
262437,2026-01-16T01:30:00.000Z,ncaab,Tenn St,Morehead St,105,100,complete,2026-04-21 18:05:57.427374
262427,2026-01-16T02:00:00.000Z,ncaab,Utah Tech,UT-Arlington,52,56,complete,2026-04-21 18:05:57.427374
262431,2026-01-16T02:00:00.000Z,ncaab,Weber State,E. Washington,91,80,complete,2026-04-21 18:05:57.427374
262435,2026-01-16T02:00:00.000Z,ncaab,SE Missouri,Lindenwood,76,88,complete,2026-04-21 18:05:57.427374
262441,2026-01-16T02:00:00.000Z,ncaab,Idaho State,Idaho,76,68,complete,2026-04-21 18:05:57.427374
262444,2026-01-16T02:00:00.000Z,ncaab,UC Davis,CS Fullerton,74,69,complete,2026-04-21 18:05:57.427374
275979,2026-01-16T02:00:00.000Z,ncaab,FAU,Wichita State,85,67,complete,2026-04-21 18:05:57.427374
262429,2026-01-16T02:30:00.000Z,ncaab,CS Bakersfield,UCSB,69,75,complete,2026-04-21 18:05:57.427374
262420,2026-01-16T03:00:00.000Z,ncaab,Portland State,N. Colorado,76,73,complete,2026-04-21 18:05:57.427374
262423,2026-01-16T03:00:00.000Z,ncaab,Cal Poly,Hawaii,66,86,complete,2026-04-21 18:05:57.427374
262442,2026-01-16T03:00:00.000Z,ncaab,UCSD,CS Northridge,79,84,complete,2026-04-21 18:05:57.427374
262443,2026-01-16T03:00:00.000Z,ncaab,LBSU,UC Riverside,88,73,complete,2026-04-21 18:05:57.427374
262447,2026-01-16T03:00:00.000Z,ncaab,Sac State,N. Arizona,83,69,complete,2026-04-21 18:05:57.427374
276972,2026-01-16T03:00:00.000Z,ncaab,Washington St,Gonzaga,65,86,complete,2026-04-21 18:05:57.427374
281078,2026-01-16T03:00:00.000Z,ncaab,Seattle,San Diego,75,64,complete,2026-04-21 18:05:57.427374
263861,2026-01-16T23:30:00.000Z,ncaab,Kent State,Toledo,87,84,complete,2026-04-21 18:05:57.427374
267428,2026-01-16T23:30:00.000Z,ncaab,Providence,Creighton,93,88,complete,2026-04-21 18:05:57.427374
275225,2026-01-17T01:00:00.000Z,ncaab,Kansas,Baylor,80,62,complete,2026-04-21 18:05:57.427374
263848,2026-01-17T01:30:00.000Z,ncaab,Ball State,Ohio,76,71,complete,2026-04-21 18:05:57.427374
267427,2026-01-17T01:30:00.000Z,ncaab,DePaul,Marquette,80,75,complete,2026-04-21 18:05:57.427374
276127,2026-01-17T01:30:00.000Z,ncaab,Dayton,Loyola (IL),78,51,complete,2026-04-21 18:05:57.427374
280741,2026-01-17T03:30:00.000Z,ncaab,Boise State,Colorado St,79,73,complete,2026-04-21 18:05:57.427374
275015,2026-01-18T17:00:00.000Z,ncaab,Maryland,Penn State,96,73,complete,2026-04-21 18:05:57.427374
275982,2026-01-18T17:00:00.000Z,ncaab,Temple,FAU,73,79,complete,2026-04-21 18:05:57.427374
276591,2026-01-18T18:00:00.000Z,ncaab,Army ,American U,67,78,complete,2026-04-21 18:05:57.427374
266845,2026-01-18T19:00:00.000Z,ncaab,IPFW,Milwaukee,100,82,complete,2026-04-21 18:05:57.427374
266846,2026-01-18T19:00:00.000Z,ncaab,Green Bay,Oakland,63,88,complete,2026-04-21 18:05:57.427374
275984,2026-01-18T19:00:00.000Z,ncaab,E. Carolina,Charlotte,70,73,complete,2026-04-21 18:05:57.427374
275985,2026-01-18T19:00:00.000Z,ncaab,S. Florida,Wichita State,85,86,complete,2026-04-21 18:05:57.427374
275980,2026-01-18T20:00:00.000Z,ncaab,UAB,Tulsa,77,99,complete,2026-04-21 18:05:57.427374
275981,2026-01-18T22:00:00.000Z,ncaab,Tulane,North Texas,63,71,complete,2026-04-21 18:05:57.427374
275983,2026-01-18T23:00:00.000Z,ncaab,Memphis,UTSA,95,69,complete,2026-04-21 18:05:57.427374
275232,2026-01-18T23:30:00.000Z,ncaab,Houston,Arizona St,103,73,complete,2026-04-21 18:05:57.427374
276976,2026-01-19T00:00:00.000Z,ncaab,San Francisco,Washington St,85,80,complete,2026-04-21 18:05:57.427374
263859,2026-01-19T16:00:00.000Z,ncaab,Monmouth,Northeastern,81,68,complete,2026-04-21 18:05:57.427374
265514,2026-01-19T17:00:00.000Z,ncaab,St. Francis (PA),Stonehill,63,61,complete,2026-04-21 18:05:57.427374
263853,2026-01-19T18:00:00.000Z,ncaab,Towson,Drexel,59,58,complete,2026-04-21 18:05:57.427374
263878,2026-01-19T18:00:00.000Z,ncaab,Albany,Vermont,75,68,complete,2026-04-21 18:05:57.427374
263869,2026-01-19T19:00:00.000Z,ncaab,Marist,Merrimack,55,68,complete,2026-04-21 18:05:57.427374
263870,2026-01-19T19:00:00.000Z,ncaab,Quinnipiac,Manhattan,98,92,complete,2026-04-21 18:05:57.427374
263871,2026-01-19T19:00:00.000Z,ncaab,St. Peter's,Iona,77,63,complete,2026-04-21 18:05:57.427374
263872,2026-01-19T19:00:00.000Z,ncaab,Fairleigh,Wagner,68,61,complete,2026-04-21 18:05:57.427374
263874,2026-01-19T19:00:00.000Z,ncaab,Niagara,St. Mary's,58,68,complete,2026-04-21 18:05:57.427374
263875,2026-01-19T19:00:00.000Z,ncaab,N.J.I.T.,Bryant U,79,55,complete,2026-04-21 18:05:57.427374
263876,2026-01-19T19:00:00.000Z,ncaab,Maine,New Hampshire,48,65,complete,2026-04-21 18:05:57.427374
263879,2026-01-19T19:00:00.000Z,ncaab,Siena,Fairfield,85,77,complete,2026-04-21 18:05:57.427374
263881,2026-01-19T19:00:00.000Z,ncaab,Rider,Sacred Heart,85,105,complete,2026-04-21 18:05:57.427374
263883,2026-01-19T19:00:00.000Z,ncaab,Lakers,Central Conn,79,61,complete,2026-04-21 18:05:57.427374
263884,2026-01-19T19:00:00.000Z,ncaab,Binghamton,UMBC,60,78,complete,2026-04-21 18:05:57.427374
276747,2026-01-19T19:00:00.000Z,ncaab,Harvard,Penn,64,63,complete,2026-04-21 18:05:57.427374
276748,2026-01-19T19:00:00.000Z,ncaab,Brown,Cornell,67,89,complete,2026-04-21 18:05:57.427374
276749,2026-01-19T19:00:00.000Z,ncaab,Yale,Columbia,91,74,complete,2026-04-21 18:05:57.427374
265515,2026-01-19T20:00:00.000Z,ncaab,Dolphins,Long Island,83,77,complete,2026-04-21 18:05:57.427374
276131,2026-01-19T20:00:00.000Z,ncaab,VCU,Saint Joe's,79,72,complete,2026-04-21 18:05:57.427374
278767,2026-01-19T20:00:00.000Z,ncaab,Alcorn State,Prairie View,76,75,complete,2026-04-21 18:05:57.427374
263887,2026-01-19T21:00:00.000Z,ncaab,Texas A&M-CC,McNeese St,53,69,complete,2026-04-21 18:05:57.427374
276132,2026-01-19T22:00:00.000Z,ncaab,George Mason,G Washington,69,64,complete,2026-04-21 18:05:57.427374
263882,2026-01-19T23:00:00.000Z,ncaab,Incarnate Word,E TA&M,58,80,complete,2026-04-21 18:05:57.427374
267432,2026-01-19T23:00:00.000Z,ncaab,Marquette,Providence,105,104,complete,2026-04-21 18:05:57.427374
276750,2026-01-19T23:00:00.000Z,ncaab,Dartmouth ,Princeton,71,69,complete,2026-04-21 18:05:57.427374
281256,2026-01-19T23:00:00.000Z,ncaab,Alabama St,Alabama A&M,69,73,complete,2026-04-21 18:05:57.427374
278766,2026-01-19T23:30:00.000Z,ncaab,AR-Pine Bluff,B-Cookman,82,87,complete,2026-04-21 18:05:57.427374
266005,2026-01-20T00:00:00.000Z,ncaab,Chicago St,New Haven,56,62,complete,2026-04-21 18:05:57.427374
276592,2026-01-20T00:00:00.000Z,ncaab,Lehigh,Loyola (MD),88,81,complete,2026-04-21 18:05:57.427374
263877,2026-01-20T00:30:00.000Z,ncaab,Nicholls St,SFA,62,79,complete,2026-04-21 18:05:57.427374
263886,2026-01-20T00:30:00.000Z,ncaab,UT Grande Valley,SE Louisiana,68,65,complete,2026-04-21 18:05:57.427374
262498,2026-01-20T01:00:00.000Z,ncaab,N. Colorado,Montana St,68,73,complete,2026-04-21 18:05:57.427374
262499,2026-01-20T01:00:00.000Z,ncaab,N. Arizona,Montana,72,98,complete,2026-04-21 18:05:57.427374
263873,2026-01-20T01:00:00.000Z,ncaab,New Orleans,Lamar,89,76,complete,2026-04-21 18:05:57.427374
263880,2026-01-20T01:00:00.000Z,ncaab,Hou Christian,NW State,82,80,complete,2026-04-21 18:05:57.427374
278765,2026-01-20T01:00:00.000Z,ncaab,MS Valley St,Florida A&M,48,62,complete,2026-04-21 18:05:57.427374
278768,2026-01-20T01:00:00.000Z,ncaab,Jackson St,Texas Southern,94,89,complete,2026-04-21 18:05:57.427374
263885,2026-01-20T02:00:00.000Z,ncaab,Hampton,NC A&T,82,61,complete,2026-04-21 18:05:57.427374
263890,2026-01-20T23:00:00.000Z,ncaab,UMASS,Toledo,84,82,complete,2026-04-21 18:05:57.427374
263889,2026-01-20T23:30:00.000Z,ncaab,Buffalo,Akron,63,82,complete,2026-04-21 18:05:57.427374
275017,2026-01-20T23:30:00.000Z,ncaab,Ohio State,Minnesota,82,74,complete,2026-04-21 18:05:57.427374
262501,2026-01-21T00:00:00.000Z,ncaab,S. Carolina,Oklahoma,85,76,complete,2026-04-21 18:05:57.427374
262503,2026-01-21T00:00:00.000Z,ncaab,Florida,LSU,79,61,complete,2026-04-21 18:05:57.427374
263888,2026-01-21T00:00:00.000Z,ncaab,Ohio,N. Illinois,80,77,complete,2026-04-21 18:05:57.427374
263891,2026-01-21T00:00:00.000Z,ncaab,W. Michigan,Bowling Green,54,72,complete,2026-04-21 18:05:57.427374
263892,2026-01-21T00:00:00.000Z,ncaab,Kent State,Miami (OH),101,107,complete,2026-04-21 18:05:57.427374
263893,2026-01-21T00:00:00.000Z,ncaab,C. Michigan,Ball State,67,68,complete,2026-04-21 18:05:57.427374
266850,2026-01-21T00:00:00.000Z,ncaab,Miami (FL),Florida St,63,65,complete,2026-04-21 18:05:57.427374
266851,2026-01-21T00:00:00.000Z,ncaab,Clemson,NC State,76,80,complete,2026-04-21 18:05:57.427374
267433,2026-01-21T00:00:00.000Z,ncaab,St. John's,Seton Hall,65,60,complete,2026-04-21 18:05:57.427374
275018,2026-01-21T00:00:00.000Z,ncaab,Michigan,Indiana,86,72,complete,2026-04-21 18:05:57.427374
275234,2026-01-21T00:00:00.000Z,ncaab,Iowa State,UCF,87,57,complete,2026-04-21 18:05:57.427374
276133,2026-01-21T00:00:00.000Z,ncaab,St. Bonaventure,Loyola (IL),84,70,complete,2026-04-21 18:05:57.427374
276134,2026-01-21T00:00:00.000Z,ncaab,Duquesne,Saint Louis,77,81,complete,2026-04-21 18:05:57.427374
267434,2026-01-21T00:30:00.000Z,ncaab,Butler,DePaul,87,80,complete,2026-04-21 18:05:57.427374
275236,2026-01-21T01:00:00.000Z,ncaab,TCU,OK State,68,65,complete,2026-04-21 18:05:57.427374
280450,2026-01-21T01:00:00.000Z,ncaab,UIC,Evansville,76,49,complete,2026-04-21 18:05:57.427374
262504,2026-01-21T01:30:00.000Z,ncaab,SE Missouri,TN-Martin,66,50,complete,2026-04-21 18:05:57.427374
275019,2026-01-21T01:30:00.000Z,ncaab,Iowa,Rutgers,68,62,complete,2026-04-21 18:05:57.427374
280748,2026-01-21T01:30:00.000Z,ncaab,Wyoming,Boise State,65,81,complete,2026-04-21 18:05:57.427374
262500,2026-01-21T02:00:00.000Z,ncaab,Missouri,Georgia,72,74,complete,2026-04-21 18:05:57.427374
262502,2026-01-21T02:00:00.000Z,ncaab,Ole Miss,Auburn,66,78,complete,2026-04-21 18:05:57.427374
262506,2026-01-21T02:00:00.000Z,ncaab,Arkansas,Vanderbilt,93,68,complete,2026-04-21 18:05:57.427374
266848,2026-01-21T02:00:00.000Z,ncaab,Wake Forest,SMU,79,91,complete,2026-04-21 18:05:57.427374
275016,2026-01-21T02:00:00.000Z,ncaab,Oregon,Michigan St,52,68,complete,2026-04-21 18:05:57.427374
275235,2026-01-21T02:00:00.000Z,ncaab,Baylor,Texas Tech,73,92,complete,2026-04-21 18:05:57.427374
275238,2026-01-21T02:00:00.000Z,ncaab,K State,Utah,81,78,complete,2026-04-21 18:05:57.427374
280747,2026-01-21T02:00:00.000Z,ncaab,Colorado St,Air Force,81,52,complete,2026-04-21 18:05:57.427374
275020,2026-01-21T03:00:00.000Z,ncaab,UCLA,Purdue,69,67,complete,2026-04-21 18:05:57.427374
280749,2026-01-21T03:00:00.000Z,ncaab,Nevada,San Jose St,87,54,complete,2026-04-21 18:05:57.427374
275237,2026-01-21T04:00:00.000Z,ncaab,Colorado,Kansas,69,75,complete,2026-04-21 18:05:57.427374
280750,2026-01-21T04:00:00.000Z,ncaab,Utah State,UNLV,76,86,complete,2026-04-21 18:05:57.427374
262510,2026-01-21T23:00:00.000Z,ncaab,Wofford,Samford,88,78,complete,2026-04-21 18:05:57.427374
262512,2026-01-21T23:00:00.000Z,ncaab,VMI,UNC Greensboro,78,85,complete,2026-04-21 18:05:57.427374
266854,2026-01-21T23:00:00.000Z,ncaab,USC Upstate,UNC Asheville,69,83,complete,2026-04-21 18:05:57.427374
276593,2026-01-21T23:00:00.000Z,ncaab,Boston U,Lafayette,77,73,complete,2026-04-21 18:05:57.427374
266855,2026-01-21T23:30:00.000Z,ncaab,Winthrop,Radford,76,75,complete,2026-04-21 18:05:57.427374
276136,2026-01-21T23:30:00.000Z,ncaab,La Salle,Dayton,67,64,complete,2026-04-21 18:05:57.427374
262507,2026-01-22T00:00:00.000Z,ncaab,Kentucky,Texas,85,80,complete,2026-04-21 18:05:57.427374
262509,2026-01-22T00:00:00.000Z,ncaab,Old Dominion,Troy,77,83,complete,2026-04-21 18:05:57.427374
262513,2026-01-22T00:00:00.000Z,ncaab,Chattanooga,E Tennessee St,66,67,complete,2026-04-21 18:05:57.427374
262516,2026-01-22T00:00:00.000Z,ncaab,Mercer,W. Carolina,88,76,complete,2026-04-21 18:05:57.427374
262517,2026-01-22T00:00:00.000Z,ncaab,Queens,North Alabama,87,62,complete,2026-04-21 18:05:57.427374
262519,2026-01-22T00:00:00.000Z,ncaab,Citadel,Furman,77,75,complete,2026-04-21 18:05:57.427374
266849,2026-01-22T00:00:00.000Z,ncaab,UNC,Notre Dame,91,69,complete,2026-04-21 18:05:57.427374
266852,2026-01-22T00:00:00.000Z,ncaab,Boston Col,Pittsburgh,65,62,complete,2026-04-21 18:05:57.427374
266853,2026-01-22T00:00:00.000Z,ncaab,Oakland,IUIN,85,103,complete,2026-04-21 18:05:57.427374
266856,2026-01-22T00:00:00.000Z,ncaab,Wright State,Cleveland St,79,85,complete,2026-04-21 18:05:57.427374
266857,2026-01-22T00:00:00.000Z,ncaab,Detroit,IPFW,76,83,complete,2026-04-21 18:05:57.427374
266858,2026-01-22T00:00:00.000Z,ncaab,Longwood,Gardner-Webb,91,56,complete,2026-04-21 18:05:57.427374
266859,2026-01-22T00:00:00.000Z,ncaab,Presbyterian,Charleston So,87,83,complete,2026-04-21 18:05:57.427374
267435,2026-01-22T00:00:00.000Z,ncaab,Creighton,Xavier,94,93,complete,2026-04-21 18:05:57.427374
267436,2026-01-22T00:00:00.000Z,ncaab,Villanova,Georgetown,66,51,complete,2026-04-21 18:05:57.427374
275022,2026-01-22T00:00:00.000Z,ncaab,Illinois,Maryland,89,70,complete,2026-04-21 18:05:57.427374
275986,2026-01-22T00:00:00.000Z,ncaab,FAU,Tulane,79,74,complete,2026-04-21 18:05:57.427374
276135,2026-01-22T00:00:00.000Z,ncaab,Richmond,Rhode Island,68,69,complete,2026-04-21 18:05:57.427374
276137,2026-01-22T00:00:00.000Z,ncaab,Davidson,Fordham,68,63,complete,2026-04-21 18:05:57.427374
276594,2026-01-22T00:00:00.000Z,ncaab,Navy,Holy Cross,85,68,complete,2026-04-21 18:05:57.427374
276595,2026-01-22T00:00:00.000Z,ncaab,Bucknell,Army ,84,87,complete,2026-04-21 18:05:57.427374
276596,2026-01-22T00:00:00.000Z,ncaab,American U,Colgate,70,66,complete,2026-04-21 18:05:57.427374
280452,2026-01-22T00:00:00.000Z,ncaab,Drake,Murray State,101,90,complete,2026-04-21 18:05:57.427374
280454,2026-01-22T00:00:00.000Z,ncaab,Bradley,Indiana St,75,68,complete,2026-04-21 18:05:57.427374
262514,2026-01-22T00:30:00.000Z,ncaab,Sam Houston,Kennesaw St,93,87,complete,2026-04-21 18:05:57.427374
262518,2026-01-22T00:30:00.000Z,ncaab,W. Kentucky,Liberty,69,76,complete,2026-04-21 18:05:57.427374
275987,2026-01-22T00:30:00.000Z,ncaab,Wichita State,E. Carolina,77,60,complete,2026-04-21 18:05:57.427374
262515,2026-01-22T01:00:00.000Z,ncaab,UT-Arlington,Tarleton St,71,64,complete,2026-04-21 18:05:57.427374
263894,2026-01-22T01:00:00.000Z,ncaab,Omaha,South Dakota,64,68,complete,2026-04-21 18:05:57.427374
275988,2026-01-22T01:00:00.000Z,ncaab,Tulsa,Memphis,83,66,complete,2026-04-21 18:05:57.427374
275989,2026-01-22T01:00:00.000Z,ncaab,North Texas,UTSA,81,62,complete,2026-04-21 18:05:57.427374
275990,2026-01-22T01:00:00.000Z,ncaab,Rice,Temple,65,69,complete,2026-04-21 18:05:57.427374
280451,2026-01-22T01:00:00.000Z,ncaab,Valparaiso,S. Illinois,69,63,complete,2026-04-21 18:05:57.427374
262511,2026-01-22T01:30:00.000Z,ncaab,Southern Utah,Utah Valley,84,70,complete,2026-04-21 18:05:57.427374
262505,2026-01-22T02:00:00.000Z,ncaab,Texas A&M,Mississippi St,88,68,complete,2026-04-21 18:05:57.427374
266847,2026-01-22T02:00:00.000Z,ncaab,Syracuse,VA Tech,74,76,complete,2026-04-21 18:05:57.427374
275021,2026-01-22T02:00:00.000Z,ncaab,Nebraska,Washington,76,66,complete,2026-04-21 18:05:57.427374
275239,2026-01-22T02:00:00.000Z,ncaab,Arizona St,West Virginia,63,75,complete,2026-04-21 18:05:57.427374
275240,2026-01-22T02:00:00.000Z,ncaab,Arizona,Cincinnati,77,51,complete,2026-04-21 18:05:57.427374
276980,2026-01-22T02:00:00.000Z,ncaab,Gonzaga,Pepperdine,84,60,complete,2026-04-21 18:05:57.427374
280453,2026-01-22T02:00:00.000Z,ncaab,Illinois St,N. Iowa,59,54,complete,2026-04-21 18:05:57.427374
280751,2026-01-22T02:00:00.000Z,ncaab,New Mexico,Fresno State,83,74,complete,2026-04-21 18:05:57.427374
276979,2026-01-22T02:30:00.000Z,ncaab,San Diego,Washington St,96,92,complete,2026-04-21 18:05:57.427374
262508,2026-01-22T03:00:00.000Z,ncaab,Cal Baptist,Utah Tech,73,64,complete,2026-04-21 18:05:57.427374
276981,2026-01-22T03:00:00.000Z,ncaab,Seattle,Loyola Marymount,69,59,complete,2026-04-21 18:05:57.427374
275023,2026-01-22T04:00:00.000Z,ncaab,USC,Northwestern,68,74,complete,2026-04-21 18:05:57.427374
276982,2026-01-22T04:00:00.000Z,ncaab,Saint Mary's,Oregon St,81,51,complete,2026-04-21 18:05:57.427374
280752,2026-01-22T04:00:00.000Z,ncaab,Grand Canyon,San Diego State,70,69,complete,2026-04-21 18:05:57.427374
262535,2026-01-22T17:00:00.000Z,ncaab,Marshall,UL Monroe,115,60,complete,2026-04-21 18:05:57.427374
262539,2026-01-22T17:00:00.000Z,ncaab,App State,Louisiana,72,58,complete,2026-04-21 18:05:57.427374
262520,2026-01-22T18:00:00.000Z,ncaab,Austin Peay,FGCU,83,62,complete,2026-04-21 18:05:57.427374
262546,2026-01-22T18:00:00.000Z,ncaab,Lipscomb,Stetson,79,74,complete,2026-04-21 18:05:57.427374
262544,2026-01-22T22:30:00.000Z,ncaab,Wolves,C. Arkansas,65,86,complete,2026-04-21 18:05:57.427374
263901,2026-01-22T23:00:00.000Z,ncaab,UMBC,N.J.I.T.,87,74,complete,2026-04-21 18:05:57.427374
263902,2026-01-22T23:00:00.000Z,ncaab,Maine,Albany,52,49,complete,2026-04-21 18:05:57.427374
263906,2026-01-22T23:00:00.000Z,ncaab,New Hampshire,Binghamton,88,82,complete,2026-04-21 18:05:57.427374
263909,2026-01-22T23:00:00.000Z,ncaab,UMass Lowell,Vermont,68,77,complete,2026-04-21 18:05:57.427374
266861,2026-01-22T23:30:00.000Z,ncaab,Youngstown St,Green Bay,88,81,complete,2026-04-21 18:05:57.427374
262522,2026-01-23T00:00:00.000Z,ncaab,GA Southern,Arkansas St,68,85,complete,2026-04-21 18:05:57.427374
262523,2026-01-23T00:00:00.000Z,ncaab,Jacksonville,Bellarmine,70,77,complete,2026-04-21 18:05:57.427374
262529,2026-01-23T00:00:00.000Z,ncaab,North Florida,E. Kentucky,87,85,complete,2026-04-21 18:05:57.427374
262531,2026-01-23T00:00:00.000Z,ncaab,Coastal Car,Texas St,72,70,complete,2026-04-21 18:05:57.427374
262533,2026-01-23T00:00:00.000Z,ncaab,JMU,S. Alabama,83,90,complete,2026-04-21 18:05:57.427374
262534,2026-01-23T00:00:00.000Z,ncaab,Georgia State,Southern Miss,69,62,complete,2026-04-21 18:05:57.427374
263895,2026-01-23T00:00:00.000Z,ncaab,Siena,Marist,69,50,complete,2026-04-21 18:05:57.427374
263896,2026-01-23T00:00:00.000Z,ncaab,Sacred Heart,Canisius,69,66,complete,2026-04-21 18:05:57.427374
263897,2026-01-23T00:00:00.000Z,ncaab,William & Mary,UNC Wilmington,77,70,complete,2026-04-21 18:05:57.427374
263898,2026-01-23T00:00:00.000Z,ncaab,Iona,Merrimack,61,60,complete,2026-04-21 18:05:57.427374
263899,2026-01-23T00:00:00.000Z,ncaab,Charleston,Campbell,87,83,complete,2026-04-21 18:05:57.427374
263900,2026-01-23T00:00:00.000Z,ncaab,Elon,Towson,59,72,complete,2026-04-21 18:05:57.427374
263903,2026-01-23T00:00:00.000Z,ncaab,Hampton,Monmouth,65,63,complete,2026-04-21 18:05:57.427374
263907,2026-01-23T00:00:00.000Z,ncaab,Fairfield,Niagara,62,61,complete,2026-04-21 18:05:57.427374
263908,2026-01-23T00:00:00.000Z,ncaab,Northeastern,Stony Brook,80,95,complete,2026-04-21 18:05:57.427374
263911,2026-01-23T00:00:00.000Z,ncaab,St. Mary's,Quinnipiac,62,77,complete,2026-04-21 18:05:57.427374
263912,2026-01-23T00:00:00.000Z,ncaab,NC A&T,Hofstra,79,78,complete,2026-04-21 18:05:57.427374
266860,2026-01-23T00:00:00.000Z,ncaab,Robert Morris,Milwaukee,88,76,complete,2026-04-21 18:05:57.427374
275024,2026-01-23T00:00:00.000Z,ncaab,Penn State,Wisconsin,71,98,complete,2026-04-21 18:05:57.427374
275991,2026-01-23T00:00:00.000Z,ncaab,UAB,S. Florida,69,82,complete,2026-04-21 18:05:57.427374
262537,2026-01-23T00:30:00.000Z,ncaab,Morehead St,W. Illinois,71,66,complete,2026-04-21 18:05:57.427374
263905,2026-01-23T01:00:00.000Z,ncaab,Oral Roberts,North Dakota,62,79,complete,2026-04-21 18:05:57.427374
262536,2026-01-23T01:30:00.000Z,ncaab,SE Missouri,Ark-Little Rock,70,65,complete,2026-04-21 18:05:57.427374
262538,2026-01-23T01:30:00.000Z,ncaab,Southern Indiana,E. Illinois,51,59,complete,2026-04-21 18:05:57.427374
262545,2026-01-23T01:30:00.000Z,ncaab,Lindenwood,Tenn Tech,89,68,complete,2026-04-21 18:05:57.427374
262521,2026-01-23T02:00:00.000Z,ncaab,N. Mexico St,Missouri St,75,84,complete,2026-04-21 18:05:57.427374
262525,2026-01-23T02:00:00.000Z,ncaab,SIU-Edwardsville,Tenn St,74,66,complete,2026-04-21 18:05:57.427374
262526,2026-01-23T02:00:00.000Z,ncaab,UCSB,Cal Poly,107,67,complete,2026-04-21 18:05:57.427374
262527,2026-01-23T02:00:00.000Z,ncaab,Montana St,Idaho State,74,62,complete,2026-04-21 18:05:57.427374
262528,2026-01-23T02:00:00.000Z,ncaab,UTEP,FIU,83,77,complete,2026-04-21 18:05:57.427374
262540,2026-01-23T02:00:00.000Z,ncaab,Montana,Weber State,81,65,complete,2026-04-21 18:05:57.427374
262541,2026-01-23T02:00:00.000Z,ncaab,UC Davis,UCSD,74,80,complete,2026-04-21 18:05:57.427374
262542,2026-01-23T02:00:00.000Z,ncaab,E. Washington,Portland State,61,65,complete,2026-04-21 18:05:57.427374
262543,2026-01-23T02:00:00.000Z,ncaab,Idaho,Sac State,86,76,complete,2026-04-21 18:05:57.427374
263904,2026-01-23T02:00:00.000Z,ncaab,Denver,NDSU,77,82,complete,2026-04-21 18:05:57.427374
263910,2026-01-23T02:00:00.000Z,ncaab,St. Thomas,SD State,74,69,complete,2026-04-21 18:05:57.427374
262524,2026-01-23T03:00:00.000Z,ncaab,CS Fullerton,LBSU,71,61,complete,2026-04-21 18:05:57.427374
262532,2026-01-23T03:00:00.000Z,ncaab,UC Riverside,UC Irvine,66,80,complete,2026-04-21 18:05:57.427374
262530,2026-01-23T05:00:00.000Z,ncaab,Hawaii,CS Bakersfield,98,71,complete,2026-04-21 18:05:57.427374
262549,2026-01-23T17:00:00.000Z,ncaab,App State,UL Monroe,59,43,complete,2026-04-21 18:05:57.427374
262552,2026-01-23T18:00:00.000Z,ncaab,Austin Peay,Stetson,73,65,complete,2026-04-21 18:05:57.427374
262596,2026-01-23T18:00:00.000Z,ncaab,Lipscomb,FGCU,86,71,complete,2026-04-21 18:05:57.427374
266006,2026-01-23T18:00:00.000Z,ncaab,New Haven,Lakers,57,61,complete,2026-04-21 18:05:57.427374
284480,2026-01-23T18:00:00.000Z,ncaab,North Texas,E. Carolina,59,63,complete,2026-04-21 18:05:57.427374
262584,2026-01-23T19:00:00.000Z,ncaab,LA Tech,Kennesaw St,82,76,complete,2026-04-21 18:05:57.427374
284479,2026-01-23T20:00:00.000Z,ncaab,UNC Greensboro,Furman,66,89,complete,2026-04-21 18:05:57.427374
276138,2026-01-23T22:30:00.000Z,ncaab,St. Bonaventure,Saint Louis,62,97,complete,2026-04-21 18:05:57.427374
275025,2026-01-23T23:00:00.000Z,ncaab,Rutgers,Indiana,59,82,complete,2026-04-21 18:05:57.427374
263913,2026-01-24T00:00:00.000Z,ncaab,St. Francis (PA),Chicago St,81,60,complete,2026-04-21 18:05:57.427374
263914,2026-01-24T00:00:00.000Z,ncaab,Central Conn,Fairleigh,66,76,complete,2026-04-21 18:05:57.427374
263938,2026-01-24T00:00:00.000Z,ncaab,Buffalo,UMASS,67,68,complete,2026-04-21 18:05:57.427374
265516,2026-01-24T00:00:00.000Z,ncaab,Dolphins,Wagner,69,67,complete,2026-04-21 18:05:57.427374
265517,2026-01-24T00:00:00.000Z,ncaab,Stonehill,Long Island,63,66,complete,2026-04-21 18:05:57.427374
266867,2026-01-24T00:00:00.000Z,ncaab,Radford,High Point,83,93,complete,2026-04-21 18:05:57.427374
266868,2026-01-24T00:00:00.000Z,ncaab,Gardner-Webb,USC Upstate,67,65,complete,2026-04-21 18:05:57.427374
284481,2026-01-24T00:00:00.000Z,ncaab,E Tennessee St,Citadel,84,55,complete,2026-04-21 18:05:57.427374
284483,2026-01-24T00:00:00.000Z,ncaab,Longwood,Charleston So,81,79,complete,2026-04-21 18:05:57.427374
275997,2026-01-24T00:30:00.000Z,ncaab,Charlotte,Tulane,73,70,complete,2026-04-21 18:05:57.427374
263934,2026-01-24T01:00:00.000Z,ncaab,Ohio,Akron,65,86,complete,2026-04-21 18:05:57.427374
267437,2026-01-24T01:00:00.000Z,ncaab,Butler,Marquette,87,76,complete,2026-04-21 18:05:57.427374
275026,2026-01-24T01:00:00.000Z,ncaab,Michigan,Ohio State,74,62,complete,2026-04-21 18:05:57.427374
280753,2026-01-24T03:00:00.000Z,ncaab,Colorado St,Utah State,61,65,complete,2026-04-21 18:05:57.427374
275995,2026-01-25T18:00:00.000Z,ncaab,S. Florida,FAU,89,75,complete,2026-04-21 18:05:57.427374
263948,2026-01-25T19:00:00.000Z,ncaab,Lakers,Chicago St,61,59,complete,2026-04-21 18:05:57.427374
275031,2026-01-25T20:00:00.000Z,ncaab,Washington,Oregon,72,57,complete,2026-04-21 18:05:57.427374
275032,2026-01-25T21:00:00.000Z,ncaab,Wisconsin,USC,71,73,complete,2026-04-21 18:05:57.427374
278780,2026-01-26T23:00:00.000Z,ncaab,SC State,Delaware St,70,64,complete,2026-04-21 18:05:57.427374
284615,2026-01-26T23:00:00.000Z,ncaab,Fairleigh,Dolphins,74,87,complete,2026-04-21 18:05:57.427374
266880,2026-01-27T00:00:00.000Z,ncaab,Duke,Louisville,83,52,complete,2026-04-21 18:05:57.427374
275033,2026-01-27T00:00:00.000Z,ncaab,Ohio State,Penn State,84,78,complete,2026-04-21 18:05:57.427374
278779,2026-01-27T00:00:00.000Z,ncaab,B-Cookman,Alcorn State,82,73,complete,2026-04-21 18:05:57.427374
278782,2026-01-27T00:00:00.000Z,ncaab,Norfolk State,Morgan State,78,79,complete,2026-04-21 18:05:57.427374
279095,2026-01-27T00:00:00.000Z,ncaab,Florida A&M,Jackson St,65,66,complete,2026-04-21 18:05:57.427374
284618,2026-01-27T00:00:00.000Z,ncaab,Stonehill,Central Conn,61,59,complete,2026-04-21 18:05:57.427374
263954,2026-01-27T01:00:00.000Z,ncaab,Texas A&M-CC,UT Grande Valley,55,64,complete,2026-04-21 18:05:57.427374
275249,2026-01-27T02:00:00.000Z,ncaab,BYU,Arizona,83,86,complete,2026-04-21 18:05:57.427374
284626,2026-01-27T19:00:00.000Z,ncaab,Texas Southern,Alabama St,96,64,complete,2026-04-21 18:05:57.427374
284627,2026-01-27T19:00:00.000Z,ncaab,Prairie View,Alabama A&M,60,80,complete,2026-04-21 18:05:57.427374
284628,2026-01-27T21:00:00.000Z,ncaab,SFA,NW State,69,67,complete,2026-04-21 18:05:57.427374
284636,2026-01-27T21:30:00.000Z,ncaab,Nicholls St,New Orleans,62,80,complete,2026-04-21 18:05:57.427374
266882,2026-01-27T23:00:00.000Z,ncaab,Pittsburgh,Wake Forest,80,76,complete,2026-04-21 18:05:57.427374
275036,2026-01-27T23:30:00.000Z,ncaab,Rutgers,Michigan St,79,88,complete,2026-04-21 18:05:57.427374
262599,2026-01-28T00:00:00.000Z,ncaab,Oklahoma,Arkansas,79,83,complete,2026-04-21 18:05:57.427374
263955,2026-01-28T00:00:00.000Z,ncaab,Kent State,Ohio,72,57,complete,2026-04-21 18:05:57.427374
263957,2026-01-28T00:00:00.000Z,ncaab,Bowling Green,Buffalo,78,89,complete,2026-04-21 18:05:57.427374
263958,2026-01-28T00:00:00.000Z,ncaab,C. Michigan,E. Michigan,100,65,complete,2026-04-21 18:05:57.427374
263959,2026-01-28T00:00:00.000Z,ncaab,Akron,Toledo,91,81,complete,2026-04-21 18:05:57.427374
266885,2026-01-28T00:00:00.000Z,ncaab,NC State,Syracuse,88,68,complete,2026-04-21 18:05:57.427374
266886,2026-01-28T00:00:00.000Z,ncaab,Notre Dame,Virginia,97,100,complete,2026-04-21 18:05:57.427374
275035,2026-01-28T00:00:00.000Z,ncaab,Michigan,Nebraska,75,72,complete,2026-04-21 18:05:57.427374
275251,2026-01-28T00:00:00.000Z,ncaab,UCF,Arizona St,79,76,complete,2026-04-21 18:05:57.427374
276145,2026-01-28T00:00:00.000Z,ncaab,Dayton,Rhode Island,76,81,complete,2026-04-21 18:05:57.427374
276146,2026-01-28T00:00:00.000Z,ncaab,VCU,Richmond,77,69,complete,2026-04-21 18:05:57.427374
284629,2026-01-28T00:00:00.000Z,ncaab,Lamar,E TA&M,82,61,complete,2026-04-21 18:05:57.427374
284630,2026-01-28T00:00:00.000Z,ncaab,SE Louisiana,McNeese St,66,76,complete,2026-04-21 18:05:57.427374
267443,2026-01-28T00:30:00.000Z,ncaab,UConn,Providence,87,81,complete,2026-04-21 18:05:57.427374
262598,2026-01-28T01:00:00.000Z,ncaab,Alabama,Missouri,90,64,complete,2026-04-21 18:05:57.427374
263956,2026-01-28T01:00:00.000Z,ncaab,N. Illinois,W. Michigan,85,65,complete,2026-04-21 18:05:57.427374
266883,2026-01-28T01:00:00.000Z,ncaab,VA Tech,G Tech,71,65,complete,2026-04-21 18:05:57.427374
276147,2026-01-28T01:00:00.000Z,ncaab,Saint Louis,G Washington,79,76,complete,2026-04-21 18:05:57.427374
280461,2026-01-28T01:00:00.000Z,ncaab,UIC,Indiana St,76,74,complete,2026-04-21 18:05:57.427374
284637,2026-01-28T01:00:00.000Z,ncaab,Hou Christian,Incarnate Word,81,75,complete,2026-04-21 18:05:57.427374
275250,2026-01-28T01:30:00.000Z,ncaab,West Virginia,K State,59,54,complete,2026-04-21 18:05:57.427374
262601,2026-01-28T02:00:00.000Z,ncaab,Vanderbilt,Kentucky,80,55,complete,2026-04-21 18:05:57.427374
263960,2026-01-28T02:00:00.000Z,ncaab,Miami (OH),UMASS,86,84,complete,2026-04-21 18:05:57.427374
275034,2026-01-28T02:00:00.000Z,ncaab,Indiana,Purdue,72,67,complete,2026-04-21 18:05:57.427374
276144,2026-01-28T02:00:00.000Z,ncaab,Loyola (IL),Saint Joe's,64,85,complete,2026-04-21 18:05:57.427374
267442,2026-01-28T02:30:00.000Z,ncaab,Marquette,Creighton,86,62,complete,2026-04-21 18:05:57.427374
280759,2026-01-28T03:00:00.000Z,ncaab,San Jose St,Boise State,58,89,complete,2026-04-21 18:05:57.427374
280761,2026-01-28T03:30:00.000Z,ncaab,Nevada,Grand Canyon,66,60,complete,2026-04-21 18:05:57.427374
280760,2026-01-28T04:00:00.000Z,ncaab,UNLV,New Mexico,61,89,complete,2026-04-21 18:05:57.427374
284631,2026-01-28T19:00:00.000Z,ncaab,Southern U,MS Valley St,80,69,complete,2026-04-21 18:05:57.427374
276605,2026-01-28T23:00:00.000Z,ncaab,Army ,Lehigh,67,64,complete,2026-04-21 18:05:57.427374
275252,2026-01-28T23:30:00.000Z,ncaab,Cincinnati,Baylor,67,57,complete,2026-04-21 18:05:57.427374
262600,2026-01-29T00:00:00.000Z,ncaab,Auburn,Texas,88,82,complete,2026-04-21 18:05:57.427374
262602,2026-01-29T00:00:00.000Z,ncaab,LSU,Mississippi St,66,80,complete,2026-04-21 18:05:57.427374
262605,2026-01-29T00:00:00.000Z,ncaab,Kennesaw St,W. Kentucky,72,69,complete,2026-04-21 18:05:57.427374
262606,2026-01-29T00:00:00.000Z,ncaab,Bellarmine,Wolves,77,74,complete,2026-04-21 18:05:57.427374
262607,2026-01-29T00:00:00.000Z,ncaab,FIU,Jax State,74,78,complete,2026-04-21 18:05:57.427374
262611,2026-01-29T00:00:00.000Z,ncaab,E. Kentucky,Austin Peay,82,90,complete,2026-04-21 18:05:57.427374
262613,2026-01-29T00:00:00.000Z,ncaab,Queens,C. Arkansas,90,100,complete,2026-04-21 18:05:57.427374
266884,2026-01-29T00:00:00.000Z,ncaab,Florida St,California,63,61,complete,2026-04-21 18:05:57.427374
266887,2026-01-29T00:00:00.000Z,ncaab,Robert Morris,IUIN,74,58,complete,2026-04-21 18:05:57.427374
266888,2026-01-29T00:00:00.000Z,ncaab,IPFW,Oakland,65,74,complete,2026-04-21 18:05:57.427374
267446,2026-01-29T00:00:00.000Z,ncaab,St. John's,Butler,92,70,complete,2026-04-21 18:05:57.427374
275038,2026-01-29T00:00:00.000Z,ncaab,Iowa,USC,73,72,complete,2026-04-21 18:05:57.427374
275999,2026-01-29T00:00:00.000Z,ncaab,Temple,Charlotte,76,80,complete,2026-04-21 18:05:57.427374
276001,2026-01-29T00:00:00.000Z,ncaab,E. Carolina,Rice,77,83,complete,2026-04-21 18:05:57.427374
276148,2026-01-29T00:00:00.000Z,ncaab,Duquesne,St. Bonaventure,79,87,complete,2026-04-21 18:05:57.427374
276149,2026-01-29T00:00:00.000Z,ncaab,Fordham,La Salle,64,58,complete,2026-04-21 18:05:57.427374
276150,2026-01-29T00:00:00.000Z,ncaab,George Mason,Davidson,60,52,complete,2026-04-21 18:05:57.427374
276603,2026-01-29T00:00:00.000Z,ncaab,Colgate,Holy Cross,79,74,complete,2026-04-21 18:05:57.427374
276604,2026-01-29T00:00:00.000Z,ncaab,Boston U,Navy,50,58,complete,2026-04-21 18:05:57.427374
276606,2026-01-29T00:00:00.000Z,ncaab,Loyola (MD),American U,77,68,complete,2026-04-21 18:05:57.427374
280462,2026-01-29T00:00:00.000Z,ncaab,S. Illinois,N. Iowa,65,50,complete,2026-04-21 18:05:57.427374
284633,2026-01-29T00:00:00.000Z,ncaab,Lafayette,Bucknell,81,79,complete,2026-04-21 18:05:57.427374
284634,2026-01-29T00:00:00.000Z,ncaab,Georgia,Tennessee,85,86,complete,2026-04-21 18:05:57.427374
267444,2026-01-29T00:30:00.000Z,ncaab,Seton Hall,Xavier,86,68,complete,2026-04-21 18:05:57.427374
280465,2026-01-29T00:30:00.000Z,ncaab,Drake,Evansville,82,78,complete,2026-04-21 18:05:57.427374
262610,2026-01-29T01:00:00.000Z,ncaab,Texas St,Marshall,72,68,complete,2026-04-21 18:05:57.427374
262612,2026-01-29T01:00:00.000Z,ncaab,Arkansas St,Old Dominion,71,75,complete,2026-04-21 18:05:57.427374
262614,2026-01-29T01:00:00.000Z,ncaab,Missouri St,Sam Houston,71,80,complete,2026-04-21 18:05:57.427374
263961,2026-01-29T01:00:00.000Z,ncaab,Omaha,SD State,80,71,complete,2026-04-21 18:05:57.427374
263962,2026-01-29T01:00:00.000Z,ncaab,UMKC,Denver,61,69,complete,2026-04-21 18:05:57.427374
275998,2026-01-29T01:00:00.000Z,ncaab,UTSA,UAB,73,83,complete,2026-04-21 18:05:57.427374
276002,2026-01-29T01:00:00.000Z,ncaab,Tulsa,North Texas,82,66,complete,2026-04-21 18:05:57.427374
280463,2026-01-29T01:00:00.000Z,ncaab,Valparaiso,Belmont,77,78,complete,2026-04-21 18:05:57.427374
267445,2026-01-29T01:30:00.000Z,ncaab,Georgetown,DePaul,70,61,complete,2026-04-21 18:05:57.427374
262604,2026-01-29T02:00:00.000Z,ncaab,S. Carolina,Florida,48,95,complete,2026-04-21 18:05:57.427374
262608,2026-01-29T02:00:00.000Z,ncaab,UTEP,LA Tech,59,69,complete,2026-04-21 18:05:57.427374
262615,2026-01-29T02:00:00.000Z,ncaab,N. Mexico St,Delaware,64,73,complete,2026-04-21 18:05:57.427374
266881,2026-01-29T02:00:00.000Z,ncaab,Miami (FL),Stanford,79,70,complete,2026-04-21 18:05:57.427374
275037,2026-01-29T02:00:00.000Z,ncaab,Wisconsin,Minnesota,67,63,complete,2026-04-21 18:05:57.427374
275253,2026-01-29T02:00:00.000Z,ncaab,TCU,Houston,70,79,complete,2026-04-21 18:05:57.427374
276000,2026-01-29T02:00:00.000Z,ncaab,Tulane,S. Florida,83,97,complete,2026-04-21 18:05:57.427374
276991,2026-01-29T02:00:00.000Z,ncaab,Pepperdine,San Diego,88,92,complete,2026-04-21 18:05:57.427374
280464,2026-01-29T02:00:00.000Z,ncaab,Murray State,Illinois St,65,70,complete,2026-04-21 18:05:57.427374
280762,2026-01-29T02:00:00.000Z,ncaab,Utah State,Wyoming,94,62,complete,2026-04-21 18:05:57.427374
276989,2026-01-29T02:30:00.000Z,ncaab,Washington St,Seattle,70,58,complete,2026-04-21 18:05:57.427374
276988,2026-01-29T03:00:00.000Z,ncaab,Loyola Marymount,Oregon St,69,72,complete,2026-04-21 18:05:57.427374
276992,2026-01-29T03:00:00.000Z,ncaab,Pacific,Portland,74,51,complete,2026-04-21 18:05:57.427374
280763,2026-01-29T03:30:00.000Z,ncaab,San Diego State,Colorado St,73,50,complete,2026-04-21 18:05:57.427374
275039,2026-01-29T04:00:00.000Z,ncaab,Oregon,UCLA,57,73,complete,2026-04-21 18:05:57.427374
276990,2026-01-29T04:00:00.000Z,ncaab,Santa Clara,San Francisco,88,73,complete,2026-04-21 18:05:57.427374
262629,2026-01-29T22:00:00.000Z,ncaab,Furman,Samford,78,73,complete,2026-04-21 18:05:57.427374
262637,2026-01-29T23:00:00.000Z,ncaab,Chattanooga,Wofford,55,81,complete,2026-04-21 18:05:57.427374
263968,2026-01-29T23:00:00.000Z,ncaab,New Hampshire,UMass Lowell,66,61,complete,2026-04-21 18:05:57.427374
263974,2026-01-29T23:07:00.000Z,ncaab,Binghamton,Bryant U,63,60,complete,2026-04-21 18:05:57.427374
263966,2026-01-29T23:30:00.000Z,ncaab,Albany,N.J.I.T.,68,77,complete,2026-04-21 18:05:57.427374
266889,2026-01-29T23:30:00.000Z,ncaab,UNC Asheville,Gardner-Webb,69,50,complete,2026-04-21 18:05:57.427374
262609,2026-01-30T00:00:00.000Z,ncaab,Middle Tenn,Liberty,65,81,complete,2026-04-21 18:05:57.427374
262617,2026-01-30T00:00:00.000Z,ncaab,E Tennessee St,W. Carolina,88,90,complete,2026-04-21 18:05:57.427374
262622,2026-01-30T00:00:00.000Z,ncaab,Citadel,VMI,80,56,complete,2026-04-21 18:05:57.427374
262624,2026-01-30T00:00:00.000Z,ncaab,FGCU,North Alabama,72,64,complete,2026-04-21 18:05:57.427374
262634,2026-01-30T00:00:00.000Z,ncaab,Jacksonville,Lipscomb,70,65,complete,2026-04-21 18:05:57.427374
262636,2026-01-30T00:00:00.000Z,ncaab,Troy,JMU,64,73,complete,2026-04-21 18:05:57.427374
262638,2026-01-30T00:00:00.000Z,ncaab,Mercer,UNC Greensboro,95,77,complete,2026-04-21 18:05:57.427374
262639,2026-01-30T00:00:00.000Z,ncaab,North Florida,Stetson,77,84,complete,2026-04-21 18:05:57.427374
263964,2026-01-30T00:00:00.000Z,ncaab,Elon,William & Mary,79,76,complete,2026-04-21 18:05:57.427374
263967,2026-01-30T00:00:00.000Z,ncaab,Drexel,Hampton,58,51,complete,2026-04-21 18:05:57.427374
263971,2026-01-30T00:00:00.000Z,ncaab,Monmouth,NC A&T,83,81,complete,2026-04-21 18:05:57.427374
263973,2026-01-30T00:00:00.000Z,ncaab,Campbell,Stony Brook,69,81,complete,2026-04-21 18:05:57.427374
263975,2026-01-30T00:00:00.000Z,ncaab,Vermont,UMBC,64,55,complete,2026-04-21 18:05:57.427374
263976,2026-01-30T00:00:00.000Z,ncaab,Hofstra,Charleston,64,66,complete,2026-04-21 18:05:57.427374
265520,2026-01-30T00:00:00.000Z,ncaab,Long Island,Dolphins,83,61,complete,2026-04-21 18:05:57.427374
265521,2026-01-30T00:00:00.000Z,ncaab,Stonehill,Fairleigh,58,57,complete,2026-04-21 18:05:57.427374
266008,2026-01-30T00:00:00.000Z,ncaab,Lakers,New Haven,70,51,complete,2026-04-21 18:05:57.427374
266890,2026-01-30T00:00:00.000Z,ncaab,USC Upstate,Longwood,65,60,complete,2026-04-21 18:05:57.427374
266892,2026-01-30T00:00:00.000Z,ncaab,Charleston So,Radford,75,84,complete,2026-04-21 18:05:57.427374
275254,2026-01-30T00:00:00.000Z,ncaab,Iowa State,Colorado,97,67,complete,2026-04-21 18:05:57.427374
262633,2026-01-30T00:30:00.000Z,ncaab,Morehead St,SIU-Edwardsville,67,65,complete,2026-04-21 18:05:57.427374
263970,2026-01-30T00:30:00.000Z,ncaab,Wagner,Central Conn,55,62,complete,2026-04-21 18:05:57.427374
262618,2026-01-30T01:00:00.000Z,ncaab,S. Alabama,Coastal Car,53,48,complete,2026-04-21 18:05:57.427374
262625,2026-01-30T01:00:00.000Z,ncaab,UT-Arlington,Southern Utah,80,61,complete,2026-04-21 18:05:57.427374
262626,2026-01-30T01:00:00.000Z,ncaab,Tarleton St,Utah Valley,55,83,complete,2026-04-21 18:05:57.427374
262628,2026-01-30T01:00:00.000Z,ncaab,Ab Christian,Utah Tech,70,76,complete,2026-04-21 18:05:57.427374
262631,2026-01-30T01:00:00.000Z,ncaab,Louisiana,Georgia State,82,72,complete,2026-04-21 18:05:57.427374
262632,2026-01-30T01:00:00.000Z,ncaab,Southern Miss,App State,63,70,complete,2026-04-21 18:05:57.427374
262644,2026-01-30T01:00:00.000Z,ncaab,N. Arizona,E. Washington,92,86,complete,2026-04-21 18:05:57.427374
263969,2026-01-30T01:00:00.000Z,ncaab,St. Thomas,North Dakota,80,81,complete,2026-04-21 18:05:57.427374
263972,2026-01-30T01:00:00.000Z,ncaab,South Dakota,Oral Roberts,77,69,complete,2026-04-21 18:05:57.427374
275040,2026-01-30T01:00:00.000Z,ncaab,Northwestern,Penn State,94,73,complete,2026-04-21 18:05:57.427374
276003,2026-01-30T01:00:00.000Z,ncaab,Memphis,FAU,92,65,complete,2026-04-21 18:05:57.427374
262620,2026-01-30T01:30:00.000Z,ncaab,W. Illinois,SE Missouri,74,78,complete,2026-04-21 18:05:57.427374
262621,2026-01-30T01:30:00.000Z,ncaab,Tenn St,Ark-Little Rock,70,63,complete,2026-04-21 18:05:57.427374
262623,2026-01-30T01:30:00.000Z,ncaab,Southern Indiana,Lindenwood,60,73,complete,2026-04-21 18:05:57.427374
262643,2026-01-30T01:30:00.000Z,ncaab,E. Illinois,TN-Martin,68,76,complete,2026-04-21 18:05:57.427374
262635,2026-01-30T02:00:00.000Z,ncaab,N. Colorado,Idaho,91,83,complete,2026-04-21 18:05:57.427374
263963,2026-01-30T02:00:00.000Z,ncaab,Towson,UNC Wilmington,73,82,complete,2026-04-21 18:05:57.427374
266891,2026-01-30T02:00:00.000Z,ncaab,High Point,Presbyterian,84,81,complete,2026-04-21 18:05:57.427374
275041,2026-01-30T02:00:00.000Z,ncaab,Illinois,Washington,75,66,complete,2026-04-21 18:05:57.427374
262642,2026-01-30T02:30:00.000Z,ncaab,CS Bakersfield,Cal Poly,79,104,complete,2026-04-21 18:05:57.427374
262619,2026-01-30T03:00:00.000Z,ncaab,UC Riverside,LBSU,71,61,complete,2026-04-21 18:05:57.427374
262627,2026-01-30T03:00:00.000Z,ncaab,UCSD,UCSB,48,62,complete,2026-04-21 18:05:57.427374
262630,2026-01-30T03:00:00.000Z,ncaab,CS Northridge,UC Davis,94,78,complete,2026-04-21 18:05:57.427374
262640,2026-01-30T03:00:00.000Z,ncaab,Sac State,Montana St,83,80,complete,2026-04-21 18:05:57.427374
262641,2026-01-30T03:00:00.000Z,ncaab,Portland State,Montana,60,64,complete,2026-04-21 18:05:57.427374
262645,2026-01-30T04:00:00.000Z,ncaab,UC Irvine,Hawaii,87,76,complete,2026-04-21 18:05:57.427374
262616,2026-01-30T20:00:00.000Z,ncaab,UL Monroe,GA Southern,76,79,complete,2026-04-21 18:05:57.427374
263986,2026-01-30T23:00:00.000Z,ncaab,Akron,Kent State,69,52,complete,2026-04-21 18:05:57.427374
276755,2026-01-30T23:00:00.000Z,ncaab,Cornell,Princeton,87,64,complete,2026-04-21 18:05:57.427374
263982,2026-01-30T23:30:00.000Z,ncaab,Niagara,Siena,79,82,complete,2026-04-21 18:05:57.427374
266895,2026-01-30T23:30:00.000Z,ncaab,Youngstown St,IUIN,85,76,complete,2026-04-21 18:05:57.427374
263977,2026-01-31T00:00:00.000Z,ncaab,Manhattan,Rider,95,90,complete,2026-04-21 18:05:57.427374
263978,2026-01-31T00:00:00.000Z,ncaab,Quinnipiac,Sacred Heart,91,98,complete,2026-04-21 18:05:57.427374
263979,2026-01-31T00:00:00.000Z,ncaab,Canisius,Marist,86,88,complete,2026-04-21 18:05:57.427374
263981,2026-01-31T00:00:00.000Z,ncaab,Iona,Fairfield,70,71,complete,2026-04-21 18:05:57.427374
266893,2026-01-31T00:00:00.000Z,ncaab,Detroit,N Kentucky,90,77,complete,2026-04-21 18:05:57.427374
266896,2026-01-31T00:00:00.000Z,ncaab,Green Bay,Cleveland St,82,89,complete,2026-04-21 18:05:57.427374
267447,2026-01-31T00:00:00.000Z,ncaab,Villanova,Providence,87,73,complete,2026-04-21 18:05:57.427374
276756,2026-01-31T00:00:00.000Z,ncaab,Columbia,Penn,72,67,complete,2026-04-21 18:05:57.427374
276757,2026-01-31T00:00:00.000Z,ncaab,Brown,Harvard,59,69,complete,2026-04-21 18:05:57.427374
276758,2026-01-31T00:00:00.000Z,ncaab,Yale,Dartmouth ,83,68,complete,2026-04-21 18:05:57.427374
263980,2026-01-31T01:00:00.000Z,ncaab,St. Peter's,St. Mary's,66,58,complete,2026-04-21 18:05:57.427374
266894,2026-01-31T01:00:00.000Z,ncaab,Milwaukee,Wright State,69,76,complete,2026-04-21 18:05:57.427374
275042,2026-01-31T01:00:00.000Z,ncaab,Michigan St,Michigan,71,83,complete,2026-04-21 18:05:57.427374
276152,2026-01-31T01:00:00.000Z,ncaab,Saint Louis,Dayton,102,71,complete,2026-04-21 18:05:57.427374
276151,2026-01-31T02:00:00.000Z,ncaab,VCU,Loyola (IL),89,75,complete,2026-04-21 18:05:57.427374
280765,2026-01-31T02:00:00.000Z,ncaab,Grand Canyon,Boise State,86,69,complete,2026-04-21 18:05:57.427374
280764,2026-01-31T03:00:00.000Z,ncaab,Nevada,UNLV,89,76,complete,2026-04-21 18:05:57.427374
276157,2026-02-01T17:00:00.000Z,ncaab,Duquesne,Rhode Island,76,61,complete,2026-04-21 18:05:57.427374
262649,2026-02-01T18:00:00.000Z,ncaab,Florida,Alabama,100,77,complete,2026-04-21 18:05:57.427374
262668,2026-02-01T18:00:00.000Z,ncaab,Furman,Chattanooga,75,70,complete,2026-04-21 18:05:57.427374
264011,2026-02-01T18:00:00.000Z,ncaab,Canisius,Siena,63,78,complete,2026-04-21 18:05:57.427374
264016,2026-02-01T18:00:00.000Z,ncaab,Merrimack,Sacred Heart,75,58,complete,2026-04-21 18:05:57.427374
275048,2026-02-01T18:00:00.000Z,ncaab,Maryland,Purdue,63,93,complete,2026-04-21 18:05:57.427374
284813,2026-02-01T18:00:00.000Z,ncaab,W. Carolina,Samford,74,88,complete,2026-04-21 18:05:57.427374
264012,2026-02-01T19:00:00.000Z,ncaab,Rider,St. Peter's,81,78,complete,2026-04-21 18:05:57.427374
264013,2026-02-01T19:00:00.000Z,ncaab,St. Thomas,UMKC,99,64,complete,2026-04-21 18:05:57.427374
264014,2026-02-01T19:00:00.000Z,ncaab,Fairfield,Quinnipiac,65,72,complete,2026-04-21 18:05:57.427374
264015,2026-02-01T19:00:00.000Z,ncaab,Niagara,Marist,46,58,complete,2026-04-21 18:05:57.427374
264017,2026-02-01T19:00:00.000Z,ncaab,St. Mary's,Manhattan,72,65,complete,2026-04-21 18:05:57.427374
266913,2026-02-01T19:00:00.000Z,ncaab,Green Bay,Wright State,75,83,complete,2026-04-21 18:05:57.427374
275049,2026-02-01T19:00:00.000Z,ncaab,Penn State,Minnesota,77,75,complete,2026-04-21 18:05:57.427374
275261,2026-02-01T19:00:00.000Z,ncaab,Colorado,TCU,87,61,complete,2026-04-21 18:05:57.427374
275262,2026-02-01T19:00:00.000Z,ncaab,K State,Iowa State,61,95,complete,2026-04-21 18:05:57.427374
276007,2026-02-01T19:00:00.000Z,ncaab,Tulsa,Wichita State,93,83,complete,2026-04-21 18:05:57.427374
276009,2026-02-01T19:00:00.000Z,ncaab,FAU,E. Carolina,75,76,complete,2026-04-21 18:05:57.427374
266911,2026-02-01T20:00:00.000Z,ncaab,Milwaukee,Cleveland St,88,90,complete,2026-04-21 18:05:57.427374
266912,2026-02-01T20:00:00.000Z,ncaab,Oakland,N Kentucky,76,65,complete,2026-04-21 18:05:57.427374
276008,2026-02-01T20:00:00.000Z,ncaab,Memphis,Tulane,76,78,complete,2026-04-21 18:05:57.427374
275050,2026-02-01T21:00:00.000Z,ncaab,Nebraska,Illinois,69,78,complete,2026-04-21 18:05:57.427374
284815,2026-02-02T00:00:00.000Z,ncaab,Wofford,E Tennessee St,72,86,complete,2026-04-21 18:05:57.427374
275047,2026-02-02T01:00:00.000Z,ncaab,Oregon,Iowa,66,84,complete,2026-04-21 18:05:57.427374
284478,2026-02-02T21:30:00.000Z,ncaab,NC Central,MD-E Shore,65,63,complete,2026-04-21 18:05:57.427374
284730,2026-02-02T23:00:00.000Z,ncaab,Coppin St,Howard,53,72,complete,2026-04-21 18:05:57.427374
264019,2026-02-03T00:00:00.000Z,ncaab,Lamar,SE Louisiana,73,54,complete,2026-04-21 18:05:57.427374
266914,2026-02-03T00:00:00.000Z,ncaab,UNC,Syracuse,87,77,complete,2026-04-21 18:05:57.427374
276612,2026-02-03T00:00:00.000Z,ncaab,Holy Cross,Boston U,64,72,complete,2026-04-21 18:05:57.427374
278795,2026-02-03T00:00:00.000Z,ncaab,Alabama St,Florida A&M,79,66,complete,2026-04-21 18:05:57.427374
264018,2026-02-03T00:30:00.000Z,ncaab,NW State,Nicholls St,58,61,complete,2026-04-21 18:05:57.427374
264020,2026-02-03T00:30:00.000Z,ncaab,E TA&M,New Orleans,85,94,complete,2026-04-21 18:05:57.427374
264021,2026-02-03T00:30:00.000Z,ncaab,SFA,McNeese St,67,60,complete,2026-04-21 18:05:57.427374
264022,2026-02-03T00:30:00.000Z,ncaab,UT Grande Valley,Hou Christian,74,57,complete,2026-04-21 18:05:57.427374
278794,2026-02-03T01:00:00.000Z,ncaab,Alcorn State,Grambling St,50,74,complete,2026-04-21 18:05:57.427374
278796,2026-02-03T01:00:00.000Z,ncaab,Alabama A&M,B-Cookman,62,80,complete,2026-04-21 18:05:57.427374
278797,2026-02-03T01:00:00.000Z,ncaab,Jackson St,Southern U,91,96,complete,2026-04-21 18:05:57.427374
284682,2026-02-03T01:30:00.000Z,ncaab,Tenn St,Tenn Tech,85,90,complete,2026-04-21 18:05:57.427374
264023,2026-02-03T02:00:00.000Z,ncaab,Texas A&M-CC,Incarnate Word,69,71,complete,2026-04-21 18:05:57.427374
275263,2026-02-03T02:00:00.000Z,ncaab,Texas Tech,Kansas,61,64,complete,2026-04-21 18:05:57.427374
262695,2026-02-03T03:00:00.000Z,ncaab,Portland State,Idaho State,88,65,complete,2026-04-21 18:05:57.427374
262696,2026-02-03T03:00:00.000Z,ncaab,Sac State,Weber State,104,90,complete,2026-04-21 18:05:57.427374
264024,2026-02-03T23:30:00.000Z,ncaab,Buffalo,Miami (OH),71,73,complete,2026-04-21 18:05:57.427374
264025,2026-02-03T23:30:00.000Z,ncaab,Niagara,Canisius,65,56,complete,2026-04-21 18:05:57.427374
264030,2026-02-03T23:30:00.000Z,ncaab,E. Michigan,Akron,64,66,complete,2026-04-21 18:05:57.427374
262699,2026-02-04T00:00:00.000Z,ncaab,Texas,S. Carolina,84,75,complete,2026-04-21 18:05:57.427374
262700,2026-02-04T00:00:00.000Z,ncaab,Tennessee,Ole Miss,84,66,complete,2026-04-21 18:05:57.427374
264026,2026-02-04T00:00:00.000Z,ncaab,UMASS,C. Michigan,95,89,complete,2026-04-21 18:05:57.427374
264027,2026-02-04T00:00:00.000Z,ncaab,Ohio,W. Michigan,91,71,complete,2026-04-21 18:05:57.427374
264028,2026-02-04T00:00:00.000Z,ncaab,Toledo,Kent State,72,75,complete,2026-04-21 18:05:57.427374
264029,2026-02-04T00:00:00.000Z,ncaab,Bowling Green,Ball State,77,52,complete,2026-04-21 18:05:57.427374
266915,2026-02-04T00:00:00.000Z,ncaab,Duke,Boston Col,67,49,complete,2026-04-21 18:05:57.427374
267453,2026-02-04T00:00:00.000Z,ncaab,UConn,Xavier,92,60,complete,2026-04-21 18:05:57.427374
276158,2026-02-04T00:00:00.000Z,ncaab,Fordham,VCU,59,63,complete,2026-04-21 18:05:57.427374
276161,2026-02-04T00:00:00.000Z,ncaab,Dayton,St. Bonaventure,72,70,complete,2026-04-21 18:05:57.427374
280477,2026-02-04T00:00:00.000Z,ncaab,Illinois St,S. Illinois,50,54,complete,2026-04-21 18:05:57.427374
267452,2026-02-04T01:00:00.000Z,ncaab,DePaul,St. John's,56,68,complete,2026-04-21 18:05:57.427374
276159,2026-02-04T01:00:00.000Z,ncaab,Loyola (IL),La Salle,71,61,complete,2026-04-21 18:05:57.427374
280473,2026-02-04T01:00:00.000Z,ncaab,Murray State,UIC,81,74,complete,2026-04-21 18:05:57.427374
280475,2026-02-04T01:00:00.000Z,ncaab,Evansville,Indiana St,63,84,complete,2026-04-21 18:05:57.427374
280476,2026-02-04T01:00:00.000Z,ncaab,Bradley,Valparaiso,72,65,complete,2026-04-21 18:05:57.427374
262698,2026-02-04T01:30:00.000Z,ncaab,Lindenwood,SIU-Edwardsville,72,78,complete,2026-04-21 18:05:57.427374
284619,2026-02-04T01:30:00.000Z,ncaab,TN-Martin,Ark-Little Rock,55,52,complete,2026-04-21 18:05:57.427374
266919,2026-02-04T02:00:00.000Z,ncaab,Virginia,Pittsburgh,67,47,complete,2026-04-21 18:05:57.427374
266920,2026-02-04T02:00:00.000Z,ncaab,SMU,NC State,83,84,complete,2026-04-21 18:05:57.427374
276160,2026-02-04T02:00:00.000Z,ncaab,Davidson,Saint Louis,82,91,complete,2026-04-21 18:05:57.427374
280474,2026-02-04T02:00:00.000Z,ncaab,Belmont,Drake,103,90,complete,2026-04-21 18:05:57.427374
280770,2026-02-04T02:00:00.000Z,ncaab,Boise State,Nevada,91,87,complete,2026-04-21 18:05:57.427374
280772,2026-02-04T02:00:00.000Z,ncaab,Grand Canyon,Air Force,81,57,complete,2026-04-21 18:05:57.427374
275051,2026-02-04T02:30:00.000Z,ncaab,UCLA,Rutgers,98,66,complete,2026-04-21 18:05:57.427374
275052,2026-02-04T03:00:00.000Z,ncaab,USC,Indiana,81,75,complete,2026-04-21 18:05:57.427374
280771,2026-02-04T04:00:00.000Z,ncaab,San Diego State,Wyoming,72,63,complete,2026-04-21 18:05:57.427374
280773,2026-02-04T04:00:00.000Z,ncaab,Fresno State,UNLV,98,96,complete,2026-04-21 18:05:57.427374
262702,2026-02-04T23:00:00.000Z,ncaab,VMI,Wofford,67,81,complete,2026-04-21 18:05:57.427374
262707,2026-02-04T23:00:00.000Z,ncaab,UNC Greensboro,W. Carolina,81,78,complete,2026-04-21 18:05:57.427374
262712,2026-02-04T23:30:00.000Z,ncaab,App State,S. Alabama,65,57,complete,2026-04-21 18:05:57.427374
266925,2026-02-04T23:30:00.000Z,ncaab,UNC Asheville,USC Upstate,76,67,complete,2026-04-21 18:05:57.427374
267454,2026-02-04T23:30:00.000Z,ncaab,Villanova,Seton Hall,72,60,complete,2026-04-21 18:05:57.427374
262701,2026-02-05T00:00:00.000Z,ncaab,Alabama,Texas A&M,100,97,complete,2026-04-21 18:05:57.427374
262703,2026-02-05T00:00:00.000Z,ncaab,E Tennessee St,Furman,75,71,complete,2026-04-21 18:05:57.427374
262704,2026-02-05T00:00:00.000Z,ncaab,GA Southern,Texas St,71,77,complete,2026-04-21 18:05:57.427374
262706,2026-02-05T00:00:00.000Z,ncaab,Delaware,Liberty,69,75,complete,2026-04-21 18:05:57.427374
262708,2026-02-05T00:00:00.000Z,ncaab,Georgia State,Troy,63,74,complete,2026-04-21 18:05:57.427374
262709,2026-02-05T00:00:00.000Z,ncaab,Marshall,Southern Miss,81,77,complete,2026-04-21 18:05:57.427374
262710,2026-02-05T00:00:00.000Z,ncaab,JMU,Louisiana,61,64,complete,2026-04-21 18:05:57.427374
262711,2026-02-05T00:00:00.000Z,ncaab,Old Dominion,UL Monroe,79,85,complete,2026-04-21 18:05:57.427374
262715,2026-02-05T00:00:00.000Z,ncaab,Coastal Car,Arkansas St,66,70,complete,2026-04-21 18:05:57.427374
264031,2026-02-05T00:00:00.000Z,ncaab,SD State,St. Thomas,62,77,complete,2026-04-21 18:05:57.427374
266916,2026-02-05T00:00:00.000Z,ncaab,Louisville,Notre Dame,76,65,complete,2026-04-21 18:05:57.427374
266921,2026-02-05T00:00:00.000Z,ncaab,N Kentucky,Green Bay,84,87,complete,2026-04-21 18:05:57.427374
266922,2026-02-05T00:00:00.000Z,ncaab,Gardner-Webb,Longwood,66,86,complete,2026-04-21 18:05:57.427374
266923,2026-02-05T00:00:00.000Z,ncaab,Robert Morris,Wright State,72,66,complete,2026-04-21 18:05:57.427374
266924,2026-02-05T00:00:00.000Z,ncaab,High Point,Charleston So,80,55,complete,2026-04-21 18:05:57.427374
266927,2026-02-05T00:00:00.000Z,ncaab,IPFW,Youngstown St,61,90,complete,2026-04-21 18:05:57.427374
266928,2026-02-05T00:00:00.000Z,ncaab,Radford,Winthrop,78,80,complete,2026-04-21 18:05:57.427374
266929,2026-02-05T00:00:00.000Z,ncaab,Cleveland St,Oakland,91,78,complete,2026-04-21 18:05:57.427374
267455,2026-02-05T00:00:00.000Z,ncaab,Providence,Butler,97,87,complete,2026-04-21 18:05:57.427374
275055,2026-02-05T00:00:00.000Z,ncaab,Minnesota,Michigan St,76,73,complete,2026-04-21 18:05:57.427374
275264,2026-02-05T00:00:00.000Z,ncaab,Houston,UCF,79,55,complete,2026-04-21 18:05:57.427374
276012,2026-02-05T00:00:00.000Z,ncaab,S. Florida,UTSA,109,88,complete,2026-04-21 18:05:57.427374
276013,2026-02-05T00:00:00.000Z,ncaab,FAU,Tulsa,76,78,complete,2026-04-21 18:05:57.427374
276162,2026-02-05T00:00:00.000Z,ncaab,George Mason,Duquesne,65,71,complete,2026-04-21 18:05:57.427374
276163,2026-02-05T00:00:00.000Z,ncaab,Saint Joe's,G Washington,76,73,complete,2026-04-21 18:05:57.427374
276613,2026-02-05T00:00:00.000Z,ncaab,Lafayette,Navy,50,65,complete,2026-04-21 18:05:57.427374
276614,2026-02-05T00:00:00.000Z,ncaab,Colgate,Army ,69,55,complete,2026-04-21 18:05:57.427374
276615,2026-02-05T00:00:00.000Z,ncaab,Loyola (MD),Lehigh,89,84,complete,2026-04-21 18:05:57.427374
276616,2026-02-05T00:00:00.000Z,ncaab,American U,Bucknell,59,60,complete,2026-04-21 18:05:57.427374
262713,2026-02-05T00:30:00.000Z,ncaab,Middle Tenn,FIU,84,88,complete,2026-04-21 18:05:57.427374
262714,2026-02-05T00:30:00.000Z,ncaab,LA Tech,N. Mexico St,63,72,complete,2026-04-21 18:05:57.427374
262716,2026-02-05T00:30:00.000Z,ncaab,Sam Houston,UTEP,70,66,complete,2026-04-21 18:05:57.427374
262724,2026-02-05T00:30:00.000Z,ncaab,C. Arkansas,North Alabama,81,60,complete,2026-04-21 18:05:57.427374
267456,2026-02-05T00:30:00.000Z,ncaab,Georgetown,Creighton,76,68,complete,2026-04-21 18:05:57.427374
276010,2026-02-05T00:30:00.000Z,ncaab,Wichita State,Charlotte,74,64,complete,2026-04-21 18:05:57.427374
284731,2026-02-05T00:30:00.000Z,ncaab,Grambling St,AR-Pine Bluff,64,67,complete,2026-04-21 18:05:57.427374
284734,2026-02-05T00:30:00.000Z,ncaab,NW State,E TA&M,68,74,complete,2026-04-21 18:05:57.427374
262734,2026-02-05T01:00:00.000Z,ncaab,Austin Peay,Lipscomb,87,76,complete,2026-04-21 18:05:57.427374
264032,2026-02-05T01:00:00.000Z,ncaab,UMKC,South Dakota,75,82,complete,2026-04-21 18:05:57.427374
266917,2026-02-05T01:00:00.000Z,ncaab,California,G Tech,90,85,complete,2026-04-21 18:05:57.427374
266926,2026-02-05T01:00:00.000Z,ncaab,Milwaukee,Detroit,63,76,complete,2026-04-21 18:05:57.427374
275266,2026-02-05T01:00:00.000Z,ncaab,Baylor,Colorado,86,67,complete,2026-04-21 18:05:57.427374
276011,2026-02-05T01:00:00.000Z,ncaab,Rice,North Texas,86,83,complete,2026-04-21 18:05:57.427374
284620,2026-02-05T01:00:00.000Z,ncaab,SC State,MD-E Shore,63,54,complete,2026-04-21 18:05:57.427374
262697,2026-02-05T02:00:00.000Z,ncaab,Kentucky,Oklahoma,94,78,complete,2026-04-21 18:05:57.427374
275054,2026-02-05T02:00:00.000Z,ncaab,Illinois,Northwestern,84,44,complete,2026-04-21 18:05:57.427374
275265,2026-02-05T02:00:00.000Z,ncaab,OK State,BYU,99,92,complete,2026-04-21 18:05:57.427374
275267,2026-02-05T02:00:00.000Z,ncaab,Utah,Arizona St,63,71,complete,2026-04-21 18:05:57.427374
266918,2026-02-05T03:00:00.000Z,ncaab,Stanford,Clemson,64,66,complete,2026-04-21 18:05:57.427374
276998,2026-02-05T03:00:00.000Z,ncaab,Pacific,Santa Clara,56,71,complete,2026-04-21 18:05:57.427374
276999,2026-02-05T03:00:00.000Z,ncaab,Portland,Gonzaga,87,80,complete,2026-04-21 18:05:57.427374
277000,2026-02-05T03:00:00.000Z,ncaab,San Francisco,Loyola Marymount,75,84,complete,2026-04-21 18:05:57.427374
277001,2026-02-05T03:00:00.000Z,ncaab,Seattle,Pepperdine,83,81,complete,2026-04-21 18:05:57.427374
277002,2026-02-05T03:00:00.000Z,ncaab,Saint Mary's,San Diego,87,60,complete,2026-04-21 18:05:57.427374
275053,2026-02-05T04:00:00.000Z,ncaab,Washington,Iowa,74,84,complete,2026-04-21 18:05:57.427374
277003,2026-02-05T04:00:00.000Z,ncaab,Oregon St,Washington St,74,64,complete,2026-04-21 18:05:57.427374
280774,2026-02-05T04:00:00.000Z,ncaab,New Mexico,Utah State,66,86,complete,2026-04-21 18:05:57.427374
264036,2026-02-05T23:00:00.000Z,ncaab,Maine,Vermont,76,70,complete,2026-04-21 18:05:57.427374
264041,2026-02-05T23:00:00.000Z,ncaab,UMBC,Binghamton,79,62,complete,2026-04-21 18:05:57.427374
264044,2026-02-05T23:00:00.000Z,ncaab,Bryant U,Albany,63,65,complete,2026-04-21 18:05:57.427374
275056,2026-02-05T23:30:00.000Z,ncaab,Michigan,Penn State,110,69,complete,2026-04-21 18:05:57.427374
262718,2026-02-06T00:00:00.000Z,ncaab,E. Kentucky,FGCU,76,74,complete,2026-04-21 18:05:57.427374
262720,2026-02-06T00:00:00.000Z,ncaab,Bellarmine,Stetson,92,71,complete,2026-04-21 18:05:57.427374
262730,2026-02-06T00:00:00.000Z,ncaab,Chattanooga,Mercer,79,75,complete,2026-04-21 18:05:57.427374
262737,2026-02-06T00:00:00.000Z,ncaab,Queens,Jacksonville,93,84,complete,2026-04-21 18:05:57.427374
262739,2026-02-06T00:00:00.000Z,ncaab,Wolves,North Florida,73,81,complete,2026-04-21 18:05:57.427374
264033,2026-02-06T00:00:00.000Z,ncaab,Campbell,Drexel,81,60,complete,2026-04-21 18:05:57.427374
264034,2026-02-06T00:00:00.000Z,ncaab,Charleston,NC A&T,78,62,complete,2026-04-21 18:05:57.427374
264035,2026-02-06T00:00:00.000Z,ncaab,Stony Brook,Monmouth,75,76,complete,2026-04-21 18:05:57.427374
264037,2026-02-06T00:00:00.000Z,ncaab,UNC Wilmington,William & Mary,78,85,complete,2026-04-21 18:05:57.427374
264040,2026-02-06T00:00:00.000Z,ncaab,Quinnipiac,Canisius,75,60,complete,2026-04-21 18:05:57.427374
264042,2026-02-06T00:00:00.000Z,ncaab,Marist,Rider,81,52,complete,2026-04-21 18:05:57.427374
264043,2026-02-06T00:00:00.000Z,ncaab,Sacred Heart,Fairfield,87,92,complete,2026-04-21 18:05:57.427374
264045,2026-02-06T00:00:00.000Z,ncaab,Manhattan,St. Peter's,75,80,complete,2026-04-21 18:05:57.427374
264046,2026-02-06T00:00:00.000Z,ncaab,N.J.I.T.,UMass Lowell,81,56,complete,2026-04-21 18:05:57.427374
264047,2026-02-06T00:00:00.000Z,ncaab,Siena,Iona,79,72,complete,2026-04-21 18:05:57.427374
264048,2026-02-06T00:00:00.000Z,ncaab,St. Mary's,Merrimack,70,87,complete,2026-04-21 18:05:57.427374
264049,2026-02-06T00:00:00.000Z,ncaab,Lakers,St. Francis (PA),98,89,complete,2026-04-21 18:05:57.427374
264050,2026-02-06T00:00:00.000Z,ncaab,Central Conn,Chicago St,78,67,complete,2026-04-21 18:05:57.427374
264051,2026-02-06T00:00:00.000Z,ncaab,Hampton,Elon,87,79,complete,2026-04-21 18:05:57.427374
264052,2026-02-06T00:00:00.000Z,ncaab,Hofstra,Northeastern,80,63,complete,2026-04-21 18:05:57.427374
265523,2026-02-06T00:00:00.000Z,ncaab,Wagner,Dolphins,79,78,complete,2026-04-21 18:05:57.427374
265524,2026-02-06T00:00:00.000Z,ncaab,Fairleigh,Stonehill,74,58,complete,2026-04-21 18:05:57.427374
266010,2026-02-06T00:00:00.000Z,ncaab,Long Island,New Haven,60,55,complete,2026-04-21 18:05:57.427374
275268,2026-02-06T00:00:00.000Z,ncaab,Cincinnati,West Virginia,54,59,complete,2026-04-21 18:05:57.427374
262729,2026-02-06T01:00:00.000Z,ncaab,Ark-Little Rock,Lindenwood,74,79,complete,2026-04-21 18:05:57.427374
262731,2026-02-06T01:00:00.000Z,ncaab,Utah Valley,Ab Christian,68,55,complete,2026-04-21 18:05:57.427374
262738,2026-02-06T01:00:00.000Z,ncaab,Samford,Citadel,78,64,complete,2026-04-21 18:05:57.427374
264038,2026-02-06T01:00:00.000Z,ncaab,NDSU,Denver,71,78,complete,2026-04-21 18:05:57.427374
264039,2026-02-06T01:00:00.000Z,ncaab,North Dakota,Omaha,76,73,complete,2026-04-21 18:05:57.427374
262717,2026-02-06T01:30:00.000Z,ncaab,SE Missouri,Morehead St,82,70,complete,2026-04-21 18:05:57.427374
262722,2026-02-06T01:30:00.000Z,ncaab,TN-Martin,Southern Indiana,76,54,complete,2026-04-21 18:05:57.427374
262723,2026-02-06T01:30:00.000Z,ncaab,Tenn Tech,W. Illinois,97,72,complete,2026-04-21 18:05:57.427374
262733,2026-02-06T01:30:00.000Z,ncaab,Tenn St,E. Illinois,77,68,complete,2026-04-21 18:05:57.427374
275057,2026-02-06T01:30:00.000Z,ncaab,Maryland,Ohio State,62,82,complete,2026-04-21 18:05:57.427374
262705,2026-02-06T02:00:00.000Z,ncaab,W. Kentucky,Jax State,66,71,complete,2026-04-21 18:05:57.427374
262721,2026-02-06T02:00:00.000Z,ncaab,Idaho State,N. Arizona,73,79,complete,2026-04-21 18:05:57.427374
262725,2026-02-06T02:00:00.000Z,ncaab,Utah Tech,UT-Arlington,87,84,complete,2026-04-21 18:05:57.427374
262726,2026-02-06T02:00:00.000Z,ncaab,Montana St,Idaho,73,66,complete,2026-04-21 18:05:57.427374
262727,2026-02-06T02:00:00.000Z,ncaab,UC Davis,UCSB,85,75,complete,2026-04-21 18:05:57.427374
262732,2026-02-06T02:00:00.000Z,ncaab,Montana,E. Washington,74,82,complete,2026-04-21 18:05:57.427374
262735,2026-02-06T02:00:00.000Z,ncaab,Weber State,N. Colorado,74,88,complete,2026-04-21 18:05:57.427374
276014,2026-02-06T02:00:00.000Z,ncaab,UAB,Memphis,80,90,complete,2026-04-21 18:05:57.427374
262719,2026-02-06T03:00:00.000Z,ncaab,UC Irvine,CS Bakersfield,78,62,complete,2026-04-21 18:05:57.427374
262728,2026-02-06T03:00:00.000Z,ncaab,UCSD,LBSU,77,74,complete,2026-04-21 18:05:57.427374
262736,2026-02-06T03:00:00.000Z,ncaab,Cal Poly,CS Northridge,96,97,complete,2026-04-21 18:05:57.427374
262740,2026-02-06T03:00:00.000Z,ncaab,CS Fullerton,UC Riverside,78,72,complete,2026-04-21 18:05:57.427374
262741,2026-02-06T03:00:00.000Z,ncaab,Cal Baptist,Tarleton St,56,55,complete,2026-04-21 18:05:57.427374
276164,2026-02-06T23:00:00.000Z,ncaab,Davidson,Loyola (IL),84,64,complete,2026-04-21 18:05:57.427374
276165,2026-02-07T00:00:00.000Z,ncaab,VCU,Dayton,99,73,complete,2026-04-21 18:05:57.427374
276763,2026-02-07T00:00:00.000Z,ncaab,Yale,Brown,81,69,complete,2026-04-21 18:05:57.427374
267457,2026-02-07T01:00:00.000Z,ncaab,St. John's,UConn,81,72,complete,2026-04-21 18:05:57.427374
280478,2026-02-07T01:00:00.000Z,ncaab,Valparaiso,Evansville,70,63,complete,2026-04-21 18:05:57.427374
280479,2026-02-07T01:00:00.000Z,ncaab,S. Illinois,Murray State,81,91,complete,2026-04-21 18:05:57.427374
280481,2026-02-07T01:00:00.000Z,ncaab,N. Iowa,Bradley,61,49,complete,2026-04-21 18:05:57.427374
280482,2026-02-07T01:00:00.000Z,ncaab,Illinois St,Drake,86,76,complete,2026-04-21 18:05:57.427374
280480,2026-02-07T02:00:00.000Z,ncaab,UIC,Belmont,62,68,complete,2026-04-21 18:05:57.427374
275066,2026-02-08T17:00:00.000Z,ncaab,Penn State,USC,75,77,complete,2026-04-21 18:05:57.427374
276020,2026-02-08T17:00:00.000Z,ncaab,S. Florida,Tulsa,80,74,complete,2026-04-21 18:05:57.427374
262751,2026-02-08T18:00:00.000Z,ncaab,Furman,UNC Greensboro,64,67,complete,2026-04-21 18:05:57.427374
275064,2026-02-08T18:00:00.000Z,ncaab,Ohio State,Michigan,61,82,complete,2026-04-21 18:05:57.427374
275276,2026-02-08T18:00:00.000Z,ncaab,West Virginia,Texas Tech,63,70,complete,2026-04-21 18:05:57.427374
275063,2026-02-08T19:00:00.000Z,ncaab,Minnesota,Maryland,62,67,complete,2026-04-21 18:05:57.427374
275275,2026-02-08T19:00:00.000Z,ncaab,Cincinnati,UCF,92,72,complete,2026-04-21 18:05:57.427374
276018,2026-02-08T19:00:00.000Z,ncaab,Tulane,Wichita State,61,75,complete,2026-04-21 18:05:57.427374
276019,2026-02-08T19:00:00.000Z,ncaab,Memphis,Charlotte,77,54,complete,2026-04-21 18:05:57.427374
275065,2026-02-08T20:00:00.000Z,ncaab,Iowa,Northwestern,76,70,complete,2026-04-21 18:05:57.427374
276017,2026-02-08T20:00:00.000Z,ncaab,UAB,Rice,71,65,complete,2026-04-21 18:05:57.427374
284757,2026-02-09T21:00:00.000Z,ncaab,Chicago St,St. Francis (PA),80,75,complete,2026-04-21 18:05:57.427374
276622,2026-02-09T23:00:00.000Z,ncaab,Bucknell,Navy,60,76,complete,2026-04-21 18:05:57.427374
267462,2026-02-09T23:30:00.000Z,ncaab,St. John's,Xavier,87,82,complete,2026-04-21 18:05:57.427374
278806,2026-02-09T23:30:00.000Z,ncaab,AR-Pine Bluff,Jackson St,84,63,complete,2026-04-21 18:05:57.427374
264082,2026-02-10T00:00:00.000Z,ncaab,Lamar,NW State,68,70,complete,2026-04-21 18:05:57.427374
264086,2026-02-10T00:00:00.000Z,ncaab,SE Louisiana,Incarnate Word,74,62,complete,2026-04-21 18:05:57.427374
266948,2026-02-10T00:00:00.000Z,ncaab,Louisville,NC State,118,77,complete,2026-04-21 18:05:57.427374
278809,2026-02-10T00:00:00.000Z,ncaab,B-Cookman,Texas Southern,79,69,complete,2026-04-21 18:05:57.427374
279097,2026-02-10T00:00:00.000Z,ncaab,Florida A&M,Prairie View,100,96,complete,2026-04-21 18:05:57.427374
280485,2026-02-10T00:00:00.000Z,ncaab,Howard,Yale,81,87,complete,2026-04-21 18:05:57.427374
280489,2026-02-10T00:00:00.000Z,ncaab,Indiana St,S. Illinois,65,80,complete,2026-04-21 18:05:57.427374
284621,2026-02-10T00:00:00.000Z,ncaab,North Alabama,C. Arkansas,65,72,complete,2026-04-21 18:05:57.427374
264083,2026-02-10T00:30:00.000Z,ncaab,Nicholls St,UT Grande Valley,72,92,complete,2026-04-21 18:05:57.427374
264084,2026-02-10T00:30:00.000Z,ncaab,McNeese St,Hou Christian,73,69,complete,2026-04-21 18:05:57.427374
264085,2026-02-10T00:30:00.000Z,ncaab,SFA,E TA&M,74,70,complete,2026-04-21 18:05:57.427374
278808,2026-02-10T00:30:00.000Z,ncaab,Grambling St,Alabama A&M,58,66,complete,2026-04-21 18:05:57.427374
280486,2026-02-10T00:30:00.000Z,ncaab,Drake,Valparaiso,76,81,complete,2026-04-21 18:05:57.427374
264070,2026-02-10T01:00:00.000Z,ncaab,Charleston,UNC Wilmington,64,76,complete,2026-04-21 18:05:57.427374
264081,2026-02-10T01:00:00.000Z,ncaab,New Orleans,Texas A&M-CC,84,78,complete,2026-04-21 18:05:57.427374
278807,2026-02-10T01:00:00.000Z,ncaab,MS Valley St,Alcorn State,66,74,complete,2026-04-21 18:05:57.427374
280484,2026-02-10T01:00:00.000Z,ncaab,Evansville,Illinois St,88,80,complete,2026-04-21 18:05:57.427374
280488,2026-02-10T01:00:00.000Z,ncaab,Bradley,Belmont,95,84,complete,2026-04-21 18:05:57.427374
284735,2026-02-10T01:00:00.000Z,ncaab,NC Central,Delaware St,72,63,complete,2026-04-21 18:05:57.427374
275067,2026-02-10T01:30:00.000Z,ncaab,Indiana,Oregon,92,74,complete,2026-04-21 18:05:57.427374
275277,2026-02-10T02:00:00.000Z,ncaab,Kansas,Arizona,82,78,complete,2026-04-21 18:05:57.427374
278810,2026-02-10T02:00:00.000Z,ncaab,Southern U,Alabama St,69,68,complete,2026-04-21 18:05:57.427374
280487,2026-02-10T03:00:00.000Z,ncaab,Murray State,N. Iowa,60,89,complete,2026-04-21 18:05:57.427374
267048,2026-02-10T23:30:00.000Z,ncaab,IUIN,Milwaukee,88,92,complete,2026-04-21 18:05:57.427374
262790,2026-02-11T00:00:00.000Z,ncaab,Auburn,Vanderbilt,76,84,complete,2026-04-21 18:05:57.427374
266953,2026-02-11T00:00:00.000Z,ncaab,Florida St,Virginia,58,61,complete,2026-04-21 18:05:57.427374
266954,2026-02-11T00:00:00.000Z,ncaab,SMU,Notre Dame,89,81,complete,2026-04-21 18:05:57.427374
266955,2026-02-11T00:00:00.000Z,ncaab,Miami (FL),UNC,75,66,complete,2026-04-21 18:05:57.427374
275069,2026-02-11T00:00:00.000Z,ncaab,Nebraska,Purdue,77,80,complete,2026-04-21 18:05:57.427374
275278,2026-02-11T00:00:00.000Z,ncaab,Baylor,BYU,94,99,complete,2026-04-21 18:05:57.427374
276171,2026-02-11T00:00:00.000Z,ncaab,Richmond,George Mason,82,70,complete,2026-04-21 18:05:57.427374
276172,2026-02-11T00:00:00.000Z,ncaab,G Washington,Rhode Island,75,70,complete,2026-04-21 18:05:57.427374
276173,2026-02-11T00:00:00.000Z,ncaab,Saint Joe's,Fordham,64,68,complete,2026-04-21 18:05:57.427374
267463,2026-02-11T00:30:00.000Z,ncaab,Villanova,Marquette,77,74,complete,2026-04-21 18:05:57.427374
275068,2026-02-11T01:00:00.000Z,ncaab,Illinois,Wisconsin,90,92,complete,2026-04-21 18:05:57.427374
262786,2026-02-11T01:30:00.000Z,ncaab,W. Illinois,E. Illinois,79,70,complete,2026-04-21 18:05:57.427374
262787,2026-02-11T02:00:00.000Z,ncaab,LSU,Arkansas,62,91,complete,2026-04-21 18:05:57.427374
266951,2026-02-11T02:00:00.000Z,ncaab,Pittsburgh,Duke,54,70,complete,2026-04-21 18:05:57.427374
275279,2026-02-11T02:00:00.000Z,ncaab,Arizona St,OK State,85,76,complete,2026-04-21 18:05:57.427374
275280,2026-02-11T02:00:00.000Z,ncaab,TCU,Iowa State,62,55,complete,2026-04-21 18:05:57.427374
275281,2026-02-11T02:00:00.000Z,ncaab,Utah,Houston,52,66,complete,2026-04-21 18:05:57.427374
280781,2026-02-11T02:00:00.000Z,ncaab,Air Force,Colorado St,74,91,complete,2026-04-21 18:05:57.427374
280782,2026-02-11T02:00:00.000Z,ncaab,Utah State,Fresno State,91,78,complete,2026-04-21 18:05:57.427374
277010,2026-02-11T04:00:00.000Z,ncaab,Gonzaga,Washington St,83,53,complete,2026-04-21 18:05:57.427374
280783,2026-02-11T04:00:00.000Z,ncaab,UNLV,San Jose St,82,75,complete,2026-04-21 18:05:57.427374
262804,2026-02-11T23:00:00.000Z,ncaab,W. Carolina,Citadel,87,49,complete,2026-04-21 18:05:57.427374
275070,2026-02-11T23:00:00.000Z,ncaab,Maryland,Iowa,77,70,complete,2026-04-21 18:05:57.427374
276624,2026-02-11T23:00:00.000Z,ncaab,Holy Cross,Colgate,70,74,complete,2026-04-21 18:05:57.427374
276625,2026-02-11T23:00:00.000Z,ncaab,Army ,Boston U,68,85,complete,2026-04-21 18:05:57.427374
275073,2026-02-11T23:30:00.000Z,ncaab,Ohio State,USC,89,82,complete,2026-04-21 18:05:57.427374
276174,2026-02-11T23:30:00.000Z,ncaab,La Salle,VCU,68,77,complete,2026-04-21 18:05:57.427374
262788,2026-02-12T00:00:00.000Z,ncaab,Ole Miss,Alabama,74,93,complete,2026-04-21 18:05:57.427374
262789,2026-02-12T00:00:00.000Z,ncaab,Georgia,Florida,66,86,complete,2026-04-21 18:05:57.427374
262792,2026-02-12T00:00:00.000Z,ncaab,Samford,Wofford,97,80,complete,2026-04-21 18:05:57.427374
262794,2026-02-12T00:00:00.000Z,ncaab,Mercer,Furman,69,64,complete,2026-04-21 18:05:57.427374
262798,2026-02-12T00:00:00.000Z,ncaab,Jax State,UTEP,64,69,complete,2026-04-21 18:05:57.427374
262799,2026-02-12T00:00:00.000Z,ncaab,UNC Greensboro,VMI,92,71,complete,2026-04-21 18:05:57.427374
262801,2026-02-12T00:00:00.000Z,ncaab,Queens,Austin Peay,87,95,complete,2026-04-21 18:05:57.427374
262803,2026-02-12T00:00:00.000Z,ncaab,E Tennessee St,Chattanooga,73,61,complete,2026-04-21 18:05:57.427374
262807,2026-02-12T00:00:00.000Z,ncaab,Stetson,Jacksonville,67,62,complete,2026-04-21 18:05:57.427374
262821,2026-02-12T00:00:00.000Z,ncaab,FGCU,North Florida,90,81,complete,2026-04-21 18:05:57.427374
262831,2026-02-12T00:00:00.000Z,ncaab,North Alabama,Wolves,73,82,complete,2026-04-21 18:05:57.427374
264087,2026-02-12T00:00:00.000Z,ncaab,W. Michigan,Toledo,79,90,complete,2026-04-21 18:05:57.427374
264088,2026-02-12T00:00:00.000Z,ncaab,Ball State,Buffalo,53,63,complete,2026-04-21 18:05:57.427374
264091,2026-02-12T00:00:00.000Z,ncaab,Kent State,E. Michigan,95,91,complete,2026-04-21 18:05:57.427374
266950,2026-02-12T00:00:00.000Z,ncaab,Syracuse,California,107,100,complete,2026-04-21 18:05:57.427374
266956,2026-02-12T00:00:00.000Z,ncaab,Clemson,VA Tech,66,76,complete,2026-04-21 18:05:57.427374
276021,2026-02-12T00:00:00.000Z,ncaab,E. Carolina,UTSA,88,72,complete,2026-04-21 18:05:57.427374
276623,2026-02-12T00:00:00.000Z,ncaab,Lehigh,American U,90,82,complete,2026-04-21 18:05:57.427374
276626,2026-02-12T00:00:00.000Z,ncaab,Lafayette,Loyola (MD),54,68,complete,2026-04-21 18:05:57.427374
262791,2026-02-12T00:30:00.000Z,ncaab,Old Dominion,Marshall,79,81,complete,2026-04-21 18:05:57.427374
262829,2026-02-12T00:30:00.000Z,ncaab,C. Arkansas,Bellarmine,84,76,complete,2026-04-21 18:05:57.427374
267464,2026-02-12T00:30:00.000Z,ncaab,Butler,UConn,70,80,complete,2026-04-21 18:05:57.427374
267466,2026-02-12T00:30:00.000Z,ncaab,Seton Hall,Providence,87,80,complete,2026-04-21 18:05:57.427374
276023,2026-02-12T00:30:00.000Z,ncaab,Wichita State,S. Florida,58,66,complete,2026-04-21 18:05:57.427374
276025,2026-02-12T00:30:00.000Z,ncaab,Tulane,Temple,77,66,complete,2026-04-21 18:05:57.427374
262795,2026-02-12T01:00:00.000Z,ncaab,Arkansas St,UL Monroe,103,70,complete,2026-04-21 18:05:57.427374
262796,2026-02-12T01:00:00.000Z,ncaab,Texas St,Troy,74,62,complete,2026-04-21 18:05:57.427374
262797,2026-02-12T01:00:00.000Z,ncaab,GA Southern,App State,65,81,complete,2026-04-21 18:05:57.427374
262802,2026-02-12T01:00:00.000Z,ncaab,Lipscomb,E. Kentucky,75,61,complete,2026-04-21 18:05:57.427374
264089,2026-02-12T01:00:00.000Z,ncaab,N. Illinois,Bowling Green,52,68,complete,2026-04-21 18:05:57.427374
264090,2026-02-12T01:00:00.000Z,ncaab,South Dakota,North Dakota,71,72,complete,2026-04-21 18:05:57.427374
275282,2026-02-12T01:00:00.000Z,ncaab,Texas Tech,Colorado,78,44,complete,2026-04-21 18:05:57.427374
276022,2026-02-12T01:00:00.000Z,ncaab,Rice,FAU,81,73,complete,2026-04-21 18:05:57.427374
276024,2026-02-12T01:00:00.000Z,ncaab,Tulsa,UAB,63,68,complete,2026-04-21 18:05:57.427374
275071,2026-02-12T01:30:00.000Z,ncaab,Northwestern,Michigan,75,87,complete,2026-04-21 18:05:57.427374
262785,2026-02-12T02:00:00.000Z,ncaab,Texas A&M,Missouri,85,86,complete,2026-04-21 18:05:57.427374
262793,2026-02-12T02:00:00.000Z,ncaab,Mississippi St,Tennessee,64,73,complete,2026-04-21 18:05:57.427374
262800,2026-02-12T02:00:00.000Z,ncaab,N. Mexico St,Liberty,75,77,complete,2026-04-21 18:05:57.427374
266949,2026-02-12T02:00:00.000Z,ncaab,G Tech,Wake Forest,67,83,complete,2026-04-21 18:05:57.427374
266952,2026-02-12T02:00:00.000Z,ncaab,Boston Col,Stanford,64,70,complete,2026-04-21 18:05:57.427374
267465,2026-02-12T02:00:00.000Z,ncaab,DePaul,Creighton,72,71,complete,2026-04-21 18:05:57.427374
275283,2026-02-12T02:00:00.000Z,ncaab,K State,Cincinnati,62,91,complete,2026-04-21 18:05:57.427374
277011,2026-02-12T02:30:00.000Z,ncaab,San Diego,Portland,71,58,complete,2026-04-21 18:05:57.427374
277012,2026-02-12T03:00:00.000Z,ncaab,Santa Clara,Seattle,84,72,complete,2026-04-21 18:05:57.427374
277013,2026-02-12T03:00:00.000Z,ncaab,Saint Mary's,Pepperdine,88,60,complete,2026-04-21 18:05:57.427374
277015,2026-02-12T03:00:00.000Z,ncaab,Pacific,Loyola Marymount,65,59,complete,2026-04-21 18:05:57.427374
280784,2026-02-12T03:00:00.000Z,ncaab,Grand Canyon,New Mexico,64,70,complete,2026-04-21 18:05:57.427374
275072,2026-02-12T03:30:00.000Z,ncaab,Washington,Penn State,60,63,complete,2026-04-21 18:05:57.427374
264092,2026-02-12T23:00:00.000Z,ncaab,UMass Lowell,Bryant U,88,69,complete,2026-04-21 18:05:57.427374
264095,2026-02-12T23:00:00.000Z,ncaab,New Hampshire,N.J.I.T.,70,76,complete,2026-04-21 18:05:57.427374
264102,2026-02-12T23:00:00.000Z,ncaab,Maine,UMBC,62,78,complete,2026-04-21 18:05:57.427374
262819,2026-02-12T23:30:00.000Z,ncaab,Kennesaw St,Middle Tenn,87,90,complete,2026-04-21 18:05:57.427374
264104,2026-02-12T23:30:00.000Z,ncaab,Binghamton,Vermont,65,73,complete,2026-04-21 18:05:57.427374
266962,2026-02-12T23:30:00.000Z,ncaab,IUIN,N Kentucky,81,84,complete,2026-04-21 18:05:57.427374
262824,2026-02-13T00:00:00.000Z,ncaab,JMU,Georgia State,81,79,complete,2026-04-21 18:05:57.427374
262826,2026-02-13T00:00:00.000Z,ncaab,FIU,Delaware,66,68,complete,2026-04-21 18:05:57.427374
264093,2026-02-13T00:00:00.000Z,ncaab,Charleston,Hofstra,62,66,complete,2026-04-21 18:05:57.427374
264094,2026-02-13T00:00:00.000Z,ncaab,Wagner,Long Island,57,67,complete,2026-04-21 18:05:57.427374
264096,2026-02-13T00:00:00.000Z,ncaab,UNC Wilmington,Elon,65,54,complete,2026-04-21 18:05:57.427374
264099,2026-02-13T00:00:00.000Z,ncaab,Drexel,Monmouth,73,93,complete,2026-04-21 18:05:57.427374
264100,2026-02-13T00:00:00.000Z,ncaab,Northeastern,William & Mary,67,94,complete,2026-04-21 18:05:57.427374
264103,2026-02-13T00:00:00.000Z,ncaab,Towson,Stony Brook,69,57,complete,2026-04-21 18:05:57.427374
264105,2026-02-13T00:00:00.000Z,ncaab,Fairleigh,St. Francis (PA),66,59,complete,2026-04-21 18:05:57.427374
264110,2026-02-13T00:00:00.000Z,ncaab,Merrimack,Marist,81,56,complete,2026-04-21 18:05:57.427374
265527,2026-02-13T00:00:00.000Z,ncaab,Chicago St,Stonehill,68,55,complete,2026-04-21 18:05:57.427374
265528,2026-02-13T00:00:00.000Z,ncaab,Dolphins,Lakers,58,57,complete,2026-04-21 18:05:57.427374
266012,2026-02-13T00:00:00.000Z,ncaab,New Haven,Central Conn,76,81,complete,2026-04-21 18:05:57.427374
266957,2026-02-13T00:00:00.000Z,ncaab,Longwood,UNC Asheville,74,79,complete,2026-04-21 18:05:57.427374
266958,2026-02-13T00:00:00.000Z,ncaab,Gardner-Webb,Winthrop,85,103,complete,2026-04-21 18:05:57.427374
266959,2026-02-13T00:00:00.000Z,ncaab,Oakland,Youngstown St,82,86,complete,2026-04-21 18:05:57.427374
266960,2026-02-13T00:00:00.000Z,ncaab,Wright State,Detroit,74,77,complete,2026-04-21 18:05:57.427374
266961,2026-02-13T00:00:00.000Z,ncaab,USC Upstate,High Point,70,95,complete,2026-04-21 18:05:57.427374
266963,2026-02-13T00:00:00.000Z,ncaab,Charleston So,Presbyterian,84,67,complete,2026-04-21 18:05:57.427374
266964,2026-02-13T00:00:00.000Z,ncaab,Cleveland St,Robert Morris,68,85,complete,2026-04-21 18:05:57.427374
266965,2026-02-13T00:00:00.000Z,ncaab,Green Bay,IPFW,76,59,complete,2026-04-21 18:05:57.427374
280490,2026-02-13T00:00:00.000Z,ncaab,Illinois St,Valparaiso,86,64,complete,2026-04-21 18:05:57.427374
280494,2026-02-13T00:00:00.000Z,ncaab,Indiana St,Murray State,72,74,complete,2026-04-21 18:05:57.427374
262806,2026-02-13T00:30:00.000Z,ncaab,Morehead St,Tenn Tech,73,66,complete,2026-04-21 18:05:57.427374
280492,2026-02-13T00:30:00.000Z,ncaab,Drake,UIC,70,80,complete,2026-04-21 18:05:57.427374
262811,2026-02-13T01:00:00.000Z,ncaab,Louisiana,Coastal Car,65,69,complete,2026-04-21 18:05:57.427374
262817,2026-02-13T01:00:00.000Z,ncaab,N. Arizona,Portland State,68,77,complete,2026-04-21 18:05:57.427374
262830,2026-02-13T01:00:00.000Z,ncaab,N. Colorado,Sac State,95,79,complete,2026-04-21 18:05:57.427374
264097,2026-02-13T01:00:00.000Z,ncaab,Omaha,St. Thomas,98,94,complete,2026-04-21 18:05:57.427374
264098,2026-02-13T01:00:00.000Z,ncaab,Oral Roberts,UMKC,69,60,complete,2026-04-21 18:05:57.427374
280493,2026-02-13T01:00:00.000Z,ncaab,S. Illinois,Evansville,86,60,complete,2026-04-21 18:05:57.427374
262812,2026-02-13T01:30:00.000Z,ncaab,W. Illinois,Ark-Little Rock,58,77,complete,2026-04-21 18:05:57.427374
262813,2026-02-13T01:30:00.000Z,ncaab,Southern Utah,Cal Baptist,66,83,complete,2026-04-21 18:05:57.427374
262814,2026-02-13T01:30:00.000Z,ncaab,SIU-Edwardsville,SE Missouri,74,56,complete,2026-04-21 18:05:57.427374
262820,2026-02-13T01:30:00.000Z,ncaab,Southern Miss,S. Alabama,78,84,complete,2026-04-21 18:05:57.427374
262823,2026-02-13T01:30:00.000Z,ncaab,Lindenwood,TN-Martin,75,74,complete,2026-04-21 18:05:57.427374
262825,2026-02-13T01:30:00.000Z,ncaab,Missouri St,LA Tech,78,79,complete,2026-04-21 18:05:57.427374
262810,2026-02-13T02:00:00.000Z,ncaab,E. Washington,Idaho State,88,75,complete,2026-04-21 18:05:57.427374
262815,2026-02-13T02:00:00.000Z,ncaab,Idaho,Weber State,72,83,complete,2026-04-21 18:05:57.427374
262816,2026-02-13T02:00:00.000Z,ncaab,Southern Indiana,Tenn St,71,73,complete,2026-04-21 18:05:57.427374
262827,2026-02-13T02:00:00.000Z,ncaab,Ab Christian,UT-Arlington,67,63,complete,2026-04-21 18:05:57.427374
262828,2026-02-13T02:00:00.000Z,ncaab,Utah Tech,Utah Valley,81,77,complete,2026-04-21 18:05:57.427374
264101,2026-02-13T02:00:00.000Z,ncaab,Denver,SD State,79,61,complete,2026-04-21 18:05:57.427374
276026,2026-02-13T02:00:00.000Z,ncaab,North Texas,Memphis,76,69,complete,2026-04-21 18:05:57.427374
277014,2026-02-13T02:00:00.000Z,ncaab,San Francisco,Oregon St,63,90,complete,2026-04-21 18:05:57.427374
280491,2026-02-13T02:00:00.000Z,ncaab,Belmont,N. Iowa,91,86,complete,2026-04-21 18:05:57.427374
262809,2026-02-13T02:30:00.000Z,ncaab,CS Bakersfield,Hawaii,74,89,complete,2026-04-21 18:05:57.427374
262805,2026-02-13T03:00:00.000Z,ncaab,Cal Poly,UC Irvine,79,73,complete,2026-04-21 18:05:57.427374
262808,2026-02-13T03:00:00.000Z,ncaab,LBSU,CS Fullerton,82,86,complete,2026-04-21 18:05:57.427374
262818,2026-02-13T03:00:00.000Z,ncaab,UCSD,UC Davis,68,51,complete,2026-04-21 18:05:57.427374
262822,2026-02-13T03:00:00.000Z,ncaab,UC Riverside,UCSB,68,76,complete,2026-04-21 18:05:57.427374
264108,2026-02-13T23:30:00.000Z,ncaab,Niagara,Manhattan,69,76,complete,2026-04-21 18:05:57.427374
264106,2026-02-14T00:00:00.000Z,ncaab,Sacred Heart,St. Peter's,78,71,complete,2026-04-21 18:05:57.427374
264107,2026-02-14T00:00:00.000Z,ncaab,Rider,St. Mary's,55,65,complete,2026-04-21 18:05:57.427374
264109,2026-02-14T00:00:00.000Z,ncaab,Canisius,Iona,63,69,complete,2026-04-21 18:05:57.427374
264112,2026-02-14T00:00:00.000Z,ncaab,Siena,Quinnipiac,62,74,complete,2026-04-21 18:05:57.427374
276175,2026-02-14T00:00:00.000Z,ncaab,G Washington,George Mason,72,53,complete,2026-04-21 18:05:57.427374
276767,2026-02-14T00:00:00.000Z,ncaab,Harvard,Brown,56,53,complete,2026-04-21 18:05:57.427374
276768,2026-02-14T00:00:00.000Z,ncaab,Dartmouth ,Yale,70,83,complete,2026-04-21 18:05:57.427374
276769,2026-02-14T00:00:00.000Z,ncaab,Princeton,Cornell,65,89,complete,2026-04-21 18:05:57.427374
276770,2026-02-14T00:00:00.000Z,ncaab,Penn,Columbia,76,67,complete,2026-04-21 18:05:57.427374
275074,2026-02-14T01:00:00.000Z,ncaab,Wisconsin,Michigan St,92,71,complete,2026-04-21 18:05:57.427374
276176,2026-02-14T01:30:00.000Z,ncaab,Loyola (IL),Saint Louis,59,86,complete,2026-04-21 18:05:57.427374
264115,2026-02-14T02:00:00.000Z,ncaab,Akron,UMASS,99,92,complete,2026-04-21 18:05:57.427374
264122,2026-02-14T02:00:00.000Z,ncaab,Miami (OH),Ohio,90,74,complete,2026-04-21 18:05:57.427374
280785,2026-02-14T03:00:00.000Z,ncaab,Boise State,UNLV,83,86,complete,2026-04-21 18:05:57.427374
264111,2026-02-14T04:00:00.000Z,ncaab,Hampton,NC A&T,70,71,complete,2026-04-21 18:05:57.427374
275080,2026-02-15T17:00:00.000Z,ncaab,Rutgers,Maryland,68,57,complete,2026-04-21 18:05:57.427374
275290,2026-02-15T17:00:00.000Z,ncaab,Cincinnati,Utah,69,65,complete,2026-04-21 18:05:57.427374
276030,2026-02-15T17:00:00.000Z,ncaab,Charlotte,UTSA,79,88,complete,2026-04-21 18:05:57.427374
264119,2026-02-15T18:00:00.000Z,ncaab,Omaha,Denver,83,76,complete,2026-04-21 18:05:57.427374
264140,2026-02-15T18:00:00.000Z,ncaab,Canisius,Manhattan,65,69,complete,2026-04-21 18:05:57.427374
266979,2026-02-15T18:00:00.000Z,ncaab,Detroit,Youngstown St,76,70,complete,2026-04-21 18:05:57.427374
275081,2026-02-15T18:00:00.000Z,ncaab,Illinois,Indiana,71,51,complete,2026-04-21 18:05:57.427374
276631,2026-02-15T18:00:00.000Z,ncaab,Loyola (MD),Holy Cross,83,73,complete,2026-04-21 18:05:57.427374
264139,2026-02-15T19:00:00.000Z,ncaab,St. Peter's,Fairfield,83,74,complete,2026-04-21 18:05:57.427374
264141,2026-02-15T19:00:00.000Z,ncaab,Quinnipiac,Merrimack,49,56,complete,2026-04-21 18:05:57.427374
264142,2026-02-15T19:00:00.000Z,ncaab,Marist,Siena,63,67,complete,2026-04-21 18:05:57.427374
264143,2026-02-15T19:00:00.000Z,ncaab,Niagara,Iona,70,68,complete,2026-04-21 18:05:57.427374
264144,2026-02-15T19:00:00.000Z,ncaab,Sacred Heart,Rider,86,75,complete,2026-04-21 18:05:57.427374
266980,2026-02-15T19:00:00.000Z,ncaab,Robert Morris,Oakland,93,69,complete,2026-04-21 18:05:57.427374
266981,2026-02-15T19:00:00.000Z,ncaab,IPFW,IUIN,83,78,complete,2026-04-21 18:05:57.427374
266982,2026-02-15T19:00:00.000Z,ncaab,Cleveland St,Wright State,90,102,complete,2026-04-21 18:05:57.427374
276029,2026-02-15T19:00:00.000Z,ncaab,Temple,North Texas,62,65,complete,2026-04-21 18:05:57.427374
276031,2026-02-15T19:00:00.000Z,ncaab,UAB,Tulane,54,55,complete,2026-04-21 18:05:57.427374
276032,2026-02-15T19:00:00.000Z,ncaab,FAU,S. Florida,81,83,complete,2026-04-21 18:05:57.427374
280496,2026-02-15T19:00:00.000Z,ncaab,Valparaiso,Indiana St,76,75,complete,2026-04-21 18:05:57.427374
280499,2026-02-15T19:00:00.000Z,ncaab,S. Illinois,Bradley,60,70,complete,2026-04-21 18:05:57.427374
266978,2026-02-15T20:00:00.000Z,ncaab,Milwaukee,Green Bay,75,72,complete,2026-04-21 18:05:57.427374
280497,2026-02-15T20:00:00.000Z,ncaab,N. Iowa,Drake,86,62,complete,2026-04-21 18:05:57.427374
280500,2026-02-15T20:00:00.000Z,ncaab,UIC,Illinois St,83,56,complete,2026-04-21 18:05:57.427374
262858,2026-02-15T21:00:00.000Z,ncaab,North Alabama,E. Kentucky,84,78,complete,2026-04-21 18:05:57.427374
276181,2026-02-15T21:00:00.000Z,ncaab,Dayton,Davidson,70,59,complete,2026-04-21 18:05:57.427374
264120,2026-02-15T22:00:00.000Z,ncaab,Campbell,Charleston,57,62,complete,2026-04-21 18:05:57.427374
267471,2026-02-15T23:00:00.000Z,ncaab,Butler,Seton Hall,56,63,complete,2026-04-21 18:05:57.427374
277018,2026-02-15T23:00:00.000Z,ncaab,San Diego,San Francisco,79,92,complete,2026-04-21 18:05:57.427374
280498,2026-02-15T23:00:00.000Z,ncaab,Murray State,Belmont,70,87,complete,2026-04-21 18:05:57.427374
264116,2026-02-16T00:00:00.000Z,ncaab,Monmouth,Towson,72,71,complete,2026-04-21 18:05:57.427374
277017,2026-02-16T01:00:00.000Z,ncaab,Seattle,Oregon St,60,50,complete,2026-04-21 18:05:57.427374
264149,2026-02-16T19:00:00.000Z,ncaab,E TA&M,SE Louisiana,70,53,complete,2026-04-21 18:05:57.427374
278822,2026-02-16T21:30:00.000Z,ncaab,SC State,Coppin St,57,59,complete,2026-04-21 18:05:57.427374
284622,2026-02-16T22:00:00.000Z,ncaab,Old Dominion,Louisiana,83,72,complete,2026-04-21 18:05:57.427374
276632,2026-02-16T23:00:00.000Z,ncaab,Boston U,Colgate,85,58,complete,2026-04-21 18:05:57.427374
266983,2026-02-17T00:00:00.000Z,ncaab,Duke,Syracuse,101,64,complete,2026-04-21 18:05:57.427374
278823,2026-02-17T00:00:00.000Z,ncaab,MD-E Shore,Norfolk State,66,70,complete,2026-04-21 18:05:57.427374
278824,2026-02-17T00:00:00.000Z,ncaab,NC Central,Morgan State,80,76,complete,2026-04-21 18:05:57.427374
278825,2026-02-17T00:00:00.000Z,ncaab,Prairie View,Grambling St,68,63,complete,2026-04-21 18:05:57.427374
278826,2026-02-17T00:00:00.000Z,ncaab,Alabama St,MS Valley St,92,55,complete,2026-04-21 18:05:57.427374
278828,2026-02-17T00:00:00.000Z,ncaab,Jackson St,B-Cookman,91,86,complete,2026-04-21 18:05:57.427374
280501,2026-02-17T00:00:00.000Z,ncaab,Delaware St,Howard,59,91,complete,2026-04-21 18:05:57.427374
284623,2026-02-17T00:00:00.000Z,ncaab,Marshall,S. Alabama,84,80,complete,2026-04-21 18:05:57.427374
284776,2026-02-17T00:00:00.000Z,ncaab,Long Island,Wagner,83,65,complete,2026-04-21 18:05:57.427374
264145,2026-02-17T00:30:00.000Z,ncaab,NW State,McNeese St,64,75,complete,2026-04-21 18:05:57.427374
264148,2026-02-17T00:30:00.000Z,ncaab,Incarnate Word,New Orleans,64,78,complete,2026-04-21 18:05:57.427374
264150,2026-02-17T00:30:00.000Z,ncaab,UT Grande Valley,Lamar,70,65,complete,2026-04-21 18:05:57.427374
264146,2026-02-17T01:00:00.000Z,ncaab,Hou Christian,Nicholls St,72,68,complete,2026-04-21 18:05:57.427374
264147,2026-02-17T01:00:00.000Z,ncaab,Stony Brook,Drexel,72,69,complete,2026-04-21 18:05:57.427374
264151,2026-02-17T01:00:00.000Z,ncaab,Texas A&M-CC,SFA,68,78,complete,2026-04-21 18:05:57.427374
278820,2026-02-17T01:00:00.000Z,ncaab,Texas Southern,Southern U,74,73,complete,2026-04-21 18:05:57.427374
278821,2026-02-17T01:00:00.000Z,ncaab,Alcorn State,Florida A&M,78,86,complete,2026-04-21 18:05:57.427374
278827,2026-02-17T01:00:00.000Z,ncaab,Alabama A&M,AR-Pine Bluff,82,70,complete,2026-04-21 18:05:57.427374
284728,2026-02-17T01:00:00.000Z,ncaab,Tarleton St,Ab Christian,65,62,complete,2026-04-21 18:05:57.427374
275291,2026-02-17T02:00:00.000Z,ncaab,Iowa State,Houston,70,67,complete,2026-04-21 18:05:57.427374
266989,2026-02-17T23:00:00.000Z,ncaab,Florida St,Boston Col,80,72,complete,2026-04-21 18:05:57.427374
285019,2026-02-17T23:00:00.000Z,ncaab,Charleston So,Gardner-Webb,75,66,complete,2026-04-21 18:05:57.427374
264152,2026-02-17T23:30:00.000Z,ncaab,Buffalo,N. Illinois,70,72,complete,2026-04-21 18:05:57.427374
264157,2026-02-17T23:30:00.000Z,ncaab,E. Michigan,C. Michigan,66,54,complete,2026-04-21 18:05:57.427374
267472,2026-02-17T23:30:00.000Z,ncaab,Xavier,Villanova,89,92,complete,2026-04-21 18:05:57.427374
275082,2026-02-17T23:30:00.000Z,ncaab,Purdue,Michigan,80,91,complete,2026-04-21 18:05:57.427374
262887,2026-02-18T00:00:00.000Z,ncaab,Florida,S. Carolina,76,62,complete,2026-04-21 18:05:57.427374
264153,2026-02-18T00:00:00.000Z,ncaab,Bowling Green,Kent State,71,78,complete,2026-04-21 18:05:57.427374
264154,2026-02-18T00:00:00.000Z,ncaab,Ohio,Ball State,69,57,complete,2026-04-21 18:05:57.427374
264155,2026-02-18T00:00:00.000Z,ncaab,UMASS,Miami (OH),77,86,complete,2026-04-21 18:05:57.427374
264156,2026-02-18T00:00:00.000Z,ncaab,W. Michigan,Akron,73,90,complete,2026-04-21 18:05:57.427374
266985,2026-02-18T00:00:00.000Z,ncaab,SMU,Louisville,95,85,complete,2026-04-21 18:05:57.427374
266987,2026-02-18T00:00:00.000Z,ncaab,NC State,UNC,82,58,complete,2026-04-21 18:05:57.427374
275292,2026-02-18T00:00:00.000Z,ncaab,UCF,TCU,82,71,complete,2026-04-21 18:05:57.427374
276183,2026-02-18T00:00:00.000Z,ncaab,Rhode Island,Saint Louis,81,76,complete,2026-04-21 18:05:57.427374
266986,2026-02-18T01:00:00.000Z,ncaab,Miami (FL),VA Tech,67,66,complete,2026-04-21 18:05:57.427374
276182,2026-02-18T01:00:00.000Z,ncaab,VCU,G Washington,89,75,complete,2026-04-21 18:05:57.427374
262886,2026-02-18T01:30:00.000Z,ncaab,TN-Martin,SE Missouri,53,56,complete,2026-04-21 18:05:57.427374
275085,2026-02-18T01:30:00.000Z,ncaab,Michigan St,UCLA,82,59,complete,2026-04-21 18:05:57.427374
275086,2026-02-18T01:30:00.000Z,ncaab,Ohio State,Wisconsin,86,69,complete,2026-04-21 18:05:57.427374
280791,2026-02-18T01:30:00.000Z,ncaab,Wyoming,Fresno State,92,82,complete,2026-04-21 18:05:57.427374
262881,2026-02-18T02:00:00.000Z,ncaab,Kentucky,Georgia,78,86,complete,2026-04-21 18:05:57.427374
262884,2026-02-18T02:00:00.000Z,ncaab,Texas,LSU,88,85,complete,2026-04-21 18:05:57.427374
275083,2026-02-18T02:00:00.000Z,ncaab,Iowa,Nebraska,57,52,complete,2026-04-21 18:05:57.427374
275293,2026-02-18T02:00:00.000Z,ncaab,K State,Baylor,90,74,complete,2026-04-21 18:05:57.427374
280790,2026-02-18T02:00:00.000Z,ncaab,New Mexico,Air Force,98,61,complete,2026-04-21 18:05:57.427374
280792,2026-02-18T03:00:00.000Z,ncaab,San Jose St,Nevada,87,71,complete,2026-04-21 18:05:57.427374
280793,2026-02-18T03:00:00.000Z,ncaab,San Diego State,Grand Canyon,63,73,complete,2026-04-21 18:05:57.427374
275084,2026-02-18T03:30:00.000Z,ncaab,Oregon,Minnesota,44,61,complete,2026-04-21 18:05:57.427374
275294,2026-02-18T04:00:00.000Z,ncaab,Arizona St,Texas Tech,72,67,complete,2026-04-21 18:05:57.427374
262900,2026-02-18T23:00:00.000Z,ncaab,Wofford,VMI,82,76,complete,2026-04-21 18:05:57.427374
275089,2026-02-18T23:00:00.000Z,ncaab,Penn State,Rutgers,72,85,complete,2026-04-21 18:05:57.427374
276634,2026-02-18T23:00:00.000Z,ncaab,Holy Cross,Lafayette,83,86,complete,2026-04-21 18:05:57.427374
262899,2026-02-18T23:30:00.000Z,ncaab,Furman,E Tennessee St,69,78,complete,2026-04-21 18:05:57.427374
266991,2026-02-18T23:30:00.000Z,ncaab,Youngstown St,Cleveland St,106,82,complete,2026-04-21 18:05:57.427374
267473,2026-02-18T23:30:00.000Z,ncaab,Georgetown,Butler,89,93,complete,2026-04-21 18:05:57.427374
262882,2026-02-19T00:00:00.000Z,ncaab,Tennessee,Oklahoma,89,66,complete,2026-04-21 18:05:57.427374
262883,2026-02-19T00:00:00.000Z,ncaab,Texas A&M,Ole Miss,80,77,complete,2026-04-21 18:05:57.427374
262888,2026-02-19T00:00:00.000Z,ncaab,Alabama,Arkansas,117,115,complete,2026-04-21 18:05:57.427374
262890,2026-02-19T00:00:00.000Z,ncaab,Delaware,W. Kentucky,87,88,complete,2026-04-21 18:05:57.427374
262896,2026-02-19T00:00:00.000Z,ncaab,W. Carolina,UNC Greensboro,91,77,complete,2026-04-21 18:05:57.427374
262897,2026-02-19T00:00:00.000Z,ncaab,North Alabama,Queens,78,85,complete,2026-04-21 18:05:57.427374
262898,2026-02-19T00:00:00.000Z,ncaab,Coastal Car,JMU,65,67,complete,2026-04-21 18:05:57.427374
262902,2026-02-19T00:00:00.000Z,ncaab,E. Kentucky,Wolves,81,80,complete,2026-04-21 18:05:57.427374
262921,2026-02-19T00:00:00.000Z,ncaab,FGCU,Jacksonville,86,84,complete,2026-04-21 18:05:57.427374
266984,2026-02-19T00:00:00.000Z,ncaab,Wake Forest,Clemson,85,77,complete,2026-04-21 18:05:57.427374
266990,2026-02-19T00:00:00.000Z,ncaab,N Kentucky,IPFW,87,71,complete,2026-04-21 18:05:57.427374
267476,2026-02-19T00:00:00.000Z,ncaab,UConn,Creighton,84,91,complete,2026-04-21 18:05:57.427374
276034,2026-02-19T00:00:00.000Z,ncaab,E. Carolina,Wichita State,89,92,complete,2026-04-21 18:05:57.427374
276036,2026-02-19T00:00:00.000Z,ncaab,Temple,UAB,71,76,complete,2026-04-21 18:05:57.427374
276184,2026-02-19T00:00:00.000Z,ncaab,George Mason,Dayton,67,82,complete,2026-04-21 18:05:57.427374
276185,2026-02-19T00:00:00.000Z,ncaab,Davidson,Richmond,65,63,complete,2026-04-21 18:05:57.427374
276186,2026-02-19T00:00:00.000Z,ncaab,Fordham,Loyola (IL),62,59,complete,2026-04-21 18:05:57.427374
276187,2026-02-19T00:00:00.000Z,ncaab,Duquesne,La Salle,62,61,complete,2026-04-21 18:05:57.427374
276188,2026-02-19T00:00:00.000Z,ncaab,St. Bonaventure,Saint Joe's,65,71,complete,2026-04-21 18:05:57.427374
276633,2026-02-19T00:00:00.000Z,ncaab,Bucknell,American U,57,75,complete,2026-04-21 18:05:57.427374
276635,2026-02-19T00:00:00.000Z,ncaab,Navy,Lehigh,72,49,complete,2026-04-21 18:05:57.427374
276636,2026-02-19T00:00:00.000Z,ncaab,Loyola (MD),Army ,77,87,complete,2026-04-21 18:05:57.427374
280503,2026-02-19T00:00:00.000Z,ncaab,Valparaiso,Bradley,79,72,complete,2026-04-21 18:05:57.427374
280504,2026-02-19T00:00:00.000Z,ncaab,Indiana St,N. Iowa,60,81,complete,2026-04-21 18:05:57.427374
262891,2026-02-19T00:30:00.000Z,ncaab,Sam Houston,Middle Tenn,78,70,complete,2026-04-21 18:05:57.427374
262892,2026-02-19T00:30:00.000Z,ncaab,LA Tech,Jax State,77,71,complete,2026-04-21 18:05:57.427374
262894,2026-02-19T00:30:00.000Z,ncaab,UL Monroe,Troy,76,77,complete,2026-04-21 18:05:57.427374
262905,2026-02-19T00:30:00.000Z,ncaab,Bellarmine,Lipscomb,72,75,complete,2026-04-21 18:05:57.427374
280502,2026-02-19T00:30:00.000Z,ncaab,Drake,S. Illinois,61,66,complete,2026-04-21 18:05:57.427374
262893,2026-02-19T01:00:00.000Z,ncaab,Missouri St,Kennesaw St,87,91,complete,2026-04-21 18:05:57.427374
264158,2026-02-19T01:00:00.000Z,ncaab,Omaha,Oral Roberts,80,71,complete,2026-04-21 18:05:57.427374
264159,2026-02-19T01:00:00.000Z,ncaab,SD State,NDSU,66,74,complete,2026-04-21 18:05:57.427374
267474,2026-02-19T01:00:00.000Z,ncaab,Seton Hall,DePaul,57,69,complete,2026-04-21 18:05:57.427374
275087,2026-02-19T01:00:00.000Z,ncaab,Northwestern,Maryland,78,74,complete,2026-04-21 18:05:57.427374
276033,2026-02-19T01:00:00.000Z,ncaab,UTSA,FAU,52,60,complete,2026-04-21 18:05:57.427374
276035,2026-02-19T01:00:00.000Z,ncaab,Tulsa,Charlotte,79,74,complete,2026-04-21 18:05:57.427374
280505,2026-02-19T01:00:00.000Z,ncaab,Evansville,UIC,46,84,complete,2026-04-21 18:05:57.427374
275295,2026-02-19T01:30:00.000Z,ncaab,West Virginia,Utah,56,61,complete,2026-04-21 18:05:57.427374
262885,2026-02-19T02:00:00.000Z,ncaab,Missouri,Vanderbilt,81,80,complete,2026-04-21 18:05:57.427374
262889,2026-02-19T02:00:00.000Z,ncaab,Mississippi St,Auburn,91,85,complete,2026-04-21 18:05:57.427374
266988,2026-02-19T02:00:00.000Z,ncaab,G Tech,Virginia,68,94,complete,2026-04-21 18:05:57.427374
267475,2026-02-19T02:00:00.000Z,ncaab,Marquette,St. John's,70,76,complete,2026-04-21 18:05:57.427374
275296,2026-02-19T02:00:00.000Z,ncaab,Arizona,BYU,75,68,complete,2026-04-21 18:05:57.427374
275297,2026-02-19T02:00:00.000Z,ncaab,OK State,Kansas,69,81,complete,2026-04-21 18:05:57.427374
277025,2026-02-19T02:00:00.000Z,ncaab,Seattle,Saint Mary's,70,72,complete,2026-04-21 18:05:57.427374
280506,2026-02-19T02:00:00.000Z,ncaab,Illinois St,Murray State,78,61,complete,2026-04-21 18:05:57.427374
277024,2026-02-19T02:30:00.000Z,ncaab,Washington St,Pacific,87,70,complete,2026-04-21 18:05:57.427374
275088,2026-02-19T03:00:00.000Z,ncaab,USC,Illinois,65,101,complete,2026-04-21 18:05:57.427374
277023,2026-02-19T03:00:00.000Z,ncaab,Portland,Pepperdine,87,95,complete,2026-04-21 18:05:57.427374
280795,2026-02-19T03:30:00.000Z,ncaab,Utah State,Boise State,75,56,complete,2026-04-21 18:05:57.427374
277022,2026-02-19T04:00:00.000Z,ncaab,San Francisco,Gonzaga,59,80,complete,2026-04-21 18:05:57.427374
280794,2026-02-19T04:00:00.000Z,ncaab,UNLV,Colorado St,86,91,complete,2026-04-21 18:05:57.427374
262895,2026-02-19T23:00:00.000Z,ncaab,Liberty,FIU,90,89,complete,2026-04-21 18:05:57.427374
264163,2026-02-19T23:00:00.000Z,ncaab,UMass Lowell,New Hampshire,78,56,complete,2026-04-21 18:05:57.427374
264165,2026-02-19T23:00:00.000Z,ncaab,Bryant U,Binghamton,67,79,complete,2026-04-21 18:05:57.427374
264169,2026-02-19T23:00:00.000Z,ncaab,UMBC,Vermont,75,62,complete,2026-04-21 18:05:57.427374
262920,2026-02-19T23:30:00.000Z,ncaab,App State,Marshall,93,94,complete,2026-04-21 18:05:57.427374
266992,2026-02-19T23:30:00.000Z,ncaab,Winthrop,USC Upstate,68,64,complete,2026-04-21 18:05:57.427374
262901,2026-02-20T00:00:00.000Z,ncaab,Citadel,Samford,75,78,complete,2026-04-21 18:05:57.427374
262906,2026-02-20T00:00:00.000Z,ncaab,Mercer,Chattanooga,90,94,complete,2026-04-21 18:05:57.427374
262908,2026-02-20T00:00:00.000Z,ncaab,North Florida,Austin Peay,76,77,complete,2026-04-21 18:05:57.427374
264160,2026-02-20T00:00:00.000Z,ncaab,Northeastern,Drexel,61,70,complete,2026-04-21 18:05:57.427374
264161,2026-02-20T00:00:00.000Z,ncaab,UNC Wilmington,Monmouth,79,69,complete,2026-04-21 18:05:57.427374
264162,2026-02-20T00:00:00.000Z,ncaab,N.J.I.T.,Albany,63,81,complete,2026-04-21 18:05:57.427374
264164,2026-02-20T00:00:00.000Z,ncaab,Campbell,William & Mary,84,83,complete,2026-04-21 18:05:57.427374
264168,2026-02-20T00:00:00.000Z,ncaab,St. Francis (PA),Long Island,89,91,complete,2026-04-21 18:05:57.427374
264170,2026-02-20T00:00:00.000Z,ncaab,Chicago St,Fairleigh,59,60,complete,2026-04-21 18:05:57.427374
264172,2026-02-20T00:00:00.000Z,ncaab,Lakers,Wagner,80,83,complete,2026-04-21 18:05:57.427374
264173,2026-02-20T00:00:00.000Z,ncaab,NC A&T,Charleston,61,74,complete,2026-04-21 18:05:57.427374
265532,2026-02-20T00:00:00.000Z,ncaab,Central Conn,Dolphins,78,77,complete,2026-04-21 18:05:57.427374
266014,2026-02-20T00:00:00.000Z,ncaab,New Haven,Stonehill,64,51,complete,2026-04-21 18:05:57.427374
266993,2026-02-20T00:00:00.000Z,ncaab,High Point,UNC Asheville,74,48,complete,2026-04-21 18:05:57.427374
266994,2026-02-20T00:00:00.000Z,ncaab,Radford,Gardner-Webb,82,70,complete,2026-04-21 18:05:57.427374
266995,2026-02-20T00:00:00.000Z,ncaab,Wright State,IUIN,85,73,complete,2026-04-21 18:05:57.427374
266996,2026-02-20T00:00:00.000Z,ncaab,Presbyterian,Longwood,72,65,complete,2026-04-21 18:05:57.427374
276038,2026-02-20T00:00:00.000Z,ncaab,S. Florida,Memphis,87,66,complete,2026-04-21 18:05:57.427374
278830,2026-02-20T00:00:00.000Z,ncaab,B-Cookman,Alabama St,82,71,complete,2026-04-21 18:05:57.427374
262903,2026-02-20T01:00:00.000Z,ncaab,Stetson,C. Arkansas,76,88,complete,2026-04-21 18:05:57.427374
262907,2026-02-20T01:00:00.000Z,ncaab,UT-Arlington,Utah Tech,63,50,complete,2026-04-21 18:05:57.427374
262913,2026-02-20T01:00:00.000Z,ncaab,Tarleton St,Southern Utah,78,74,complete,2026-04-21 18:05:57.427374
262916,2026-02-20T01:00:00.000Z,ncaab,Ark-Little Rock,TN-Martin,67,65,complete,2026-04-21 18:05:57.427374
262922,2026-02-20T01:00:00.000Z,ncaab,Louisiana,Arkansas St,62,79,complete,2026-04-21 18:05:57.427374
262924,2026-02-20T01:00:00.000Z,ncaab,S. Alabama,Texas St,82,90,complete,2026-04-21 18:05:57.427374
262926,2026-02-20T01:00:00.000Z,ncaab,Georgia State,GA Southern,66,64,complete,2026-04-21 18:05:57.427374
262927,2026-02-20T01:00:00.000Z,ncaab,Utah Valley,Cal Baptist,65,46,complete,2026-04-21 18:05:57.427374
264166,2026-02-20T01:00:00.000Z,ncaab,North Dakota,UMKC,85,70,complete,2026-04-21 18:05:57.427374
264171,2026-02-20T01:00:00.000Z,ncaab,Hofstra,Hampton,79,43,complete,2026-04-21 18:05:57.427374
262911,2026-02-20T01:30:00.000Z,ncaab,W. Illinois,Southern Indiana,70,77,complete,2026-04-21 18:05:57.427374
262912,2026-02-20T01:30:00.000Z,ncaab,Tenn St,Lindenwood,89,80,complete,2026-04-21 18:05:57.427374
262915,2026-02-20T01:30:00.000Z,ncaab,Tenn Tech,SIU-Edwardsville,62,52,complete,2026-04-21 18:05:57.427374
262923,2026-02-20T01:30:00.000Z,ncaab,E. Illinois,Morehead St,70,73,complete,2026-04-21 18:05:57.427374
278829,2026-02-20T01:30:00.000Z,ncaab,MS Valley St,Prairie View,62,72,complete,2026-04-21 18:05:57.427374
278831,2026-02-20T01:30:00.000Z,ncaab,AR-Pine Bluff,Texas Southern,64,83,complete,2026-04-21 18:05:57.427374
279098,2026-02-20T01:30:00.000Z,ncaab,Florida A&M,Alabama A&M,61,63,complete,2026-04-21 18:05:57.427374
262909,2026-02-20T02:00:00.000Z,ncaab,UCSB,CS Northridge,83,85,complete,2026-04-21 18:05:57.427374
262910,2026-02-20T02:00:00.000Z,ncaab,Portland State,Idaho,77,67,complete,2026-04-21 18:05:57.427374
262914,2026-02-20T02:00:00.000Z,ncaab,Idaho State,Montana,73,69,complete,2026-04-21 18:05:57.427374
262925,2026-02-20T02:00:00.000Z,ncaab,Weber State,Montana St,82,79,complete,2026-04-21 18:05:57.427374
264167,2026-02-20T02:00:00.000Z,ncaab,Denver,South Dakota,90,70,complete,2026-04-21 18:05:57.427374
276037,2026-02-20T02:00:00.000Z,ncaab,North Texas,Tulane,71,77,complete,2026-04-21 18:05:57.427374
262904,2026-02-20T03:00:00.000Z,ncaab,UC Riverside,CS Bakersfield,93,65,complete,2026-04-21 18:05:57.427374
262917,2026-02-20T03:00:00.000Z,ncaab,Sac State,E. Washington,94,102,complete,2026-04-21 18:05:57.427374
262919,2026-02-20T03:00:00.000Z,ncaab,CS Fullerton,UC Davis,93,92,complete,2026-04-21 18:05:57.427374
262928,2026-02-20T03:00:00.000Z,ncaab,LBSU,UC Irvine,58,69,complete,2026-04-21 18:05:57.427374
262918,2026-02-20T05:00:00.000Z,ncaab,Hawaii,Cal Poly,75,86,complete,2026-04-21 18:05:57.427374
264187,2026-02-20T23:30:00.000Z,ncaab,Ball State,Akron,65,78,complete,2026-04-21 18:05:57.427374
264175,2026-02-21T00:00:00.000Z,ncaab,Iona,St. Peter's,72,64,complete,2026-04-21 18:05:57.427374
264176,2026-02-21T00:00:00.000Z,ncaab,Rider,Canisius,66,72,complete,2026-04-21 18:05:57.427374
264177,2026-02-21T00:00:00.000Z,ncaab,Fairfield,Sacred Heart,78,68,complete,2026-04-21 18:05:57.427374
264178,2026-02-21T00:00:00.000Z,ncaab,Manhattan,Marist,70,84,complete,2026-04-21 18:05:57.427374
264179,2026-02-21T00:00:00.000Z,ncaab,St. Mary's,Niagara,76,63,complete,2026-04-21 18:05:57.427374
266997,2026-02-21T00:00:00.000Z,ncaab,Detroit,Milwaukee,91,86,complete,2026-04-21 18:05:57.427374
266998,2026-02-21T00:00:00.000Z,ncaab,Oakland,Green Bay,68,73,complete,2026-04-21 18:05:57.427374
276189,2026-02-21T00:00:00.000Z,ncaab,Saint Louis,VCU,88,75,complete,2026-04-21 18:05:57.427374
276775,2026-02-21T00:00:00.000Z,ncaab,Brown,Princeton,80,71,complete,2026-04-21 18:05:57.427374
264174,2026-02-21T01:00:00.000Z,ncaab,Merrimack,Siena,79,72,complete,2026-04-21 18:05:57.427374
275090,2026-02-21T01:00:00.000Z,ncaab,Purdue,Indiana,93,64,complete,2026-04-21 18:05:57.427374
264191,2026-02-21T01:30:00.000Z,ncaab,Miami (OH),Bowling Green,91,77,complete,2026-04-21 18:05:57.427374
264212,2026-02-22T17:00:00.000Z,ncaab,Rider,Niagara,67,62,complete,2026-04-21 18:05:57.427374
276044,2026-02-22T17:00:00.000Z,ncaab,Memphis,UAB,67,78,complete,2026-04-21 18:05:57.427374
276637,2026-02-22T17:00:00.000Z,ncaab,Bucknell,Holy Cross,63,72,complete,2026-04-21 18:05:57.427374
276639,2026-02-22T17:00:00.000Z,ncaab,Lafayette,American U,61,75,complete,2026-04-21 18:05:57.427374
276640,2026-02-22T17:00:00.000Z,ncaab,Lehigh,Boston U,70,67,complete,2026-04-21 18:05:57.427374
264209,2026-02-22T18:00:00.000Z,ncaab,Merrimack,Iona,88,86,complete,2026-04-21 18:05:57.427374
264213,2026-02-22T18:00:00.000Z,ncaab,Marist,Sacred Heart,65,63,complete,2026-04-21 18:05:57.427374
267012,2026-02-22T18:00:00.000Z,ncaab,Detroit,Green Bay,74,70,complete,2026-04-21 18:05:57.427374
275097,2026-02-22T18:00:00.000Z,ncaab,Michigan St,Ohio State,66,60,complete,2026-04-21 18:05:57.427374
264198,2026-02-22T19:00:00.000Z,ncaab,Drexel,Towson,68,62,complete,2026-04-21 18:05:57.427374
264210,2026-02-22T19:00:00.000Z,ncaab,Siena,St. Peter's,72,63,complete,2026-04-21 18:05:57.427374
264211,2026-02-22T19:00:00.000Z,ncaab,Quinnipiac,Fairfield,79,85,complete,2026-04-21 18:05:57.427374
264214,2026-02-22T19:00:00.000Z,ncaab,St. Mary's,Canisius,68,47,complete,2026-04-21 18:05:57.427374
267010,2026-02-22T19:00:00.000Z,ncaab,Youngstown St,N Kentucky,64,58,complete,2026-04-21 18:05:57.427374
267013,2026-02-22T19:00:00.000Z,ncaab,Wright State,Robert Morris,68,81,complete,2026-04-21 18:05:57.427374
267015,2026-02-22T19:00:00.000Z,ncaab,Cleveland St,IPFW,86,92,complete,2026-04-21 18:05:57.427374
276045,2026-02-22T19:00:00.000Z,ncaab,Tulane,Rice,81,75,complete,2026-04-21 18:05:57.427374
267014,2026-02-22T20:00:00.000Z,ncaab,Oakland,Milwaukee,81,70,complete,2026-04-21 18:05:57.427374
275096,2026-02-22T21:00:00.000Z,ncaab,Wisconsin,Iowa,84,71,complete,2026-04-21 18:05:57.427374
276042,2026-02-22T21:00:00.000Z,ncaab,Tulsa,UTSA,100,74,complete,2026-04-21 18:05:57.427374
276043,2026-02-22T21:00:00.000Z,ncaab,North Texas,FAU,73,72,complete,2026-04-21 18:05:57.427374
264215,2026-02-24T00:00:00.000Z,ncaab,Lamar,Nicholls St,52,53,complete,2026-04-21 18:05:57.427374
264220,2026-02-24T00:00:00.000Z,ncaab,SE Louisiana,Texas A&M-CC,68,73,complete,2026-04-21 18:05:57.427374
267016,2026-02-24T00:00:00.000Z,ncaab,UNC,Louisville,77,74,complete,2026-04-21 18:05:57.427374
264216,2026-02-24T00:30:00.000Z,ncaab,NW State,Incarnate Word,54,49,complete,2026-04-21 18:05:57.427374
264217,2026-02-24T00:30:00.000Z,ncaab,McNeese St,UT Grande Valley,75,68,complete,2026-04-21 18:05:57.427374
264218,2026-02-24T00:30:00.000Z,ncaab,E TA&M,Hou Christian,68,69,complete,2026-04-21 18:05:57.427374
264219,2026-02-24T00:30:00.000Z,ncaab,SFA,New Orleans,73,77,complete,2026-04-21 18:05:57.427374
284624,2026-02-24T01:30:00.000Z,ncaab,Grambling St,MS Valley St,83,62,complete,2026-04-21 18:05:57.427374
275307,2026-02-24T02:00:00.000Z,ncaab,Kansas,Houston,69,56,complete,2026-04-21 18:05:57.427374
284756,2026-02-24T23:00:00.000Z,ncaab,New Haven,St. Francis (PA),67,73,complete,2026-04-21 18:05:57.427374
264226,2026-02-24T23:30:00.000Z,ncaab,E. Michigan,Miami (OH),64,74,complete,2026-04-21 18:05:57.427374
275100,2026-02-24T23:30:00.000Z,ncaab,Rutgers,Washington,72,79,complete,2026-04-21 18:05:57.427374
276195,2026-02-24T23:30:00.000Z,ncaab,La Salle,G Washington,77,104,complete,2026-04-21 18:05:57.427374
262981,2026-02-25T00:00:00.000Z,ncaab,S. Carolina,Kentucky,63,72,complete,2026-04-21 18:05:57.427374
262988,2026-02-25T00:00:00.000Z,ncaab,Marshall,Old Dominion,97,88,complete,2026-04-21 18:05:57.427374
262990,2026-02-25T00:00:00.000Z,ncaab,Troy,Louisiana,78,59,complete,2026-04-21 18:05:57.427374
264221,2026-02-25T00:00:00.000Z,ncaab,Akron,Buffalo,99,85,complete,2026-04-21 18:05:57.427374
264222,2026-02-25T00:00:00.000Z,ncaab,Kent State,C. Michigan,83,81,complete,2026-04-21 18:05:57.427374
264223,2026-02-25T00:00:00.000Z,ncaab,Ball State,UMASS,74,73,complete,2026-04-21 18:05:57.427374
264224,2026-02-25T00:00:00.000Z,ncaab,Bowling Green,W. Michigan,79,88,complete,2026-04-21 18:05:57.427374
264225,2026-02-25T00:00:00.000Z,ncaab,Toledo,N. Illinois,79,69,complete,2026-04-21 18:05:57.427374
267017,2026-02-25T00:00:00.000Z,ncaab,Notre Dame,Duke,56,100,complete,2026-04-21 18:05:57.427374
267021,2026-02-25T00:00:00.000Z,ncaab,Virginia,NC State,90,61,complete,2026-04-21 18:05:57.427374
267482,2026-02-25T00:00:00.000Z,ncaab,Georgetown,Marquette,60,76,complete,2026-04-21 18:05:57.427374
275098,2026-02-25T00:00:00.000Z,ncaab,Indiana,Northwestern,68,72,complete,2026-04-21 18:05:57.427374
275310,2026-02-25T00:00:00.000Z,ncaab,OK State,West Virginia,91,84,complete,2026-04-21 18:05:57.427374
275312,2026-02-25T00:00:00.000Z,ncaab,Texas Tech,Cincinnati,80,68,complete,2026-04-21 18:05:57.427374
276196,2026-02-25T00:00:00.000Z,ncaab,Dayton,Saint Louis,77,62,complete,2026-04-21 18:05:57.427374
262986,2026-02-25T00:30:00.000Z,ncaab,Georgia State,Coastal Car,71,76,complete,2026-04-21 18:05:57.427374
262989,2026-02-25T00:30:00.000Z,ncaab,Morehead St,Southern Indiana,64,63,complete,2026-04-21 18:05:57.427374
280513,2026-02-25T01:00:00.000Z,ncaab,UIC,Bradley,93,86,complete,2026-04-21 18:05:57.427374
262982,2026-02-25T01:30:00.000Z,ncaab,Arkansas St,Southern Miss,89,84,complete,2026-04-21 18:05:57.427374
275099,2026-02-25T01:30:00.000Z,ncaab,Michigan,Minnesota,77,67,complete,2026-04-21 18:05:57.427374
262980,2026-02-25T02:00:00.000Z,ncaab,Missouri,Tennessee,73,69,complete,2026-04-21 18:05:57.427374
262984,2026-02-25T02:00:00.000Z,ncaab,Oklahoma,Auburn,91,79,complete,2026-04-21 18:05:57.427374
267019,2026-02-25T02:00:00.000Z,ncaab,Florida St,Miami (FL),73,83,complete,2026-04-21 18:05:57.427374
275309,2026-02-25T02:00:00.000Z,ncaab,Baylor,Arizona,80,87,complete,2026-04-21 18:05:57.427374
275311,2026-02-25T02:00:00.000Z,ncaab,Utah,Iowa State,59,75,complete,2026-04-21 18:05:57.427374
275313,2026-02-25T02:00:00.000Z,ncaab,TCU,Arizona St,90,78,complete,2026-04-21 18:05:57.427374
280802,2026-02-25T02:00:00.000Z,ncaab,Air Force,San Jose St,80,86,complete,2026-04-21 18:05:57.427374
280803,2026-02-25T02:00:00.000Z,ncaab,Boise State,Wyoming,72,62,complete,2026-04-21 18:05:57.427374
280804,2026-02-25T02:00:00.000Z,ncaab,Colorado St,Fresno State,74,70,complete,2026-04-21 18:05:57.427374
275101,2026-02-25T04:00:00.000Z,ncaab,UCLA,USC,81,62,complete,2026-04-21 18:05:57.427374
275308,2026-02-25T04:00:00.000Z,ncaab,BYU,UCF,84,97,complete,2026-04-21 18:05:57.427374
280805,2026-02-25T04:00:00.000Z,ncaab,Nevada,New Mexico,67,60,complete,2026-04-21 18:05:57.427374
276642,2026-02-25T16:00:00.000Z,ncaab,Army ,Bucknell,73,75,complete,2026-04-21 18:05:57.427374
262994,2026-02-25T23:00:00.000Z,ncaab,Furman,Citadel,72,51,complete,2026-04-21 18:05:57.427374
285539,2026-02-25T23:00:00.000Z,ncaab,SC State,Morgan State,83,90,complete,2026-04-21 18:05:57.427374
286073,2026-02-25T23:00:00.000Z,ncaab,Boston Col,Wake Forest,68,67,complete,2026-04-21 18:05:57.427374
267026,2026-02-25T23:30:00.000Z,ncaab,IUIN,Oakland,74,86,complete,2026-04-21 18:05:57.427374
262979,2026-02-26T00:00:00.000Z,ncaab,Vanderbilt,Georgia,88,80,complete,2026-04-21 18:05:57.427374
262992,2026-02-26T00:00:00.000Z,ncaab,E Tennessee St,Wofford,69,72,complete,2026-04-21 18:05:57.427374
262993,2026-02-26T00:00:00.000Z,ncaab,E. Kentucky,Queens,79,96,complete,2026-04-21 18:05:57.427374
262995,2026-02-26T00:00:00.000Z,ncaab,W. Carolina,Mercer,78,74,complete,2026-04-21 18:05:57.427374
262997,2026-02-26T00:00:00.000Z,ncaab,Texas,Florida,71,84,complete,2026-04-21 18:05:57.427374
262999,2026-02-26T00:00:00.000Z,ncaab,Wolves,Lipscomb,84,77,complete,2026-04-21 18:05:57.427374
264230,2026-02-26T00:00:00.000Z,ncaab,South Dakota,Omaha,89,72,complete,2026-04-21 18:05:57.427374
267024,2026-02-26T00:00:00.000Z,ncaab,Robert Morris,Detroit,73,62,complete,2026-04-21 18:05:57.427374
267025,2026-02-26T00:00:00.000Z,ncaab,IPFW,Wright State,70,74,complete,2026-04-21 18:05:57.427374
267027,2026-02-26T00:00:00.000Z,ncaab,Cleveland St,N Kentucky,70,81,complete,2026-04-21 18:05:57.427374
267484,2026-02-26T00:00:00.000Z,ncaab,UConn,St. John's,72,40,complete,2026-04-21 18:05:57.427374
267485,2026-02-26T00:00:00.000Z,ncaab,Villanova,Butler,82,73,complete,2026-04-21 18:05:57.427374
275104,2026-02-26T00:00:00.000Z,ncaab,Nebraska,Maryland,74,61,complete,2026-04-21 18:05:57.427374
276048,2026-02-26T00:00:00.000Z,ncaab,Charlotte,North Texas,80,79,complete,2026-04-21 18:05:57.427374
276198,2026-02-26T00:00:00.000Z,ncaab,Duquesne,Davidson,56,67,complete,2026-04-21 18:05:57.427374
276199,2026-02-26T00:00:00.000Z,ncaab,Saint Joe's,George Mason,81,63,complete,2026-04-21 18:05:57.427374
276643,2026-02-26T00:00:00.000Z,ncaab,Boston U,Holy Cross,78,63,complete,2026-04-21 18:05:57.427374
276644,2026-02-26T00:00:00.000Z,ncaab,Colgate,Lafayette,69,70,complete,2026-04-21 18:05:57.427374
276645,2026-02-26T00:00:00.000Z,ncaab,Loyola (MD),Navy,51,78,complete,2026-04-21 18:05:57.427374
276646,2026-02-26T00:00:00.000Z,ncaab,American U,Lehigh,73,78,complete,2026-04-21 18:05:57.427374
280516,2026-02-26T00:00:00.000Z,ncaab,N. Iowa,Illinois St,69,71,complete,2026-04-21 18:05:57.427374
276050,2026-02-26T00:30:00.000Z,ncaab,Tulane,Tulsa,56,90,complete,2026-04-21 18:05:57.427374
280517,2026-02-26T00:30:00.000Z,ncaab,Belmont,Evansville,98,64,complete,2026-04-21 18:05:57.427374
286074,2026-02-26T00:30:00.000Z,ncaab,Providence,Xavier,94,84,complete,2026-04-21 18:05:57.427374
262996,2026-02-26T01:00:00.000Z,ncaab,JMU,GA Southern,82,66,complete,2026-04-21 18:05:57.427374
267018,2026-02-26T01:00:00.000Z,ncaab,Stanford,Pittsburgh,75,67,complete,2026-04-21 18:05:57.427374
267023,2026-02-26T01:00:00.000Z,ncaab,Milwaukee,Youngstown St,78,65,complete,2026-04-21 18:05:57.427374
276046,2026-02-26T01:00:00.000Z,ncaab,Rice,S. Florida,56,75,complete,2026-04-21 18:05:57.427374
276047,2026-02-26T01:00:00.000Z,ncaab,UTSA,E. Carolina,81,82,complete,2026-04-21 18:05:57.427374
280514,2026-02-26T01:00:00.000Z,ncaab,S. Illinois,Indiana St,66,55,complete,2026-04-21 18:05:57.427374
280515,2026-02-26T01:00:00.000Z,ncaab,Valparaiso,Drake,74,71,complete,2026-04-21 18:05:57.427374
262991,2026-02-26T01:30:00.000Z,ncaab,S. Alabama,UL Monroe,89,54,complete,2026-04-21 18:05:57.427374
263000,2026-02-26T01:30:00.000Z,ncaab,Austin Peay,C. Arkansas,88,93,complete,2026-04-21 18:05:57.427374
262998,2026-02-26T01:45:00.000Z,ncaab,North Alabama,Bellarmine,73,68,complete,2026-04-21 18:05:57.427374
262983,2026-02-26T02:00:00.000Z,ncaab,Ole Miss,LSU,99,106,complete,2026-04-21 18:05:57.427374
262985,2026-02-26T02:00:00.000Z,ncaab,Alabama,Mississippi St,100,75,complete,2026-04-21 18:05:57.427374
262987,2026-02-26T02:00:00.000Z,ncaab,Arkansas,Texas A&M,99,84,complete,2026-04-21 18:05:57.427374
267486,2026-02-26T02:00:00.000Z,ncaab,Creighton,DePaul,71,72,complete,2026-04-21 18:05:57.427374
275103,2026-02-26T02:00:00.000Z,ncaab,Iowa,Ohio State,74,57,complete,2026-04-21 18:05:57.427374
275314,2026-02-26T02:00:00.000Z,ncaab,Colorado,K State,79,70,complete,2026-04-21 18:05:57.427374
277034,2026-02-26T02:00:00.000Z,ncaab,Pepperdine,Seattle,80,87,complete,2026-04-21 18:05:57.427374
277036,2026-02-26T02:00:00.000Z,ncaab,Gonzaga,Portland,89,48,complete,2026-04-21 18:05:57.427374
280806,2026-02-26T02:00:00.000Z,ncaab,Grand Canyon,UNLV,80,67,complete,2026-04-21 18:05:57.427374
267022,2026-02-26T03:00:00.000Z,ncaab,California,SMU,73,69,complete,2026-04-21 18:05:57.427374
277035,2026-02-26T03:00:00.000Z,ncaab,Oregon St,San Diego,92,82,complete,2026-04-21 18:05:57.427374
275102,2026-02-26T04:00:00.000Z,ncaab,Oregon,Wisconsin,85,71,complete,2026-04-21 18:05:57.427374
277032,2026-02-26T04:00:00.000Z,ncaab,Saint Mary's,Santa Clara,86,67,complete,2026-04-21 18:05:57.427374
277033,2026-02-26T04:00:00.000Z,ncaab,Loyola Marymount,Washington St,67,66,complete,2026-04-21 18:05:57.427374
280807,2026-02-26T04:00:00.000Z,ncaab,San Diego State,Utah State,89,72,complete,2026-04-21 18:05:57.427374
264241,2026-02-26T16:00:00.000Z,ncaab,Hampton,Charleston,71,85,complete,2026-04-21 18:05:57.427374
286117,2026-02-26T22:00:00.000Z,ncaab,St. Bonaventure,Rhode Island,94,76,complete,2026-04-21 18:05:57.427374
264237,2026-02-26T23:00:00.000Z,ncaab,UMBC,Bryant U,70,58,complete,2026-04-21 18:05:57.427374
264239,2026-02-26T23:07:00.000Z,ncaab,Binghamton,New Hampshire,65,63,complete,2026-04-21 18:05:57.427374
264228,2026-02-26T23:30:00.000Z,ncaab,Albany,Maine,59,70,complete,2026-04-21 18:05:57.427374
278847,2026-02-26T23:30:00.000Z,ncaab,Grambling St,B-Cookman,71,76,complete,2026-04-21 18:05:57.427374
263003,2026-02-27T00:00:00.000Z,ncaab,Chattanooga,UNC Greensboro,80,85,complete,2026-04-21 18:05:57.427374
263010,2026-02-27T00:00:00.000Z,ncaab,Kennesaw St,Liberty,74,65,complete,2026-04-21 18:05:57.427374
263017,2026-02-27T00:00:00.000Z,ncaab,Jacksonville,Stetson,89,85,complete,2026-04-21 18:05:57.427374
263018,2026-02-27T00:00:00.000Z,ncaab,North Florida,FGCU,76,70,complete,2026-04-21 18:05:57.427374
263027,2026-02-27T00:00:00.000Z,ncaab,Jax State,Delaware,80,70,complete,2026-04-21 18:05:57.427374
264227,2026-02-27T00:00:00.000Z,ncaab,Towson,Elon,58,56,complete,2026-04-21 18:05:57.427374
264231,2026-02-27T00:00:00.000Z,ncaab,Drexel,Campbell,65,60,complete,2026-04-21 18:05:57.427374
264233,2026-02-27T00:00:00.000Z,ncaab,Monmouth,Stony Brook,82,69,complete,2026-04-21 18:05:57.427374
264235,2026-02-27T00:00:00.000Z,ncaab,Long Island,Chicago St,73,56,complete,2026-04-21 18:05:57.427374
264236,2026-02-27T00:00:00.000Z,ncaab,William & Mary,Northeastern,84,77,complete,2026-04-21 18:05:57.427374
264238,2026-02-27T00:00:00.000Z,ncaab,UNC Wilmington,NC A&T,88,65,complete,2026-04-21 18:05:57.427374
264240,2026-02-27T00:00:00.000Z,ncaab,Vermont,UMass Lowell,66,64,complete,2026-04-21 18:05:57.427374
264242,2026-02-27T00:00:00.000Z,ncaab,Central Conn,Lakers,80,78,complete,2026-04-21 18:05:57.427374
265535,2026-02-27T00:00:00.000Z,ncaab,Stonehill,St. Francis (PA),103,77,complete,2026-04-21 18:05:57.427374
265536,2026-02-27T00:00:00.000Z,ncaab,Dolphins,Fairleigh,76,59,complete,2026-04-21 18:05:57.427374
266016,2026-02-27T00:00:00.000Z,ncaab,Wagner,New Haven,65,62,complete,2026-04-21 18:05:57.427374
267028,2026-02-27T00:00:00.000Z,ncaab,Radford,USC Upstate,71,59,complete,2026-04-21 18:05:57.427374
267029,2026-02-27T00:00:00.000Z,ncaab,Presbyterian,High Point,73,79,complete,2026-04-21 18:05:57.427374
267030,2026-02-27T00:00:00.000Z,ncaab,Gardner-Webb,UNC Asheville,71,77,complete,2026-04-21 18:05:57.427374
267031,2026-02-27T00:00:00.000Z,ncaab,Charleston So,Winthrop,86,84,complete,2026-04-21 18:05:57.427374
276049,2026-02-27T00:00:00.000Z,ncaab,FAU,Temple,77,73,complete,2026-04-21 18:05:57.427374
263007,2026-02-27T00:30:00.000Z,ncaab,Middle Tenn,UTEP,77,67,complete,2026-04-21 18:05:57.427374
263013,2026-02-27T00:30:00.000Z,ncaab,W. Kentucky,N. Mexico St,93,70,complete,2026-04-21 18:05:57.427374
263014,2026-02-27T00:30:00.000Z,ncaab,LA Tech,Missouri St,72,70,complete,2026-04-21 18:05:57.427374
263001,2026-02-27T01:00:00.000Z,ncaab,Ark-Little Rock,Morehead St,70,76,complete,2026-04-21 18:05:57.427374
263022,2026-02-27T01:00:00.000Z,ncaab,Samford,VMI,80,61,complete,2026-04-21 18:05:57.427374
263023,2026-02-27T01:00:00.000Z,ncaab,Utah Valley,Tarleton St,79,72,complete,2026-04-21 18:05:57.427374
264232,2026-02-27T01:00:00.000Z,ncaab,Oral Roberts,Denver,102,80,complete,2026-04-21 18:05:57.427374
264234,2026-02-27T01:00:00.000Z,ncaab,UMKC,SD State,59,73,complete,2026-04-21 18:05:57.427374
275105,2026-02-27T01:00:00.000Z,ncaab,Purdue,Michigan St,74,76,complete,2026-04-21 18:05:57.427374
278846,2026-02-27T01:00:00.000Z,ncaab,Texas Southern,Alcorn State,92,87,complete,2026-04-21 18:05:57.427374
263002,2026-02-27T01:30:00.000Z,ncaab,TN-Martin,Tenn Tech,64,49,complete,2026-04-21 18:05:57.427374
263005,2026-02-27T01:30:00.000Z,ncaab,SE Missouri,Tenn St,71,79,complete,2026-04-21 18:05:57.427374
263021,2026-02-27T01:30:00.000Z,ncaab,Lindenwood,E. Illinois,67,71,complete,2026-04-21 18:05:57.427374
263025,2026-02-27T01:30:00.000Z,ncaab,SIU-Edwardsville,W. Illinois,67,47,complete,2026-04-21 18:05:57.427374
278841,2026-02-27T01:30:00.000Z,ncaab,Southern U,Florida A&M,71,82,complete,2026-04-21 18:05:57.427374
263006,2026-02-27T02:00:00.000Z,ncaab,UCSB,UC Riverside,70,59,complete,2026-04-21 18:05:57.427374
263008,2026-02-27T02:00:00.000Z,ncaab,Utah Tech,Ab Christian,85,81,complete,2026-04-21 18:05:57.427374
263009,2026-02-27T02:00:00.000Z,ncaab,Montana St,Portland State,84,69,complete,2026-04-21 18:05:57.427374
263012,2026-02-27T02:00:00.000Z,ncaab,Idaho,N. Arizona,78,58,complete,2026-04-21 18:05:57.427374
263015,2026-02-27T02:00:00.000Z,ncaab,Sam Houston,FIU,100,67,complete,2026-04-21 18:05:57.427374
263019,2026-02-27T02:00:00.000Z,ncaab,UC Davis,Hawaii,73,77,complete,2026-04-21 18:05:57.427374
263020,2026-02-27T02:00:00.000Z,ncaab,Montana,Sac State,81,73,complete,2026-04-21 18:05:57.427374
263024,2026-02-27T02:00:00.000Z,ncaab,E. Washington,N. Colorado,82,72,complete,2026-04-21 18:05:57.427374
264229,2026-02-27T02:00:00.000Z,ncaab,St. Thomas,NDSU,84,62,complete,2026-04-21 18:05:57.427374
276051,2026-02-27T02:00:00.000Z,ncaab,Memphis,Wichita State,82,88,complete,2026-04-21 18:05:57.427374
278843,2026-02-27T02:30:00.000Z,ncaab,Prairie View,Jackson St,85,76,complete,2026-04-21 18:05:57.427374
263004,2026-02-27T03:00:00.000Z,ncaab,Cal Baptist,UT-Arlington,68,56,complete,2026-04-21 18:05:57.427374
263011,2026-02-27T03:00:00.000Z,ncaab,UCSD,CS Bakersfield,84,72,complete,2026-04-21 18:05:57.427374
263016,2026-02-27T03:00:00.000Z,ncaab,Cal Poly,LBSU,102,92,complete,2026-04-21 18:05:57.427374
263026,2026-02-27T03:00:00.000Z,ncaab,CS Northridge,UC Irvine,67,68,complete,2026-04-21 18:05:57.427374
264252,2026-02-27T23:00:00.000Z,ncaab,W. Michigan,Miami (OH),67,69,complete,2026-04-21 18:05:57.427374
276779,2026-02-27T23:00:00.000Z,ncaab,Cornell,Yale,72,69,complete,2026-04-21 18:05:57.427374
264248,2026-02-27T23:30:00.000Z,ncaab,Niagara,Quinnipiac,78,76,complete,2026-04-21 18:05:57.427374
263028,2026-02-28T00:00:00.000Z,ncaab,Troy,UL Monroe,80,65,complete,2026-04-21 18:05:57.427374
264243,2026-02-28T00:00:00.000Z,ncaab,St. Peter's,Manhattan,75,65,complete,2026-04-21 18:05:57.427374
264244,2026-02-28T00:00:00.000Z,ncaab,Iona,Rider,80,58,complete,2026-04-21 18:05:57.427374
264245,2026-02-28T00:00:00.000Z,ncaab,Canisius,Merrimack,67,62,complete,2026-04-21 18:05:57.427374
264246,2026-02-28T00:00:00.000Z,ncaab,Sacred Heart,St. Mary's,77,69,complete,2026-04-21 18:05:57.427374
264247,2026-02-28T00:00:00.000Z,ncaab,Fairfield,Siena,72,58,complete,2026-04-21 18:05:57.427374
276200,2026-02-28T00:00:00.000Z,ncaab,G Washington,Dayton,66,68,complete,2026-04-21 18:05:57.427374
276780,2026-02-28T00:00:00.000Z,ncaab,Columbia,Brown,80,62,complete,2026-04-21 18:05:57.427374
276781,2026-02-28T00:00:00.000Z,ncaab,Penn,Dartmouth ,80,71,complete,2026-04-21 18:05:57.427374
276782,2026-02-28T00:00:00.000Z,ncaab,Princeton,Harvard,56,58,complete,2026-04-21 18:05:57.427374
263033,2026-02-28T00:30:00.000Z,ncaab,Georgia State,Old Dominion,73,81,complete,2026-04-21 18:05:57.427374
263032,2026-02-28T01:00:00.000Z,ncaab,Texas St,App State,60,57,complete,2026-04-21 18:05:57.427374
263034,2026-02-28T01:00:00.000Z,ncaab,JMU,Coastal Car,68,69,complete,2026-04-21 18:05:57.427374
264261,2026-02-28T01:00:00.000Z,ncaab,Kent State,Akron,70,92,complete,2026-04-21 18:05:57.427374
275106,2026-02-28T01:00:00.000Z,ncaab,Illinois,Michigan,70,84,complete,2026-04-21 18:05:57.427374
263030,2026-02-28T01:30:00.000Z,ncaab,S. Alabama,Southern Miss,55,68,complete,2026-04-21 18:05:57.427374
263031,2026-02-28T01:30:00.000Z,ncaab,Arkansas St,Louisiana,81,58,complete,2026-04-21 18:05:57.427374
263029,2026-02-28T02:00:00.000Z,ncaab,Marshall,GA Southern,82,99,complete,2026-04-21 18:05:57.427374
275114,2026-03-01T17:00:00.000Z,ncaab,Maryland,Rutgers,65,69,complete,2026-04-21 18:05:57.427374
276053,2026-03-01T17:00:00.000Z,ncaab,S. Florida,Tulane,90,62,complete,2026-04-21 18:05:57.427374
276054,2026-03-01T17:00:00.000Z,ncaab,UAB,North Texas,58,62,complete,2026-04-21 18:05:57.427374
276206,2026-03-01T17:00:00.000Z,ncaab,Davidson,La Salle,71,64,complete,2026-04-21 18:05:57.427374
264279,2026-03-01T18:00:00.000Z,ncaab,Canisius,Quinnipiac,63,67,complete,2026-04-21 18:05:57.427374
280521,2026-03-01T18:00:00.000Z,ncaab,Indiana St,UIC,79,63,complete,2026-04-21 18:05:57.427374
275112,2026-03-01T18:30:00.000Z,ncaab,Ohio State,Purdue,82,74,complete,2026-04-21 18:05:57.427374
264278,2026-03-01T19:00:00.000Z,ncaab,Fairfield,St. Mary's,47,69,complete,2026-04-21 18:05:57.427374
264280,2026-03-01T19:00:00.000Z,ncaab,Marist,St. Peter's,56,63,complete,2026-04-21 18:05:57.427374
264281,2026-03-01T19:00:00.000Z,ncaab,Manhattan,Iona,65,69,complete,2026-04-21 18:05:57.427374
264282,2026-03-01T19:00:00.000Z,ncaab,Siena,Rider,76,61,complete,2026-04-21 18:05:57.427374
264283,2026-03-01T19:00:00.000Z,ncaab,Niagara,Merrimack,66,73,complete,2026-04-21 18:05:57.427374
276052,2026-03-01T19:00:00.000Z,ncaab,Temple,Rice,74,80,complete,2026-04-21 18:05:57.427374
276055,2026-03-01T19:00:00.000Z,ncaab,FAU,Charlotte,77,76,complete,2026-04-21 18:05:57.427374
276057,2026-03-01T19:00:00.000Z,ncaab,E. Carolina,Memphis,84,68,complete,2026-04-21 18:05:57.427374
280520,2026-03-01T19:00:00.000Z,ncaab,Bradley,Murray State,87,78,complete,2026-04-21 18:05:57.427374
280522,2026-03-01T20:00:00.000Z,ncaab,Drake,N. Iowa,53,75,complete,2026-04-21 18:05:57.427374
275113,2026-03-01T20:45:00.000Z,ncaab,Indiana,Michigan St,64,77,complete,2026-04-21 18:05:57.427374
267491,2026-03-01T21:00:00.000Z,ncaab,Marquette,DePaul,51,62,complete,2026-04-21 18:05:57.427374
284753,2026-03-01T21:00:00.000Z,ncaab,Evansville,S. Illinois,67,81,complete,2026-04-21 18:05:57.427374
280523,2026-03-01T22:00:00.000Z,ncaab,Illinois St,Belmont,81,74,complete,2026-04-21 18:05:57.427374
264253,2026-03-02T00:00:00.000Z,ncaab,UNC Wilmington,Charleston,76,79,complete,2026-04-21 18:05:57.427374
276056,2026-03-02T01:00:00.000Z,ncaab,UTSA,Wichita State,67,84,complete,2026-04-21 18:05:57.427374
278853,2026-03-02T23:00:00.000Z,ncaab,Morgan State,Norfolk State,90,84,complete,2026-04-21 18:05:57.427374
267050,2026-03-03T00:00:00.000Z,ncaab,NC State,Duke,64,93,complete,2026-04-21 18:05:57.427374
278854,2026-03-03T00:00:00.000Z,ncaab,MD-E Shore,NC Central,73,77,complete,2026-04-21 18:05:57.427374
280524,2026-03-03T00:00:00.000Z,ncaab,Howard,Coppin St,90,70,complete,2026-04-21 18:05:57.427374
280525,2026-03-03T00:00:00.000Z,ncaab,Delaware St,SC State,59,61,complete,2026-04-21 18:05:57.427374
286236,2026-03-03T00:00:00.000Z,ncaab,Cleveland St,IUIN,101,93,complete,2026-04-21 18:05:57.427374
264285,2026-03-03T00:30:00.000Z,ncaab,UT Grande Valley,NW State,74,62,complete,2026-04-21 18:05:57.427374
264286,2026-03-03T00:30:00.000Z,ncaab,Nicholls St,McNeese St,65,75,complete,2026-04-21 18:05:57.427374
264288,2026-03-03T00:30:00.000Z,ncaab,Incarnate Word,SFA,68,76,complete,2026-04-21 18:05:57.427374
263078,2026-03-03T01:00:00.000Z,ncaab,N. Colorado,Montana,85,57,complete,2026-04-21 18:05:57.427374
263079,2026-03-03T01:00:00.000Z,ncaab,N. Arizona,Montana St,65,76,complete,2026-04-21 18:05:57.427374
264287,2026-03-03T01:00:00.000Z,ncaab,New Orleans,SE Louisiana,78,82,complete,2026-04-21 18:05:57.427374
264289,2026-03-03T01:00:00.000Z,ncaab,Texas A&M-CC,E TA&M,84,71,complete,2026-04-21 18:05:57.427374
264284,2026-03-03T01:30:00.000Z,ncaab,Hou Christian,Lamar,75,53,complete,2026-04-21 18:05:57.427374
263082,2026-03-03T02:00:00.000Z,ncaab,E. Washington,Idaho,81,85,complete,2026-04-21 18:05:57.427374
275323,2026-03-03T02:00:00.000Z,ncaab,Arizona,Iowa State,73,57,complete,2026-04-21 18:05:57.427374
263080,2026-03-03T03:00:00.000Z,ncaab,Portland State,Weber State,84,60,complete,2026-04-21 18:05:57.427374
263081,2026-03-03T03:00:00.000Z,ncaab,Sac State,Idaho State,83,65,complete,2026-04-21 18:05:57.427374
263085,2026-03-03T23:00:00.000Z,ncaab,S. Carolina,Tennessee,59,78,complete,2026-04-21 18:05:57.427374
264290,2026-03-03T23:00:00.000Z,ncaab,N.J.I.T.,UMBC,52,91,complete,2026-04-21 18:05:57.427374
264294,2026-03-03T23:00:00.000Z,ncaab,Maine,UMass Lowell,56,67,complete,2026-04-21 18:05:57.427374
264295,2026-03-03T23:00:00.000Z,ncaab,New Hampshire,Bryant U,88,83,complete,2026-04-21 18:05:57.427374
286189,2026-03-03T23:00:00.000Z,ncaab,Louisiana,Georgia State,84,75,complete,2026-04-21 18:05:57.427374
263087,2026-03-03T23:30:00.000Z,ncaab,Georgia,Alabama,98,88,complete,2026-04-21 18:05:57.427374
264303,2026-03-03T23:30:00.000Z,ncaab,Buffalo,E. Michigan,72,67,complete,2026-04-21 18:05:57.427374
264297,2026-03-03T23:31:00.000Z,ncaab,Stony Brook,Towson,57,69,complete,2026-04-21 18:05:57.427374
263086,2026-03-04T00:00:00.000Z,ncaab,Texas A&M,Kentucky,96,85,complete,2026-04-21 18:05:57.427374
263088,2026-03-04T00:00:00.000Z,ncaab,Oklahoma,Missouri,80,64,complete,2026-04-21 18:05:57.427374
264291,2026-03-04T00:00:00.000Z,ncaab,William & Mary,Hampton,94,85,complete,2026-04-21 18:05:57.427374
264292,2026-03-04T00:00:00.000Z,ncaab,W. Michigan,Ball State,71,74,complete,2026-04-21 18:05:57.427374
264293,2026-03-04T00:00:00.000Z,ncaab,C. Michigan,Akron,64,77,complete,2026-04-21 18:05:57.427374
264296,2026-03-04T00:00:00.000Z,ncaab,UMASS,Ohio,94,82,complete,2026-04-21 18:05:57.427374
264299,2026-03-04T00:00:00.000Z,ncaab,Elon,UNC Wilmington,57,76,complete,2026-04-21 18:05:57.427374
264300,2026-03-04T00:00:00.000Z,ncaab,Campbell,NC A&T,90,72,complete,2026-04-21 18:05:57.427374
264301,2026-03-04T00:00:00.000Z,ncaab,Miami (OH),Toledo,74,72,complete,2026-04-21 18:05:57.427374
264302,2026-03-04T00:00:00.000Z,ncaab,Northeastern,Monmouth,83,89,complete,2026-04-21 18:05:57.427374
264304,2026-03-04T00:00:00.000Z,ncaab,Hofstra,Drexel,62,51,complete,2026-04-21 18:05:57.427374
264305,2026-03-04T00:00:00.000Z,ncaab,Vermont,Albany,69,56,complete,2026-04-21 18:05:57.427374
267051,2026-03-04T00:00:00.000Z,ncaab,UNC,Clemson,67,63,complete,2026-04-21 18:05:57.427374
267054,2026-03-04T00:00:00.000Z,ncaab,Virginia,Wake Forest,75,70,complete,2026-04-21 18:05:57.427374
267492,2026-03-04T00:00:00.000Z,ncaab,St. John's,Georgetown,72,69,complete,2026-04-21 18:05:57.427374
267493,2026-03-04T00:00:00.000Z,ncaab,Xavier,Seton Hall,68,77,complete,2026-04-21 18:05:57.427374
275325,2026-03-04T00:00:00.000Z,ncaab,UCF,OK State,104,111,complete,2026-04-21 18:05:57.427374
275326,2026-03-04T00:00:00.000Z,ncaab,Texas Tech,TCU,65,73,complete,2026-04-21 18:05:57.427374
276207,2026-03-04T00:00:00.000Z,ncaab,Richmond,Dayton,60,65,complete,2026-04-21 18:05:57.427374
276208,2026-03-04T00:00:00.000Z,ncaab,VCU,George Mason,70,65,complete,2026-04-21 18:05:57.427374
286201,2026-03-04T00:00:00.000Z,ncaab,Bucknell,Army ,65,55,complete,2026-04-21 18:05:57.427374
286202,2026-03-04T00:00:00.000Z,ncaab,Lafayette,Holy Cross,77,82,complete,2026-04-21 18:05:57.427374
263090,2026-03-04T01:00:00.000Z,ncaab,Florida,Mississippi St,108,74,complete,2026-04-21 18:05:57.427374
264298,2026-03-04T01:00:00.000Z,ncaab,N. Illinois,Kent State,76,102,complete,2026-04-21 18:05:57.427374
275328,2026-03-04T01:00:00.000Z,ncaab,K State,West Virginia,65,63,complete,2026-04-21 18:05:57.427374
278855,2026-03-04T01:00:00.000Z,ncaab,Jackson St,AR-Pine Bluff,81,78,complete,2026-04-21 18:05:57.427374
278857,2026-03-04T01:00:00.000Z,ncaab,Alabama St,Southern U,64,71,complete,2026-04-21 18:05:57.427374
286241,2026-03-04T01:00:00.000Z,ncaab,Green Bay,IPFW,64,56,complete,2026-04-21 18:05:57.427374
278858,2026-03-04T01:30:00.000Z,ncaab,Alabama A&M,Grambling St,77,63,complete,2026-04-21 18:05:57.427374
286190,2026-03-04T01:30:00.000Z,ncaab,Old Dominion,UL Monroe,87,80,complete,2026-04-21 18:05:57.427374
267052,2026-03-04T02:00:00.000Z,ncaab,Louisville,Syracuse,77,62,complete,2026-04-21 18:05:57.427374
267053,2026-03-04T02:00:00.000Z,ncaab,VA Tech,Boston Col,72,63,complete,2026-04-21 18:05:57.427374
275116,2026-03-04T02:00:00.000Z,ncaab,Illinois,Oregon,80,54,complete,2026-04-21 18:05:57.427374
275324,2026-03-04T02:00:00.000Z,ncaab,Cincinnati,BYU,90,68,complete,2026-04-21 18:05:57.427374
275327,2026-03-04T02:00:00.000Z,ncaab,Arizona St,Kansas,70,60,complete,2026-04-21 18:05:57.427374
275329,2026-03-04T02:00:00.000Z,ncaab,Utah,Colorado,78,92,complete,2026-04-21 18:05:57.427374
278856,2026-03-04T02:00:00.000Z,ncaab,Alcorn State,MS Valley St,67,64,complete,2026-04-21 18:05:57.427374
280814,2026-03-04T02:00:00.000Z,ncaab,Fresno State,San Jose St,82,68,complete,2026-04-21 18:05:57.427374
280816,2026-03-04T02:00:00.000Z,ncaab,Boise State,San Diego State,86,77,complete,2026-04-21 18:05:57.427374
280817,2026-03-04T02:00:00.000Z,ncaab,Air Force,Grand Canyon,60,86,complete,2026-04-21 18:05:57.427374
284818,2026-03-04T02:00:00.000Z,ncaab,Ole Miss,Vanderbilt,86,89,complete,2026-04-21 18:05:57.427374
263083,2026-03-04T03:00:00.000Z,ncaab,Auburn,LSU,88,74,complete,2026-04-21 18:05:57.427374
280818,2026-03-04T03:00:00.000Z,ncaab,Wyoming,Nevada,83,73,complete,2026-04-21 18:05:57.427374
275115,2026-03-04T04:00:00.000Z,ncaab,UCLA,Nebraska,72,52,complete,2026-04-21 18:05:57.427374
280815,2026-03-04T04:00:00.000Z,ncaab,UNLV,Utah State,92,65,complete,2026-04-21 18:05:57.427374
286224,2026-03-04T17:00:00.000Z,ncaab,Bellarmine,Jacksonville,82,79,complete,2026-04-21 18:05:57.427374
286225,2026-03-04T19:30:00.000Z,ncaab,FGCU,North Alabama,69,58,complete,2026-04-21 18:05:57.427374
286226,2026-03-04T22:00:00.000Z,ncaab,E. Kentucky,Stetson,76,92,complete,2026-04-21 18:05:57.427374
267495,2026-03-04T23:00:00.000Z,ncaab,Butler,Creighton,59,76,complete,2026-04-21 18:05:57.427374
286435,2026-03-04T23:00:00.000Z,ncaab,JMU,Louisiana,87,72,complete,2026-04-21 18:05:57.427374
275121,2026-03-04T23:30:00.000Z,ncaab,Indiana,Minnesota,77,47,complete,2026-04-21 18:05:57.427374
276212,2026-03-04T23:30:00.000Z,ncaab,La Salle,Fordham,87,84,complete,2026-04-21 18:05:57.427374
263089,2026-03-05T00:00:00.000Z,ncaab,Arkansas,Texas,105,85,complete,2026-04-21 18:05:57.427374
267055,2026-03-05T00:00:00.000Z,ncaab,G Tech,California,65,76,complete,2026-04-21 18:05:57.427374
267057,2026-03-05T00:00:00.000Z,ncaab,SMU,Miami (FL),69,77,complete,2026-04-21 18:05:57.427374
267496,2026-03-05T00:00:00.000Z,ncaab,Providence,Marquette,56,78,complete,2026-04-21 18:05:57.427374
276061,2026-03-05T00:00:00.000Z,ncaab,Charlotte,UAB,74,80,complete,2026-04-21 18:05:57.427374
276209,2026-03-05T00:00:00.000Z,ncaab,G Washington,St. Bonaventure,91,82,complete,2026-04-21 18:05:57.427374
276211,2026-03-05T00:00:00.000Z,ncaab,Davidson,Saint Joe's,67,70,complete,2026-04-21 18:05:57.427374
276213,2026-03-05T00:00:00.000Z,ncaab,Rhode Island,Duquesne,64,52,complete,2026-04-21 18:05:57.427374
286195,2026-03-05T00:00:00.000Z,ncaab,Central Conn,Wagner,60,70,complete,2026-04-21 18:05:57.427374
286196,2026-03-05T00:00:00.000Z,ncaab,Dolphins,Stonehill,71,81,complete,2026-04-21 18:05:57.427374
286197,2026-03-05T00:00:00.000Z,ncaab,Lakers,Fairleigh,70,61,complete,2026-04-21 18:05:57.427374
286198,2026-03-05T00:00:00.000Z,ncaab,Long Island,Chicago St,79,75,complete,2026-04-21 18:05:57.427374
286205,2026-03-05T00:00:00.000Z,ncaab,SIU-Edwardsville,E. Illinois,71,77,complete,2026-04-21 18:05:57.427374
286237,2026-03-05T00:00:00.000Z,ncaab,Robert Morris,Youngstown St,68,53,complete,2026-04-21 18:05:57.427374
286238,2026-03-05T00:00:00.000Z,ncaab,Detroit,Milwaukee,84,63,complete,2026-04-21 18:05:57.427374
286239,2026-03-05T00:00:00.000Z,ncaab,Oakland,N Kentucky,84,85,complete,2026-04-21 18:05:57.427374
286370,2026-03-05T00:00:00.000Z,ncaab,Wright State,Cleveland St,90,61,complete,2026-04-21 18:05:57.427374
275118,2026-03-05T00:30:00.000Z,ncaab,Penn State,Ohio State,62,94,complete,2026-04-21 18:05:57.427374
286227,2026-03-05T00:30:00.000Z,ncaab,USC Upstate,Gardner-Webb,64,65,complete,2026-04-21 18:05:57.427374
286228,2026-03-05T00:30:00.000Z,ncaab,Wolves,North Florida,93,85,complete,2026-04-21 18:05:57.427374
267494,2026-03-05T01:00:00.000Z,ncaab,DePaul,Villanova,57,76,complete,2026-04-21 18:05:57.427374
275117,2026-03-05T01:00:00.000Z,ncaab,Wisconsin,Maryland,78,45,complete,2026-04-21 18:05:57.427374
276059,2026-03-05T01:00:00.000Z,ncaab,North Texas,Rice,62,58,complete,2026-04-21 18:05:57.427374
276210,2026-03-05T01:00:00.000Z,ncaab,Saint Louis,Loyola (IL),79,65,complete,2026-04-21 18:05:57.427374
286240,2026-03-05T01:00:00.000Z,ncaab,Oral Roberts,UMKC,84,62,complete,2026-04-21 18:05:57.427374
275120,2026-03-05T01:30:00.000Z,ncaab,Northwestern,Purdue,66,70,complete,2026-04-21 18:05:57.427374
286436,2026-03-05T01:30:00.000Z,ncaab,GA Southern,Old Dominion,88,84,complete,2026-04-21 18:05:57.427374
267056,2026-03-05T02:00:00.000Z,ncaab,Notre Dame,Stanford,78,86,complete,2026-04-21 18:05:57.427374
267058,2026-03-05T02:00:00.000Z,ncaab,Pittsburgh,Florida St,74,75,complete,2026-04-21 18:05:57.427374
275330,2026-03-05T02:00:00.000Z,ncaab,Houston,Baylor,77,64,complete,2026-04-21 18:05:57.427374
286206,2026-03-05T02:30:00.000Z,ncaab,Lindenwood,Ark-Little Rock,72,62,complete,2026-04-21 18:05:57.427374
280819,2026-03-05T03:00:00.000Z,ncaab,New Mexico,Colorado St,74,82,complete,2026-04-21 18:05:57.427374
275119,2026-03-05T03:30:00.000Z,ncaab,Washington,USC,91,72,complete,2026-04-21 18:05:57.427374
286365,2026-03-05T21:30:00.000Z,ncaab,S. Illinois,Drake,63,67,complete,2026-04-21 18:05:57.427374
278864,2026-03-05T22:00:00.000Z,ncaab,NC Central,SC State,64,80,complete,2026-04-21 18:05:57.427374
286302,2026-03-05T23:00:00.000Z,ncaab,Iona,Sacred Heart,80,91,complete,2026-04-21 18:05:57.427374
286484,2026-03-05T23:00:00.000Z,ncaab,Southern Miss,JMU,86,80,complete,2026-04-21 18:05:57.427374
263092,2026-03-06T00:00:00.000Z,ncaab,Liberty,LA Tech,71,76,complete,2026-04-21 18:05:57.427374
263096,2026-03-06T00:00:00.000Z,ncaab,Delaware,Sam Houston,83,80,complete,2026-04-21 18:05:57.427374
263104,2026-03-06T00:00:00.000Z,ncaab,FIU,Middle Tenn,67,73,complete,2026-04-21 18:05:57.427374
276058,2026-03-06T00:00:00.000Z,ncaab,E. Carolina,Tulsa,66,93,complete,2026-04-21 18:05:57.427374
276060,2026-03-06T00:00:00.000Z,ncaab,Temple,Tulane,89,60,complete,2026-04-21 18:05:57.427374
278866,2026-03-06T00:00:00.000Z,ncaab,MD-E Shore,Delaware St,56,57,complete,2026-04-21 18:05:57.427374
286203,2026-03-06T00:00:00.000Z,ncaab,Boston U,American U,75,73,complete,2026-04-21 18:05:57.427374
286204,2026-03-06T00:00:00.000Z,ncaab,Colgate,Loyola (MD),90,77,complete,2026-04-21 18:05:57.427374
286366,2026-03-06T00:00:00.000Z,ncaab,Valparaiso,Indiana St,63,62,complete,2026-04-21 18:05:57.427374
286437,2026-03-06T00:00:00.000Z,ncaab,Navy,Bucknell,74,69,complete,2026-04-21 18:05:57.427374
286438,2026-03-06T00:00:00.000Z,ncaab,Lehigh,Holy Cross,69,66,complete,2026-04-21 18:05:57.427374
286487,2026-03-06T00:00:00.000Z,ncaab,TN-Martin,E. Illinois,66,63,complete,2026-04-21 18:05:57.427374
286491,2026-03-06T00:00:00.000Z,ncaab,NDSU,Oral Roberts,76,65,complete,2026-04-21 18:05:57.427374
279100,2026-03-06T00:30:00.000Z,ncaab,Florida A&M,B-Cookman,81,77,complete,2026-04-21 18:05:57.427374
263091,2026-03-06T01:00:00.000Z,ncaab,Missouri St,W. Kentucky,87,74,complete,2026-04-21 18:05:57.427374
263094,2026-03-06T01:00:00.000Z,ncaab,Tarleton St,UT-Arlington,60,65,complete,2026-04-21 18:05:57.427374
275122,2026-03-06T01:00:00.000Z,ncaab,Iowa,Michigan,68,71,complete,2026-04-21 18:05:57.427374
275123,2026-03-06T01:00:00.000Z,ncaab,Michigan St,Rutgers,91,87,complete,2026-04-21 18:05:57.427374
278859,2026-03-06T01:00:00.000Z,ncaab,Texas Southern,Prairie View,59,70,complete,2026-04-21 18:05:57.427374
278860,2026-03-06T01:00:00.000Z,ncaab,Norfolk State,Howard,76,84,complete,2026-04-21 18:05:57.427374
278861,2026-03-06T01:00:00.000Z,ncaab,Jackson St,MS Valley St,85,77,complete,2026-04-21 18:05:57.427374
278863,2026-03-06T01:00:00.000Z,ncaab,Morgan State,Coppin St,70,66,complete,2026-04-21 18:05:57.427374
278865,2026-03-06T01:00:00.000Z,ncaab,Alabama St,Grambling St,63,65,complete,2026-04-21 18:05:57.427374
263103,2026-03-06T01:30:00.000Z,ncaab,Southern Utah,Utah Valley,88,92,complete,2026-04-21 18:05:57.427374
278867,2026-03-06T01:30:00.000Z,ncaab,Alabama A&M,Southern U,85,88,complete,2026-04-21 18:05:57.427374
286303,2026-03-06T01:30:00.000Z,ncaab,Fairfield,Manhattan,71,60,complete,2026-04-21 18:05:57.427374
286494,2026-03-06T01:30:00.000Z,ncaab,Arkansas St,GA Southern,77,80,complete,2026-04-21 18:05:57.427374
263097,2026-03-06T02:00:00.000Z,ncaab,N. Mexico St,Jax State,77,75,complete,2026-04-21 18:05:57.427374
263101,2026-03-06T02:00:00.000Z,ncaab,UTEP,Kennesaw St,78,71,complete,2026-04-21 18:05:57.427374
276062,2026-03-06T02:00:00.000Z,ncaab,Memphis,S. Florida,89,96,complete,2026-04-21 18:05:57.427374
278862,2026-03-06T02:00:00.000Z,ncaab,Alcorn State,AR-Pine Bluff,48,83,complete,2026-04-21 18:05:57.427374
286300,2026-03-06T02:00:00.000Z,ncaab,Portland,Pepperdine,77,68,complete,2026-04-21 18:05:57.427374
263098,2026-03-06T02:30:00.000Z,ncaab,CS Bakersfield,CS Northridge,84,86,complete,2026-04-21 18:05:57.427374
286242,2026-03-06T02:30:00.000Z,ncaab,St. Thomas,SD State,80,67,complete,2026-04-21 18:05:57.427374
286367,2026-03-06T02:30:00.000Z,ncaab,N. Iowa,Evansville,68,59,complete,2026-04-21 18:05:57.427374
286515,2026-03-06T02:30:00.000Z,ncaab,SE Missouri,Lindenwood,68,66,complete,2026-04-21 18:05:57.427374
263093,2026-03-06T03:00:00.000Z,ncaab,LBSU,UC Davis,70,76,complete,2026-04-21 18:05:57.427374
263095,2026-03-06T03:00:00.000Z,ncaab,UC Irvine,Cal Poly,107,85,complete,2026-04-21 18:05:57.427374
263099,2026-03-06T03:00:00.000Z,ncaab,Cal Baptist,Ab Christian,87,48,complete,2026-04-21 18:05:57.427374
263100,2026-03-06T03:00:00.000Z,ncaab,CS Fullerton,UCSD,75,71,complete,2026-04-21 18:05:57.427374
286301,2026-03-06T04:30:00.000Z,ncaab,Loyola Marymount,San Diego,62,66,complete,2026-04-21 18:05:57.427374
263102,2026-03-06T05:00:00.000Z,ncaab,Hawaii,UC Riverside,93,74,complete,2026-04-21 18:05:57.427374
286467,2026-03-06T17:00:00.000Z,ncaab,C. Arkansas,Bellarmine,86,73,complete,2026-04-21 18:05:57.427374
286489,2026-03-06T17:00:00.000Z,ncaab,High Point,Gardner-Webb,81,59,complete,2026-04-21 18:05:57.427374
286546,2026-03-06T18:00:00.000Z,ncaab,Belmont,Drake,81,100,complete,2026-04-21 18:05:57.427374
286439,2026-03-06T19:00:00.000Z,ncaab,NC A&T,Northeastern,72,88,complete,2026-04-21 18:05:57.427374
286229,2026-03-06T19:30:00.000Z,ncaab,Winthrop,Charleston So,86,81,complete,2026-04-21 18:05:57.427374
286472,2026-03-06T19:30:00.000Z,ncaab,Lipscomb,FGCU,53,77,complete,2026-04-21 18:05:57.427374
286368,2026-03-06T20:30:00.000Z,ncaab,Murray State,UIC,79,92,complete,2026-04-21 18:05:57.427374
286243,2026-03-06T22:00:00.000Z,ncaab,Chattanooga,Citadel,85,88,complete,2026-04-21 18:05:57.427374
286479,2026-03-06T22:00:00.000Z,ncaab,Austin Peay,Stetson,69,60,complete,2026-04-21 18:05:57.427374
264310,2026-03-06T23:00:00.000Z,ncaab,Akron,N. Illinois,94,55,complete,2026-04-21 18:05:57.427374
286230,2026-03-06T23:00:00.000Z,ncaab,UNC Asheville,Longwood,85,82,complete,2026-04-21 18:05:57.427374
286551,2026-03-06T23:00:00.000Z,ncaab,Merrimack,Sacred Heart,70,48,complete,2026-04-21 18:05:57.427374
286552,2026-03-06T23:00:00.000Z,ncaab,Texas St,Southern Miss,77,81,complete,2026-04-21 18:05:57.427374
264311,2026-03-06T23:30:00.000Z,ncaab,E. Michigan,Bowling Green,69,77,complete,2026-04-21 18:05:57.427374
264306,2026-03-07T00:00:00.000Z,ncaab,Kent State,W. Michigan,86,78,complete,2026-04-21 18:05:57.427374
264307,2026-03-07T00:00:00.000Z,ncaab,Toledo,Buffalo,98,78,complete,2026-04-21 18:05:57.427374
264309,2026-03-07T00:00:00.000Z,ncaab,Ball State,C. Michigan,85,69,complete,2026-04-21 18:05:57.427374
276214,2026-03-07T00:00:00.000Z,ncaab,Dayton,VCU,62,68,complete,2026-04-21 18:05:57.427374
276787,2026-03-07T00:00:00.000Z,ncaab,Brown,Penn,61,82,complete,2026-04-21 18:05:57.427374
276790,2026-03-07T00:00:00.000Z,ncaab,Harvard,Columbia,81,71,complete,2026-04-21 18:05:57.427374
286244,2026-03-07T00:00:00.000Z,ncaab,South Dakota,Omaha,62,76,complete,2026-04-21 18:05:57.427374
286555,2026-03-07T00:00:00.000Z,ncaab,Bradley,Valparaiso,90,84,complete,2026-04-21 18:05:57.427374
286245,2026-03-07T00:30:00.000Z,ncaab,UNC Greensboro,VMI,84,70,complete,2026-04-21 18:05:57.427374
286488,2026-03-07T00:30:00.000Z,ncaab,Queens,Wolves,71,63,complete,2026-04-21 18:05:57.427374
275331,2026-03-07T01:00:00.000Z,ncaab,West Virginia,UCF,77,62,complete,2026-04-21 18:05:57.427374
286556,2026-03-07T01:00:00.000Z,ncaab,Tenn St,TN-Martin,68,55,complete,2026-04-21 18:05:57.427374
286231,2026-03-07T01:30:00.000Z,ncaab,Radford,Presbyterian,85,91,complete,2026-04-21 18:05:57.427374
286568,2026-03-07T01:30:00.000Z,ncaab,St. Peter's,Fairfield,55,74,complete,2026-04-21 18:05:57.427374
286569,2026-03-07T01:30:00.000Z,ncaab,S. Alabama,GA Southern,85,94,complete,2026-04-21 18:05:57.427374
264308,2026-03-07T02:00:00.000Z,ncaab,Ohio,Miami (OH),108,110,complete,2026-04-21 18:05:57.427374
267497,2026-03-07T02:00:00.000Z,ncaab,Seton Hall,St. John's,65,72,complete,2026-04-21 18:05:57.427374
286570,2026-03-07T02:00:00.000Z,ncaab,Washington St,Portland,68,74,complete,2026-04-21 18:05:57.427374
286246,2026-03-07T02:30:00.000Z,ncaab,North Dakota,Denver,83,67,complete,2026-04-21 18:05:57.427374
286571,2026-03-07T02:30:00.000Z,ncaab,Illinois St,N. Iowa,52,74,complete,2026-04-21 18:05:57.427374
280820,2026-03-07T03:00:00.000Z,ncaab,San Diego State,UNLV,89,86,complete,2026-04-21 18:05:57.427374
286572,2026-03-07T03:30:00.000Z,ncaab,Morehead St,SE Missouri,66,61,complete,2026-04-21 18:05:57.427374
286604,2026-03-07T04:30:00.000Z,ncaab,Seattle,San Diego,58,56,complete,2026-04-21 18:05:57.427374
263116,2026-03-07T17:00:00.000Z,ncaab,Missouri,Arkansas,84,88,complete,2026-04-21 18:05:57.427374
263120,2026-03-07T17:00:00.000Z,ncaab,Delaware,LA Tech,38,81,complete,2026-04-21 18:05:57.427374
267062,2026-03-07T17:00:00.000Z,ncaab,Clemson,G Tech,79,76,complete,2026-04-21 18:05:57.427374
267063,2026-03-07T17:00:00.000Z,ncaab,Virginia,VA Tech,76,72,complete,2026-04-21 18:05:57.427374
267067,2026-03-07T17:00:00.000Z,ncaab,Boston Col,Notre Dame,77,69,complete,2026-04-21 18:05:57.427374
267498,2026-03-07T17:00:00.000Z,ncaab,DePaul,Butler,71,81,complete,2026-04-21 18:05:57.427374
267501,2026-03-07T17:00:00.000Z,ncaab,Villanova,Xavier,91,78,complete,2026-04-21 18:05:57.427374
275332,2026-03-07T17:00:00.000Z,ncaab,OK State,Houston,75,82,complete,2026-04-21 18:05:57.427374
276219,2026-03-07T17:00:00.000Z,ncaab,St. Bonaventure,Davidson,63,68,complete,2026-04-21 18:05:57.427374
286440,2026-03-07T17:00:00.000Z,ncaab,Stony Brook,Campbell,89,96,complete,2026-04-21 18:05:57.427374
286485,2026-03-07T17:00:00.000Z,ncaab,Lakers,Stonehill,56,51,complete,2026-04-21 18:05:57.427374
286636,2026-03-07T17:00:00.000Z,ncaab,E Tennessee St,Citadel,83,76,complete,2026-04-21 18:05:57.427374
286640,2026-03-07T17:00:00.000Z,ncaab,High Point,UNC Asheville,75,71,complete,2026-04-21 18:05:57.427374
267500,2026-03-07T17:30:00.000Z,ncaab,Marquette,UConn,68,62,complete,2026-04-21 18:05:57.427374
263108,2026-03-07T18:00:00.000Z,ncaab,Ole Miss,S. Carolina,61,64,complete,2026-04-21 18:05:57.427374
276220,2026-03-07T18:00:00.000Z,ncaab,Saint Joe's,La Salle,88,76,complete,2026-04-21 18:05:57.427374
286441,2026-03-07T18:00:00.000Z,ncaab,UMass Lowell,Albany,81,76,complete,2026-04-21 18:05:57.427374
286442,2026-03-07T18:00:00.000Z,ncaab,UMBC,New Hampshire,84,69,complete,2026-04-21 18:05:57.427374
263105,2026-03-07T19:00:00.000Z,ncaab,FIU,W. Kentucky,92,67,complete,2026-04-21 18:05:57.427374
263109,2026-03-07T19:00:00.000Z,ncaab,Tennessee,Vanderbilt,82,86,complete,2026-04-21 18:05:57.427374
263110,2026-03-07T19:00:00.000Z,ncaab,Liberty,Sam Houston,79,72,complete,2026-04-21 18:05:57.427374
267059,2026-03-07T19:00:00.000Z,ncaab,Miami (FL),Louisville,89,92,complete,2026-04-21 18:05:57.427374
267061,2026-03-07T19:00:00.000Z,ncaab,Florida St,SMU,91,78,complete,2026-04-21 18:05:57.427374
275333,2026-03-07T19:00:00.000Z,ncaab,TCU,Cincinnati,73,63,complete,2026-04-21 18:05:57.427374
275334,2026-03-07T19:00:00.000Z,ncaab,Kansas,K State,104,85,complete,2026-04-21 18:05:57.427374
275335,2026-03-07T19:00:00.000Z,ncaab,Iowa State,Arizona St,86,65,complete,2026-04-21 18:05:57.427374
276215,2026-03-07T19:00:00.000Z,ncaab,Fordham,Rhode Island,61,49,complete,2026-04-21 18:05:57.427374
276217,2026-03-07T19:00:00.000Z,ncaab,Loyola (IL),G Washington,68,62,complete,2026-04-21 18:05:57.427374
276218,2026-03-07T19:00:00.000Z,ncaab,Duquesne,Richmond,79,77,complete,2026-04-21 18:05:57.427374
276788,2026-03-07T19:00:00.000Z,ncaab,Yale,Princeton,78,53,complete,2026-04-21 18:05:57.427374
276789,2026-03-07T19:00:00.000Z,ncaab,Dartmouth ,Cornell,90,111,complete,2026-04-21 18:05:57.427374
286443,2026-03-07T19:00:00.000Z,ncaab,Vermont,Bryant U,77,57,complete,2026-04-21 18:05:57.427374
286486,2026-03-07T19:00:00.000Z,ncaab,Long Island,Wagner,64,56,complete,2026-04-21 18:05:57.427374
267064,2026-03-07T19:15:00.000Z,ncaab,NC State,Stanford,84,85,complete,2026-04-21 18:05:57.427374
286627,2026-03-07T19:30:00.000Z,ncaab,Drexel,Northeastern,84,77,complete,2026-04-21 18:05:57.427374
286642,2026-03-07T19:30:00.000Z,ncaab,Wofford,UNC Greensboro,72,75,complete,2026-04-21 18:05:57.427374
286648,2026-03-07T19:30:00.000Z,ncaab,Winthrop,Presbyterian,73,71,complete,2026-04-21 18:05:57.427374
263106,2026-03-07T20:00:00.000Z,ncaab,UTEP,Jax State,61,64,complete,2026-04-21 18:05:57.427374
263121,2026-03-07T20:00:00.000Z,ncaab,Missouri St,Middle Tenn,63,75,complete,2026-04-21 18:05:57.427374
263112,2026-03-07T20:30:00.000Z,ncaab,Mississippi St,Georgia,96,102,complete,2026-04-21 18:05:57.427374
286629,2026-03-07T20:30:00.000Z,ncaab,UIC,Drake,72,51,complete,2026-04-21 18:05:57.427374
263118,2026-03-07T21:00:00.000Z,ncaab,Kentucky,Florida,77,84,complete,2026-04-21 18:05:57.427374
263124,2026-03-07T21:00:00.000Z,ncaab,N. Mexico St,Kennesaw St,79,76,complete,2026-04-21 18:05:57.427374
267066,2026-03-07T21:00:00.000Z,ncaab,Wake Forest,California,80,73,complete,2026-04-21 18:05:57.427374
276063,2026-03-07T21:00:00.000Z,ncaab,Wichita State,FAU,88,70,complete,2026-04-21 18:05:57.427374
276216,2026-03-07T21:00:00.000Z,ncaab,George Mason,Saint Louis,86,57,complete,2026-04-21 18:05:57.427374
280821,2026-03-07T21:00:00.000Z,ncaab,Utah State,New Mexico,94,90,complete,2026-04-21 18:05:57.427374
280822,2026-03-07T21:00:00.000Z,ncaab,Colorado St,Boise State,67,78,complete,2026-04-21 18:05:57.427374
286444,2026-03-07T21:00:00.000Z,ncaab,N.J.I.T.,Maine,60,58,complete,2026-04-21 18:05:57.427374
275124,2026-03-07T21:15:00.000Z,ncaab,Purdue,Wisconsin,93,97,complete,2026-04-21 18:05:57.427374
267065,2026-03-07T21:30:00.000Z,ncaab,Syracuse,Pittsburgh,69,71,complete,2026-04-21 18:05:57.427374
275338,2026-03-07T22:00:00.000Z,ncaab,Baylor,Utah,101,75,complete,2026-04-21 18:05:57.427374
280823,2026-03-07T22:00:00.000Z,ncaab,San Jose St,Wyoming,78,88,complete,2026-04-21 18:05:57.427374
286628,2026-03-07T22:00:00.000Z,ncaab,C. Arkansas,FGCU,73,63,complete,2026-04-21 18:05:57.427374
275128,2026-03-07T22:30:00.000Z,ncaab,Ohio State,Indiana,91,78,complete,2026-04-21 18:05:57.427374
263114,2026-03-07T23:00:00.000Z,ncaab,LSU,Texas A&M,91,94,complete,2026-04-21 18:05:57.427374
286247,2026-03-07T23:00:00.000Z,ncaab,Samford,Furman,81,86,complete,2026-04-21 18:05:57.427374
286304,2026-03-07T23:00:00.000Z,ncaab,Quinnipiac,Marist,75,77,complete,2026-04-21 18:05:57.427374
286445,2026-03-07T23:00:00.000Z,ncaab,Towson,Hampton,74,68,complete,2026-04-21 18:05:57.427374
286672,2026-03-07T23:00:00.000Z,ncaab,Bradley,N. Iowa,69,73,complete,2026-04-21 18:05:57.427374
267060,2026-03-07T23:30:00.000Z,ncaab,Duke,UNC,76,61,complete,2026-04-21 18:05:57.427374
286639,2026-03-07T23:30:00.000Z,ncaab,App State,Southern Miss,73,86,complete,2026-04-21 18:05:57.427374
263113,2026-03-08T00:00:00.000Z,ncaab,Ab Christian,UT-Arlington,57,64,complete,2026-04-21 18:05:57.427374
263115,2026-03-08T00:00:00.000Z,ncaab,Cal Poly,CS Bakersfield,108,76,complete,2026-04-21 18:05:57.427374
286390,2026-03-08T00:30:00.000Z,ncaab,Idaho State,N. Arizona,73,65,complete,2026-04-21 18:05:57.427374
286643,2026-03-08T00:30:00.000Z,ncaab,Austin Peay,Queens,83,90,complete,2026-04-21 18:05:57.427374
263119,2026-03-08T01:00:00.000Z,ncaab,UC Irvine,UC Davis,79,69,complete,2026-04-21 18:05:57.427374
263122,2026-03-08T01:00:00.000Z,ncaab,CS Northridge,CS Fullerton,77,90,complete,2026-04-21 18:05:57.427374
267499,2026-03-08T01:00:00.000Z,ncaab,Georgetown,Providence,80,79,complete,2026-04-21 18:05:57.427374
280824,2026-03-08T01:00:00.000Z,ncaab,Grand Canyon,Fresno State,85,60,complete,2026-04-21 18:05:57.427374
286641,2026-03-08T01:00:00.000Z,ncaab,NDSU,Omaha,74,50,complete,2026-04-21 18:05:57.427374
263117,2026-03-08T01:30:00.000Z,ncaab,Alabama,Auburn,96,84,complete,2026-04-21 18:05:57.427374
263123,2026-03-08T01:30:00.000Z,ncaab,Texas,Oklahoma,85,88,complete,2026-04-21 18:05:57.427374
263125,2026-03-08T01:30:00.000Z,ncaab,Southern Utah,Cal Baptist,75,82,complete,2026-04-21 18:05:57.427374
286248,2026-03-08T01:30:00.000Z,ncaab,Mercer,W. Carolina,73,77,complete,2026-04-21 18:05:57.427374
286305,2026-03-08T01:30:00.000Z,ncaab,Siena,St. Mary's,63,58,complete,2026-04-21 18:05:57.427374
286446,2026-03-08T01:30:00.000Z,ncaab,William & Mary,Elon,72,62,complete,2026-04-21 18:05:57.427374
263107,2026-03-08T02:00:00.000Z,ncaab,Utah Tech,Utah Valley,101,104,complete,2026-04-21 18:05:57.427374
263126,2026-03-08T02:00:00.000Z,ncaab,UCSB,UCSD,63,64,complete,2026-04-21 18:05:57.427374
275126,2026-03-08T02:00:00.000Z,ncaab,Minnesota,Northwestern,67,66,complete,2026-04-21 18:05:57.427374
275127,2026-03-08T02:00:00.000Z,ncaab,USC,UCLA,68,89,complete,2026-04-21 18:05:57.427374
286646,2026-03-08T02:00:00.000Z,ncaab,San Francisco,Portland,82,65,complete,2026-04-21 18:05:57.427374
286647,2026-03-08T02:00:00.000Z,ncaab,Coastal Car,GA Southern,72,96,complete,2026-04-21 18:05:57.427374
286673,2026-03-08T02:00:00.000Z,ncaab,Tenn St,Morehead St,93,67,complete,2026-04-21 18:05:57.427374
280825,2026-03-08T03:00:00.000Z,ncaab,Nevada,Air Force,74,59,complete,2026-04-21 18:05:57.427374
286391,2026-03-08T03:00:00.000Z,ncaab,Idaho,Sac State,68,45,complete,2026-04-21 18:05:57.427374
275337,2026-03-08T03:30:00.000Z,ncaab,BYU,Texas Tech,82,76,complete,2026-04-21 18:05:57.427374
286649,2026-03-08T03:30:00.000Z,ncaab,St. Thomas,North Dakota,66,67,complete,2026-04-21 18:05:57.427374
275125,2026-03-08T04:00:00.000Z,ncaab,Oregon,Washington,85,79,complete,2026-04-21 18:05:57.427374
275336,2026-03-08T04:00:00.000Z,ncaab,Colorado,Arizona,79,89,complete,2026-04-21 18:05:57.427374
286676,2026-03-08T04:30:00.000Z,ncaab,Pacific,Seattle,61,58,complete,2026-04-21 18:05:57.427374
263111,2026-03-08T05:00:00.000Z,ncaab,Hawaii,LBSU,75,84,complete,2026-04-21 18:05:57.427374
275131,2026-03-08T16:00:00.000Z,ncaab,Rutgers,Penn State,74,62,complete,2026-04-21 18:05:57.427374
286553,2026-03-08T16:00:00.000Z,ncaab,Lehigh,Colgate,76,69,complete,2026-04-21 18:05:57.427374
286679,2026-03-08T16:00:00.000Z,ncaab,UNC Wilmington,Campbell,70,85,complete,2026-04-21 18:05:57.427374
286688,2026-03-08T16:00:00.000Z,ncaab,High Point,Winthrop,91,76,complete,2026-04-21 18:05:57.427374
286713,2026-03-08T16:00:00.000Z,ncaab,UIC,N. Iowa,69,84,complete,2026-04-21 18:05:57.427374
276066,2026-03-08T18:00:00.000Z,ncaab,Tulane,Memphis,95,96,complete,2026-04-21 18:05:57.427374
276067,2026-03-08T18:00:00.000Z,ncaab,S. Florida,Charlotte,83,60,complete,2026-04-21 18:05:57.427374
286554,2026-03-08T18:00:00.000Z,ncaab,Navy,Boston U,72,73,complete,2026-04-21 18:05:57.427374
286722,2026-03-08T18:00:00.000Z,ncaab,C. Arkansas,Queens,93,98,complete,2026-04-21 18:05:57.427374
286689,2026-03-08T18:30:00.000Z,ncaab,Monmouth,Drexel,65,57,complete,2026-04-21 18:05:57.427374
275129,2026-03-08T19:00:00.000Z,ncaab,Maryland,Illinois,72,78,complete,2026-04-21 18:05:57.427374
276064,2026-03-08T19:00:00.000Z,ncaab,Rice,UTSA,80,71,complete,2026-04-21 18:05:57.427374
276065,2026-03-08T19:00:00.000Z,ncaab,Tulsa,Temple,78,76,complete,2026-04-21 18:05:57.427374
276068,2026-03-08T19:00:00.000Z,ncaab,UAB,E. Carolina,90,83,complete,2026-04-21 18:05:57.427374
286492,2026-03-08T19:30:00.000Z,ncaab,Green Bay,N Kentucky,76,96,complete,2026-04-21 18:05:57.427374
286740,2026-03-08T20:00:00.000Z,ncaab,E Tennessee St,W. Carolina,69,67,complete,2026-04-21 18:05:57.427374
275130,2026-03-08T20:30:00.000Z,ncaab,Michigan,Michigan St,90,80,complete,2026-04-21 18:05:57.427374
275132,2026-03-08T21:00:00.000Z,ncaab,Nebraska,Iowa,84,75,complete,2026-04-21 18:05:57.427374
286392,2026-03-08T22:00:00.000Z,ncaab,New Orleans,Hou Christian,73,60,complete,2026-04-21 18:05:57.427374
286715,2026-03-08T22:00:00.000Z,ncaab,Merrimack,Marist,58,57,complete,2026-04-21 18:05:57.427374
286716,2026-03-08T22:00:00.000Z,ncaab,Charleston,Towson,56,81,complete,2026-04-21 18:05:57.427374
286717,2026-03-08T22:00:00.000Z,ncaab,Troy,Southern Miss,78,70,complete,2026-04-21 18:05:57.427374
286714,2026-03-08T22:30:00.000Z,ncaab,Furman,UNC Greensboro,81,75,complete,2026-04-21 18:05:57.427374
286723,2026-03-08T23:30:00.000Z,ncaab,Portland State,Idaho State,85,78,complete,2026-04-21 18:05:57.427374
286393,2026-03-09T00:30:00.000Z,ncaab,Nicholls St,NW State,61,47,complete,2026-04-21 18:05:57.427374
286741,2026-03-09T00:30:00.000Z,ncaab,Hofstra,William & Mary,92,61,complete,2026-04-21 18:05:57.427374
286742,2026-03-09T00:30:00.000Z,ncaab,Siena,Fairfield,76,61,complete,2026-04-21 18:05:57.427374
286747,2026-03-09T00:30:00.000Z,ncaab,Marshall,GA Southern,78,82,complete,2026-04-21 18:05:57.427374
286748,2026-03-09T00:30:00.000Z,ncaab,Oregon St,San Francisco,78,77,complete,2026-04-21 18:05:57.427374
286773,2026-03-09T01:00:00.000Z,ncaab,NDSU,North Dakota,70,62,complete,2026-04-21 18:05:57.427374
286770,2026-03-09T02:00:00.000Z,ncaab,Montana St,Idaho,74,78,complete,2026-04-21 18:05:57.427374
286785,2026-03-09T03:00:00.000Z,ncaab,Santa Clara,Pacific,76,68,complete,2026-04-21 18:05:57.427374
286605,2026-03-09T18:00:00.000Z,ncaab,Alabama St,Alcorn State,65,77,complete,2026-04-21 18:05:57.427374
286797,2026-03-09T22:00:00.000Z,ncaab,Monmouth,Campbell,74,64,complete,2026-04-21 18:05:57.427374
286808,2026-03-09T22:00:00.000Z,ncaab,Texas A&M-CC,New Orleans,74,61,complete,2026-04-21 18:05:57.427374
286798,2026-03-09T23:00:00.000Z,ncaab,Wright State,N Kentucky,103,90,complete,2026-04-21 18:05:57.427374
286814,2026-03-09T23:00:00.000Z,ncaab,E Tennessee St,Furman,61,76,complete,2026-04-21 18:05:57.427374
286819,2026-03-09T23:00:00.000Z,ncaab,Troy,GA Southern,77,61,complete,2026-04-21 18:05:57.427374
286394,2026-03-09T23:30:00.000Z,ncaab,Montana,N. Colorado,95,89,complete,2026-04-21 18:05:57.427374
286606,2026-03-10T00:30:00.000Z,ncaab,Grambling St,MS Valley St,77,52,complete,2026-04-21 18:05:57.427374
286816,2026-03-10T00:30:00.000Z,ncaab,Hofstra,Towson,68,65,complete,2026-04-21 18:05:57.427374
286817,2026-03-10T00:30:00.000Z,ncaab,UT Grande Valley,Nicholls St,86,68,complete,2026-04-21 18:05:57.427374
286818,2026-03-10T01:00:00.000Z,ncaab,Gonzaga,Oregon St,65,56,complete,2026-04-21 18:05:57.427374
286493,2026-03-10T01:30:00.000Z,ncaab,Robert Morris,Detroit,64,70,complete,2026-04-21 18:05:57.427374
286395,2026-03-10T02:00:00.000Z,ncaab,E. Washington,Weber State,84,79,complete,2026-04-21 18:05:57.427374
286836,2026-03-10T03:30:00.000Z,ncaab,Saint Mary's,Santa Clara,71,76,complete,2026-04-21 18:05:57.427374
286786,2026-03-10T16:30:00.000Z,ncaab,Arizona St,Baylor,83,79,complete,2026-04-21 18:05:57.427374
286718,2026-03-10T18:00:00.000Z,ncaab,Stanford,Pittsburgh,63,64,complete,2026-04-21 18:05:57.427374
286861,2026-03-10T18:00:00.000Z,ncaab,Prairie View,Alcorn State,65,56,complete,2026-04-21 18:05:57.427374
286787,2026-03-10T19:00:00.000Z,ncaab,Cincinnati,Utah,73,66,complete,2026-04-21 18:05:57.427374
286719,2026-03-10T20:30:00.000Z,ncaab,SMU,Syracuse,86,69,complete,2026-04-21 18:05:57.427374
286809,2026-03-10T21:00:00.000Z,ncaab,Oregon,Maryland,60,70,complete,2026-04-21 18:05:57.427374
286680,2026-03-10T22:00:00.000Z,ncaab,UMBC,UMass Lowell,91,69,complete,2026-04-21 18:05:57.427374
286724,2026-03-10T22:30:00.000Z,ncaab,FIU,Missouri St,72,75,complete,2026-04-21 18:05:57.427374
286687,2026-03-10T23:00:00.000Z,ncaab,Long Island,Lakers,79,70,complete,2026-04-21 18:05:57.427374
286702,2026-03-10T23:00:00.000Z,ncaab,Vermont,N.J.I.T.,63,54,complete,2026-04-21 18:05:57.427374
286720,2026-03-10T23:00:00.000Z,ncaab,VA Tech,Wake Forest,89,95,complete,2026-04-21 18:05:57.427374
286788,2026-03-10T23:00:00.000Z,ncaab,BYU,K State,105,91,complete,2026-04-21 18:05:57.427374
286866,2026-03-10T23:00:00.000Z,ncaab,SFA,Texas A&M-CC,60,58,complete,2026-04-21 18:05:57.427374
286877,2026-03-10T23:00:00.000Z,ncaab,Hofstra,Monmouth,75,69,complete,2026-04-21 18:05:57.427374
286878,2026-03-10T23:00:00.000Z,ncaab,Wright State,Detroit,66,63,complete,2026-04-21 18:05:57.427374
286810,2026-03-10T23:30:00.000Z,ncaab,Northwestern,Penn State,76,66,complete,2026-04-21 18:05:57.427374
286875,2026-03-11T00:30:00.000Z,ncaab,Jackson St,Grambling St,68,65,complete,2026-04-21 18:05:57.427374
286725,2026-03-11T01:00:00.000Z,ncaab,Jax State,N. Mexico St,63,68,complete,2026-04-21 18:05:57.427374
286815,2026-03-11T01:00:00.000Z,ncaab,Merrimack,Siena,54,64,complete,2026-04-21 18:05:57.427374
286874,2026-03-11T01:00:00.000Z,ncaab,Portland State,Montana,72,75,complete,2026-04-21 18:05:57.427374
286896,2026-03-11T01:00:00.000Z,ncaab,Gonzaga,Santa Clara,79,68,complete,2026-04-21 18:05:57.427374
286789,2026-03-11T01:30:00.000Z,ncaab,Colorado,OK State,83,92,complete,2026-04-21 18:05:57.427374
286876,2026-03-11T01:30:00.000Z,ncaab,McNeese St,UT Grande Valley,84,80,complete,2026-04-21 18:05:57.427374
286894,2026-03-11T03:30:00.000Z,ncaab,E. Washington,Idaho,68,81,complete,2026-04-21 18:05:57.427374
286703,2026-03-11T15:30:00.000Z,ncaab,La Salle,St. Bonaventure,80,99,complete,2026-04-21 18:05:57.427374
286929,2026-03-11T16:00:00.000Z,ncaab,NC State,Pittsburgh,98,88,complete,2026-04-21 18:05:57.427374
286938,2026-03-11T16:00:00.000Z,ncaab,Iowa,Maryland,75,64,complete,2026-04-21 18:05:57.427374
286749,2026-03-11T16:30:00.000Z,ncaab,Kentucky,LSU,87,82,complete,2026-04-21 18:05:57.427374
286928,2026-03-11T16:30:00.000Z,ncaab,Iowa State,Arizona St,91,42,complete,2026-04-21 18:05:57.427374
286704,2026-03-11T18:00:00.000Z,ncaab,Richmond,Loyola (IL),67,75,complete,2026-04-21 18:05:57.427374
286930,2026-03-11T18:00:00.000Z,ncaab,B-Cookman,Prairie View,67,71,complete,2026-04-21 18:05:57.427374
286811,2026-03-11T18:30:00.000Z,ncaab,Washington,USC,83,79,complete,2026-04-21 18:05:57.427374
286934,2026-03-11T18:30:00.000Z,ncaab,Louisville,SMU,62,58,complete,2026-04-21 18:05:57.427374
286750,2026-03-11T19:00:00.000Z,ncaab,Auburn,Mississippi St,79,61,complete,2026-04-21 18:05:57.427374
286774,2026-03-11T19:00:00.000Z,ncaab,UNLV,Wyoming,73,70,complete,2026-04-21 18:05:57.427374
286933,2026-03-11T19:00:00.000Z,ncaab,UCF,Cincinnati,66,65,complete,2026-04-21 18:05:57.427374
286743,2026-03-11T20:00:00.000Z,ncaab,Butler,Providence,81,91,complete,2026-04-21 18:05:57.427374
286958,2026-03-11T21:00:00.000Z,ncaab,SFA,McNeese St,59,76,complete,2026-04-21 18:05:57.427374
286775,2026-03-11T21:30:00.000Z,ncaab,Nevada,Air Force,80,45,complete,2026-04-21 18:05:57.427374
286593,2026-03-11T22:00:00.000Z,ncaab,Morgan State,Delaware St,70,75,complete,2026-04-21 18:05:57.427374
286744,2026-03-11T22:30:00.000Z,ncaab,Marquette,Xavier,87,89,complete,2026-04-21 18:05:57.427374
286940,2026-03-11T22:30:00.000Z,ncaab,Liberty,Missouri St,69,77,complete,2026-04-21 18:05:57.427374
286943,2026-03-11T22:30:00.000Z,ncaab,Indiana,Northwestern,61,74,complete,2026-04-21 18:05:57.427374
286721,2026-03-11T23:00:00.000Z,ncaab,Florida St,California,95,89,complete,2026-04-21 18:05:57.427374
286751,2026-03-11T23:00:00.000Z,ncaab,Texas,Ole Miss,66,76,complete,2026-04-21 18:05:57.427374
286794,2026-03-11T23:00:00.000Z,ncaab,Lehigh,Boston U,74,60,complete,2026-04-21 18:05:57.427374
286799,2026-03-11T23:00:00.000Z,ncaab,Memphis,Tulane,69,81,complete,2026-04-21 18:05:57.427374
286942,2026-03-11T23:00:00.000Z,ncaab,West Virginia,BYU,48,68,complete,2026-04-21 18:05:57.427374
286771,2026-03-12T00:30:00.000Z,ncaab,Ab Christian,Tarleton St,84,78,complete,2026-04-21 18:05:57.427374
286945,2026-03-12T00:30:00.000Z,ncaab,Florida A&M,Jackson St,70,60,complete,2026-04-21 18:05:57.427374
286745,2026-03-12T01:00:00.000Z,ncaab,DePaul,Georgetown,56,63,complete,2026-04-21 18:05:57.427374
286776,2026-03-12T01:00:00.000Z,ncaab,Colorado St,Fresno State,67,63,complete,2026-04-21 18:05:57.427374
286782,2026-03-12T01:00:00.000Z,ncaab,UCSD,Cal Poly,72,69,complete,2026-04-21 18:05:57.427374
286812,2026-03-12T01:00:00.000Z,ncaab,Minnesota,Rutgers,67,72,complete,2026-04-21 18:05:57.427374
286946,2026-03-12T01:00:00.000Z,ncaab,Sam Houston,N. Mexico St,69,61,complete,2026-04-21 18:05:57.427374
286752,2026-03-12T01:30:00.000Z,ncaab,Oklahoma,S. Carolina,86,74,complete,2026-04-21 18:05:57.427374
286800,2026-03-12T01:30:00.000Z,ncaab,FAU,Temple,63,59,complete,2026-04-21 18:05:57.427374
286944,2026-03-12T01:30:00.000Z,ncaab,Clemson,Wake Forest,71,62,complete,2026-04-21 18:05:57.427374
286947,2026-03-12T01:30:00.000Z,ncaab,TCU,OK State,95,88,complete,2026-04-21 18:05:57.427374
286777,2026-03-12T03:30:00.000Z,ncaab,Boise State,San Jose St,74,84,complete,2026-04-21 18:05:57.427374
286783,2026-03-12T03:30:00.000Z,ncaab,UC Davis,UCSB,79,73,complete,2026-04-21 18:05:57.427374
286959,2026-03-12T03:30:00.000Z,ncaab,Montana,Idaho,66,77,complete,2026-04-21 18:05:57.427374
286668,2026-03-12T15:00:00.000Z,ncaab,Miami (OH),UMASS,83,87,complete,2026-04-21 18:05:57.427374
286705,2026-03-12T15:30:00.000Z,ncaab,Fordham,G Washington,62,66,complete,2026-04-21 18:05:57.427374
286962,2026-03-12T16:00:00.000Z,ncaab,Virginia,NC State,81,74,complete,2026-04-21 18:05:57.427374
286963,2026-03-12T16:00:00.000Z,ncaab,Ohio State,Iowa,72,69,complete,2026-04-21 18:05:57.427374
286976,2026-03-12T16:00:00.000Z,ncaab,St. John's,Providence,85,72,complete,2026-04-21 18:05:57.427374
286964,2026-03-12T16:30:00.000Z,ncaab,Missouri,Kentucky,72,78,complete,2026-04-21 18:05:57.427374
286965,2026-03-12T16:30:00.000Z,ncaab,Texas Tech,Iowa State,53,75,complete,2026-04-21 18:05:57.427374
286669,2026-03-12T17:30:00.000Z,ncaab,Toledo,Bowling Green,77,76,complete,2026-04-21 18:05:57.427374
286607,2026-03-12T18:00:00.000Z,ncaab,Texas Southern,Alabama A&M,74,85,complete,2026-04-21 18:05:57.427374
286961,2026-03-12T18:00:00.000Z,ncaab,George Mason,St. Bonaventure,57,63,complete,2026-04-21 18:05:57.427374
286746,2026-03-12T18:30:00.000Z,ncaab,Seton Hall,Creighton,72,61,complete,2026-04-21 18:05:57.427374
286968,2026-03-12T18:30:00.000Z,ncaab,Wisconsin,Washington,85,82,complete,2026-04-21 18:05:57.427374
286969,2026-03-12T18:30:00.000Z,ncaab,Miami (FL),Louisville,78,73,complete,2026-04-21 18:05:57.427374
286973,2026-03-12T19:00:00.000Z,ncaab,Utah State,UNLV,80,60,complete,2026-04-21 18:05:57.427374
286975,2026-03-12T19:00:00.000Z,ncaab,Arizona,UCF,81,59,complete,2026-04-21 18:05:57.427374
286974,2026-03-12T19:25:00.000Z,ncaab,Tennessee,Auburn,72,62,complete,2026-04-21 18:05:57.427374
286670,2026-03-12T20:00:00.000Z,ncaab,Akron,Buffalo,73,70,complete,2026-04-21 18:05:57.427374
286706,2026-03-12T21:00:00.000Z,ncaab,Duquesne,Rhode Island,67,61,complete,2026-04-21 18:05:57.427374
286979,2026-03-12T21:55:00.000Z,ncaab,Grand Canyon,Nevada,80,84,complete,2026-04-21 18:05:57.427374
286594,2026-03-12T22:00:00.000Z,ncaab,Norfolk State,SC State,82,88,complete,2026-04-21 18:05:57.427374
286671,2026-03-12T22:30:00.000Z,ncaab,Kent State,Ohio,86,75,complete,2026-04-21 18:05:57.427374
286726,2026-03-12T22:30:00.000Z,ncaab,LA Tech,Middle Tenn,80,69,complete,2026-04-21 18:05:57.427374
286982,2026-03-12T22:30:00.000Z,ncaab,Purdue,Northwestern,81,68,complete,2026-04-21 18:05:57.427374
286983,2026-03-12T23:00:00.000Z,ncaab,UConn,Xavier,93,68,complete,2026-04-21 18:05:57.427374
286985,2026-03-12T23:00:00.000Z,ncaab,Houston,BYU,73,66,complete,2026-04-21 18:05:57.427374
286986,2026-03-12T23:00:00.000Z,ncaab,Charlotte,Tulane,74,60,complete,2026-04-21 18:05:57.427374
286987,2026-03-12T23:00:00.000Z,ncaab,Duke,Florida St,80,79,complete,2026-04-21 18:05:57.427374
286988,2026-03-12T23:00:00.000Z,ncaab,Georgia,Ole Miss,72,76,complete,2026-04-21 18:05:57.427374
286967,2026-03-12T23:30:00.000Z,ncaab,Davidson,Loyola (IL),64,59,complete,2026-04-21 18:05:57.427374
286595,2026-03-13T00:30:00.000Z,ncaab,NC Central,MD-E Shore,83,76,complete,2026-04-21 18:05:57.427374
286608,2026-03-13T00:30:00.000Z,ncaab,Southern U,AR-Pine Bluff,84,81,complete,2026-04-21 18:05:57.427374
286727,2026-03-13T01:00:00.000Z,ncaab,W. Kentucky,Kennesaw St,87,96,complete,2026-04-21 18:05:57.427374
286772,2026-03-13T01:00:00.000Z,ncaab,UT-Arlington,Southern Utah,69,63,complete,2026-04-21 18:05:57.427374
286989,2026-03-13T01:00:00.000Z,ncaab,San Diego State,Colorado St,71,62,complete,2026-04-21 18:05:57.427374
286990,2026-03-13T01:00:00.000Z,ncaab,CS Northridge,UCSD,80,70,complete,2026-04-21 18:05:57.427374
286991,2026-03-13T01:00:00.000Z,ncaab,UCLA,Rutgers,72,59,complete,2026-04-21 18:05:57.427374
286992,2026-03-13T01:30:00.000Z,ncaab,Villanova,Georgetown,64,78,complete,2026-04-21 18:05:57.427374
286998,2026-03-13T01:30:00.000Z,ncaab,UNC,Clemson,79,80,complete,2026-04-21 18:05:57.427374
286999,2026-03-13T01:30:00.000Z,ncaab,Kansas,TCU,78,73,complete,2026-04-21 18:05:57.427374
287000,2026-03-13T01:30:00.000Z,ncaab,North Texas,FAU,74,70,complete,2026-04-21 18:05:57.427374
287001,2026-03-13T01:50:00.000Z,ncaab,Texas A&M,Oklahoma,63,83,complete,2026-04-21 18:05:57.427374
286993,2026-03-13T03:30:00.000Z,ncaab,Utah Tech,Ab Christian,80,74,complete,2026-04-21 18:05:57.427374
287017,2026-03-13T03:30:00.000Z,ncaab,CS Fullerton,UC Davis,82,70,complete,2026-04-21 18:05:57.427374
287018,2026-03-13T03:57:00.000Z,ncaab,New Mexico,San Jose St,93,77,complete,2026-04-21 18:05:57.427374
287020,2026-03-13T15:30:00.000Z,ncaab,Saint Louis,G Washington,88,81,complete,2026-04-21 18:05:57.427374
287021,2026-03-13T16:00:00.000Z,ncaab,Michigan,Ohio State,71,67,complete,2026-04-21 18:05:57.427374
287051,2026-03-13T16:30:00.000Z,ncaab,LA Tech,Missouri St,69,66,complete,2026-04-21 18:05:57.427374
287025,2026-03-13T17:00:00.000Z,ncaab,Florida,Kentucky,71,63,complete,2026-04-21 18:05:57.427374
287055,2026-03-13T17:00:00.000Z,ncaab,UAB,Charlotte,78,83,complete,2026-04-21 18:05:57.427374
287028,2026-03-13T18:00:00.000Z,ncaab,Dayton,St. Bonaventure,68,63,complete,2026-04-21 18:05:57.427374
287029,2026-03-13T18:00:00.000Z,ncaab,Alabama A&M,Prairie View,55,74,complete,2026-04-21 18:05:57.427374
287030,2026-03-13T18:30:00.000Z,ncaab,Illinois,Wisconsin,88,91,complete,2026-04-21 18:05:57.427374
287064,2026-03-13T19:00:00.000Z,ncaab,Sam Houston,Kennesaw St,73,79,complete,2026-04-21 18:05:57.427374
287038,2026-03-13T19:30:00.000Z,ncaab,Vanderbilt,Tennessee,75,68,complete,2026-04-21 18:05:57.427374
287065,2026-03-13T19:30:00.000Z,ncaab,Tulsa,North Texas,90,84,complete,2026-04-21 18:05:57.427374
287027,2026-03-13T21:00:00.000Z,ncaab,Toledo,UMASS,77,67,complete,2026-04-21 18:05:57.427374
287043,2026-03-13T21:00:00.000Z,ncaab,VCU,Duquesne,71,66,complete,2026-04-21 18:05:57.427374
287031,2026-03-13T21:30:00.000Z,ncaab,St. John's,Seton Hall,78,68,complete,2026-04-21 18:05:57.427374
287044,2026-03-13T22:00:00.000Z,ncaab,Howard,SC State,78,61,complete,2026-04-21 18:05:57.427374
287045,2026-03-13T22:30:00.000Z,ncaab,Nebraska,Purdue,58,74,complete,2026-04-21 18:05:57.427374
287036,2026-03-13T23:00:00.000Z,ncaab,Virginia,Miami (FL),84,62,complete,2026-04-21 18:05:57.427374
287037,2026-03-13T23:00:00.000Z,ncaab,Arizona,Iowa State,82,80,complete,2026-04-21 18:05:57.427374
287056,2026-03-13T23:00:00.000Z,ncaab,Alabama,Ole Miss,79,80,complete,2026-04-21 18:05:57.427374
287052,2026-03-13T23:30:00.000Z,ncaab,Akron,Kent State,75,68,complete,2026-04-21 18:05:57.427374
287057,2026-03-13T23:30:00.000Z,ncaab,Saint Joe's,Davidson,70,58,complete,2026-04-21 18:05:57.427374
287066,2026-03-14T00:00:00.000Z,ncaab,UConn,Georgetown,67,51,complete,2026-04-21 18:05:57.427374
287058,2026-03-14T00:30:00.000Z,ncaab,Florida A&M,Southern U,70,73,complete,2026-04-21 18:05:57.427374
287067,2026-03-14T00:30:00.000Z,ncaab,NC Central,Delaware St,59,53,complete,2026-04-21 18:05:57.427374
287059,2026-03-14T01:00:00.000Z,ncaab,Michigan St,UCLA,84,88,complete,2026-04-21 18:05:57.427374
287060,2026-03-14T01:00:00.000Z,ncaab,Utah Valley,UT-Arlington,67,65,complete,2026-04-21 18:05:57.427374
287061,2026-03-14T01:00:00.000Z,ncaab,UC Irvine,CS Northridge,93,78,complete,2026-04-21 18:05:57.427374
287046,2026-03-14T01:30:00.000Z,ncaab,Utah State,Nevada,79,66,complete,2026-04-21 18:05:57.427374
287068,2026-03-14T01:30:00.000Z,ncaab,Arkansas,Oklahoma,82,79,complete,2026-04-21 18:05:57.427374
287069,2026-03-14T01:30:00.000Z,ncaab,Duke,Clemson,73,61,complete,2026-04-21 18:05:57.427374
287085,2026-03-14T01:30:00.000Z,ncaab,Houston,Kansas,69,47,complete,2026-04-21 18:05:57.427374
287087,2026-03-14T03:30:00.000Z,ncaab,Cal Baptist,Utah Tech,86,72,complete,2026-04-21 18:05:57.427374
287088,2026-03-14T03:30:00.000Z,ncaab,Hawaii,CS Fullerton,78,63,complete,2026-04-21 18:05:57.427374
287089,2026-03-14T04:28:00.000Z,ncaab,San Diego State,New Mexico,64,62,complete,2026-04-21 18:05:57.427374
286326,2026-03-14T15:00:00.000Z,ncaab,Yale,Cornell,88,76,complete,2026-04-21 18:05:57.427374
286941,2026-03-14T15:00:00.000Z,ncaab,UMBC,Vermont,74,59,complete,2026-04-21 18:05:57.427374
287094,2026-03-14T17:00:00.000Z,ncaab,Saint Louis,Dayton,69,70,complete,2026-04-21 18:05:57.427374
287097,2026-03-14T17:00:00.000Z,ncaab,Michigan,Wisconsin,68,65,complete,2026-04-21 18:05:57.427374
287099,2026-03-14T17:00:00.000Z,ncaab,Florida,Vanderbilt,74,91,complete,2026-04-21 18:05:57.427374
287111,2026-03-14T17:00:00.000Z,ncaab,Howard,NC Central,70,63,complete,2026-04-21 18:05:57.427374
286327,2026-03-14T18:00:00.000Z,ncaab,Harvard,Penn,60,62,complete,2026-04-21 18:05:57.427374
287093,2026-03-14T19:00:00.000Z,ncaab,S. Florida,Charlotte,86,64,complete,2026-04-21 18:05:57.427374
287105,2026-03-14T19:30:00.000Z,ncaab,VCU,Saint Joe's,77,64,complete,2026-04-21 18:05:57.427374
287112,2026-03-14T19:30:00.000Z,ncaab,UCLA,Purdue,66,73,complete,2026-04-21 18:05:57.427374
287131,2026-03-14T19:30:00.000Z,ncaab,Arkansas,Ole Miss,93,90,complete,2026-04-21 18:05:57.427374
287100,2026-03-14T21:30:00.000Z,ncaab,Wichita State,Tulsa,81,68,complete,2026-04-21 18:05:57.427374
287114,2026-03-14T22:00:00.000Z,ncaab,Arizona,Houston,79,74,complete,2026-04-21 18:05:57.427374
287137,2026-03-14T22:10:00.000Z,ncaab,Utah State,San Diego State,73,62,complete,2026-04-21 18:05:57.427374
287107,2026-03-14T22:30:00.000Z,ncaab,St. John's,UConn,72,52,complete,2026-04-21 18:05:57.427374
287108,2026-03-14T23:30:00.000Z,ncaab,Southern U,Prairie View,66,72,complete,2026-04-21 18:05:57.427374
287106,2026-03-15T00:00:00.000Z,ncaab,Akron,Toledo,79,76,complete,2026-04-21 18:05:57.427374
287098,2026-03-15T00:30:00.000Z,ncaab,LA Tech,Kennesaw St,60,71,complete,2026-04-21 18:05:57.427374
287115,2026-03-15T00:30:00.000Z,ncaab,Duke,Virginia,74,70,complete,2026-04-21 18:05:57.427374
287135,2026-03-15T02:00:00.000Z,ncaab,UC Irvine,Hawaii,64,71,complete,2026-04-21 18:05:57.427374
287136,2026-03-15T04:00:00.000Z,ncaab,Utah Valley,Cal Baptist,61,63,complete,2026-04-21 18:05:57.427374
287138,2026-03-15T16:00:00.000Z,ncaab,Yale,Penn,84,88,complete,2026-04-21 18:05:57.427374
287140,2026-03-15T17:00:00.000Z,ncaab,VCU,Dayton,70,62,complete,2026-04-21 18:05:57.427374
287141,2026-03-15T17:00:00.000Z,ncaab,Arkansas,Vanderbilt,86,75,complete,2026-04-21 18:05:57.427374
287143,2026-03-15T19:15:00.000Z,ncaab,S. Florida,Wichita State,70,55,complete,2026-04-21 18:05:57.427374
287139,2026-03-15T19:30:00.000Z,ncaab,Michigan,Purdue,72,80,complete,2026-04-21 18:05:57.427374
287185,2026-03-17T22:40:00.000Z,ncaab,Howard,UMBC,86,83,complete,2026-04-21 18:05:57.427374
287184,2026-03-18T01:20:00.000Z,ncaab,NC State,Texas,66,68,complete,2026-04-21 18:05:57.427374
287186,2026-03-18T22:40:00.000Z,ncaab,Lehigh,Prairie View,55,67,complete,2026-04-21 18:05:57.427374
287187,2026-03-19T01:15:00.000Z,ncaab,SMU,Miami (OH),79,89,complete,2026-04-21 18:05:57.427374
287157,2026-03-19T16:15:00.000Z,ncaab,Ohio State,TCU,64,66,complete,2026-04-21 18:05:57.427374
287179,2026-03-19T16:40:00.000Z,ncaab,Nebraska,Troy,76,47,complete,2026-04-21 18:05:57.427374
287160,2026-03-19T17:30:00.000Z,ncaab,Louisville,S. Florida,83,79,complete,2026-04-21 18:05:57.427374
287164,2026-03-19T17:50:00.000Z,ncaab,Wisconsin,High Point,82,83,complete,2026-04-21 18:05:57.427374
287156,2026-03-19T19:00:00.000Z,ncaab,Duke,Siena,71,65,complete,2026-04-21 18:05:57.427374
287181,2026-03-19T19:15:00.000Z,ncaab,Vanderbilt,McNeese St,78,68,complete,2026-04-21 18:05:57.427374
287161,2026-03-19T20:27:00.000Z,ncaab,Michigan St,NDSU,92,67,complete,2026-04-21 18:05:57.427374
287165,2026-03-19T20:27:00.000Z,ncaab,Arkansas,Hawaii,97,78,complete,2026-04-21 18:05:57.427374
287180,2026-03-19T22:50:00.000Z,ncaab,UNC,VCU,78,82,complete,2026-04-21 18:05:57.427374
287354,2026-03-19T23:30:00.000Z,ncaab,Michigan,Howard,101,80,complete,2026-04-21 18:05:57.427374
287177,2026-03-19T23:35:00.000Z,ncaab,Saint Mary's,Texas A&M,50,63,complete,2026-04-21 18:05:57.427374
287356,2026-03-19T23:35:00.000Z,ncaab,BYU,Texas,71,79,complete,2026-04-21 18:05:57.427374
287182,2026-03-20T01:55:00.000Z,ncaab,Illinois,Penn,105,70,complete,2026-04-21 18:05:57.427374
287166,2026-03-20T02:10:00.000Z,ncaab,Georgia,Saint Louis,77,102,complete,2026-04-21 18:05:57.427374
287178,2026-03-20T02:10:00.000Z,ncaab,Houston,Idaho,78,47,complete,2026-04-21 18:05:57.427374
287167,2026-03-20T02:24:00.000Z,ncaab,Gonzaga,Kennesaw St,73,64,complete,2026-04-21 18:05:57.427374
287170,2026-03-20T16:15:00.000Z,ncaab,Kentucky,Santa Clara,89,84,complete,2026-04-21 18:05:57.427374
287175,2026-03-20T16:40:00.000Z,ncaab,Texas Tech,Akron,91,71,complete,2026-04-21 18:05:57.427374
287172,2026-03-20T17:35:00.000Z,ncaab,Arizona,Long Island,92,58,complete,2026-04-21 18:05:57.427374
287173,2026-03-20T17:50:00.000Z,ncaab,Virginia,Wright State,82,73,complete,2026-04-21 18:05:57.427374
287168,2026-03-20T19:00:00.000Z,ncaab,Iowa State,Tenn St,108,74,complete,2026-04-21 18:05:57.427374
287174,2026-03-20T19:21:00.000Z,ncaab,Alabama,Hofstra,90,70,complete,2026-04-21 18:05:57.427374
287169,2026-03-20T20:10:00.000Z,ncaab,Villanova,Utah State,76,86,complete,2026-04-21 18:05:57.427374
287391,2026-03-20T20:25:00.000Z,ncaab,Tennessee,Miami (OH),78,56,complete,2026-04-21 18:05:57.427374
287183,2026-03-20T22:50:00.000Z,ncaab,Clemson,Iowa,61,67,complete,2026-04-21 18:05:57.427374
287159,2026-03-20T23:25:00.000Z,ncaab,St. John's,N. Iowa,79,53,complete,2026-04-21 18:05:57.427374
287162,2026-03-20T23:31:00.000Z,ncaab,UCLA,UCF,75,71,complete,2026-04-21 18:05:57.427374
287176,2026-03-20T23:35:00.000Z,ncaab,Purdue,Queens,104,71,complete,2026-04-21 18:05:57.427374
287387,2026-03-21T01:43:00.000Z,ncaab,Florida,Prairie View,114,55,complete,2026-04-21 18:05:57.427374
287158,2026-03-21T02:05:00.000Z,ncaab,Kansas,Cal Baptist,68,60,complete,2026-04-21 18:05:57.427374
287171,2026-03-21T02:10:00.000Z,ncaab,Miami (FL),Missouri,80,66,complete,2026-04-21 18:05:57.427374
287163,2026-03-21T02:25:00.000Z,ncaab,UConn,Furman,82,71,complete,2026-04-21 18:05:57.427374
287454,2026-03-21T16:10:00.000Z,ncaab,Michigan,Saint Louis,95,72,complete,2026-04-21 18:05:57.427374
287419,2026-03-21T18:48:00.000Z,ncaab,Michigan St,Louisville,77,69,complete,2026-04-21 18:05:57.427374
287417,2026-03-21T21:25:00.000Z,ncaab,Duke,TCU,81,58,complete,2026-04-21 18:05:57.427374
287455,2026-03-21T22:10:00.000Z,ncaab,Houston,Texas A&M,88,57,complete,2026-04-21 18:05:57.427374
287464,2026-03-21T23:10:00.000Z,ncaab,Gonzaga,Texas,68,74,complete,2026-04-21 18:05:57.427374
287438,2026-03-22T00:15:00.000Z,ncaab,Illinois,VCU,76,55,complete,2026-04-21 18:05:57.427374
287418,2026-03-22T00:55:00.000Z,ncaab,Nebraska,Vanderbilt,74,72,complete,2026-04-21 18:05:57.427374
287420,2026-03-22T01:45:00.000Z,ncaab,Arkansas,High Point,94,88,complete,2026-04-21 18:05:57.427374
287501,2026-03-22T16:10:00.000Z,ncaab,Purdue,Miami (FL),79,69,complete,2026-04-21 18:05:57.427374
287473,2026-03-22T18:49:00.000Z,ncaab,Iowa State,Kentucky,82,63,complete,2026-04-21 18:05:57.427374
287500,2026-03-22T21:25:00.000Z,ncaab,Kansas,St. John's,65,67,complete,2026-04-21 18:05:57.427374
287476,2026-03-22T22:10:00.000Z,ncaab,Virginia,Tennessee,72,79,complete,2026-04-21 18:05:57.427374
287484,2026-03-22T23:10:00.000Z,ncaab,Florida,Iowa,72,73,complete,2026-04-21 18:05:57.427374
287475,2026-03-23T00:11:00.000Z,ncaab,Arizona,Utah State,78,66,complete,2026-04-21 18:05:57.427374
287502,2026-03-23T00:55:00.000Z,ncaab,UConn,UCLA,73,57,complete,2026-04-21 18:05:57.427374
287474,2026-03-23T01:55:00.000Z,ncaab,Alabama,Texas Tech,90,65,complete,2026-04-21 18:05:57.427374
287552,2026-03-26T23:10:00.000Z,ncaab,Purdue,Texas,79,77,complete,2026-04-21 18:05:57.427374
287563,2026-03-26T23:30:00.000Z,ncaab,Nebraska,Iowa,71,77,complete,2026-04-21 18:05:57.427374
287565,2026-03-27T01:55:00.000Z,ncaab,Arizona,Arkansas,109,88,complete,2026-04-21 18:05:57.427374
287514,2026-03-27T02:05:00.000Z,ncaab,Houston,Illinois,55,65,complete,2026-04-21 18:05:57.427374
287557,2026-03-27T23:10:00.000Z,ncaab,Duke,St. John's,80,75,complete,2026-04-21 18:05:57.427374
287583,2026-03-27T23:50:00.000Z,ncaab,Michigan,Alabama,90,77,complete,2026-04-21 18:05:57.427374
287567,2026-03-28T01:59:00.000Z,ncaab,UConn,Michigan St,67,63,complete,2026-04-21 18:05:57.427374
287559,2026-03-28T02:30:00.000Z,ncaab,Iowa State,Tennessee,62,76,complete,2026-04-21 18:05:57.427374
287692,2026-03-28T22:09:00.000Z,ncaab,Illinois,Iowa,71,59,complete,2026-04-21 18:05:57.427374
287693,2026-03-29T00:59:00.000Z,ncaab,Arizona,Purdue,79,64,complete,2026-04-21 18:05:57.427374
287707,2026-03-29T18:15:00.000Z,ncaab,Michigan,Tennessee,95,62,complete,2026-04-21 18:05:57.427374
287706,2026-03-29T21:05:00.000Z,ncaab,Duke,UConn,72,73,complete,2026-04-21 18:05:57.427374
287751,2026-04-04T22:09:00.000Z,ncaab,UConn,Illinois,71,62,complete,2026-04-21 18:05:57.427374
287750,2026-04-05T00:54:00.000Z,ncaab,Arizona,Michigan,73,91,complete,2026-04-21 18:05:57.427374
288015,2026-04-07T00:50:00.000Z,ncaab,Michigan,UConn,69,63,complete,2026-04-21 18:05:57.427374
