game_id,start_time,league_name,home_team,away_team,home_score,away_score,status,date_scraped
249932,2025-04-22T17:00:00.000Z,laliga,Valencia,Espanyol,1,1,complete,2026-04-21 18:10:37.002698
252978,2025-04-22T18:45:00.000Z,ligue1,Nantes,PSG,1,1,complete,2026-04-21 18:10:37.002698
253661,2025-04-22T19:00:00.000Z,epl,Man City,Aston Villa,2,1,complete,2026-04-21 18:10:37.002698
249939,2025-04-22T19:30:00.000Z,laliga,Barcelona,Mallorca,1,0,complete,2026-04-21 18:10:37.002698
249787,2025-04-23T16:30:00.000Z,seriea,Parma,Juventus,1,0,complete,2026-04-21 18:10:37.002698
255821,2025-04-23T16:30:00.000Z,seriea,Genoa,Lazio,0,2,complete,2026-04-21 18:10:37.002698
255822,2025-04-23T16:30:00.000Z,seriea,Torino,Udinese,2,0,complete,2026-04-21 18:10:37.002698
255823,2025-04-23T16:30:00.000Z,seriea,Cagliari,Fiorentina,1,2,complete,2026-04-21 18:10:37.002698
249937,2025-04-23T17:00:00.000Z,laliga,Celta Vigo,Villarreal,3,0,complete,2026-04-21 18:10:37.002698
249941,2025-04-23T17:00:00.000Z,laliga,Athletic,Las Palmas,1,0,complete,2026-04-21 18:10:37.002698
250040,2025-04-23T19:00:00.000Z,epl,Arsenal,Crystal Palace,2,2,complete,2026-04-21 18:10:37.002698
249934,2025-04-23T19:30:00.000Z,laliga,Alaves,Real Sociedad,1,0,complete,2026-04-21 18:10:37.002698
249936,2025-04-23T19:30:00.000Z,laliga,Getafe,Real Madrid,0,1,complete,2026-04-21 18:10:37.002698
249933,2025-04-24T17:00:00.000Z,laliga,Leganes,Girona,1,1,complete,2026-04-21 18:10:37.002698
249935,2025-04-24T17:00:00.000Z,laliga,Osasuna,Sevilla,1,0,complete,2026-04-21 18:10:37.002698
249938,2025-04-24T19:30:00.000Z,laliga,Betis,Valladolid,5,1,complete,2026-04-21 18:10:37.002698
249940,2025-04-24T19:30:00.000Z,laliga,Atlético,Vallecano,3,0,complete,2026-04-21 18:10:37.002698
250050,2025-04-25T18:30:00.000Z,bundesliga,Stuttgart,Heidenheim,0,1,complete,2026-04-21 18:10:37.002698
250109,2025-04-25T18:45:00.000Z,ligue1,PSG,Nice,1,3,complete,2026-04-21 18:10:37.002698
250038,2025-04-26T11:30:00.000Z,epl,Chelsea,Everton,1,0,complete,2026-04-21 18:10:37.002698
250042,2025-04-26T13:30:00.000Z,bundesliga,Holstein Kiel,M'gladbach,4,3,complete,2026-04-21 18:10:37.002698
250044,2025-04-26T13:30:00.000Z,bundesliga,WOLF,Freiburg,0,1,complete,2026-04-21 18:10:37.002698
250046,2025-04-26T13:30:00.000Z,bundesliga,HOFF,Dortmund,2,3,complete,2026-04-21 18:10:37.002698
250048,2025-04-26T13:30:00.000Z,bundesliga,Bayern,Mainz,3,0,complete,2026-04-21 18:10:37.002698
250049,2025-04-26T13:30:00.000Z,bundesliga,Leverkusen,Augsburg,2,0,complete,2026-04-21 18:10:37.002698
250032,2025-04-26T14:00:00.000Z,epl,Wolverhampton,Foxes,3,0,complete,2026-04-21 18:10:37.002698
250033,2025-04-26T14:00:00.000Z,epl,Southampton,Fulham,1,2,complete,2026-04-21 18:10:37.002698
250035,2025-04-26T14:00:00.000Z,epl,Newcastle,Ipswich Town,3,0,complete,2026-04-21 18:10:37.002698
250039,2025-04-26T14:00:00.000Z,epl,Albion,West Ham,3,2,complete,2026-04-21 18:10:37.002698
250114,2025-04-26T15:00:00.000Z,ligue1,Strasbourg,St. Etienne,3,1,complete,2026-04-21 18:10:37.002698
250047,2025-04-26T16:30:00.000Z,bundesliga,FRA,LEIP,4,0,complete,2026-04-21 18:10:37.002698
250115,2025-04-26T17:00:00.000Z,ligue1,Le Havre,Monaco,1,1,complete,2026-04-21 18:10:37.002698
250010,2025-04-26T18:30:00.000Z,mls,Toronto FC,NYCFC,0,1,complete,2026-04-21 18:10:37.002698
250011,2025-04-26T18:30:00.000Z,mls,FC Cincinnati,Sporting KC,2,1,complete,2026-04-21 18:10:37.002698
250107,2025-04-26T19:05:00.000Z,ligue1,Lyon,Rennes,4,1,complete,2026-04-21 18:10:37.002698
250012,2025-04-26T20:30:00.000Z,mls,Union,DC,3,0,complete,2026-04-21 18:10:37.002698
250013,2025-04-26T20:30:00.000Z,mls,Red Bulls,CF Montreal,1,0,complete,2026-04-21 18:10:37.002698
250014,2025-04-26T23:15:00.000Z,mls,Orlando City,Atlanta United,3,0,complete,2026-04-21 18:10:37.002698
250015,2025-04-26T23:30:00.000Z,mls,San Diego FC,Real Salt Lake,1,3,complete,2026-04-21 18:10:37.002698
250017,2025-04-26T23:30:00.000Z,mls,Columbus,San Jose,2,1,complete,2026-04-21 18:10:37.002698
250018,2025-04-26T23:30:00.000Z,mls,Charlotte FC,New England,0,1,complete,2026-04-21 18:10:37.002698
250019,2025-04-27T00:30:00.000Z,mls,Nashville,Chicago Fire,7,2,complete,2026-04-21 18:10:37.002698
250021,2025-04-27T00:30:00.000Z,mls,Houston Dynamo,Austin,2,0,complete,2026-04-21 18:10:37.002698
250022,2025-04-27T01:30:00.000Z,mls,Rapids,Sounders FC,1,1,complete,2026-04-21 18:10:37.002698
250097,2025-04-27T10:30:00.000Z,seriea,Venezia FC,Milan,0,2,complete,2026-04-21 18:10:37.002698
250105,2025-04-27T10:30:00.000Z,seriea,Como 1907,Genoa,1,0,complete,2026-04-21 18:10:37.002698
250041,2025-04-27T13:00:00.000Z,epl,Bournemouth,Man U,1,1,complete,2026-04-21 18:10:37.002698
250102,2025-04-27T13:00:00.000Z,seriea,Inter,Roma,0,1,complete,2026-04-21 18:10:37.002698
250104,2025-04-27T13:00:00.000Z,seriea,Fiorentina,Empoli,2,1,complete,2026-04-21 18:10:37.002698
250110,2025-04-27T13:00:00.000Z,ligue1,Angers,Lille,0,2,complete,2026-04-21 18:10:37.002698
250043,2025-04-27T13:30:00.000Z,bundesliga,VfL Bochum,Union Berlin,1,1,complete,2026-04-21 18:10:37.002698
252636,2025-04-27T14:15:00.000Z,laliga,Villarreal,Espanyol,1,0,complete,2026-04-21 18:10:37.002698
250111,2025-04-27T15:15:00.000Z,ligue1,Lens,Auxerre,0,4,complete,2026-04-21 18:10:37.002698
250112,2025-04-27T15:15:00.000Z,ligue1,Montpellier,Reims,0,0,complete,2026-04-21 18:10:37.002698
250113,2025-04-27T15:15:00.000Z,ligue1,Nantes,Toulouse,0,0,complete,2026-04-21 18:10:37.002698
250037,2025-04-27T15:30:00.000Z,epl,Liverpool,Tottenham,5,1,complete,2026-04-21 18:10:37.002698
250045,2025-04-27T15:30:00.000Z,bundesliga,BRE,St Pauli,0,0,complete,2026-04-21 18:10:37.002698
250101,2025-04-27T16:00:00.000Z,seriea,Juventus,Monza,2,0,complete,2026-04-21 18:10:37.002698
250099,2025-04-27T18:45:00.000Z,seriea,Napoli,Torino,2,0,complete,2026-04-21 18:10:37.002698
250106,2025-04-27T18:45:00.000Z,seriea,Atalanta,Lecce,1,1,complete,2026-04-21 18:10:37.002698
250108,2025-04-27T18:45:00.000Z,ligue1,Marseille,Brest,4,1,complete,2026-04-21 18:10:37.002698
250020,2025-04-27T19:00:00.000Z,mls,Minnesota United,Whitecaps,1,3,complete,2026-04-21 18:10:37.002698
250016,2025-04-27T21:00:00.000Z,mls,Inter Miami,FC Dallas,3,4,complete,2026-04-21 18:10:37.002698
250064,2025-04-27T23:00:00.000Z,mls,LAFC,STL FC,2,2,complete,2026-04-21 18:10:37.002698
250063,2025-04-28T01:00:00.000Z,mls,LA Galaxy,Timbers,2,4,complete,2026-04-21 18:10:37.002698
250098,2025-04-28T16:30:00.000Z,seriea,Udinese,Bologna,0,0,complete,2026-04-21 18:10:37.002698
250100,2025-04-28T18:45:00.000Z,seriea,Lazio,Parma,2,2,complete,2026-04-21 18:10:37.002698
250103,2025-04-28T18:45:00.000Z,seriea,Hellas,Cagliari,0,2,complete,2026-04-21 18:10:37.002698
254042,2025-04-29T19:00:00.000Z,champions,Arsenal,PSG,0,1,complete,2026-04-21 18:10:37.002698
254043,2025-04-30T19:00:00.000Z,champions,Barcelona,Inter,3,3,complete,2026-04-21 18:10:37.002698
250034,2025-05-01T18:30:00.000Z,epl,Nottingham,Brentford,0,2,complete,2026-04-21 18:10:37.002698
255622,2025-05-01T19:00:00.000Z,europa,Athletic,Man U,0,3,complete,2026-04-21 18:10:37.002698
255623,2025-05-01T19:00:00.000Z,europa,Tottenham,Bodo Glimt,3,1,complete,2026-04-21 18:10:37.002698
250344,2025-05-02T18:30:00.000Z,bundesliga,Heidenheim,VfL Bochum,0,0,complete,2026-04-21 18:10:37.002698
250404,2025-05-02T18:45:00.000Z,seriea,Torino,Venezia FC,1,1,complete,2026-04-21 18:10:37.002698
250420,2025-05-02T18:45:00.000Z,ligue1,Nice,Reims,1,0,complete,2026-04-21 18:10:37.002698
250329,2025-05-02T19:00:00.000Z,epl,Man City,Wolverhampton,1,0,complete,2026-04-21 18:10:37.002698
250396,2025-05-02T19:00:00.000Z,laliga,Vallecano,Getafe,1,0,complete,2026-04-21 18:10:37.002698
250336,2025-05-03T11:30:00.000Z,epl,Aston Villa,Fulham,1,0,complete,2026-04-21 18:10:37.002698
250401,2025-05-03T12:00:00.000Z,laliga,Alaves,Atlético,0,0,complete,2026-04-21 18:10:37.002698
250406,2025-05-03T13:00:00.000Z,seriea,Parma,Como 1907,0,1,complete,2026-04-21 18:10:37.002698
250412,2025-05-03T13:00:00.000Z,seriea,Cagliari,Udinese,1,2,complete,2026-04-21 18:10:37.002698
250338,2025-05-03T13:30:00.000Z,bundesliga,St Pauli,Stuttgart,0,1,complete,2026-04-21 18:10:37.002698
250339,2025-05-03T13:30:00.000Z,bundesliga,Union Berlin,BRE,2,2,complete,2026-04-21 18:10:37.002698
250340,2025-05-03T13:30:00.000Z,bundesliga,M'gladbach,HOFF,4,4,complete,2026-04-21 18:10:37.002698
250346,2025-05-03T13:30:00.000Z,bundesliga,LEIP,Bayern,3,3,complete,2026-04-21 18:10:37.002698
250330,2025-05-03T14:00:00.000Z,epl,Foxes,Southampton,2,0,complete,2026-04-21 18:10:37.002698
250331,2025-05-03T14:00:00.000Z,epl,Everton,Ipswich Town,2,2,complete,2026-04-21 18:10:37.002698
250395,2025-05-03T14:15:00.000Z,laliga,Villarreal,Osasuna,4,2,complete,2026-04-21 18:10:37.002698
250415,2025-05-03T15:00:00.000Z,ligue1,Strasbourg,PSG,2,1,complete,2026-04-21 18:10:37.002698
250408,2025-05-03T16:00:00.000Z,seriea,Lecce,Napoli,0,1,complete,2026-04-21 18:10:37.002698
250337,2025-05-03T16:30:00.000Z,epl,Arsenal,Bournemouth,1,2,complete,2026-04-21 18:10:37.002698
250345,2025-05-03T16:30:00.000Z,bundesliga,Dortmund,WOLF,4,0,complete,2026-04-21 18:10:37.002698
250402,2025-05-03T16:30:00.000Z,laliga,Las Palmas,Valencia,2,3,complete,2026-04-21 18:10:37.002698
250416,2025-05-03T17:00:00.000Z,ligue1,Toulouse,Rennes,2,1,complete,2026-04-21 18:10:37.002698
250311,2025-05-03T18:45:00.000Z,mls,Atlanta United,Nashville,1,1,complete,2026-04-21 18:10:37.002698
250409,2025-05-03T18:45:00.000Z,seriea,Inter,Hellas,1,0,complete,2026-04-21 18:10:37.002698
250398,2025-05-03T19:00:00.000Z,laliga,Valladolid,Barcelona,1,2,complete,2026-04-21 18:10:37.002698
250418,2025-05-03T19:05:00.000Z,ligue1,St. Etienne,Monaco,1,3,complete,2026-04-21 18:10:37.002698
250312,2025-05-03T20:30:00.000Z,mls,Toronto FC,New England,0,2,complete,2026-04-21 18:10:37.002698
250313,2025-05-03T23:30:00.000Z,mls,CF Montreal,Union,1,2,complete,2026-04-21 18:10:37.002698
250314,2025-05-03T23:30:00.000Z,mls,Inter Miami,Red Bulls,4,1,complete,2026-04-21 18:10:37.002698
250315,2025-05-03T23:30:00.000Z,mls,DC,Rapids,2,1,complete,2026-04-21 18:10:37.002698
250316,2025-05-03T23:30:00.000Z,mls,Columbus,Charlotte FC,4,2,complete,2026-04-21 18:10:37.002698
250317,2025-05-04T00:30:00.000Z,mls,Chicago Fire,Orlando City,0,0,complete,2026-04-21 18:10:37.002698
250318,2025-05-04T00:30:00.000Z,mls,Austin,Minnesota United,0,3,complete,2026-04-21 18:10:37.002698
250319,2025-05-04T01:15:00.000Z,mls,San Diego FC,FC Dallas,5,0,complete,2026-04-21 18:10:37.002698
250320,2025-05-04T01:30:00.000Z,mls,Whitecaps,Real Salt Lake,2,1,complete,2026-04-21 18:10:37.002698
250321,2025-05-04T02:30:00.000Z,mls,Sounders FC,STL FC,4,1,complete,2026-04-21 18:10:37.002698
250322,2025-05-04T02:30:00.000Z,mls,San Jose,Timbers,4,1,complete,2026-04-21 18:10:37.002698
250323,2025-05-04T02:30:00.000Z,mls,LAFC,Houston Dynamo,2,0,complete,2026-04-21 18:10:37.002698
250411,2025-05-04T10:30:00.000Z,seriea,Empoli,Lazio,0,1,complete,2026-04-21 18:10:37.002698
250397,2025-05-04T12:00:00.000Z,laliga,Real Madrid,Celta Vigo,3,2,complete,2026-04-21 18:10:37.002698
250328,2025-05-04T13:00:00.000Z,epl,West Ham,Tottenham,1,1,complete,2026-04-21 18:10:37.002698
250334,2025-05-04T13:00:00.000Z,epl,Albion,Newcastle,1,1,complete,2026-04-21 18:10:37.002698
250335,2025-05-04T13:00:00.000Z,epl,Brentford,Man U,4,3,complete,2026-04-21 18:10:37.002698
250407,2025-05-04T13:00:00.000Z,seriea,Monza,Atalanta,0,4,complete,2026-04-21 18:10:37.002698
250417,2025-05-04T13:00:00.000Z,ligue1,Nantes,Angers,0,1,complete,2026-04-21 18:10:37.002698
250342,2025-05-04T13:30:00.000Z,bundesliga,Augsburg,Holstein Kiel,1,3,complete,2026-04-21 18:10:37.002698
250394,2025-05-04T14:15:00.000Z,laliga,Sevilla,Leganes,2,2,complete,2026-04-21 18:10:37.002698
250414,2025-05-04T15:15:00.000Z,ligue1,Auxerre,Le Havre,1,2,complete,2026-04-21 18:10:37.002698
250419,2025-05-04T15:15:00.000Z,ligue1,Brest,Montpellier,1,0,complete,2026-04-21 18:10:37.002698
250422,2025-05-04T15:15:00.000Z,ligue1,Lyon,Lens,1,2,complete,2026-04-21 18:10:37.002698
250333,2025-05-04T15:30:00.000Z,epl,Chelsea,Liverpool,3,1,complete,2026-04-21 18:10:37.002698
250343,2025-05-04T15:30:00.000Z,bundesliga,Freiburg,Leverkusen,2,2,complete,2026-04-21 18:10:37.002698
250405,2025-05-04T16:00:00.000Z,seriea,Roma,Fiorentina,1,0,complete,2026-04-21 18:10:37.002698
250400,2025-05-04T16:30:00.000Z,laliga,Espanyol,Betis,1,2,complete,2026-04-21 18:10:37.002698
250341,2025-05-04T17:30:00.000Z,bundesliga,Mainz,FRA,1,1,complete,2026-04-21 18:10:37.002698
250413,2025-05-04T18:45:00.000Z,seriea,Bologna,Juventus,1,1,complete,2026-04-21 18:10:37.002698
250421,2025-05-04T18:45:00.000Z,ligue1,Lille,Marseille,1,1,complete,2026-04-21 18:10:37.002698
250361,2025-05-04T19:00:00.000Z,mls,NYCFC,FC Cincinnati,1,0,complete,2026-04-21 18:10:37.002698
250399,2025-05-04T19:00:00.000Z,laliga,Real Sociedad,Athletic,0,0,complete,2026-04-21 18:10:37.002698
250362,2025-05-04T23:00:00.000Z,mls,Sporting KC,LA Galaxy,1,0,complete,2026-04-21 18:10:37.002698
250410,2025-05-05T18:45:00.000Z,seriea,Genoa,Milan,1,2,complete,2026-04-21 18:10:37.002698
250332,2025-05-05T19:00:00.000Z,epl,Crystal Palace,Nottingham,1,1,complete,2026-04-21 18:10:37.002698
250403,2025-05-05T19:00:00.000Z,laliga,Girona,Mallorca,1,0,complete,2026-04-21 18:10:37.002698
254044,2025-05-06T19:00:00.000Z,champions,Inter,Barcelona,4,3,complete,2026-04-21 18:10:37.002698
254045,2025-05-07T19:00:00.000Z,champions,PSG,Arsenal,2,1,complete,2026-04-21 18:10:37.002698
255624,2025-05-08T19:00:00.000Z,europa,Man U,Athletic,4,1,complete,2026-04-21 18:10:37.002698
255625,2025-05-08T19:00:00.000Z,europa,Bodo Glimt,Tottenham,0,2,complete,2026-04-21 18:10:37.002698
250671,2025-05-09T18:30:00.000Z,bundesliga,WOLF,HOFF,2,2,complete,2026-04-21 18:10:37.002698
250705,2025-05-09T18:45:00.000Z,seriea,Milan,Bologna,3,1,complete,2026-04-21 18:10:37.002698
250694,2025-05-09T19:00:00.000Z,laliga,Las Palmas,Vallecano,0,1,complete,2026-04-21 18:10:37.002698
250693,2025-05-10T12:00:00.000Z,laliga,Valencia,Getafe,3,0,complete,2026-04-21 18:10:37.002698
250709,2025-05-10T13:00:00.000Z,seriea,Como 1907,Cagliari,3,1,complete,2026-04-21 18:10:37.002698
250668,2025-05-10T13:30:00.000Z,bundesliga,Holstein Kiel,Freiburg,1,2,complete,2026-04-21 18:10:37.002698
250669,2025-05-10T13:30:00.000Z,bundesliga,VfL Bochum,Mainz,1,4,complete,2026-04-21 18:10:37.002698
250670,2025-05-10T13:30:00.000Z,bundesliga,Union Berlin,Heidenheim,0,3,complete,2026-04-21 18:10:37.002698
250672,2025-05-10T13:30:00.000Z,bundesliga,BRE,LEIP,0,0,complete,2026-04-21 18:10:37.002698
250658,2025-05-10T14:00:00.000Z,epl,Wolverhampton,Albion,0,2,complete,2026-04-21 18:10:37.002698
250660,2025-05-10T14:00:00.000Z,epl,Southampton,Man City,0,0,complete,2026-04-21 18:10:37.002698
250665,2025-05-10T14:00:00.000Z,epl,Ipswich Town,Brentford,0,1,complete,2026-04-21 18:10:37.002698
250666,2025-05-10T14:00:00.000Z,epl,Fulham,Everton,1,3,complete,2026-04-21 18:10:37.002698
250697,2025-05-10T14:15:00.000Z,laliga,Celta Vigo,Sevilla,3,2,complete,2026-04-21 18:10:37.002698
250706,2025-05-10T16:00:00.000Z,seriea,Lazio,Juventus,1,1,complete,2026-04-21 18:10:37.002698
250667,2025-05-10T16:30:00.000Z,epl,Bournemouth,Aston Villa,0,1,complete,2026-04-21 18:10:37.002698
250674,2025-05-10T16:30:00.000Z,bundesliga,Bayern,M'gladbach,2,0,complete,2026-04-21 18:10:37.002698
250695,2025-05-10T16:30:00.000Z,laliga,Mallorca,Valladolid,2,1,complete,2026-04-21 18:10:37.002698
250696,2025-05-10T16:30:00.000Z,laliga,Girona,Villarreal,0,1,complete,2026-04-21 18:10:37.002698
250640,2025-05-10T18:30:00.000Z,mls,Chicago Fire,Atlanta United,2,1,complete,2026-04-21 18:10:37.002698
250708,2025-05-10T18:45:00.000Z,seriea,Empoli,Parma,2,1,complete,2026-04-21 18:10:37.002698
250700,2025-05-10T19:00:00.000Z,laliga,Atlético,Real Sociedad,4,0,complete,2026-04-21 18:10:37.002698
250711,2025-05-10T19:00:00.000Z,ligue1,Monaco,Lyon,2,0,complete,2026-04-21 18:10:37.002698
250712,2025-05-10T19:00:00.000Z,ligue1,Brest,Lille,2,0,complete,2026-04-21 18:10:37.002698
250713,2025-05-10T19:00:00.000Z,ligue1,Toulouse,Lens,1,1,complete,2026-04-21 18:10:37.002698
250714,2025-05-10T19:00:00.000Z,ligue1,Montpellier,PSG,1,4,complete,2026-04-21 18:10:37.002698
250715,2025-05-10T19:00:00.000Z,ligue1,Rennes,Nice,2,0,complete,2026-04-21 18:10:37.002698
250716,2025-05-10T19:00:00.000Z,ligue1,Le Havre,Marseille,1,3,complete,2026-04-21 18:10:37.002698
250717,2025-05-10T19:00:00.000Z,ligue1,Angers,Strasbourg,2,1,complete,2026-04-21 18:10:37.002698
250718,2025-05-10T19:00:00.000Z,ligue1,Auxerre,Nantes,1,1,complete,2026-04-21 18:10:37.002698
250719,2025-05-10T19:00:00.000Z,ligue1,Reims,St. Etienne,0,2,complete,2026-04-21 18:10:37.002698
250641,2025-05-10T20:30:00.000Z,mls,Toronto FC,DC,2,0,complete,2026-04-21 18:10:37.002698
250642,2025-05-10T20:30:00.000Z,mls,Minnesota United,Inter Miami,4,1,complete,2026-04-21 18:10:37.002698
250643,2025-05-10T23:30:00.000Z,mls,Union,Columbus,2,2,complete,2026-04-21 18:10:37.002698
250644,2025-05-10T23:30:00.000Z,mls,Orlando City,New England,3,3,complete,2026-04-21 18:10:37.002698
250645,2025-05-10T23:30:00.000Z,mls,NYCFC,CF Montreal,0,1,complete,2026-04-21 18:10:37.002698
250646,2025-05-10T23:30:00.000Z,mls,Red Bulls,LA Galaxy,7,0,complete,2026-04-21 18:10:37.002698
250647,2025-05-10T23:30:00.000Z,mls,FC Cincinnati,Austin,2,1,complete,2026-04-21 18:10:37.002698
250648,2025-05-11T00:30:00.000Z,mls,STL FC,San Diego FC,1,2,complete,2026-04-21 18:10:37.002698
250649,2025-05-11T00:30:00.000Z,mls,Nashville,Charlotte FC,2,1,complete,2026-04-21 18:10:37.002698
250650,2025-05-11T00:30:00.000Z,mls,Houston Dynamo,Sounders FC,1,3,complete,2026-04-21 18:10:37.002698
250651,2025-05-11T00:30:00.000Z,mls,FC Dallas,Real Salt Lake,1,1,complete,2026-04-21 18:10:37.002698
250652,2025-05-11T01:30:00.000Z,mls,Rapids,San Jose,0,2,complete,2026-04-21 18:10:37.002698
250653,2025-05-11T02:30:00.000Z,mls,Timbers,Sporting KC,1,0,complete,2026-04-21 18:10:37.002698
250702,2025-05-11T10:30:00.000Z,seriea,Udinese,Monza,1,2,complete,2026-04-21 18:10:37.002698
250662,2025-05-11T11:00:00.000Z,epl,Newcastle,Chelsea,2,0,complete,2026-04-21 18:10:37.002698
250691,2025-05-11T12:00:00.000Z,laliga,Leganes,Espanyol,3,2,complete,2026-04-21 18:10:37.002698
250707,2025-05-11T13:00:00.000Z,seriea,Hellas,Lecce,1,1,complete,2026-04-21 18:10:37.002698
250659,2025-05-11T13:15:00.000Z,epl,Tottenham,Crystal Palace,0,2,complete,2026-04-21 18:10:37.002698
250661,2025-05-11T13:15:00.000Z,epl,Nottingham,Foxes,2,2,complete,2026-04-21 18:10:37.002698
250663,2025-05-11T13:15:00.000Z,epl,Man U,West Ham,0,2,complete,2026-04-21 18:10:37.002698
250676,2025-05-11T13:30:00.000Z,bundesliga,Leverkusen,Dortmund,2,4,complete,2026-04-21 18:10:37.002698
250699,2025-05-11T14:15:00.000Z,laliga,Barcelona,Real Madrid,4,3,complete,2026-04-21 18:10:37.002698
250664,2025-05-11T15:30:00.000Z,epl,Liverpool,Arsenal,2,2,complete,2026-04-21 18:10:37.002698
250673,2025-05-11T15:30:00.000Z,bundesliga,FRA,St Pauli,2,2,complete,2026-04-21 18:10:37.002698
250703,2025-05-11T16:00:00.000Z,seriea,Torino,Inter,0,2,complete,2026-04-21 18:10:37.002698
250692,2025-05-11T16:30:00.000Z,laliga,Athletic,Alaves,1,0,complete,2026-04-21 18:10:37.002698
250675,2025-05-11T17:30:00.000Z,bundesliga,Stuttgart,Augsburg,4,0,complete,2026-04-21 18:10:37.002698
250704,2025-05-11T18:45:00.000Z,seriea,Napoli,Genoa,2,2,complete,2026-04-21 18:10:37.002698
250698,2025-05-11T19:00:00.000Z,laliga,Betis,Osasuna,1,1,complete,2026-04-21 18:10:37.002698
250689,2025-05-11T23:00:00.000Z,mls,Whitecaps,LAFC,2,2,complete,2026-04-21 18:10:37.002698
250701,2025-05-12T16:30:00.000Z,seriea,Venezia FC,Fiorentina,2,1,complete,2026-04-21 18:10:37.002698
250710,2025-05-12T18:45:00.000Z,seriea,Atalanta,Roma,2,1,complete,2026-04-21 18:10:37.002698
250859,2025-05-13T17:00:00.000Z,laliga,Valladolid,Girona,0,1,complete,2026-04-21 18:10:37.002698
250860,2025-05-13T18:00:00.000Z,laliga,Real Sociedad,Celta Vigo,0,1,complete,2026-04-21 18:10:37.002698
250857,2025-05-13T19:30:00.000Z,laliga,Sevilla,Las Palmas,1,0,complete,2026-04-21 18:10:37.002698
250856,2025-05-14T17:00:00.000Z,laliga,Villarreal,Leganes,3,0,complete,2026-04-21 18:10:37.002698
250865,2025-05-14T17:00:00.000Z,laliga,Alaves,Valencia,1,0,complete,2026-04-21 18:10:37.002698
250858,2025-05-14T19:30:00.000Z,laliga,Real Madrid,Mallorca,2,1,complete,2026-04-21 18:10:37.002698
250812,2025-05-14T23:30:00.000Z,mls,Toronto FC,FC Cincinnati,0,1,complete,2026-04-21 18:10:37.002698
250813,2025-05-14T23:30:00.000Z,mls,Union,LA Galaxy,3,2,complete,2026-04-21 18:10:37.002698
250814,2025-05-14T23:30:00.000Z,mls,Orlando City,Charlotte FC,3,1,complete,2026-04-21 18:10:37.002698
250815,2025-05-14T23:30:00.000Z,mls,CF Montreal,Columbus,1,1,complete,2026-04-21 18:10:37.002698
250816,2025-05-14T23:30:00.000Z,mls,DC,NYCFC,0,0,complete,2026-04-21 18:10:37.002698
250818,2025-05-15T00:30:00.000Z,mls,Nashville,Red Bulls,2,1,complete,2026-04-21 18:10:37.002698
250819,2025-05-15T00:30:00.000Z,mls,Houston Dynamo,Minnesota United,2,0,complete,2026-04-21 18:10:37.002698
250817,2025-05-15T00:45:00.000Z,mls,STL FC,Sporting KC,2,2,complete,2026-04-21 18:10:37.002698
250820,2025-05-15T01:00:00.000Z,mls,Austin,Atlanta United,1,1,complete,2026-04-21 18:10:37.002698
250821,2025-05-15T01:30:00.000Z,mls,Real Salt Lake,Timbers,0,0,complete,2026-04-21 18:10:37.002698
250822,2025-05-15T02:30:00.000Z,mls,San Jose,Inter Miami,3,3,complete,2026-04-21 18:10:37.002698
250823,2025-05-15T02:30:00.000Z,mls,San Diego FC,Rapids,2,0,complete,2026-04-21 18:10:37.002698
250824,2025-05-15T02:30:00.000Z,mls,LAFC,Sounders FC,4,0,complete,2026-04-21 18:10:37.002698
250861,2025-05-15T17:00:00.000Z,laliga,Vallecano,Betis,2,2,complete,2026-04-21 18:10:37.002698
250862,2025-05-15T17:00:00.000Z,laliga,Osasuna,Atlético,2,0,complete,2026-04-21 18:10:37.002698
250863,2025-05-15T19:30:00.000Z,laliga,Getafe,Athletic,0,2,complete,2026-04-21 18:10:37.002698
250864,2025-05-15T19:30:00.000Z,laliga,Espanyol,Barcelona,0,2,complete,2026-04-21 18:10:37.002698
250996,2025-05-16T18:30:00.000Z,epl,Aston Villa,Tottenham,2,0,complete,2026-04-21 18:10:37.002698
250993,2025-05-16T19:15:00.000Z,epl,Chelsea,Man U,1,0,complete,2026-04-21 18:10:37.002698
250956,2025-05-17T13:30:00.000Z,bundesliga,St Pauli,VfL Bochum,0,2,complete,2026-04-21 18:10:37.002698
250957,2025-05-17T13:30:00.000Z,bundesliga,M'gladbach,WOLF,0,1,complete,2026-04-21 18:10:37.002698
250958,2025-05-17T13:30:00.000Z,bundesliga,Mainz,Leverkusen,2,2,complete,2026-04-21 18:10:37.002698
250959,2025-05-17T13:30:00.000Z,bundesliga,Augsburg,Union Berlin,1,2,complete,2026-04-21 18:10:37.002698
250960,2025-05-17T13:30:00.000Z,bundesliga,Freiburg,FRA,1,3,complete,2026-04-21 18:10:37.002698
250961,2025-05-17T13:30:00.000Z,bundesliga,Heidenheim,BRE,1,4,complete,2026-04-21 18:10:37.002698
250962,2025-05-17T13:30:00.000Z,bundesliga,HOFF,Bayern,0,4,complete,2026-04-21 18:10:37.002698
250963,2025-05-17T13:30:00.000Z,bundesliga,Dortmund,Holstein Kiel,3,0,complete,2026-04-21 18:10:37.002698
250964,2025-05-17T13:30:00.000Z,bundesliga,LEIP,Stuttgart,2,3,complete,2026-04-21 18:10:37.002698
250933,2025-05-17T18:30:00.000Z,mls,CF Montreal,Toronto FC,1,6,complete,2026-04-21 18:10:37.002698
251015,2025-05-17T18:45:00.000Z,seriea,Genoa,Atalanta,2,3,complete,2026-04-21 18:10:37.002698
251018,2025-05-17T19:00:00.000Z,ligue1,PSG,Auxerre,3,1,complete,2026-04-21 18:10:37.002698
251019,2025-05-17T19:00:00.000Z,ligue1,Lens,Monaco,4,0,complete,2026-04-21 18:10:37.002698
251020,2025-05-17T19:00:00.000Z,ligue1,Nantes,Montpellier,3,0,complete,2026-04-21 18:10:37.002698
251021,2025-05-17T19:00:00.000Z,ligue1,Strasbourg,Le Havre,2,3,complete,2026-04-21 18:10:37.002698
251022,2025-05-17T19:00:00.000Z,ligue1,Lille,Reims,2,1,complete,2026-04-21 18:10:37.002698
251023,2025-05-17T19:00:00.000Z,ligue1,St. Etienne,Toulouse,2,3,complete,2026-04-21 18:10:37.002698
251024,2025-05-17T19:00:00.000Z,ligue1,Nice,Brest,6,0,complete,2026-04-21 18:10:37.002698
251025,2025-05-17T19:00:00.000Z,ligue1,Lyon,Angers,2,0,complete,2026-04-21 18:10:37.002698
251026,2025-05-17T19:00:00.000Z,ligue1,Marseille,Rennes,4,2,complete,2026-04-21 18:10:37.002698
250934,2025-05-17T20:30:00.000Z,mls,NYCFC,Red Bulls,2,0,complete,2026-04-21 18:10:37.002698
250935,2025-05-17T23:15:00.000Z,mls,Columbus,FC Cincinnati,1,1,complete,2026-04-21 18:10:37.002698
250936,2025-05-17T23:30:00.000Z,mls,New England,San Jose,0,0,complete,2026-04-21 18:10:37.002698
250937,2025-05-17T23:30:00.000Z,mls,Charlotte FC,Chicago Fire,1,4,complete,2026-04-21 18:10:37.002698
250938,2025-05-17T23:30:00.000Z,mls,Atlanta United,Union,0,1,complete,2026-04-21 18:10:37.002698
250939,2025-05-18T00:30:00.000Z,mls,Nashville,DC,0,0,complete,2026-04-21 18:10:37.002698
250940,2025-05-18T00:30:00.000Z,mls,Minnesota United,STL FC,3,0,complete,2026-04-21 18:10:37.002698
250942,2025-05-18T00:30:00.000Z,mls,Austin,Whitecaps,0,0,complete,2026-04-21 18:10:37.002698
250941,2025-05-18T01:25:00.000Z,mls,FC Dallas,Houston Dynamo,0,2,complete,2026-04-21 18:10:37.002698
250943,2025-05-18T01:30:00.000Z,mls,Timbers,Sounders FC,1,1,complete,2026-04-21 18:10:37.002698
250944,2025-05-18T01:30:00.000Z,mls,Rapids,Real Salt Lake,1,0,complete,2026-04-21 18:10:37.002698
250945,2025-05-18T02:30:00.000Z,mls,San Diego FC,Sporting KC,0,0,complete,2026-04-21 18:10:37.002698
250991,2025-05-18T11:00:00.000Z,epl,Everton,Southampton,2,0,complete,2026-04-21 18:10:37.002698
250988,2025-05-18T13:15:00.000Z,epl,West Ham,Nottingham,1,2,complete,2026-04-21 18:10:37.002698
250990,2025-05-18T14:00:00.000Z,epl,Foxes,Ipswich Town,2,0,complete,2026-04-21 18:10:37.002698
250995,2025-05-18T14:00:00.000Z,epl,Brentford,Fulham,2,3,complete,2026-04-21 18:10:37.002698
250997,2025-05-18T15:30:00.000Z,epl,Arsenal,Newcastle,1,0,complete,2026-04-21 18:10:37.002698
250998,2025-05-18T17:00:00.000Z,laliga,Osasuna,Espanyol,2,0,complete,2026-04-21 18:10:37.002698
250999,2025-05-18T17:00:00.000Z,laliga,Las Palmas,Leganes,0,1,complete,2026-04-21 18:10:37.002698
251000,2025-05-18T17:00:00.000Z,laliga,Valladolid,Alaves,0,1,complete,2026-04-21 18:10:37.002698
251001,2025-05-18T17:00:00.000Z,laliga,Sevilla,Real Madrid,0,2,complete,2026-04-21 18:10:37.002698
251002,2025-05-18T17:00:00.000Z,laliga,Real Sociedad,Girona,3,2,complete,2026-04-21 18:10:37.002698
251003,2025-05-18T17:00:00.000Z,laliga,Mallorca,Getafe,1,2,complete,2026-04-21 18:10:37.002698
251004,2025-05-18T17:00:00.000Z,laliga,Valencia,Athletic,0,1,complete,2026-04-21 18:10:37.002698
251005,2025-05-18T17:00:00.000Z,laliga,Celta Vigo,Vallecano,1,2,complete,2026-04-21 18:10:37.002698
251006,2025-05-18T17:00:00.000Z,laliga,Barcelona,Villarreal,2,3,complete,2026-04-21 18:10:37.002698
251007,2025-05-18T17:00:00.000Z,laliga,Atlético,Betis,4,1,complete,2026-04-21 18:10:37.002698
251008,2025-05-18T18:45:00.000Z,seriea,Roma,Milan,3,1,complete,2026-04-21 18:10:37.002698
251009,2025-05-18T18:45:00.000Z,seriea,Parma,Napoli,0,0,complete,2026-04-21 18:10:37.002698
251010,2025-05-18T18:45:00.000Z,seriea,Monza,Empoli,1,3,complete,2026-04-21 18:10:37.002698
251011,2025-05-18T18:45:00.000Z,seriea,Lecce,Torino,1,0,complete,2026-04-21 18:10:37.002698
251012,2025-05-18T18:45:00.000Z,seriea,Juventus,Udinese,2,0,complete,2026-04-21 18:10:37.002698
251013,2025-05-18T18:45:00.000Z,seriea,Inter,Lazio,2,2,complete,2026-04-21 18:10:37.002698
251014,2025-05-18T18:45:00.000Z,seriea,Hellas,Como 1907,1,1,complete,2026-04-21 18:10:37.002698
251016,2025-05-18T18:45:00.000Z,seriea,Fiorentina,Bologna,3,2,complete,2026-04-21 18:10:37.002698
251017,2025-05-18T18:45:00.000Z,seriea,Cagliari,Venezia FC,3,0,complete,2026-04-21 18:10:37.002698
250972,2025-05-18T23:00:00.000Z,mls,Inter Miami,Orlando City,0,3,complete,2026-04-21 18:10:37.002698
250973,2025-05-19T01:00:00.000Z,mls,LA Galaxy,LAFC,2,2,complete,2026-04-21 18:10:37.002698
250994,2025-05-19T19:00:00.000Z,epl,Albion,Liverpool,3,2,complete,2026-04-21 18:10:37.002698
250992,2025-05-20T19:00:00.000Z,epl,Crystal Palace,Wolverhampton,4,2,complete,2026-04-21 18:10:37.002698
256316,2025-05-20T19:00:00.000Z,epl,Man City,Bournemouth,3,1,complete,2026-04-21 18:10:37.002698
257043,2025-05-21T18:00:00.000Z,ligue1,Metz,Reims,1,1,complete,2026-04-21 18:10:37.002698
256448,2025-05-21T19:00:00.000Z,europa,Tottenham,Man U,1,0,complete,2026-04-21 18:10:37.002698
257141,2025-05-22T18:30:00.000Z,bundesliga,Heidenheim,Elversberg,2,2,complete,2026-04-21 18:10:37.002698
251539,2025-05-23T18:45:00.000Z,seriea,Napoli,Cagliari,2,0,complete,2026-04-21 18:10:37.002698
251543,2025-05-23T18:45:00.000Z,seriea,Como 1907,Inter,0,2,complete,2026-04-21 18:10:37.002698
251534,2025-05-23T19:00:00.000Z,laliga,Betis,Valencia,1,1,complete,2026-04-21 18:10:37.002698
251533,2025-05-24T14:15:00.000Z,laliga,Real Madrid,Real Sociedad,2,0,complete,2026-04-21 18:10:37.002698
251544,2025-05-24T16:00:00.000Z,seriea,Bologna,Genoa,1,3,complete,2026-04-21 18:10:37.002698
251530,2025-05-24T16:30:00.000Z,laliga,Espanyol,Las Palmas,2,0,complete,2026-04-21 18:10:37.002698
251531,2025-05-24T16:30:00.000Z,laliga,Leganes,Valladolid,3,0,complete,2026-04-21 18:10:37.002698
251540,2025-05-24T18:45:00.000Z,seriea,Milan,Monza,2,0,complete,2026-04-21 18:10:37.002698
251387,2025-05-24T19:00:00.000Z,mls,Sounders FC,FC Dallas,1,0,complete,2026-04-21 18:10:37.002698
251527,2025-05-24T19:00:00.000Z,laliga,Vallecano,Mallorca,0,0,complete,2026-04-21 18:10:37.002698
251528,2025-05-24T19:00:00.000Z,laliga,Getafe,Celta Vigo,1,2,complete,2026-04-21 18:10:37.002698
251532,2025-05-24T19:00:00.000Z,laliga,Alaves,Osasuna,1,1,complete,2026-04-21 18:10:37.002698
251388,2025-05-24T20:45:00.000Z,mls,San Diego FC,LA Galaxy,2,1,complete,2026-04-21 18:10:37.002698
251389,2025-05-24T23:30:00.000Z,mls,Toronto FC,Nashville,1,2,complete,2026-04-21 18:10:37.002698
251390,2025-05-24T23:30:00.000Z,mls,Union,Inter Miami,3,3,complete,2026-04-21 18:10:37.002698
251391,2025-05-24T23:30:00.000Z,mls,Orlando City,Timbers,1,0,complete,2026-04-21 18:10:37.002698
251392,2025-05-24T23:30:00.000Z,mls,CF Montreal,LAFC,2,2,complete,2026-04-21 18:10:37.002698
251393,2025-05-24T23:30:00.000Z,mls,DC,Red Bulls,0,2,complete,2026-04-21 18:10:37.002698
251394,2025-05-24T23:30:00.000Z,mls,Charlotte FC,Columbus,3,2,complete,2026-04-21 18:10:37.002698
251395,2025-05-25T00:30:00.000Z,mls,Minnesota United,Austin,1,1,complete,2026-04-21 18:10:37.002698
251396,2025-05-25T00:30:00.000Z,mls,Sporting KC,New England,3,3,complete,2026-04-21 18:10:37.002698
251397,2025-05-25T01:30:00.000Z,mls,Real Salt Lake,Whitecaps,2,3,complete,2026-04-21 18:10:37.002698
251398,2025-05-25T01:30:00.000Z,mls,Rapids,STL FC,1,0,complete,2026-04-21 18:10:37.002698
251399,2025-05-25T02:30:00.000Z,mls,San Jose,Houston Dynamo,3,3,complete,2026-04-21 18:10:37.002698
251529,2025-05-25T12:00:00.000Z,laliga,Girona,Atlético,0,4,complete,2026-04-21 18:10:37.002698
251526,2025-05-25T14:15:00.000Z,laliga,Villarreal,Sevilla,4,2,complete,2026-04-21 18:10:37.002698
251516,2025-05-25T15:00:00.000Z,epl,Wolverhampton,Brentford,1,1,complete,2026-04-21 18:10:37.002698
251517,2025-05-25T15:00:00.000Z,epl,Tottenham,Albion,1,4,complete,2026-04-21 18:10:37.002698
251518,2025-05-25T15:00:00.000Z,epl,Southampton,Arsenal,1,2,complete,2026-04-21 18:10:37.002698
251519,2025-05-25T15:00:00.000Z,epl,Nottingham,Chelsea,0,1,complete,2026-04-21 18:10:37.002698
251520,2025-05-25T15:00:00.000Z,epl,Newcastle,Everton,0,1,complete,2026-04-21 18:10:37.002698
251521,2025-05-25T15:00:00.000Z,epl,Man U,Aston Villa,2,0,complete,2026-04-21 18:10:37.002698
251522,2025-05-25T15:00:00.000Z,epl,Liverpool,Crystal Palace,1,1,complete,2026-04-21 18:10:37.002698
251523,2025-05-25T15:00:00.000Z,epl,Ipswich Town,West Ham,1,3,complete,2026-04-21 18:10:37.002698
251524,2025-05-25T15:00:00.000Z,epl,Fulham,Man City,0,2,complete,2026-04-21 18:10:37.002698
251525,2025-05-25T15:00:00.000Z,epl,Bournemouth,Foxes,2,0,complete,2026-04-21 18:10:37.002698
251536,2025-05-25T18:45:00.000Z,seriea,Venezia FC,Juventus,2,3,complete,2026-04-21 18:10:37.002698
251537,2025-05-25T18:45:00.000Z,seriea,Udinese,Fiorentina,2,3,complete,2026-04-21 18:10:37.002698
251538,2025-05-25T18:45:00.000Z,seriea,Torino,Roma,0,2,complete,2026-04-21 18:10:37.002698
251541,2025-05-25T18:45:00.000Z,seriea,Lazio,Lecce,0,1,complete,2026-04-21 18:10:37.002698
251542,2025-05-25T18:45:00.000Z,seriea,Empoli,Hellas,1,2,complete,2026-04-21 18:10:37.002698
251545,2025-05-25T18:45:00.000Z,seriea,Atalanta,Parma,2,3,complete,2026-04-21 18:10:37.002698
251466,2025-05-25T19:00:00.000Z,mls,NYCFC,Chicago Fire,3,1,complete,2026-04-21 18:10:37.002698
251535,2025-05-25T19:00:00.000Z,laliga,Athletic,Barcelona,0,3,complete,2026-04-21 18:10:37.002698
251467,2025-05-25T23:00:00.000Z,mls,Atlanta United,FC Cincinnati,4,2,complete,2026-04-21 18:10:37.002698
257142,2025-05-26T18:30:00.000Z,bundesliga,Elversberg,Heidenheim,1,2,complete,2026-04-21 18:10:37.002698
251637,2025-05-28T23:30:00.000Z,mls,Toronto FC,Union,1,2,complete,2026-04-21 18:10:37.002698
251638,2025-05-28T23:30:00.000Z,mls,NYCFC,Houston Dynamo,0,3,complete,2026-04-21 18:10:37.002698
251639,2025-05-28T23:30:00.000Z,mls,Red Bulls,Charlotte FC,4,2,complete,2026-04-21 18:10:37.002698
251640,2025-05-28T23:30:00.000Z,mls,Inter Miami,CF Montreal,4,2,complete,2026-04-21 18:10:37.002698
251641,2025-05-28T23:30:00.000Z,mls,DC,New England,1,1,complete,2026-04-21 18:10:37.002698
251642,2025-05-28T23:30:00.000Z,mls,FC Cincinnati,FC Dallas,3,3,complete,2026-04-21 18:10:37.002698
251643,2025-05-28T23:30:00.000Z,mls,Atlanta United,Orlando City,3,2,complete,2026-04-21 18:10:37.002698
251644,2025-05-29T00:00:00.000Z,mls,Columbus,Nashville,2,2,complete,2026-04-21 18:10:37.002698
251645,2025-05-29T00:30:00.000Z,mls,Sounders FC,San Diego FC,1,0,complete,2026-04-21 18:10:37.002698
251646,2025-05-29T01:00:00.000Z,mls,Austin,Real Salt Lake,1,1,complete,2026-04-21 18:10:37.002698
251647,2025-05-29T02:15:00.000Z,mls,LA Galaxy,San Jose,0,1,complete,2026-04-21 18:10:37.002698
251648,2025-05-29T02:30:00.000Z,mls,Whitecaps,Minnesota United,0,0,complete,2026-04-21 18:10:37.002698
251649,2025-05-29T02:30:00.000Z,mls,Timbers,Rapids,2,1,complete,2026-04-21 18:10:37.002698
257044,2025-05-29T18:30:00.000Z,ligue1,Reims,Metz,1,1,complete,2026-04-21 18:10:37.002698
251770,2025-05-31T18:30:00.000Z,mls,STL FC,San Jose,2,1,complete,2026-04-21 18:10:37.002698
256415,2025-05-31T19:00:00.000Z,champions,PSG,Inter,5,0,complete,2026-04-21 18:10:37.002698
251771,2025-05-31T20:30:00.000Z,mls,Nashville,NYCFC,2,2,complete,2026-04-21 18:10:37.002698
251772,2025-05-31T23:30:00.000Z,mls,Red Bulls,Atlanta United,2,0,complete,2026-04-21 18:10:37.002698
251773,2025-05-31T23:30:00.000Z,mls,CF Montreal,New England,0,3,complete,2026-04-21 18:10:37.002698
251774,2025-05-31T23:30:00.000Z,mls,Inter Miami,Columbus,5,1,complete,2026-04-21 18:10:37.002698
251775,2025-05-31T23:30:00.000Z,mls,FC Cincinnati,DC,1,2,complete,2026-04-21 18:10:37.002698
251776,2025-05-31T23:30:00.000Z,mls,Toronto FC,Charlotte FC,0,2,complete,2026-04-21 18:10:37.002698
251777,2025-05-31T23:30:00.000Z,mls,Orlando City,Chicago Fire,1,3,complete,2026-04-21 18:10:37.002698
251778,2025-06-01T00:30:00.000Z,mls,Houston Dynamo,Sporting KC,1,3,complete,2026-04-21 18:10:37.002698
251779,2025-06-01T00:30:00.000Z,mls,FC Dallas,Union,0,0,complete,2026-04-21 18:10:37.002698
251781,2025-06-01T02:30:00.000Z,mls,San Diego FC,Austin,2,0,complete,2026-04-21 18:10:37.002698
251783,2025-06-01T02:30:00.000Z,mls,LA Galaxy,Real Salt Lake,2,0,complete,2026-04-21 18:10:37.002698
251853,2025-06-01T22:00:00.000Z,mls,Sounders FC,Minnesota United,2,3,complete,2026-04-21 18:10:37.002698
252287,2025-06-07T23:30:00.000Z,mls,DC,Chicago Fire,1,7,complete,2026-04-21 18:10:37.002698
252288,2025-06-08T01:30:00.000Z,mls,Rapids,Austin,0,2,complete,2026-04-21 18:10:37.002698
252363,2025-06-08T23:00:00.000Z,mls,Timbers,STL FC,2,1,complete,2026-04-21 18:10:37.002698
252364,2025-06-09T01:00:00.000Z,mls,Whitecaps,Sounders FC,3,0,complete,2026-04-21 18:10:37.002698
257101,2025-06-09T01:00:00.000Z,mls,LAFC,Sporting KC,3,1,complete,2026-04-21 18:10:37.002698
252652,2025-06-12T23:30:00.000Z,mls,NYCFC,Atlanta United,4,0,complete,2026-04-21 18:10:37.002698
252703,2025-06-14T02:30:00.000Z,mls,Timbers,San Jose,1,1,complete,2026-04-21 18:10:37.002698
252756,2025-06-14T20:30:00.000Z,mls,STL FC,LA Galaxy,3,3,complete,2026-04-21 18:10:37.002698
252757,2025-06-14T23:30:00.000Z,mls,Union,Charlotte FC,2,1,complete,2026-04-21 18:10:37.002698
252758,2025-06-14T23:30:00.000Z,mls,New England,FC Cincinnati,0,1,complete,2026-04-21 18:10:37.002698
252759,2025-06-14T23:30:00.000Z,mls,Columbus,Whitecaps,2,1,complete,2026-04-21 18:10:37.002698
257879,2025-06-15T00:00:00.000Z,club_worldcup,Al-Ahly,Inter Miami,0,0,complete,2026-04-21 18:10:37.002698
252760,2025-06-15T00:30:00.000Z,mls,Minnesota United,San Diego FC,2,4,complete,2026-04-21 18:10:37.002698
252761,2025-06-15T00:30:00.000Z,mls,Sporting KC,FC Dallas,2,4,complete,2026-04-21 18:10:37.002698
252762,2025-06-15T00:30:00.000Z,mls,Houston Dynamo,CF Montreal,1,3,complete,2026-04-21 18:10:37.002698
252763,2025-06-15T00:30:00.000Z,mls,Chicago Fire,Nashville,0,2,complete,2026-04-21 18:10:37.002698
252764,2025-06-15T00:30:00.000Z,mls,Austin,Red Bulls,2,1,complete,2026-04-21 18:10:37.002698
252765,2025-06-15T01:30:00.000Z,mls,Real Salt Lake,DC,2,0,complete,2026-04-21 18:10:37.002698
252766,2025-06-15T01:30:00.000Z,mls,Rapids,Orlando City,0,1,complete,2026-04-21 18:10:37.002698
257880,2025-06-15T16:00:00.000Z,club_worldcup,Bayern,Auckland City FC,10,0,complete,2026-04-21 18:10:37.002698
257881,2025-06-15T19:00:00.000Z,club_worldcup,PSG,Atlético,4,0,complete,2026-04-21 18:10:37.002698
257882,2025-06-15T22:00:00.000Z,club_worldcup,Palmeiras,Porto,0,0,complete,2026-04-21 18:10:37.002698
257883,2025-06-16T02:00:00.000Z,club_worldcup,Botafogo RJ,Sounders FC,2,1,complete,2026-04-21 18:10:37.002698
257884,2025-06-16T19:00:00.000Z,club_worldcup,Chelsea,LAFC,2,0,complete,2026-04-21 18:10:37.002698
257885,2025-06-16T22:00:00.000Z,club_worldcup,Boca Juniors,Benfica,2,2,complete,2026-04-21 18:10:37.002698
257886,2025-06-17T01:00:00.000Z,club_worldcup,Flamengo,ES Tunis,2,0,complete,2026-04-21 18:10:37.002698
257887,2025-06-17T16:00:00.000Z,club_worldcup,Fluminense,Dortmund,0,0,complete,2026-04-21 18:10:37.002698
257888,2025-06-17T19:00:00.000Z,club_worldcup,River Plate,Urawa Reds,3,1,complete,2026-04-21 18:10:37.002698
257889,2025-06-17T23:05:00.000Z,club_worldcup,Ulsan HD,Sundowns,0,1,complete,2026-04-21 18:10:37.002698
257890,2025-06-18T01:00:00.000Z,club_worldcup,Monterrey,Inter,1,1,complete,2026-04-21 18:10:37.002698
257891,2025-06-18T16:00:00.000Z,club_worldcup,Man City,Wydad AC,2,0,complete,2026-04-21 18:10:37.002698
257892,2025-06-18T19:00:00.000Z,club_worldcup,Real Madrid,Al Hilal,1,1,complete,2026-04-21 18:10:37.002698
257893,2025-06-18T22:00:00.000Z,club_worldcup,Pachuca,Red Bull,1,2,complete,2026-04-21 18:10:37.002698
257894,2025-06-19T01:00:00.000Z,club_worldcup,Al Ain FC,Juventus,0,5,complete,2026-04-21 18:10:37.002698
257895,2025-06-19T16:00:00.000Z,club_worldcup,Palmeiras,Al-Ahly,2,0,complete,2026-04-21 18:10:37.002698
257896,2025-06-19T19:00:00.000Z,club_worldcup,Inter Miami,Porto,2,1,complete,2026-04-21 18:10:37.002698
257897,2025-06-19T22:00:00.000Z,club_worldcup,Sounders FC,Atlético,1,3,complete,2026-04-21 18:10:37.002698
257898,2025-06-20T01:00:00.000Z,club_worldcup,PSG,Botafogo RJ,0,1,complete,2026-04-21 18:10:37.002698
257899,2025-06-20T16:00:00.000Z,club_worldcup,Benfica,Auckland City FC,6,0,complete,2026-04-21 18:10:37.002698
257900,2025-06-20T18:00:00.000Z,club_worldcup,Flamengo,Chelsea,3,1,complete,2026-04-21 18:10:37.002698
257901,2025-06-20T22:00:00.000Z,club_worldcup,LAFC,ES Tunis,0,1,complete,2026-04-21 18:10:37.002698
257902,2025-06-21T01:00:00.000Z,club_worldcup,Bayern,Boca Juniors,2,1,complete,2026-04-21 18:10:37.002698
257903,2025-06-21T16:00:00.000Z,club_worldcup,Sundowns,Dortmund,3,4,complete,2026-04-21 18:10:37.002698
257904,2025-06-21T19:00:00.000Z,club_worldcup,Inter,Urawa Reds,2,1,complete,2026-04-21 18:10:37.002698
257905,2025-06-21T22:00:00.000Z,club_worldcup,Fluminense,Ulsan HD,4,2,complete,2026-04-21 18:10:37.002698
257906,2025-06-22T01:00:00.000Z,club_worldcup,River Plate,Monterrey,0,0,complete,2026-04-21 18:10:37.002698
257907,2025-06-22T16:00:00.000Z,club_worldcup,Juventus,Wydad AC,4,1,complete,2026-04-21 18:10:37.002698
257908,2025-06-22T19:00:00.000Z,club_worldcup,Real Madrid,Pachuca,3,1,complete,2026-04-21 18:10:37.002698
257909,2025-06-22T22:00:00.000Z,club_worldcup,Red Bull,Al Hilal,0,0,complete,2026-04-21 18:10:37.002698
257910,2025-06-23T01:00:00.000Z,club_worldcup,Man City,Al Ain FC,6,0,complete,2026-04-21 18:10:37.002698
257911,2025-06-23T19:00:00.000Z,club_worldcup,Atlético,Botafogo RJ,1,0,complete,2026-04-21 18:10:37.002698
257912,2025-06-23T19:00:00.000Z,club_worldcup,Sounders FC,PSG,0,2,complete,2026-04-21 18:10:37.002698
257913,2025-06-24T01:00:00.000Z,club_worldcup,Inter Miami,Palmeiras,2,2,complete,2026-04-21 18:10:37.002698
257914,2025-06-24T01:00:00.000Z,club_worldcup,Porto,Al-Ahly,4,4,complete,2026-04-21 18:10:37.002698
257915,2025-06-24T19:00:00.000Z,club_worldcup,Auckland City FC,Boca Juniors,1,1,complete,2026-04-21 18:10:37.002698
257916,2025-06-24T19:00:00.000Z,club_worldcup,Benfica,Bayern,1,0,complete,2026-04-21 18:10:37.002698
257917,2025-06-25T01:00:00.000Z,club_worldcup,LAFC,Flamengo,1,1,complete,2026-04-21 18:10:37.002698
257918,2025-06-25T01:00:00.000Z,club_worldcup,ES Tunis,Chelsea,0,3,complete,2026-04-21 18:10:37.002698
257919,2025-06-25T19:00:00.000Z,club_worldcup,Sundowns,Fluminense,0,0,complete,2026-04-21 18:10:37.002698
257920,2025-06-25T19:00:00.000Z,club_worldcup,Dortmund,Ulsan HD,1,0,complete,2026-04-21 18:10:37.002698
253318,2025-06-25T23:30:00.000Z,mls,Toronto FC,Red Bulls,1,1,complete,2026-04-21 18:10:37.002698
253319,2025-06-25T23:30:00.000Z,mls,New England,Nashville,2,3,complete,2026-04-21 18:10:37.002698
253320,2025-06-25T23:30:00.000Z,mls,CF Montreal,FC Cincinnati,1,3,complete,2026-04-21 18:10:37.002698
253321,2025-06-25T23:30:00.000Z,mls,Columbus,Atlanta United,3,1,complete,2026-04-21 18:10:37.002698
253322,2025-06-26T00:30:00.000Z,mls,STL FC,Orlando City,2,4,complete,2026-04-21 18:10:37.002698
253323,2025-06-26T00:30:00.000Z,mls,Minnesota United,Houston Dynamo,3,1,complete,2026-04-21 18:10:37.002698
253324,2025-06-26T00:30:00.000Z,mls,Sporting KC,Charlotte FC,2,1,complete,2026-04-21 18:10:37.002698
253325,2025-06-26T00:30:00.000Z,mls,FC Dallas,San Jose,2,4,complete,2026-04-21 18:10:37.002698
253326,2025-06-26T00:30:00.000Z,mls,Chicago Fire,Union,0,1,complete,2026-04-21 18:10:37.002698
257921,2025-06-26T01:00:00.000Z,club_worldcup,Urawa Reds,Monterrey,0,4,complete,2026-04-21 18:10:37.002698
257922,2025-06-26T01:00:00.000Z,club_worldcup,Inter,River Plate,2,0,complete,2026-04-21 18:10:37.002698
253328,2025-06-26T01:30:00.000Z,mls,Rapids,LA Galaxy,2,0,complete,2026-04-21 18:10:37.002698
253329,2025-06-26T02:30:00.000Z,mls,Whitecaps,San Diego FC,3,5,complete,2026-04-21 18:10:37.002698
257923,2025-06-26T19:00:00.000Z,club_worldcup,Wydad AC,Al Ain FC,1,2,complete,2026-04-21 18:10:37.002698
257924,2025-06-26T19:00:00.000Z,club_worldcup,Juventus,Man City,2,5,complete,2026-04-21 18:10:37.002698
257925,2025-06-27T01:00:00.000Z,club_worldcup,Al Hilal,Pachuca,2,0,complete,2026-04-21 18:10:37.002698
257926,2025-06-27T01:00:00.000Z,club_worldcup,Red Bull,Real Madrid,0,3,complete,2026-04-21 18:10:37.002698
258362,2025-06-28T16:00:00.000Z,club_worldcup,Palmeiras,Botafogo RJ,1,0,complete,2026-04-21 18:10:37.002698
258368,2025-06-28T20:00:00.000Z,club_worldcup,Benfica,Chelsea,1,4,complete,2026-04-21 18:10:37.002698
253394,2025-06-28T23:30:00.000Z,mls,Toronto FC,Timbers,3,0,complete,2026-04-21 18:10:37.002698
253395,2025-06-28T23:30:00.000Z,mls,Orlando City,FC Cincinnati,1,2,complete,2026-04-21 18:10:37.002698
253396,2025-06-28T23:30:00.000Z,mls,Red Bulls,Minnesota United,2,2,complete,2026-04-21 18:10:37.002698
253397,2025-06-28T23:30:00.000Z,mls,New England,Rapids,3,3,complete,2026-04-21 18:10:37.002698
253398,2025-06-28T23:30:00.000Z,mls,CF Montreal,NYCFC,1,0,complete,2026-04-21 18:10:37.002698
253400,2025-06-28T23:30:00.000Z,mls,DC,Nashville,0,1,complete,2026-04-21 18:10:37.002698
253401,2025-06-29T00:30:00.000Z,mls,Sporting KC,Real Salt Lake,1,1,complete,2026-04-21 18:10:37.002698
253402,2025-06-29T00:30:00.000Z,mls,Houston Dynamo,STL FC,1,0,complete,2026-04-21 18:10:37.002698
253403,2025-06-29T00:30:00.000Z,mls,FC Dallas,San Diego FC,2,3,complete,2026-04-21 18:10:37.002698
253404,2025-06-29T00:30:00.000Z,mls,Chicago Fire,Charlotte FC,3,2,complete,2026-04-21 18:10:37.002698
253405,2025-06-29T02:30:00.000Z,mls,Sounders FC,Austin,2,0,complete,2026-04-21 18:10:37.002698
253406,2025-06-29T02:30:00.000Z,mls,San Jose,LA Galaxy,1,1,complete,2026-04-21 18:10:37.002698
258363,2025-06-29T16:00:00.000Z,club_worldcup,PSG,Inter Miami,4,0,complete,2026-04-21 18:10:37.002698
258364,2025-06-29T20:00:00.000Z,club_worldcup,Flamengo,Bayern,2,4,complete,2026-04-21 18:10:37.002698
253450,2025-06-29T22:00:00.000Z,mls,Columbus,Union,1,0,complete,2026-04-21 18:10:37.002698
253407,2025-06-30T01:30:00.000Z,mls,LAFC,Whitecaps,0,1,complete,2026-04-21 18:10:37.002698
258395,2025-06-30T19:00:00.000Z,club_worldcup,Inter,Fluminense,0,2,complete,2026-04-21 18:10:37.002698
258414,2025-07-01T01:00:00.000Z,club_worldcup,Man City,Al Hilal,3,4,complete,2026-04-21 18:10:37.002698
258415,2025-07-01T19:00:00.000Z,club_worldcup,Real Madrid,Juventus,1,0,complete,2026-04-21 18:10:37.002698
258396,2025-07-02T01:00:00.000Z,club_worldcup,Dortmund,Monterrey,2,1,complete,2026-04-21 18:10:37.002698
253581,2025-07-03T23:30:00.000Z,mls,NYCFC,Toronto FC,3,1,complete,2026-04-21 18:10:37.002698
258725,2025-07-04T19:00:00.000Z,club_worldcup,Fluminense,Al Hilal,2,1,complete,2026-04-21 18:10:37.002698
253601,2025-07-05T00:45:00.000Z,mls,FC Dallas,Minnesota United,1,2,complete,2026-04-21 18:10:37.002698
258621,2025-07-05T01:00:00.000Z,club_worldcup,Palmeiras,Chelsea,1,2,complete,2026-04-21 18:10:37.002698
253602,2025-07-05T01:30:00.000Z,mls,Rapids,Sporting KC,1,2,complete,2026-04-21 18:10:37.002698
253603,2025-07-05T02:30:00.000Z,mls,LA Galaxy,Whitecaps,3,0,complete,2026-04-21 18:10:37.002698
258644,2025-07-05T16:00:00.000Z,club_worldcup,PSG,Bayern,2,0,complete,2026-04-21 18:10:37.002698
258739,2025-07-05T20:00:00.000Z,club_worldcup,Real Madrid,Dortmund,3,2,complete,2026-04-21 18:10:37.002698
253642,2025-07-05T23:15:00.000Z,mls,Charlotte FC,Orlando City,2,2,complete,2026-04-21 18:10:37.002698
253643,2025-07-05T23:30:00.000Z,mls,CF Montreal,Inter Miami,1,4,complete,2026-04-21 18:10:37.002698
253644,2025-07-05T23:30:00.000Z,mls,DC,Atlanta United,0,0,complete,2026-04-21 18:10:37.002698
253645,2025-07-05T23:30:00.000Z,mls,FC Cincinnati,Chicago Fire,2,1,complete,2026-04-21 18:10:37.002698
253646,2025-07-06T00:30:00.000Z,mls,Nashville,Union,1,0,complete,2026-04-21 18:10:37.002698
253648,2025-07-06T01:30:00.000Z,mls,Real Salt Lake,STL FC,3,2,complete,2026-04-21 18:10:37.002698
253649,2025-07-06T02:30:00.000Z,mls,San Jose,Red Bulls,1,1,complete,2026-04-21 18:10:37.002698
253650,2025-07-06T02:30:00.000Z,mls,San Diego FC,Houston Dynamo,3,4,complete,2026-04-21 18:10:37.002698
253651,2025-07-06T02:30:00.000Z,mls,Timbers,New England,2,1,complete,2026-04-21 18:10:37.002698
253665,2025-07-06T21:00:00.000Z,mls,Sounders FC,Columbus,1,1,complete,2026-04-21 18:10:37.002698
259040,2025-07-08T16:30:00.000Z,champions,FCI Levadia,Rigas FS,0,1,complete,2026-04-21 18:10:37.002698
259052,2025-07-08T18:00:00.000Z,champions,Víkingur,Red Imps,2,3,complete,2026-04-21 18:10:37.002698
259053,2025-07-08T18:00:00.000Z,champions,Drita,Differdange,1,0,complete,2026-04-21 18:10:37.002698
258888,2025-07-08T19:00:00.000Z,club_worldcup,Fluminense,Chelsea,0,2,complete,2026-04-21 18:10:37.002698
259041,2025-07-08T19:00:00.000Z,champions,Virtus,Zrinjski,0,2,complete,2026-04-21 18:10:37.002698
259042,2025-07-09T17:30:00.000Z,champions,Ludogorets,Dinamo Minsk,1,0,complete,2026-04-21 18:10:37.002698
259043,2025-07-09T17:30:00.000Z,champions,Steaua,Inter Club d'Escaldes,3,1,complete,2026-04-21 18:10:37.002698
259054,2025-07-09T18:45:00.000Z,champions,Shelbourne,Linfield,1,0,complete,2026-04-21 18:10:37.002698
258889,2025-07-09T19:10:00.000Z,club_worldcup,PSG,Real Madrid,4,0,complete,2026-04-21 18:10:37.002698
253763,2025-07-09T23:30:00.000Z,mls,New England,Inter Miami,1,2,complete,2026-04-21 18:10:37.002698
257102,2025-07-10T02:25:00.000Z,mls,LAFC,Rapids,3,0,complete,2026-04-21 18:10:37.002698
259067,2025-07-10T16:30:00.000Z,europa,AEK Larnaca,Partizan,1,0,complete,2026-04-21 18:10:37.002698
259068,2025-07-10T18:00:00.000Z,europa,Shakhtar Donetsk	,Ilves,6,0,complete,2026-04-21 18:10:37.002698
259069,2025-07-10T18:15:00.000Z,europa,Spartak Trnava,Hacken,0,1,complete,2026-04-21 18:10:37.002698
253873,2025-07-12T23:30:00.000Z,mls,Toronto FC,Atlanta United,1,1,complete,2026-04-21 18:10:37.002698
253874,2025-07-12T23:30:00.000Z,mls,Union,Red Bulls,2,0,complete,2026-04-21 18:10:37.002698
253875,2025-07-12T23:30:00.000Z,mls,Orlando City,CF Montreal,1,1,complete,2026-04-21 18:10:37.002698
253878,2025-07-12T23:30:00.000Z,mls,Charlotte FC,NYCFC,2,0,complete,2026-04-21 18:10:37.002698
253876,2025-07-12T23:45:00.000Z,mls,Inter Miami,Nashville,2,1,complete,2026-04-21 18:10:37.002698
253879,2025-07-13T00:30:00.000Z,mls,Minnesota United,San Jose,4,1,complete,2026-04-21 18:10:37.002698
253880,2025-07-13T00:30:00.000Z,mls,Sporting KC,Sounders FC,2,3,complete,2026-04-21 18:10:37.002698
253881,2025-07-13T00:30:00.000Z,mls,Chicago Fire,San Diego FC,1,2,complete,2026-04-21 18:10:37.002698
253882,2025-07-13T00:30:00.000Z,mls,Austin,New England,0,0,complete,2026-04-21 18:10:37.002698
253877,2025-07-13T00:35:00.000Z,mls,FC Cincinnati,Columbus,2,4,complete,2026-04-21 18:10:37.002698
253883,2025-07-13T01:30:00.000Z,mls,Real Salt Lake,Houston Dynamo,1,0,complete,2026-04-21 18:10:37.002698
253884,2025-07-13T01:30:00.000Z,mls,Rapids,Whitecaps,3,0,complete,2026-04-21 18:10:37.002698
253885,2025-07-13T02:30:00.000Z,mls,LAFC,FC Dallas,2,0,complete,2026-04-21 18:10:37.002698
253886,2025-07-13T02:30:00.000Z,mls,LA Galaxy,DC,2,1,complete,2026-04-21 18:10:37.002698
259107,2025-07-13T19:05:00.000Z,club_worldcup,Chelsea,PSG,3,0,complete,2026-04-21 18:10:37.002698
253917,2025-07-13T23:00:00.000Z,mls,STL FC,Timbers,2,1,complete,2026-04-21 18:10:37.002698
259288,2025-07-15T15:00:00.000Z,champions,Kairat Almaty,Olimpija,N/A,N/A,complete,2026-04-21 18:10:37.002698
259055,2025-07-15T15:30:00.000Z,champions,Red Imps,Víkingur,1,0,complete,2026-04-21 18:10:37.002698
259044,2025-07-15T17:00:00.000Z,champions,Rigas FS,FCI Levadia,1,0,complete,2026-04-21 18:10:37.002698
259289,2025-07-15T17:00:00.000Z,champions,Hamrun Spartans,Zalgiris,N/A,N/A,complete,2026-04-21 18:10:37.002698
259290,2025-07-15T17:00:00.000Z,champions,FC Milsami Orhei,KuPS,N/A,N/A,complete,2026-04-21 18:10:37.002698
259291,2025-07-15T17:00:00.000Z,champions,Malmo,Iberia 1999,N/A,N/A,complete,2026-04-21 18:10:37.002698
259056,2025-07-15T18:00:00.000Z,champions,Differdange,Drita,2,3,complete,2026-04-21 18:10:37.002698
259292,2025-07-15T18:00:00.000Z,champions,Shkendija,New Saints,N/A,N/A,complete,2026-04-21 18:10:37.002698
259045,2025-07-15T18:30:00.000Z,champions,Inter Club d'Escaldes,Steaua,2,1,complete,2026-04-21 18:10:37.002698
259046,2025-07-15T19:00:00.000Z,champions,Zrinjski,Virtus,2,1,complete,2026-04-21 18:10:37.002698
259293,2025-07-15T19:00:00.000Z,champions,Buducnost Podgorica,FC Noah,N/A,N/A,complete,2026-04-21 18:10:37.002698
259294,2025-07-15T19:00:00.000Z,champions,Breidablik,Egnatia,N/A,N/A,complete,2026-04-21 18:10:37.002698
259047,2025-07-16T18:45:00.000Z,champions,Dinamo Minsk,Ludogorets,2,2,complete,2026-04-21 18:10:37.002698
259057,2025-07-16T18:45:00.000Z,champions,Linfield,Shelbourne,1,1,complete,2026-04-21 18:10:37.002698
254047,2025-07-16T23:30:00.000Z,mls,Union,CF Montreal,2,1,complete,2026-04-21 18:10:37.002698
254049,2025-07-16T23:30:00.000Z,mls,Red Bulls,New England,5,3,complete,2026-04-21 18:10:37.002698
254050,2025-07-16T23:30:00.000Z,mls,FC Cincinnati,Inter Miami,3,0,complete,2026-04-21 18:10:37.002698
254051,2025-07-16T23:30:00.000Z,mls,Charlotte FC,DC,2,1,complete,2026-04-21 18:10:37.002698
254052,2025-07-16T23:30:00.000Z,mls,Atlanta United,Chicago Fire,2,2,complete,2026-04-21 18:10:37.002698
254048,2025-07-17T00:15:00.000Z,mls,Orlando City,NYCFC,1,2,complete,2026-04-21 18:10:37.002698
254053,2025-07-17T00:30:00.000Z,mls,Nashville,Columbus,3,0,complete,2026-04-21 18:10:37.002698
254054,2025-07-17T00:30:00.000Z,mls,Minnesota United,LAFC,0,1,complete,2026-04-21 18:10:37.002698
254055,2025-07-17T00:30:00.000Z,mls,Houston Dynamo,Whitecaps,0,3,complete,2026-04-21 18:10:37.002698
254056,2025-07-17T02:15:00.000Z,mls,Sounders FC,Rapids,3,3,complete,2026-04-21 18:10:37.002698
254057,2025-07-17T02:30:00.000Z,mls,San Jose,FC Dallas,2,2,complete,2026-04-21 18:10:37.002698
254058,2025-07-17T02:30:00.000Z,mls,San Diego FC,Toronto FC,0,1,complete,2026-04-21 18:10:37.002698
254059,2025-07-17T02:30:00.000Z,mls,Timbers,Real Salt Lake,0,1,complete,2026-04-21 18:10:37.002698
254060,2025-07-17T02:30:00.000Z,mls,LA Galaxy,Austin,1,2,complete,2026-04-21 18:10:37.002698
259070,2025-07-17T16:00:00.000Z,europa,Ilves,Shakhtar Donetsk	,0,0,complete,2026-04-21 18:10:37.002698
259297,2025-07-17T16:00:00.000Z,europa,Aktobe,Legia,0,1,complete,2026-04-21 18:10:37.002698
259071,2025-07-17T17:00:00.000Z,europa,Hacken,Spartak Trnava,2,2,complete,2026-04-21 18:10:37.002698
259298,2025-07-17T17:30:00.000Z,europa,CFR,Paksi SE,3,0,complete,2026-04-21 18:10:37.002698
259299,2025-07-17T18:00:00.000Z,europa,Hapoel,Levski Sofia,1,1,complete,2026-04-21 18:10:37.002698
259300,2025-07-17T18:00:00.000Z,europa,NK Celje,Sabah FK,3,3,complete,2026-04-21 18:10:37.002698
259301,2025-07-17T18:00:00.000Z,europa,FC Prishtina,Sheriff,2,1,complete,2026-04-21 18:10:37.002698
259072,2025-07-17T19:00:00.000Z,europa,Partizan,AEK Larnaca,2,1,complete,2026-04-21 18:10:37.002698
255752,2025-07-19T23:30:00.000Z,mls,Red Bulls,Inter Miami,1,5,complete,2026-04-21 18:10:37.002698
255753,2025-07-19T23:30:00.000Z,mls,New England,Orlando City,1,2,complete,2026-04-21 18:10:37.002698
255754,2025-07-19T23:30:00.000Z,mls,CF Montreal,Chicago Fire,0,2,complete,2026-04-21 18:10:37.002698
255755,2025-07-19T23:30:00.000Z,mls,Columbus,DC,2,1,complete,2026-04-21 18:10:37.002698
255756,2025-07-19T23:30:00.000Z,mls,Atlanta United,Charlotte FC,2,3,complete,2026-04-21 18:10:37.002698
255757,2025-07-20T00:30:00.000Z,mls,Sounders FC,San Jose,3,2,complete,2026-04-21 18:10:37.002698
255758,2025-07-20T00:30:00.000Z,mls,Nashville,Toronto FC,1,0,complete,2026-04-21 18:10:37.002698
255759,2025-07-20T00:30:00.000Z,mls,Sporting KC,NYCFC,1,1,complete,2026-04-21 18:10:37.002698
255760,2025-07-20T00:30:00.000Z,mls,Houston Dynamo,Union,1,1,complete,2026-04-21 18:10:37.002698
255761,2025-07-20T00:30:00.000Z,mls,FC Dallas,STL FC,3,0,complete,2026-04-21 18:10:37.002698
255762,2025-07-20T01:30:00.000Z,mls,Real Salt Lake,FC Cincinnati,0,1,complete,2026-04-21 18:10:37.002698
255763,2025-07-20T02:30:00.000Z,mls,San Diego FC,Whitecaps,1,1,complete,2026-04-21 18:10:37.002698
255764,2025-07-20T02:30:00.000Z,mls,Timbers,Minnesota United,1,1,complete,2026-04-21 18:10:37.002698
255765,2025-07-20T02:30:00.000Z,mls,LAFC,LA Galaxy,3,3,complete,2026-04-21 18:10:37.002698
259414,2025-07-22T15:00:00.000Z,champions,KuPS,Kairat Almaty,2,0,complete,2026-04-21 18:10:37.002698
259415,2025-07-22T16:00:00.000Z,champions,FC Noah,Ferencvaros,1,2,complete,2026-04-21 18:10:37.002698
259416,2025-07-22T16:00:00.000Z,champions,Red Imps,Belgrade,0,1,complete,2026-04-21 18:10:37.002698
259048,2025-07-22T17:00:00.000Z,champions,Viktoria,Servette,0,1,complete,2026-04-21 18:10:37.002698
259295,2025-07-22T17:00:00.000Z,champions,Pafos FC,Maccabi,1,1,complete,2026-04-21 18:10:37.002698
259417,2025-07-22T17:00:00.000Z,champions,Copenhagen,Drita,2,0,complete,2026-04-21 18:10:37.002698
259418,2025-07-22T17:00:00.000Z,champions,Hamrun Spartans,Dynamo,0,3,complete,2026-04-21 18:10:37.002698
259419,2025-07-22T17:00:00.000Z,champions,Rigas FS,Malmo,1,4,complete,2026-04-21 18:10:37.002698
259420,2025-07-22T18:00:00.000Z,champions,Shkendija,Steaua,1,0,complete,2026-04-21 18:10:37.002698
259421,2025-07-22T18:15:00.000Z,champions,Slovan,Zrinjski,4,0,complete,2026-04-21 18:10:37.002698
259422,2025-07-22T18:30:00.000Z,champions,Lech Poznan,Breidablik,7,1,complete,2026-04-21 18:10:37.002698
259049,2025-07-22T18:45:00.000Z,champions,Rangers,PAN,2,0,complete,2026-04-21 18:10:37.002698
259423,2025-07-22T18:45:00.000Z,champions,Rijeka,Ludogorets,0,0,complete,2026-04-21 18:10:37.002698
259058,2025-07-23T17:00:00.000Z,champions,Brann,Red Bull,1,4,complete,2026-04-21 18:10:37.002698
259424,2025-07-23T18:45:00.000Z,champions,Shelbourne,Qarabag,0,3,complete,2026-04-21 18:10:37.002698
259436,2025-07-24T17:00:00.000Z,europa,Sheriff,FC Utrecht,1,3,complete,2026-04-21 18:10:37.002698
259437,2025-07-24T17:00:00.000Z,europa,Banik Ostrava,Legia,2,2,complete,2026-04-21 18:10:37.002698
259073,2025-07-24T17:30:00.000Z,europa,Midtjylland,Hibernian,1,1,complete,2026-04-21 18:10:37.002698
259438,2025-07-24T17:30:00.000Z,europa,Levski Sofia,Braga,0,0,complete,2026-04-21 18:10:37.002698
259439,2025-07-24T18:00:00.000Z,europa,Beşiktaş,Shakhtar Donetsk	,2,4,complete,2026-04-21 18:10:37.002698
259440,2025-07-24T18:00:00.000Z,europa,Anderlecht,Hacken,1,0,complete,2026-04-21 18:10:37.002698
259441,2025-07-24T18:00:00.000Z,europa,NK Celje,AEK Larnaca,1,1,complete,2026-04-21 18:10:37.002698
259442,2025-07-24T18:30:00.000Z,europa,Lugano,CFR,0,0,complete,2026-04-21 18:10:37.002698
255922,2025-07-25T23:30:00.000Z,mls,New England,CF Montreal,1,3,complete,2026-04-21 18:10:37.002698
255923,2025-07-25T23:30:00.000Z,mls,Columbus,Orlando City,1,3,complete,2026-04-21 18:10:37.002698
255925,2025-07-26T00:30:00.000Z,mls,FC Dallas,NYCFC,3,4,complete,2026-04-21 18:10:37.002698
255926,2025-07-26T02:30:00.000Z,mls,San Diego FC,Nashville,2,0,complete,2026-04-21 18:10:37.002698
255927,2025-07-26T02:30:00.000Z,mls,LAFC,Timbers,0,1,complete,2026-04-21 18:10:37.002698
255938,2025-07-26T23:15:00.000Z,mls,Inter Miami,FC Cincinnati,0,0,complete,2026-04-21 18:10:37.002698
255939,2025-07-26T23:30:00.000Z,mls,Union,Rapids,3,1,complete,2026-04-21 18:10:37.002698
255940,2025-07-26T23:30:00.000Z,mls,DC,Austin,2,4,complete,2026-04-21 18:10:37.002698
255941,2025-07-26T23:30:00.000Z,mls,Charlotte FC,Toronto FC,2,0,complete,2026-04-21 18:10:37.002698
255942,2025-07-26T23:30:00.000Z,mls,Atlanta United,Sounders FC,2,2,complete,2026-04-21 18:10:37.002698
255943,2025-07-27T00:30:00.000Z,mls,STL FC,Minnesota United,1,2,complete,2026-04-21 18:10:37.002698
255944,2025-07-27T00:30:00.000Z,mls,Chicago Fire,Red Bulls,1,0,complete,2026-04-21 18:10:37.002698
255945,2025-07-27T01:30:00.000Z,mls,Real Salt Lake,San Jose,2,1,complete,2026-04-21 18:10:37.002698
255946,2025-07-27T02:30:00.000Z,mls,Whitecaps,Sporting KC,3,0,complete,2026-04-21 18:10:37.002698
259425,2025-07-29T15:00:00.000Z,champions,Kairat Almaty,KuPS,3,0,complete,2026-04-21 18:10:37.002698
259426,2025-07-29T18:00:00.000Z,champions,Drita,Copenhagen,0,1,complete,2026-04-21 18:10:37.002698
259427,2025-07-29T18:00:00.000Z,champions,Dynamo,Hamrun Spartans,3,0,complete,2026-04-21 18:10:37.002698
259428,2025-07-29T19:00:00.000Z,champions,Zrinjski,Slovan,2,2,complete,2026-04-21 18:10:37.002698
259429,2025-07-29T19:00:00.000Z,champions,Belgrade,Red Imps,5,1,complete,2026-04-21 18:10:37.002698
259430,2025-07-30T16:00:00.000Z,champions,Qarabag,Shelbourne,1,0,complete,2026-04-21 18:10:37.002698
259431,2025-07-30T17:00:00.000Z,champions,Malmo,Rigas FS,1,0,complete,2026-04-21 18:10:37.002698
259432,2025-07-30T17:30:00.000Z,champions,Steaua,Shkendija,1,2,complete,2026-04-21 18:10:37.002698
259433,2025-07-30T17:30:00.000Z,champions,Ludogorets,Rijeka,3,1,complete,2026-04-21 18:10:37.002698
259050,2025-07-30T18:00:00.000Z,champions,PAN,Rangers,1,1,complete,2026-04-21 18:10:37.002698
259296,2025-07-30T18:00:00.000Z,champions,Maccabi,Pafos FC,0,1,complete,2026-04-21 18:10:37.002698
259434,2025-07-30T18:00:00.000Z,champions,Ferencvaros,FC Noah,4,3,complete,2026-04-21 18:10:37.002698
259435,2025-07-30T18:30:00.000Z,champions,Breidablik,Lech Poznan,0,1,complete,2026-04-21 18:10:37.002698
259059,2025-07-30T18:45:00.000Z,champions,Red Bull,Brann,1,1,complete,2026-04-21 18:10:37.002698
259051,2025-07-30T19:00:00.000Z,champions,Servette,Viktoria,1,3,complete,2026-04-21 18:10:37.002698
259443,2025-07-31T16:30:00.000Z,europa,AEK Larnaca,NK Celje,2,1,complete,2026-04-21 18:10:37.002698
259444,2025-07-31T17:00:00.000Z,europa,Hacken,Anderlecht,2,1,complete,2026-04-21 18:10:37.002698
259445,2025-07-31T17:30:00.000Z,europa,CFR,Lugano,1,0,complete,2026-04-21 18:10:37.002698
259446,2025-07-31T18:00:00.000Z,europa,Shakhtar Donetsk	,Beşiktaş,2,0,complete,2026-04-21 18:10:37.002698
259447,2025-07-31T18:00:00.000Z,europa,FC Utrecht,Sheriff,4,1,complete,2026-04-21 18:10:37.002698
259074,2025-07-31T19:00:00.000Z,europa,Hibernian,Midtjylland,1,2,complete,2026-04-21 18:10:37.002698
259448,2025-07-31T19:00:00.000Z,europa,Legia,Banik Ostrava,2,1,complete,2026-04-21 18:10:37.002698
259449,2025-07-31T19:00:00.000Z,europa,Braga,Levski Sofia,1,0,complete,2026-04-21 18:10:37.002698
259807,2025-08-05T17:00:00.000Z,champions,Malmo,Copenhagen,0,0,complete,2026-04-21 18:10:37.002698
260882,2025-08-05T17:00:00.000Z,europa,Hamrun Spartans,Maccabi,1,2,complete,2026-04-21 18:10:37.002698
259803,2025-08-05T18:00:00.000Z,champions,Shkendija,Qarabag,0,1,complete,2026-04-21 18:10:37.002698
259804,2025-08-05T18:00:00.000Z,champions,Dynamo,Pafos FC,0,1,complete,2026-04-21 18:10:37.002698
259801,2025-08-05T18:45:00.000Z,champions,Rangers,Viktoria,3,0,complete,2026-04-21 18:10:37.002698
259739,2025-08-06T15:00:00.000Z,champions,Kairat Almaty,Slovan,1,0,complete,2026-04-21 18:10:37.002698
259802,2025-08-06T17:00:00.000Z,champions,Red Bull,Brugge,0,1,complete,2026-04-21 18:10:37.002698
260883,2025-08-06T17:00:00.000Z,europa,Rigas FS,KuPS,1,2,complete,2026-04-21 18:10:37.002698
259805,2025-08-06T17:30:00.000Z,champions,Ludogorets,Ferencvaros,0,0,complete,2026-04-21 18:10:37.002698
259806,2025-08-06T18:30:00.000Z,champions,Lech Poznan,Belgrade,1,3,complete,2026-04-21 18:10:37.002698
260884,2025-08-06T18:45:00.000Z,europa,Rijeka,Shelbourne,1,2,complete,2026-04-21 18:10:37.002698
259565,2025-08-06T19:00:00.000Z,champions,Feyenoord,Fenerbahce,2,1,complete,2026-04-21 18:10:37.002698
259566,2025-08-06T19:00:00.000Z,champions,Nice,Benfica,0,2,complete,2026-04-21 18:10:37.002698
259834,2025-08-07T16:00:00.000Z,europa,Fredrikstad,Midtjylland,1,3,complete,2026-04-21 18:10:37.002698
260885,2025-08-07T16:00:00.000Z,europa,Red Imps,FC Noah,1,1,complete,2026-04-21 18:10:37.002698
259830,2025-08-07T16:30:00.000Z,europa,AEK Larnaca,Legia,4,1,complete,2026-04-21 18:10:37.002698
259833,2025-08-07T16:30:00.000Z,europa,CFR,Braga,1,2,complete,2026-04-21 18:10:37.002698
260886,2025-08-07T17:00:00.000Z,europa,Hacken,Brann,0,2,complete,2026-04-21 18:10:37.002698
259585,2025-08-07T17:30:00.000Z,europa,PAOK,Wolfsberger AC,0,0,complete,2026-04-21 18:10:37.002698
259831,2025-08-07T18:00:00.000Z,europa,PAN,Shakhtar Donetsk	,0,0,complete,2026-04-21 18:10:37.002698
259835,2025-08-07T18:00:00.000Z,europa,Zrinjski,Breidablik,1,1,complete,2026-04-21 18:10:37.002698
259832,2025-08-07T18:30:00.000Z,europa,Servette,FC Utrecht,1,3,complete,2026-04-21 18:10:37.002698
260887,2025-08-07T18:30:00.000Z,europa,Steaua,Drita,3,2,complete,2026-04-21 18:10:37.002698
256506,2025-08-09T23:30:00.000Z,mls,Union,Toronto FC,1,1,complete,2026-04-21 18:10:37.002698
256508,2025-08-09T23:30:00.000Z,mls,New England,DC,2,0,complete,2026-04-21 18:10:37.002698
256509,2025-08-09T23:30:00.000Z,mls,CF Montreal,Atlanta United,1,1,complete,2026-04-21 18:10:37.002698
256510,2025-08-10T00:30:00.000Z,mls,STL FC,Nashville,3,1,complete,2026-04-21 18:10:37.002698
256512,2025-08-10T00:30:00.000Z,mls,FC Dallas,Timbers,2,0,complete,2026-04-21 18:10:37.002698
256513,2025-08-10T00:30:00.000Z,mls,Chicago Fire,LAFC,2,2,complete,2026-04-21 18:10:37.002698
256514,2025-08-10T00:30:00.000Z,mls,Austin,Houston Dynamo,2,2,complete,2026-04-21 18:10:37.002698
256511,2025-08-10T00:45:00.000Z,mls,Sporting KC,San Diego FC,0,2,complete,2026-04-21 18:10:37.002698
256515,2025-08-10T02:30:00.000Z,mls,San Jose,Whitecaps,2,1,complete,2026-04-21 18:10:37.002698
256547,2025-08-10T22:00:00.000Z,mls,Red Bulls,Real Salt Lake,2,1,complete,2026-04-21 18:10:37.002698
256548,2025-08-10T22:00:00.000Z,mls,Minnesota United,Rapids,1,2,complete,2026-04-21 18:10:37.002698
256549,2025-08-10T22:00:00.000Z,mls,FC Cincinnati,Charlotte FC,0,1,complete,2026-04-21 18:10:37.002698
256550,2025-08-11T00:00:00.000Z,mls,Orlando City,Inter Miami,4,1,complete,2026-04-21 18:10:37.002698
256551,2025-08-11T02:00:00.000Z,mls,LA Galaxy,Sounders FC,0,4,complete,2026-04-21 18:10:37.002698
259810,2025-08-12T16:00:00.000Z,champions,Qarabag,Shkendija,5,1,complete,2026-04-21 18:10:37.002698
259567,2025-08-12T17:00:00.000Z,champions,Fenerbahce,Feyenoord,5,2,complete,2026-04-21 18:10:37.002698
259808,2025-08-12T17:00:00.000Z,champions,Viktoria,Rangers,2,1,complete,2026-04-21 18:10:37.002698
259811,2025-08-12T17:00:00.000Z,champions,Pafos FC,Dynamo,2,0,complete,2026-04-21 18:10:37.002698
259814,2025-08-12T17:00:00.000Z,champions,Copenhagen,Malmo,5,0,complete,2026-04-21 18:10:37.002698
259809,2025-08-12T17:30:00.000Z,champions,Brugge,Red Bull,3,2,complete,2026-04-21 18:10:37.002698
259740,2025-08-12T18:15:00.000Z,champions,Slovan,Kairat Almaty,1,0,complete,2026-04-21 18:10:37.002698
259812,2025-08-12T18:15:00.000Z,champions,Ferencvaros,Ludogorets,3,0,complete,2026-04-21 18:10:37.002698
260888,2025-08-12T18:45:00.000Z,europa,Shelbourne,Rijeka,1,3,complete,2026-04-21 18:10:37.002698
259568,2025-08-12T19:00:00.000Z,champions,Benfica,Nice,2,0,complete,2026-04-21 18:10:37.002698
259813,2025-08-12T19:00:00.000Z,champions,Belgrade,Lech Poznan,1,1,complete,2026-04-21 18:10:37.002698
260889,2025-08-14T15:00:00.000Z,europa,KuPS,Rigas FS,1,0,complete,2026-04-21 18:10:37.002698
259840,2025-08-14T16:00:00.000Z,europa,Midtjylland,Fredrikstad,2,0,complete,2026-04-21 18:10:37.002698
259586,2025-08-14T17:00:00.000Z,europa,Wolfsberger AC,PAOK,0,1,complete,2026-04-21 18:10:37.002698
260890,2025-08-14T17:00:00.000Z,europa,Brann,Hacken,0,1,complete,2026-04-21 18:10:37.002698
260891,2025-08-14T17:00:00.000Z,europa,FC Noah,Red Imps,0,0,complete,2026-04-21 18:10:37.002698
259841,2025-08-14T17:30:00.000Z,europa,Breidablik,Zrinjski,1,2,complete,2026-04-21 18:10:37.002698
259837,2025-08-14T18:00:00.000Z,europa,Shakhtar Donetsk	,PAN,0,0,complete,2026-04-21 18:10:37.002698
259838,2025-08-14T18:00:00.000Z,europa,FC Utrecht,Servette,2,1,complete,2026-04-21 18:10:37.002698
260892,2025-08-14T18:00:00.000Z,europa,Drita,Steaua,1,3,complete,2026-04-21 18:10:37.002698
260893,2025-08-14T18:00:00.000Z,europa,Maccabi,Hamrun Spartans,3,1,complete,2026-04-21 18:10:37.002698
259839,2025-08-14T18:30:00.000Z,europa,Braga,CFR,2,0,complete,2026-04-21 18:10:37.002698
259836,2025-08-14T19:00:00.000Z,europa,Legia,AEK Larnaca,2,1,complete,2026-04-21 18:10:37.002698
258761,2025-08-15T17:00:00.000Z,laliga,Girona,Vallecano,1,3,complete,2026-04-21 18:10:37.002698
258584,2025-08-15T18:45:00.000Z,ligue1,Rennes,Marseille,1,0,complete,2026-04-21 18:10:37.002698
258230,2025-08-15T19:00:00.000Z,epl,Liverpool,Bournemouth,4,2,complete,2026-04-21 18:10:37.002698
258858,2025-08-15T19:30:00.000Z,laliga,Villarreal,Real Oviedo,2,0,complete,2026-04-21 18:10:37.002698
258231,2025-08-16T11:30:00.000Z,epl,Aston Villa,Newcastle,0,0,complete,2026-04-21 18:10:37.002698
258232,2025-08-16T14:00:00.000Z,epl,Tottenham,Burnley,3,0,complete,2026-04-21 18:10:37.002698
258234,2025-08-16T14:00:00.000Z,epl,Albion,Fulham,1,1,complete,2026-04-21 18:10:37.002698
258502,2025-08-16T14:00:00.000Z,epl,Sunderland,West Ham,3,0,complete,2026-04-21 18:10:37.002698
258576,2025-08-16T15:00:00.000Z,ligue1,Lens,Lyon,0,1,complete,2026-04-21 18:10:37.002698
258235,2025-08-16T16:30:00.000Z,epl,Wolverhampton,Man City,0,4,complete,2026-04-21 18:10:37.002698
258578,2025-08-16T17:00:00.000Z,ligue1,Monaco,Le Havre,3,1,complete,2026-04-21 18:10:37.002698
258760,2025-08-16T17:30:00.000Z,laliga,Mallorca,Barcelona,0,3,complete,2026-04-21 18:10:37.002698
258582,2025-08-16T19:05:00.000Z,ligue1,Nice,Toulouse,0,1,complete,2026-04-21 18:10:37.002698
258758,2025-08-16T19:30:00.000Z,laliga,Valencia,Real Sociedad,1,1,complete,2026-04-21 18:10:37.002698
258859,2025-08-16T19:30:00.000Z,laliga,Alaves,Levante,2,1,complete,2026-04-21 18:10:37.002698
257060,2025-08-16T23:30:00.000Z,mls,Toronto FC,Columbus,1,1,complete,2026-04-21 18:10:37.002698
257062,2025-08-16T23:30:00.000Z,mls,Red Bulls,Union,1,0,complete,2026-04-21 18:10:37.002698
257063,2025-08-16T23:30:00.000Z,mls,New England,LAFC,0,2,complete,2026-04-21 18:10:37.002698
257064,2025-08-16T23:30:00.000Z,mls,CF Montreal,DC,1,1,complete,2026-04-21 18:10:37.002698
257065,2025-08-16T23:30:00.000Z,mls,Inter Miami,LA Galaxy,3,1,complete,2026-04-21 18:10:37.002698
257066,2025-08-16T23:30:00.000Z,mls,Charlotte FC,Real Salt Lake,1,0,complete,2026-04-21 18:10:37.002698
257067,2025-08-17T00:30:00.000Z,mls,Minnesota United,Sounders FC,1,0,complete,2026-04-21 18:10:37.002698
257068,2025-08-17T00:30:00.000Z,mls,Chicago Fire,STL FC,3,2,complete,2026-04-21 18:10:37.002698
257069,2025-08-17T00:30:00.000Z,mls,Austin,FC Dallas,1,1,complete,2026-04-21 18:10:37.002698
257070,2025-08-17T01:30:00.000Z,mls,Rapids,Atlanta United,3,1,complete,2026-04-21 18:10:37.002698
257071,2025-08-17T02:30:00.000Z,mls,Timbers,FC Cincinnati,2,3,complete,2026-04-21 18:10:37.002698
257061,2025-08-17T02:40:00.000Z,mls,Orlando City,Sporting KC,3,1,complete,2026-04-21 18:10:37.002698
258233,2025-08-17T13:00:00.000Z,epl,Nottingham,Brentford,3,1,complete,2026-04-21 18:10:37.002698
258236,2025-08-17T13:00:00.000Z,epl,Chelsea,Crystal Palace,0,0,complete,2026-04-21 18:10:37.002698
258583,2025-08-17T13:00:00.000Z,ligue1,Brest,Lille,3,3,complete,2026-04-21 18:10:37.002698
258764,2025-08-17T15:00:00.000Z,laliga,Celta Vigo,Getafe,0,2,complete,2026-04-21 18:10:37.002698
258579,2025-08-17T15:15:00.000Z,ligue1,Auxerre,Lorient,1,0,complete,2026-04-21 18:10:37.002698
258580,2025-08-17T15:15:00.000Z,ligue1,Metz,Strasbourg,0,1,complete,2026-04-21 18:10:37.002698
258581,2025-08-17T15:15:00.000Z,ligue1,Angers,Paris FC,1,0,complete,2026-04-21 18:10:37.002698
258237,2025-08-17T15:30:00.000Z,epl,Man U,Arsenal,0,1,complete,2026-04-21 18:10:37.002698
258765,2025-08-17T17:30:00.000Z,laliga,Athletic,Sevilla,3,2,complete,2026-04-21 18:10:37.002698
258577,2025-08-17T18:45:00.000Z,ligue1,Nantes,PSG,0,1,complete,2026-04-21 18:10:37.002698
258762,2025-08-17T19:30:00.000Z,laliga,Espanyol,Atlético,2,1,complete,2026-04-21 18:10:37.002698
257103,2025-08-17T21:00:00.000Z,mls,NYCFC,Nashville,2,1,complete,2026-04-21 18:10:37.002698
257104,2025-08-17T23:00:00.000Z,mls,San Jose,San Diego FC,1,2,complete,2026-04-21 18:10:37.002698
257105,2025-08-18T01:00:00.000Z,mls,Whitecaps,Houston Dynamo,1,1,complete,2026-04-21 18:10:37.002698
258238,2025-08-18T19:00:00.000Z,epl,Leeds,Everton,1,0,complete,2026-04-21 18:10:37.002698
258763,2025-08-18T19:00:00.000Z,laliga,Elche,Betis,1,1,complete,2026-04-21 18:10:37.002698
258759,2025-08-19T19:00:00.000Z,laliga,Real Madrid,Osasuna,1,0,complete,2026-04-21 18:10:37.002698
261441,2025-08-19T19:00:00.000Z,champions,Rangers,Brugge,1,3,complete,2026-04-21 18:10:37.002698
261442,2025-08-19T19:00:00.000Z,champions,Belgrade,Pafos FC,1,2,complete,2026-04-21 18:10:37.002698
261443,2025-08-19T19:00:00.000Z,champions,Ferencvaros,Qarabag,1,3,complete,2026-04-21 18:10:37.002698
261089,2025-08-20T19:00:00.000Z,champions,Bodo Glimt,Sturm Graz,5,0,complete,2026-04-21 18:10:37.002698
261444,2025-08-20T19:00:00.000Z,champions,Fenerbahce,Benfica,0,0,complete,2026-04-21 18:10:37.002698
261445,2025-08-20T19:00:00.000Z,champions,Basel,Copenhagen,1,1,complete,2026-04-21 18:10:37.002698
261446,2025-08-20T19:00:00.000Z,champions,Celtic,Kairat Almaty,0,0,complete,2026-04-21 18:10:37.002698
262137,2025-08-21T16:30:00.000Z,europa,Midtjylland,KuPS,4,0,complete,2026-04-21 18:10:37.002698
261453,2025-08-21T17:00:00.000Z,europa,Malmo,Sigma Olomouc,3,0,complete,2026-04-21 18:10:37.002698
262134,2025-08-21T17:00:00.000Z,europa,Brann,AEK Larnaca,2,1,complete,2026-04-21 18:10:37.002698
261633,2025-08-21T18:00:00.000Z,europa,Shkendija,Ludogorets,2,1,complete,2026-04-21 18:10:37.002698
262135,2025-08-21T18:00:00.000Z,europa,Zrinjski,FC Utrecht,0,2,complete,2026-04-21 18:10:37.002698
262139,2025-08-21T18:00:00.000Z,europa,PAN,Samsunspor,2,1,complete,2026-04-21 18:10:37.002698
262140,2025-08-21T18:00:00.000Z,europa,Maccabi,Dynamo,3,1,complete,2026-04-21 18:10:37.002698
261454,2025-08-21T18:15:00.000Z,europa,Slovan,Young Boys,0,1,complete,2026-04-21 18:10:37.002698
261632,2025-08-21T18:30:00.000Z,europa,Lech Poznan,Genk,1,5,complete,2026-04-21 18:10:37.002698
262133,2025-08-21T18:45:00.000Z,europa,Rijeka,PAOK,1,0,complete,2026-04-21 18:10:37.002698
262138,2025-08-21T18:45:00.000Z,europa,Aberdeen,Steaua,2,2,complete,2026-04-21 18:10:37.002698
262136,2025-08-21T19:00:00.000Z,europa,Red Imps,Braga,0,4,complete,2026-04-21 18:10:37.002698
258507,2025-08-22T18:30:00.000Z,bundesliga,Bayern,LEIP,6,0,complete,2026-04-21 18:10:37.002698
258585,2025-08-22T18:45:00.000Z,ligue1,PSG,Angers,1,0,complete,2026-04-21 18:10:37.002698
258239,2025-08-22T19:00:00.000Z,epl,West Ham,Chelsea,1,5,complete,2026-04-21 18:10:37.002698
258770,2025-08-22T19:30:00.000Z,laliga,Betis,Alaves,1,0,complete,2026-04-21 18:10:37.002698
258241,2025-08-23T11:30:00.000Z,epl,Man City,Tottenham,0,2,complete,2026-04-21 18:10:37.002698
258508,2025-08-23T13:30:00.000Z,bundesliga,Heidenheim,WOLF,1,3,complete,2026-04-21 18:10:37.002698
258510,2025-08-23T13:30:00.000Z,bundesliga,Union Berlin,Stuttgart,2,1,complete,2026-04-21 18:10:37.002698
258512,2025-08-23T13:30:00.000Z,bundesliga,Freiburg,Augsburg,1,3,complete,2026-04-21 18:10:37.002698
258513,2025-08-23T13:30:00.000Z,bundesliga,Leverkusen,HOFF,1,2,complete,2026-04-21 18:10:37.002698
258514,2025-08-23T13:30:00.000Z,bundesliga,FRA,BRE,4,1,complete,2026-04-21 18:10:37.002698
258245,2025-08-23T14:00:00.000Z,epl,Brentford,Aston Villa,1,0,complete,2026-04-21 18:10:37.002698
258247,2025-08-23T14:00:00.000Z,epl,Bournemouth,Wolverhampton,1,0,complete,2026-04-21 18:10:37.002698
258503,2025-08-23T14:00:00.000Z,epl,Burnley,Sunderland,2,0,complete,2026-04-21 18:10:37.002698
258593,2025-08-23T15:00:00.000Z,ligue1,Marseille,Paris FC,5,2,complete,2026-04-21 18:10:37.002698
258769,2025-08-23T15:00:00.000Z,laliga,Mallorca,Celta Vigo,1,1,complete,2026-04-21 18:10:37.002698
257669,2025-08-23T16:30:00.000Z,seriea,Sassuolo,Napoli,0,2,complete,2026-04-21 18:10:37.002698
257674,2025-08-23T16:30:00.000Z,seriea,Genoa,Lecce,0,0,complete,2026-04-21 18:10:37.002698
258246,2025-08-23T16:30:00.000Z,epl,Arsenal,Leeds,5,0,complete,2026-04-21 18:10:37.002698
258509,2025-08-23T16:30:00.000Z,bundesliga,St Pauli,Dortmund,3,3,complete,2026-04-21 18:10:37.002698
258589,2025-08-23T17:00:00.000Z,ligue1,Nice,Auxerre,3,1,complete,2026-04-21 18:10:37.002698
258772,2025-08-23T17:30:00.000Z,laliga,Atlético,Elche,1,1,complete,2026-04-21 18:10:37.002698
257670,2025-08-23T18:45:00.000Z,seriea,Roma,Bologna,1,0,complete,2026-04-21 18:10:37.002698
257671,2025-08-23T18:45:00.000Z,seriea,Milan,Cremonese,1,2,complete,2026-04-21 18:10:37.002698
258587,2025-08-23T19:05:00.000Z,ligue1,Lyon,Metz,3,0,complete,2026-04-21 18:10:37.002698
258860,2025-08-23T19:30:00.000Z,laliga,Levante,Barcelona,2,3,complete,2026-04-21 18:10:37.002698
257299,2025-08-23T23:30:00.000Z,mls,Union,Chicago Fire,4,0,complete,2026-04-21 18:10:37.002698
257300,2025-08-23T23:30:00.000Z,mls,CF Montreal,Austin,3,2,complete,2026-04-21 18:10:37.002698
257301,2025-08-23T23:30:00.000Z,mls,DC,Inter Miami,1,1,complete,2026-04-21 18:10:37.002698
257302,2025-08-23T23:30:00.000Z,mls,Columbus,New England,1,2,complete,2026-04-21 18:10:37.002698
257303,2025-08-23T23:30:00.000Z,mls,FC Cincinnati,NYCFC,0,1,complete,2026-04-21 18:10:37.002698
257304,2025-08-24T00:30:00.000Z,mls,Nashville,Orlando City,5,1,complete,2026-04-21 18:10:37.002698
257305,2025-08-24T00:30:00.000Z,mls,Houston Dynamo,San Jose,1,2,complete,2026-04-21 18:10:37.002698
257306,2025-08-24T00:30:00.000Z,mls,FC Dallas,LAFC,1,1,complete,2026-04-21 18:10:37.002698
257307,2025-08-24T01:30:00.000Z,mls,Whitecaps,STL FC,3,2,complete,2026-04-21 18:10:37.002698
257308,2025-08-24T01:30:00.000Z,mls,Real Salt Lake,Minnesota United,1,3,complete,2026-04-21 18:10:37.002698
257309,2025-08-24T02:30:00.000Z,mls,San Diego FC,Timbers,0,0,complete,2026-04-21 18:10:37.002698
257310,2025-08-24T02:30:00.000Z,mls,LA Galaxy,Rapids,3,0,complete,2026-04-21 18:10:37.002698
258243,2025-08-24T13:00:00.000Z,epl,Everton,Albion,2,0,complete,2026-04-21 18:10:37.002698
258244,2025-08-24T13:00:00.000Z,epl,Crystal Palace,Nottingham,1,1,complete,2026-04-21 18:10:37.002698
258590,2025-08-24T13:00:00.000Z,ligue1,Lorient,Rennes,4,0,complete,2026-04-21 18:10:37.002698
258511,2025-08-24T13:30:00.000Z,bundesliga,Mainz,Köln,0,1,complete,2026-04-21 18:10:37.002698
258771,2025-08-24T15:00:00.000Z,laliga,Osasuna,Valencia,1,0,complete,2026-04-21 18:10:37.002698
258586,2025-08-24T15:15:00.000Z,ligue1,Strasbourg,Nantes,1,0,complete,2026-04-21 18:10:37.002698
258588,2025-08-24T15:15:00.000Z,ligue1,Toulouse,Brest,2,0,complete,2026-04-21 18:10:37.002698
258591,2025-08-24T15:15:00.000Z,ligue1,Le Havre,Lens,1,2,complete,2026-04-21 18:10:37.002698
258242,2025-08-24T15:30:00.000Z,epl,Fulham,Man U,1,1,complete,2026-04-21 18:10:37.002698
258734,2025-08-24T15:30:00.000Z,bundesliga,M'gladbach,HSV,0,0,complete,2026-04-21 18:10:37.002698
257675,2025-08-24T16:30:00.000Z,seriea,Como 1907,Lazio,2,0,complete,2026-04-21 18:10:37.002698
257676,2025-08-24T16:30:00.000Z,seriea,Cagliari,Fiorentina,1,1,complete,2026-04-21 18:10:37.002698
258766,2025-08-24T17:30:00.000Z,laliga,Villarreal,Girona,5,0,complete,2026-04-21 18:10:37.002698
258768,2025-08-24T17:30:00.000Z,laliga,Real Sociedad,Espanyol,2,2,complete,2026-04-21 18:10:37.002698
257672,2025-08-24T18:45:00.000Z,seriea,Juventus,Parma,2,0,complete,2026-04-21 18:10:37.002698
257927,2025-08-24T18:45:00.000Z,seriea,Atalanta,Pisa,1,1,complete,2026-04-21 18:10:37.002698
258592,2025-08-24T18:45:00.000Z,ligue1,Lille,Monaco,1,0,complete,2026-04-21 18:10:37.002698
258861,2025-08-24T19:30:00.000Z,laliga,Real Oviedo,Real Madrid,0,3,complete,2026-04-21 18:10:37.002698
257339,2025-08-24T20:00:00.000Z,mls,Atlanta United,Toronto FC,0,0,complete,2026-04-21 18:10:37.002698
257340,2025-08-24T23:00:00.000Z,mls,Charlotte FC,Red Bulls,1,0,complete,2026-04-21 18:10:37.002698
257341,2025-08-25T01:15:00.000Z,mls,Sounders FC,Sporting KC,5,2,complete,2026-04-21 18:10:37.002698
257668,2025-08-25T16:30:00.000Z,seriea,Udinese,Hellas,1,1,complete,2026-04-21 18:10:37.002698
258773,2025-08-25T17:30:00.000Z,laliga,Athletic,Vallecano,1,0,complete,2026-04-21 18:10:37.002698
257673,2025-08-25T18:45:00.000Z,seriea,Inter,Torino,5,0,complete,2026-04-21 18:10:37.002698
259140,2025-08-25T19:00:00.000Z,epl,Newcastle,Liverpool,2,3,complete,2026-04-21 18:10:37.002698
258767,2025-08-25T19:30:00.000Z,laliga,Sevilla,Getafe,1,2,complete,2026-04-21 18:10:37.002698
261447,2025-08-26T16:45:00.000Z,champions,Kairat Almaty,Celtic,0,0,complete,2026-04-21 18:10:37.002698
261090,2025-08-26T19:00:00.000Z,champions,Sturm Graz,Bodo Glimt,2,1,complete,2026-04-21 18:10:37.002698
261448,2025-08-26T19:00:00.000Z,champions,Pafos FC,Belgrade,1,1,complete,2026-04-21 18:10:37.002698
262142,2025-08-27T16:30:00.000Z,europa,AEK Larnaca,Brann,0,4,complete,2026-04-21 18:10:37.002698
261452,2025-08-27T16:45:00.000Z,champions,Qarabag,Ferencvaros,2,3,complete,2026-04-21 18:10:37.002698
258800,2025-08-27T19:00:00.000Z,laliga,Celta Vigo,Betis,1,1,complete,2026-04-21 18:10:37.002698
261449,2025-08-27T19:00:00.000Z,champions,Brugge,Rangers,6,0,complete,2026-04-21 18:10:37.002698
261450,2025-08-27T19:00:00.000Z,champions,Benfica,Fenerbahce,1,0,complete,2026-04-21 18:10:37.002698
261451,2025-08-27T19:00:00.000Z,champions,Copenhagen,Basel,2,0,complete,2026-04-21 18:10:37.002698
262145,2025-08-28T15:00:00.000Z,europa,KuPS,Midtjylland,0,2,complete,2026-04-21 18:10:37.002698
261455,2025-08-28T16:30:00.000Z,europa,Sigma Olomouc,Malmo,0,2,complete,2026-04-21 18:10:37.002698
262147,2025-08-28T17:00:00.000Z,europa,Samsunspor,PAN,0,0,complete,2026-04-21 18:10:37.002698
261635,2025-08-28T17:30:00.000Z,europa,Ludogorets,Shkendija,4,1,complete,2026-04-21 18:10:37.002698
262141,2025-08-28T17:30:00.000Z,europa,PAOK,Rijeka,5,0,complete,2026-04-21 18:10:37.002698
261456,2025-08-28T18:00:00.000Z,europa,Young Boys,Slovan,3,2,complete,2026-04-21 18:10:37.002698
261634,2025-08-28T18:00:00.000Z,europa,Genk,Lech Poznan,1,2,complete,2026-04-21 18:10:37.002698
262143,2025-08-28T18:00:00.000Z,europa,FC Utrecht,Zrinjski,0,0,complete,2026-04-21 18:10:37.002698
262148,2025-08-28T18:00:00.000Z,europa,Dynamo,Maccabi,1,0,complete,2026-04-21 18:10:37.002698
262146,2025-08-28T18:30:00.000Z,europa,Steaua,Aberdeen,3,0,complete,2026-04-21 18:10:37.002698
262144,2025-08-28T19:00:00.000Z,europa,Braga,Red Imps,5,1,complete,2026-04-21 18:10:37.002698
257677,2025-08-29T16:30:00.000Z,seriea,Cremonese,Sassuolo,3,2,complete,2026-04-21 18:10:37.002698
258863,2025-08-29T17:30:00.000Z,laliga,Elche,Levante,2,0,complete,2026-04-21 18:10:37.002698
258735,2025-08-29T18:30:00.000Z,bundesliga,HSV,St Pauli,0,2,complete,2026-04-21 18:10:37.002698
257681,2025-08-29T18:45:00.000Z,seriea,Lecce,Milan,0,2,complete,2026-04-21 18:10:37.002698
258600,2025-08-29T18:45:00.000Z,ligue1,Lens,Brest,3,1,complete,2026-04-21 18:10:37.002698
258775,2025-08-29T19:30:00.000Z,laliga,Valencia,Getafe,3,0,complete,2026-04-21 18:10:37.002698
258254,2025-08-30T11:30:00.000Z,epl,Chelsea,Fulham,2,0,complete,2026-04-21 18:10:37.002698
258516,2025-08-30T13:30:00.000Z,bundesliga,HOFF,FRA,1,3,complete,2026-04-21 18:10:37.002698
258519,2025-08-30T13:30:00.000Z,bundesliga,Stuttgart,M'gladbach,1,0,complete,2026-04-21 18:10:37.002698
258520,2025-08-30T13:30:00.000Z,bundesliga,BRE,Leverkusen,3,3,complete,2026-04-21 18:10:37.002698
258521,2025-08-30T13:30:00.000Z,bundesliga,LEIP,Heidenheim,2,0,complete,2026-04-21 18:10:37.002698
258248,2025-08-30T14:00:00.000Z,epl,Wolverhampton,Everton,2,3,complete,2026-04-21 18:10:37.002698
258249,2025-08-30T14:00:00.000Z,epl,Tottenham,Bournemouth,0,1,complete,2026-04-21 18:10:37.002698
258251,2025-08-30T14:00:00.000Z,epl,Man U,Burnley,3,2,complete,2026-04-21 18:10:37.002698
258504,2025-08-30T14:00:00.000Z,epl,Sunderland,Brentford,2,1,complete,2026-04-21 18:10:37.002698
258595,2025-08-30T15:00:00.000Z,ligue1,Lorient,Lille,1,7,complete,2026-04-21 18:10:37.002698
258781,2025-08-30T15:00:00.000Z,laliga,Alaves,Atlético,1,1,complete,2026-04-21 18:10:37.002698
257679,2025-08-30T16:30:00.000Z,seriea,Parma,Atalanta,1,1,complete,2026-04-21 18:10:37.002698
257685,2025-08-30T16:30:00.000Z,seriea,Bologna,Como 1907,1,0,complete,2026-04-21 18:10:37.002698
258253,2025-08-30T16:30:00.000Z,epl,Leeds,Newcastle,0,0,complete,2026-04-21 18:10:37.002698
258517,2025-08-30T16:30:00.000Z,bundesliga,Augsburg,Bayern,2,3,complete,2026-04-21 18:10:37.002698
258599,2025-08-30T17:00:00.000Z,ligue1,Nantes,Auxerre,1,0,complete,2026-04-21 18:10:37.002698
258862,2025-08-30T17:00:00.000Z,laliga,Real Oviedo,Real Sociedad,1,0,complete,2026-04-21 18:10:37.002698
258778,2025-08-30T17:30:00.000Z,laliga,Girona,Sevilla,0,2,complete,2026-04-21 18:10:37.002698
257680,2025-08-30T18:45:00.000Z,seriea,Napoli,Cagliari,1,0,complete,2026-04-21 18:10:37.002698
257928,2025-08-30T18:45:00.000Z,seriea,Pisa,Roma,0,1,complete,2026-04-21 18:10:37.002698
258602,2025-08-30T19:05:00.000Z,ligue1,Toulouse,PSG,3,6,complete,2026-04-21 18:10:37.002698
258774,2025-08-30T19:30:00.000Z,laliga,Real Madrid,Mallorca,2,1,complete,2026-04-21 18:10:37.002698
257488,2025-08-30T23:30:00.000Z,mls,Toronto FC,CF Montreal,1,1,complete,2026-04-21 18:10:37.002698
257490,2025-08-30T23:30:00.000Z,mls,NYCFC,DC,1,2,complete,2026-04-21 18:10:37.002698
257491,2025-08-30T23:30:00.000Z,mls,Red Bulls,Columbus,0,0,complete,2026-04-21 18:10:37.002698
257492,2025-08-30T23:30:00.000Z,mls,New England,Charlotte FC,1,2,complete,2026-04-21 18:10:37.002698
257494,2025-08-30T23:30:00.000Z,mls,FC Cincinnati,Union,0,1,complete,2026-04-21 18:10:37.002698
257495,2025-08-31T00:30:00.000Z,mls,STL FC,Houston Dynamo,2,3,complete,2026-04-21 18:10:37.002698
257496,2025-08-31T00:30:00.000Z,mls,Nashville,Atlanta United,0,1,complete,2026-04-21 18:10:37.002698
257497,2025-08-31T00:30:00.000Z,mls,Minnesota United,Timbers,1,1,complete,2026-04-21 18:10:37.002698
257498,2025-08-31T00:30:00.000Z,mls,Sporting KC,Rapids,4,2,complete,2026-04-21 18:10:37.002698
257499,2025-08-31T00:30:00.000Z,mls,Austin,San Jose,3,1,complete,2026-04-21 18:10:37.002698
258250,2025-08-31T13:00:00.000Z,epl,Nottingham,West Ham,0,3,complete,2026-04-21 18:10:37.002698
258255,2025-08-31T13:00:00.000Z,epl,Albion,Man City,2,1,complete,2026-04-21 18:10:37.002698
258598,2025-08-31T13:00:00.000Z,ligue1,Angers,Rennes,1,1,complete,2026-04-21 18:10:37.002698
258518,2025-08-31T13:30:00.000Z,bundesliga,WOLF,Mainz,1,1,complete,2026-04-21 18:10:37.002698
258780,2025-08-31T15:00:00.000Z,laliga,Celta Vigo,Villarreal,1,1,complete,2026-04-21 18:10:37.002698
258596,2025-08-31T15:15:00.000Z,ligue1,Le Havre,Nice,3,1,complete,2026-04-21 18:10:37.002698
258597,2025-08-31T15:15:00.000Z,ligue1,Paris FC,Metz,3,2,complete,2026-04-21 18:10:37.002698
258601,2025-08-31T15:15:00.000Z,ligue1,Monaco,Strasbourg,3,2,complete,2026-04-21 18:10:37.002698
258252,2025-08-31T15:30:00.000Z,epl,Liverpool,Arsenal,1,0,complete,2026-04-21 18:10:37.002698
258522,2025-08-31T15:30:00.000Z,bundesliga,Dortmund,Union Berlin,3,0,complete,2026-04-21 18:10:37.002698
257678,2025-08-31T16:30:00.000Z,seriea,Torino,Fiorentina,0,0,complete,2026-04-21 18:10:37.002698
257684,2025-08-31T16:30:00.000Z,seriea,Genoa,Juventus,0,1,complete,2026-04-21 18:10:37.002698
258777,2025-08-31T17:00:00.000Z,laliga,Betis,Athletic,1,2,complete,2026-04-21 18:10:37.002698
258515,2025-08-31T17:30:00.000Z,bundesliga,Köln,Freiburg,4,1,complete,2026-04-21 18:10:37.002698
258779,2025-08-31T17:30:00.000Z,laliga,Espanyol,Osasuna,1,0,complete,2026-04-21 18:10:37.002698
258256,2025-08-31T18:00:00.000Z,epl,Aston Villa,Crystal Palace,0,3,complete,2026-04-21 18:10:37.002698
257682,2025-08-31T18:45:00.000Z,seriea,Lazio,Hellas,4,0,complete,2026-04-21 18:10:37.002698
257683,2025-08-31T18:45:00.000Z,seriea,Inter,Udinese,1,2,complete,2026-04-21 18:10:37.002698
258594,2025-08-31T18:45:00.000Z,ligue1,Lyon,Marseille,1,0,complete,2026-04-21 18:10:37.002698
258776,2025-08-31T19:30:00.000Z,laliga,Vallecano,Barcelona,1,1,complete,2026-04-21 18:10:37.002698
257537,2025-09-01T02:45:00.000Z,mls,LAFC,San Diego FC,1,2,complete,2026-04-21 18:10:37.002698
257686,2025-09-07T00:30:00.000Z,mls,STL FC,FC Dallas,1,1,complete,2026-04-21 18:10:37.002698
257687,2025-09-07T00:30:00.000Z,mls,Chicago Fire,New England,3,2,complete,2026-04-21 18:10:37.002698
259842,2025-09-07T00:30:00.000Z,mls,Houston Dynamo,LA Galaxy,1,1,complete,2026-04-21 18:10:37.002698
257721,2025-09-07T23:00:00.000Z,mls,Sporting KC,Austin,1,2,complete,2026-04-21 18:10:37.002698
258530,2025-09-12T18:30:00.000Z,bundesliga,Leverkusen,FRA,3,1,complete,2026-04-21 18:10:37.002698
258611,2025-09-12T18:45:00.000Z,ligue1,Marseille,Lorient,4,0,complete,2026-04-21 18:10:37.002698
258783,2025-09-12T19:00:00.000Z,laliga,Sevilla,Elche,2,2,complete,2026-04-21 18:10:37.002698
258264,2025-09-13T11:30:00.000Z,epl,Arsenal,Nottingham,3,0,complete,2026-04-21 18:10:37.002698
258865,2025-09-13T12:00:00.000Z,laliga,Getafe,Real Oviedo,2,0,complete,2026-04-21 18:10:37.002698
258074,2025-09-13T13:00:00.000Z,seriea,Cagliari,Parma,2,0,complete,2026-04-21 18:10:37.002698
258523,2025-09-13T13:30:00.000Z,bundesliga,Heidenheim,Dortmund,0,2,complete,2026-04-21 18:10:37.002698
258525,2025-09-13T13:30:00.000Z,bundesliga,Union Berlin,HOFF,2,4,complete,2026-04-21 18:10:37.002698
258526,2025-09-13T13:30:00.000Z,bundesliga,WOLF,Köln,3,3,complete,2026-04-21 18:10:37.002698
258528,2025-09-13T13:30:00.000Z,bundesliga,Mainz,LEIP,0,1,complete,2026-04-21 18:10:37.002698
258529,2025-09-13T13:30:00.000Z,bundesliga,Freiburg,Stuttgart,3,1,complete,2026-04-21 18:10:37.002698
258258,2025-09-13T14:00:00.000Z,epl,Newcastle,Wolverhampton,1,0,complete,2026-04-21 18:10:37.002698
258260,2025-09-13T14:00:00.000Z,epl,Fulham,Leeds,1,0,complete,2026-04-21 18:10:37.002698
258261,2025-09-13T14:00:00.000Z,epl,Everton,Aston Villa,0,0,complete,2026-04-21 18:10:37.002698
258265,2025-09-13T14:00:00.000Z,epl,Bournemouth,Albion,2,1,complete,2026-04-21 18:10:37.002698
258505,2025-09-13T14:00:00.000Z,epl,Crystal Palace,Sunderland,0,0,complete,2026-04-21 18:10:37.002698
258782,2025-09-13T14:15:00.000Z,laliga,Real Sociedad,Real Madrid,1,2,complete,2026-04-21 18:10:37.002698
258608,2025-09-13T15:00:00.000Z,ligue1,Nice,Nantes,1,0,complete,2026-04-21 18:10:37.002698
258071,2025-09-13T16:00:00.000Z,seriea,Juventus,Inter,4,3,complete,2026-04-21 18:10:37.002698
258257,2025-09-13T16:30:00.000Z,epl,West Ham,Tottenham,0,3,complete,2026-04-21 18:10:37.002698
258736,2025-09-13T16:30:00.000Z,bundesliga,Bayern,HSV,5,0,complete,2026-04-21 18:10:37.002698
258784,2025-09-13T16:30:00.000Z,laliga,Athletic,Alaves,0,1,complete,2026-04-21 18:10:37.002698
258072,2025-09-13T18:45:00.000Z,seriea,Fiorentina,Napoli,1,3,complete,2026-04-21 18:10:37.002698
258263,2025-09-13T19:00:00.000Z,epl,Brentford,Chelsea,2,2,complete,2026-04-21 18:10:37.002698
258789,2025-09-13T19:00:00.000Z,laliga,Atlético,Villarreal,2,0,complete,2026-04-21 18:10:37.002698
258609,2025-09-13T19:05:00.000Z,ligue1,Auxerre,Monaco,1,2,complete,2026-04-21 18:10:37.002698
258033,2025-09-13T23:30:00.000Z,mls,New England,Toronto FC,1,1,complete,2026-04-21 18:10:37.002698
258034,2025-09-13T23:30:00.000Z,mls,CF Montreal,STL FC,0,2,complete,2026-04-21 18:10:37.002698
258035,2025-09-13T23:30:00.000Z,mls,DC,Orlando City,1,1,complete,2026-04-21 18:10:37.002698
258036,2025-09-13T23:30:00.000Z,mls,FC Cincinnati,Nashville,2,1,complete,2026-04-21 18:10:37.002698
258037,2025-09-13T23:30:00.000Z,mls,Charlotte FC,Inter Miami,3,0,complete,2026-04-21 18:10:37.002698
258038,2025-09-13T23:30:00.000Z,mls,Atlanta United,Columbus,4,5,complete,2026-04-21 18:10:37.002698
258032,2025-09-14T00:30:00.000Z,mls,San Jose,LAFC,2,4,complete,2026-04-21 18:10:37.002698
258039,2025-09-14T00:30:00.000Z,mls,Sounders FC,LA Galaxy,2,2,complete,2026-04-21 18:10:37.002698
258040,2025-09-14T00:30:00.000Z,mls,FC Dallas,Austin,2,0,complete,2026-04-21 18:10:37.002698
258041,2025-09-14T00:30:00.000Z,mls,Chicago Fire,NYCFC,1,3,complete,2026-04-21 18:10:37.002698
258043,2025-09-14T01:30:00.000Z,mls,Real Salt Lake,Sporting KC,2,1,complete,2026-04-21 18:10:37.002698
258044,2025-09-14T01:30:00.000Z,mls,Rapids,Houston Dynamo,2,1,complete,2026-04-21 18:10:37.002698
258042,2025-09-14T01:35:00.000Z,mls,Whitecaps,Union,7,0,complete,2026-04-21 18:10:37.002698
258045,2025-09-14T02:30:00.000Z,mls,San Diego FC,Minnesota United,1,3,complete,2026-04-21 18:10:37.002698
258046,2025-09-14T02:30:00.000Z,mls,Timbers,Red Bulls,2,1,complete,2026-04-21 18:10:37.002698
258068,2025-09-14T10:30:00.000Z,seriea,Roma,Torino,0,1,complete,2026-04-21 18:10:37.002698
258787,2025-09-14T12:00:00.000Z,laliga,Celta Vigo,Girona,1,1,complete,2026-04-21 18:10:37.002698
258065,2025-09-14T13:00:00.000Z,seriea,Atalanta,Lecce,4,1,complete,2026-04-21 18:10:37.002698
258069,2025-09-14T13:00:00.000Z,seriea,Pisa,Udinese,0,1,complete,2026-04-21 18:10:37.002698
258262,2025-09-14T13:00:00.000Z,epl,Burnley,Liverpool,0,1,complete,2026-04-21 18:10:37.002698
258604,2025-09-14T13:00:00.000Z,ligue1,Lille,Toulouse,2,1,complete,2026-04-21 18:10:37.002698
258524,2025-09-14T13:30:00.000Z,bundesliga,St Pauli,Augsburg,2,1,complete,2026-04-21 18:10:37.002698
258864,2025-09-14T14:15:00.000Z,laliga,Levante,Betis,2,2,complete,2026-04-21 18:10:37.002698
258605,2025-09-14T15:15:00.000Z,ligue1,Strasbourg,Le Havre,1,0,complete,2026-04-21 18:10:37.002698
258606,2025-09-14T15:15:00.000Z,ligue1,Brest,Paris FC,1,2,complete,2026-04-21 18:10:37.002698
258607,2025-09-14T15:15:00.000Z,ligue1,Metz,Angers,1,1,complete,2026-04-21 18:10:37.002698
258610,2025-09-14T15:15:00.000Z,ligue1,PSG,Lens,2,0,complete,2026-04-21 18:10:37.002698
258259,2025-09-14T15:30:00.000Z,epl,Man City,Man U,3,0,complete,2026-04-21 18:10:37.002698
258527,2025-09-14T15:30:00.000Z,bundesliga,M'gladbach,BRE,0,4,complete,2026-04-21 18:10:37.002698
258067,2025-09-14T16:00:00.000Z,seriea,Sassuolo,Lazio,1,0,complete,2026-04-21 18:10:37.002698
258785,2025-09-14T16:30:00.000Z,laliga,Osasuna,Vallecano,2,0,complete,2026-04-21 18:10:37.002698
258070,2025-09-14T18:45:00.000Z,seriea,Milan,Bologna,1,0,complete,2026-04-21 18:10:37.002698
258603,2025-09-14T18:45:00.000Z,ligue1,Rennes,Lyon,3,1,complete,2026-04-21 18:10:37.002698
258788,2025-09-14T19:00:00.000Z,laliga,Barcelona,Valencia,6,0,complete,2026-04-21 18:10:37.002698
258066,2025-09-15T16:30:00.000Z,seriea,Hellas,Cremonese,0,0,complete,2026-04-21 18:10:37.002698
258073,2025-09-15T18:45:00.000Z,seriea,Como 1907,Genoa,1,1,complete,2026-04-21 18:10:37.002698
258786,2025-09-15T19:00:00.000Z,laliga,Espanyol,Mallorca,3,2,complete,2026-04-21 18:10:37.002698
265626,2025-09-16T16:45:00.000Z,champions,Athletic,Arsenal,0,2,complete,2026-04-21 18:10:37.002698
265627,2025-09-16T16:45:00.000Z,champions,PSV,Union Saint-Gilloise,1,3,complete,2026-04-21 18:10:37.002698
265628,2025-09-16T19:00:00.000Z,champions,Tottenham,Villarreal,1,0,complete,2026-04-21 18:10:37.002698
265629,2025-09-16T19:00:00.000Z,champions,Benfica,Qarabag,2,3,complete,2026-04-21 18:10:37.002698
265630,2025-09-16T19:00:00.000Z,champions,Real Madrid,Marseille,2,1,complete,2026-04-21 18:10:37.002698
265631,2025-09-16T19:00:00.000Z,champions,Juventus,Dortmund,4,4,complete,2026-04-21 18:10:37.002698
258122,2025-09-16T23:30:00.000Z,mls,Inter Miami,Sounders FC,3,1,complete,2026-04-21 18:10:37.002698
265632,2025-09-17T16:45:00.000Z,champions,Slavia Praha,Bodo Glimt,2,2,complete,2026-04-21 18:10:37.002698
265633,2025-09-17T16:45:00.000Z,champions,Olympiacos,Pafos FC,0,0,complete,2026-04-21 18:10:37.002698
265634,2025-09-17T19:00:00.000Z,champions,Ajax,Inter,0,2,complete,2026-04-21 18:10:37.002698
265635,2025-09-17T19:00:00.000Z,champions,Liverpool,Atlético,3,2,complete,2026-04-21 18:10:37.002698
265636,2025-09-17T19:00:00.000Z,champions,PSG,Atalanta,4,0,complete,2026-04-21 18:10:37.002698
265637,2025-09-17T19:00:00.000Z,champions,Bayern,Chelsea,3,1,complete,2026-04-21 18:10:37.002698
261221,2025-09-17T23:30:00.000Z,mls,NYCFC,Columbus,3,2,complete,2026-04-21 18:10:37.002698
258291,2025-09-18T01:30:00.000Z,mls,Real Salt Lake,LAFC,1,4,complete,2026-04-21 18:10:37.002698
265638,2025-09-18T16:45:00.000Z,champions,Copenhagen,Leverkusen,2,2,complete,2026-04-21 18:10:37.002698
265639,2025-09-18T16:45:00.000Z,champions,Brugge,Monaco,4,1,complete,2026-04-21 18:10:37.002698
265640,2025-09-18T19:00:00.000Z,champions,Sporting,Kairat Almaty,4,1,complete,2026-04-21 18:10:37.002698
265641,2025-09-18T19:00:00.000Z,champions,Newcastle,Barcelona,1,2,complete,2026-04-21 18:10:37.002698
265642,2025-09-18T19:00:00.000Z,champions,Man City,Napoli,2,0,complete,2026-04-21 18:10:37.002698
265643,2025-09-18T19:00:00.000Z,champions,FRA,Galatasaray,5,1,complete,2026-04-21 18:10:37.002698
258533,2025-09-19T18:30:00.000Z,bundesliga,Stuttgart,St Pauli,2,0,complete,2026-04-21 18:10:37.002698
258339,2025-09-19T18:45:00.000Z,seriea,Lecce,Cagliari,1,2,complete,2026-04-21 18:10:37.002698
258613,2025-09-19T18:45:00.000Z,ligue1,Lyon,Angers,1,0,complete,2026-04-21 18:10:37.002698
258795,2025-09-19T19:00:00.000Z,laliga,Betis,Real Sociedad,3,1,complete,2026-04-21 18:10:37.002698
258285,2025-09-20T11:30:00.000Z,epl,Liverpool,Everton,2,1,complete,2026-04-21 18:10:37.002698
258866,2025-09-20T12:00:00.000Z,laliga,Girona,Levante,0,4,complete,2026-04-21 18:10:37.002698
258330,2025-09-20T13:00:00.000Z,seriea,Bologna,Genoa,2,1,complete,2026-04-21 18:10:37.002698
258531,2025-09-20T13:30:00.000Z,bundesliga,HOFF,Bayern,1,4,complete,2026-04-21 18:10:37.002698
258532,2025-09-20T13:30:00.000Z,bundesliga,Augsburg,Mainz,1,4,complete,2026-04-21 18:10:37.002698
258534,2025-09-20T13:30:00.000Z,bundesliga,BRE,Freiburg,0,3,complete,2026-04-21 18:10:37.002698
258737,2025-09-20T13:30:00.000Z,bundesliga,HSV,Heidenheim,2,1,complete,2026-04-21 18:10:37.002698
258282,2025-09-20T14:00:00.000Z,epl,Wolverhampton,Leeds,1,3,complete,2026-04-21 18:10:37.002698
258283,2025-09-20T14:00:00.000Z,epl,West Ham,Crystal Palace,1,2,complete,2026-04-21 18:10:37.002698
258287,2025-09-20T14:00:00.000Z,epl,Burnley,Nottingham,1,1,complete,2026-04-21 18:10:37.002698
258288,2025-09-20T14:00:00.000Z,epl,Albion,Tottenham,2,2,complete,2026-04-21 18:10:37.002698
258791,2025-09-20T14:15:00.000Z,laliga,Real Madrid,Espanyol,2,0,complete,2026-04-21 18:10:37.002698
258619,2025-09-20T15:00:00.000Z,ligue1,Nantes,Rennes,2,2,complete,2026-04-21 18:10:37.002698
258266,2025-09-20T16:00:00.000Z,mls,NYCFC,Charlotte FC,2,0,complete,2026-04-21 18:10:37.002698
258338,2025-09-20T16:00:00.000Z,seriea,Hellas,Juventus,1,1,complete,2026-04-21 18:10:37.002698
258284,2025-09-20T16:30:00.000Z,epl,Man U,Chelsea,2,1,complete,2026-04-21 18:10:37.002698
258535,2025-09-20T16:30:00.000Z,bundesliga,LEIP,Köln,3,1,complete,2026-04-21 18:10:37.002698
258790,2025-09-20T16:30:00.000Z,laliga,Villarreal,Osasuna,2,1,complete,2026-04-21 18:10:37.002698
258797,2025-09-20T16:30:00.000Z,laliga,Alaves,Sevilla,1,2,complete,2026-04-21 18:10:37.002698
258617,2025-09-20T17:00:00.000Z,ligue1,Brest,Nice,4,1,complete,2026-04-21 18:10:37.002698
258292,2025-09-20T18:30:00.000Z,mls,Union,New England,1,0,complete,2026-04-21 18:10:37.002698
258337,2025-09-20T18:45:00.000Z,seriea,Udinese,Milan,0,3,complete,2026-04-21 18:10:37.002698
258286,2025-09-20T19:00:00.000Z,epl,Fulham,Brentford,3,1,complete,2026-04-21 18:10:37.002698
258794,2025-09-20T19:00:00.000Z,laliga,Valencia,Athletic,2,0,complete,2026-04-21 18:10:37.002698
258620,2025-09-20T19:05:00.000Z,ligue1,Lens,Lille,3,0,complete,2026-04-21 18:10:37.002698
258293,2025-09-20T20:30:00.000Z,mls,Atlanta United,San Diego FC,1,1,complete,2026-04-21 18:10:37.002698
258294,2025-09-20T23:30:00.000Z,mls,Orlando City,Nashville,3,2,complete,2026-04-21 18:10:37.002698
258295,2025-09-20T23:30:00.000Z,mls,CF Montreal,Red Bulls,0,2,complete,2026-04-21 18:10:37.002698
258296,2025-09-20T23:30:00.000Z,mls,Inter Miami,DC,3,2,complete,2026-04-21 18:10:37.002698
258297,2025-09-20T23:30:00.000Z,mls,Columbus,Toronto FC,1,1,complete,2026-04-21 18:10:37.002698
258298,2025-09-21T00:30:00.000Z,mls,Minnesota United,Chicago Fire,0,3,complete,2026-04-21 18:10:37.002698
258299,2025-09-21T00:30:00.000Z,mls,Sporting KC,Whitecaps,0,2,complete,2026-04-21 18:10:37.002698
258300,2025-09-21T00:30:00.000Z,mls,Houston Dynamo,Timbers,1,0,complete,2026-04-21 18:10:37.002698
258301,2025-09-21T00:30:00.000Z,mls,FC Dallas,Rapids,3,1,complete,2026-04-21 18:10:37.002698
258303,2025-09-21T02:30:00.000Z,mls,San Jose,STL FC,1,3,complete,2026-04-21 18:10:37.002698
258304,2025-09-21T02:30:00.000Z,mls,LA Galaxy,FC Cincinnati,2,3,complete,2026-04-21 18:10:37.002698
258334,2025-09-21T10:30:00.000Z,seriea,Lazio,Roma,0,1,complete,2026-04-21 18:10:37.002698
258792,2025-09-21T12:00:00.000Z,laliga,Vallecano,Celta Vigo,1,1,complete,2026-04-21 18:10:37.002698
258290,2025-09-21T13:00:00.000Z,epl,Bournemouth,Newcastle,0,0,complete,2026-04-21 18:10:37.002698
258331,2025-09-21T13:00:00.000Z,seriea,Cremonese,Parma,0,0,complete,2026-04-21 18:10:37.002698
258336,2025-09-21T13:00:00.000Z,seriea,Torino,Atalanta,0,3,complete,2026-04-21 18:10:37.002698
258506,2025-09-21T13:00:00.000Z,epl,Sunderland,Aston Villa,1,1,complete,2026-04-21 18:10:37.002698
258618,2025-09-21T13:00:00.000Z,ligue1,Paris FC,Strasbourg,2,3,complete,2026-04-21 18:10:37.002698
258537,2025-09-21T13:30:00.000Z,bundesliga,FRA,Union Berlin,3,4,complete,2026-04-21 18:10:37.002698
258793,2025-09-21T14:15:00.000Z,laliga,Mallorca,Atlético,1,1,complete,2026-04-21 18:10:37.002698
258614,2025-09-21T15:15:00.000Z,ligue1,Monaco,Metz,5,2,complete,2026-04-21 18:10:37.002698
258615,2025-09-21T15:15:00.000Z,ligue1,Le Havre,Lorient,1,1,complete,2026-04-21 18:10:37.002698
258616,2025-09-21T15:15:00.000Z,ligue1,Auxerre,Toulouse,1,0,complete,2026-04-21 18:10:37.002698
258289,2025-09-21T15:30:00.000Z,epl,Arsenal,Man City,1,1,complete,2026-04-21 18:10:37.002698
258538,2025-09-21T15:30:00.000Z,bundesliga,Leverkusen,M'gladbach,1,1,complete,2026-04-21 18:10:37.002698
258332,2025-09-21T16:00:00.000Z,seriea,Fiorentina,Como 1907,1,2,complete,2026-04-21 18:10:37.002698
258867,2025-09-21T16:30:00.000Z,laliga,Elche,Real Oviedo,1,0,complete,2026-04-21 18:10:37.002698
258536,2025-09-21T17:30:00.000Z,bundesliga,Dortmund,WOLF,1,0,complete,2026-04-21 18:10:37.002698
258333,2025-09-21T18:45:00.000Z,seriea,Inter,Sassuolo,2,1,complete,2026-04-21 18:10:37.002698
258796,2025-09-21T19:00:00.000Z,laliga,Barcelona,Getafe,3,0,complete,2026-04-21 18:10:37.002698
258302,2025-09-21T23:00:00.000Z,mls,Austin,Sounders FC,2,1,complete,2026-04-21 18:10:37.002698
258340,2025-09-22T01:00:00.000Z,mls,LAFC,Real Salt Lake,4,1,complete,2026-04-21 18:10:37.002698
273502,2025-09-22T18:00:00.000Z,ligue1,Marseille,PSG,1,0,complete,2026-04-21 18:10:37.002698
258335,2025-09-22T18:45:00.000Z,seriea,Napoli,Pisa,3,2,complete,2026-04-21 18:10:37.002698
258803,2025-09-23T17:00:00.000Z,laliga,Espanyol,Valencia,2,2,complete,2026-04-21 18:10:37.002698
258805,2025-09-23T17:00:00.000Z,laliga,Athletic,Girona,1,1,complete,2026-04-21 18:10:37.002698
258802,2025-09-23T19:30:00.000Z,laliga,Sevilla,Villarreal,1,2,complete,2026-04-21 18:10:37.002698
258869,2025-09-23T19:30:00.000Z,laliga,Levante,Real Madrid,1,4,complete,2026-04-21 18:10:37.002698
265716,2025-09-24T16:45:00.000Z,europa,PAOK,Maccabi,0,0,complete,2026-04-21 18:10:37.002698
265717,2025-09-24T16:45:00.000Z,europa,Midtjylland,Sturm Graz,2,0,complete,2026-04-21 18:10:37.002698
258801,2025-09-24T17:00:00.000Z,laliga,Getafe,Alaves,1,1,complete,2026-04-21 18:10:37.002698
265718,2025-09-24T19:00:00.000Z,europa,Nice,Roma,1,2,complete,2026-04-21 18:10:37.002698
265719,2025-09-24T19:00:00.000Z,europa,Malmo,Ludogorets,1,2,complete,2026-04-21 18:10:37.002698
265720,2025-09-24T19:00:00.000Z,europa,Zagreb,Fenerbahce,3,1,complete,2026-04-21 18:10:37.002698
265721,2025-09-24T19:00:00.000Z,europa,Braga,Feyenoord,1,0,complete,2026-04-21 18:10:37.002698
265871,2025-09-24T19:00:00.000Z,europa,Freiburg,Basel,2,1,complete,2026-04-21 18:10:37.002698
265872,2025-09-24T19:00:00.000Z,europa,Belgrade,Celtic,1,1,complete,2026-04-21 18:10:37.002698
265873,2025-09-24T19:00:00.000Z,europa,Betis,Nottingham,2,2,complete,2026-04-21 18:10:37.002698
258798,2025-09-24T19:30:00.000Z,laliga,Real Sociedad,Mallorca,1,0,complete,2026-04-21 18:10:37.002698
258804,2025-09-24T19:30:00.000Z,laliga,Atlético,Vallecano,3,2,complete,2026-04-21 18:10:37.002698
258397,2025-09-24T23:30:00.000Z,mls,NYCFC,Inter Miami,0,4,complete,2026-04-21 18:10:37.002698
258398,2025-09-25T02:30:00.000Z,mls,Whitecaps,Timbers,1,1,complete,2026-04-21 18:10:37.002698
265874,2025-09-25T16:45:00.000Z,europa,Lille,Brann,2,1,complete,2026-04-21 18:10:37.002698
265875,2025-09-25T16:45:00.000Z,europa,Go Ahead Eagles,Steaua,0,1,complete,2026-04-21 18:10:37.002698
258799,2025-09-25T17:30:00.000Z,laliga,Osasuna,Elche,1,1,complete,2026-04-21 18:10:37.002698
265722,2025-09-25T19:00:00.000Z,europa,Young Boys,PAN,1,4,complete,2026-04-21 18:10:37.002698
265723,2025-09-25T19:00:00.000Z,europa,FC Utrecht,Lyon,0,1,complete,2026-04-21 18:10:37.002698
265724,2025-09-25T19:00:00.000Z,europa,Red Bull,Porto,0,1,complete,2026-04-21 18:10:37.002698
265725,2025-09-25T19:00:00.000Z,europa,Rangers,Genk,0,1,complete,2026-04-21 18:10:37.002698
265726,2025-09-25T19:00:00.000Z,europa,Ferencvaros,Viktoria,1,1,complete,2026-04-21 18:10:37.002698
265876,2025-09-25T19:00:00.000Z,europa,Stuttgart,Celta Vigo,2,1,complete,2026-04-21 18:10:37.002698
265877,2025-09-25T19:00:00.000Z,europa,Aston Villa,Bologna,1,0,complete,2026-04-21 18:10:37.002698
258868,2025-09-25T19:30:00.000Z,laliga,Real Oviedo,Barcelona,1,3,complete,2026-04-21 18:10:37.002698
258575,2025-09-26T18:30:00.000Z,bundesliga,Bayern,BRE,4,0,complete,2026-04-21 18:10:37.002698
258678,2025-09-26T18:45:00.000Z,ligue1,Strasbourg,Marseille,1,2,complete,2026-04-21 18:10:37.002698
258806,2025-09-26T19:00:00.000Z,laliga,Girona,Espanyol,0,0,complete,2026-04-21 18:10:37.002698
258566,2025-09-27T11:30:00.000Z,epl,Brentford,Man U,3,1,complete,2026-04-21 18:10:37.002698
258871,2025-09-27T12:00:00.000Z,laliga,Getafe,Levante,1,1,complete,2026-04-21 18:10:37.002698
258668,2025-09-27T13:00:00.000Z,seriea,Como 1907,Cremonese,1,1,complete,2026-04-21 18:10:37.002698
258569,2025-09-27T13:30:00.000Z,bundesliga,Heidenheim,Augsburg,2,1,complete,2026-04-21 18:10:37.002698
258570,2025-09-27T13:30:00.000Z,bundesliga,St Pauli,Leverkusen,1,2,complete,2026-04-21 18:10:37.002698
258571,2025-09-27T13:30:00.000Z,bundesliga,WOLF,LEIP,0,1,complete,2026-04-21 18:10:37.002698
258573,2025-09-27T13:30:00.000Z,bundesliga,Mainz,Dortmund,0,2,complete,2026-04-21 18:10:37.002698
258561,2025-09-27T14:00:00.000Z,epl,Man City,Burnley,5,1,complete,2026-04-21 18:10:37.002698
258562,2025-09-27T14:00:00.000Z,epl,Leeds,Bournemouth,2,2,complete,2026-04-21 18:10:37.002698
258564,2025-09-27T14:00:00.000Z,epl,Crystal Palace,Liverpool,2,1,complete,2026-04-21 18:10:37.002698
258565,2025-09-27T14:00:00.000Z,epl,Chelsea,Albion,1,3,complete,2026-04-21 18:10:37.002698
258813,2025-09-27T14:15:00.000Z,laliga,Atlético,Real Madrid,5,2,complete,2026-04-21 18:10:37.002698
258672,2025-09-27T15:00:00.000Z,ligue1,Lorient,Monaco,3,1,complete,2026-04-21 18:10:37.002698
258666,2025-09-27T16:00:00.000Z,seriea,Juventus,Atalanta,1,1,complete,2026-04-21 18:10:37.002698
258559,2025-09-27T16:30:00.000Z,epl,Nottingham,Sunderland,0,1,complete,2026-04-21 18:10:37.002698
258572,2025-09-27T16:30:00.000Z,bundesliga,M'gladbach,FRA,4,6,complete,2026-04-21 18:10:37.002698
258809,2025-09-27T16:30:00.000Z,laliga,Mallorca,Alaves,1,0,complete,2026-04-21 18:10:37.002698
258675,2025-09-27T17:00:00.000Z,ligue1,Toulouse,Nantes,2,2,complete,2026-04-21 18:10:37.002698
258669,2025-09-27T18:45:00.000Z,seriea,Cagliari,Inter,0,2,complete,2026-04-21 18:10:37.002698
258558,2025-09-27T19:00:00.000Z,epl,Tottenham,Wolverhampton,1,1,complete,2026-04-21 18:10:37.002698
258808,2025-09-27T19:00:00.000Z,laliga,Villarreal,Athletic,1,0,complete,2026-04-21 18:10:37.002698
258670,2025-09-27T19:05:00.000Z,ligue1,PSG,Auxerre,2,0,complete,2026-04-21 18:10:37.002698
258623,2025-09-27T20:30:00.000Z,mls,Toronto FC,Inter Miami,1,1,complete,2026-04-21 18:10:37.002698
258624,2025-09-27T23:30:00.000Z,mls,Red Bulls,NYCFC,2,3,complete,2026-04-21 18:10:37.002698
258625,2025-09-27T23:30:00.000Z,mls,New England,Atlanta United,2,0,complete,2026-04-21 18:10:37.002698
258626,2025-09-27T23:30:00.000Z,mls,DC,Union,0,6,complete,2026-04-21 18:10:37.002698
258627,2025-09-27T23:30:00.000Z,mls,Charlotte FC,CF Montreal,1,4,complete,2026-04-21 18:10:37.002698
258628,2025-09-28T00:30:00.000Z,mls,STL FC,LAFC,0,3,complete,2026-04-21 18:10:37.002698
258629,2025-09-28T00:30:00.000Z,mls,Nashville,Houston Dynamo,3,1,complete,2026-04-21 18:10:37.002698
258630,2025-09-28T00:30:00.000Z,mls,Chicago Fire,Columbus,2,0,complete,2026-04-21 18:10:37.002698
258631,2025-09-28T01:30:00.000Z,mls,Real Salt Lake,Austin,3,1,complete,2026-04-21 18:10:37.002698
258632,2025-09-28T01:30:00.000Z,mls,Rapids,Minnesota United,1,1,complete,2026-04-21 18:10:37.002698
258633,2025-09-28T02:30:00.000Z,mls,Sounders FC,Whitecaps,2,2,complete,2026-04-21 18:10:37.002698
258634,2025-09-28T02:30:00.000Z,mls,San Diego FC,San Jose,0,1,complete,2026-04-21 18:10:37.002698
258635,2025-09-28T02:30:00.000Z,mls,Timbers,FC Dallas,2,2,complete,2026-04-21 18:10:37.002698
258636,2025-09-28T02:30:00.000Z,mls,LA Galaxy,Sporting KC,4,1,complete,2026-04-21 18:10:37.002698
258660,2025-09-28T10:30:00.000Z,seriea,Sassuolo,Udinese,3,1,complete,2026-04-21 18:10:37.002698
258810,2025-09-28T12:00:00.000Z,laliga,Vallecano,Sevilla,0,1,complete,2026-04-21 18:10:37.002698
258567,2025-09-28T13:00:00.000Z,epl,Aston Villa,Fulham,3,1,complete,2026-04-21 18:10:37.002698
258661,2025-09-28T13:00:00.000Z,seriea,Roma,Hellas,2,0,complete,2026-04-21 18:10:37.002698
258662,2025-09-28T13:00:00.000Z,seriea,Pisa,Fiorentina,0,0,complete,2026-04-21 18:10:37.002698
258673,2025-09-28T13:00:00.000Z,ligue1,Nice,Paris FC,1,1,complete,2026-04-21 18:10:37.002698
258574,2025-09-28T13:30:00.000Z,bundesliga,Freiburg,HOFF,1,1,complete,2026-04-21 18:10:37.002698
258807,2025-09-28T14:15:00.000Z,laliga,Elche,Celta Vigo,2,1,complete,2026-04-21 18:10:37.002698
258671,2025-09-28T15:15:00.000Z,ligue1,Lille,Lyon,0,1,complete,2026-04-21 18:10:37.002698
258674,2025-09-28T15:15:00.000Z,ligue1,Metz,Le Havre,0,0,complete,2026-04-21 18:10:37.002698
258677,2025-09-28T15:15:00.000Z,ligue1,Angers,Brest,0,2,complete,2026-04-21 18:10:37.002698
258560,2025-09-28T15:30:00.000Z,epl,Newcastle,Arsenal,1,2,complete,2026-04-21 18:10:37.002698
258568,2025-09-28T15:30:00.000Z,bundesliga,Köln,Stuttgart,1,2,complete,2026-04-21 18:10:37.002698
258665,2025-09-28T16:00:00.000Z,seriea,Lecce,Bologna,2,2,complete,2026-04-21 18:10:37.002698
258812,2025-09-28T16:30:00.000Z,laliga,Barcelona,Real Sociedad,2,1,complete,2026-04-21 18:10:37.002698
258738,2025-09-28T17:30:00.000Z,bundesliga,Union Berlin,HSV,0,0,complete,2026-04-21 18:10:37.002698
258664,2025-09-28T18:45:00.000Z,seriea,Milan,Napoli,2,1,complete,2026-04-21 18:10:37.002698
258676,2025-09-28T18:45:00.000Z,ligue1,Rennes,Lens,0,0,complete,2026-04-21 18:10:37.002698
258811,2025-09-28T19:00:00.000Z,laliga,Betis,Osasuna,2,0,complete,2026-04-21 18:10:37.002698
258622,2025-09-28T23:00:00.000Z,mls,FC Cincinnati,Orlando City,1,1,complete,2026-04-21 18:10:37.002698
258663,2025-09-29T16:30:00.000Z,seriea,Parma,Torino,2,1,complete,2026-04-21 18:10:37.002698
258667,2025-09-29T18:45:00.000Z,seriea,Genoa,Lazio,0,3,complete,2026-04-21 18:10:37.002698
259781,2025-09-29T19:00:00.000Z,epl,Everton,West Ham,1,1,complete,2026-04-21 18:10:37.002698
265644,2025-09-30T16:45:00.000Z,champions,Atalanta,Brugge,2,1,complete,2026-04-21 18:10:37.002698
265645,2025-09-30T16:45:00.000Z,champions,Kairat Almaty,Real Madrid,0,5,complete,2026-04-21 18:10:37.002698
278211,2025-09-30T18:00:00.000Z,laliga,Valencia,Real Oviedo,1,2,complete,2026-04-21 18:10:37.002698
265646,2025-09-30T19:00:00.000Z,champions,Pafos FC,Bayern,1,5,complete,2026-04-21 18:10:37.002698
265647,2025-09-30T19:00:00.000Z,champions,Marseille,Ajax,4,0,complete,2026-04-21 18:10:37.002698
265648,2025-09-30T19:00:00.000Z,champions,Galatasaray,Liverpool,1,0,complete,2026-04-21 18:10:37.002698
265649,2025-09-30T19:00:00.000Z,champions,Bodo Glimt,Tottenham,2,2,complete,2026-04-21 18:10:37.002698
265650,2025-09-30T19:00:00.000Z,champions,Inter,Slavia Praha,3,0,complete,2026-04-21 18:10:37.002698
265651,2025-09-30T19:00:00.000Z,champions,Chelsea,Benfica,1,0,complete,2026-04-21 18:10:37.002698
265652,2025-09-30T19:00:00.000Z,champions,Atlético,FRA,5,1,complete,2026-04-21 18:10:37.002698
263583,2025-09-30T23:30:00.000Z,mls,Inter Miami,Chicago Fire,3,5,complete,2026-04-21 18:10:37.002698
265653,2025-10-01T16:45:00.000Z,champions,Union Saint-Gilloise,Newcastle,0,4,complete,2026-04-21 18:10:37.002698
265654,2025-10-01T16:45:00.000Z,champions,Qarabag,Copenhagen,2,0,complete,2026-04-21 18:10:37.002698
265655,2025-10-01T19:00:00.000Z,champions,Villarreal,Juventus,2,2,complete,2026-04-21 18:10:37.002698
265656,2025-10-01T19:00:00.000Z,champions,Napoli,Sporting,2,1,complete,2026-04-21 18:10:37.002698
265657,2025-10-01T19:00:00.000Z,champions,Barcelona,PSG,1,2,complete,2026-04-21 18:10:37.002698
265658,2025-10-01T19:00:00.000Z,champions,Dortmund,Athletic,4,1,complete,2026-04-21 18:10:37.002698
265659,2025-10-01T19:00:00.000Z,champions,Leverkusen,PSV,1,1,complete,2026-04-21 18:10:37.002698
265660,2025-10-01T19:00:00.000Z,champions,Monaco,Man City,2,2,complete,2026-04-21 18:10:37.002698
265661,2025-10-01T19:00:00.000Z,champions,Arsenal,Olympiacos,2,0,complete,2026-04-21 18:10:37.002698
265727,2025-10-02T16:45:00.000Z,europa,Viktoria,Malmo,3,0,complete,2026-04-21 18:10:37.002698
265728,2025-10-02T16:45:00.000Z,europa,Ludogorets,Betis,0,2,complete,2026-04-21 18:10:37.002698
265729,2025-10-02T16:45:00.000Z,europa,Fenerbahce,Nice,2,1,complete,2026-04-21 18:10:37.002698
265730,2025-10-02T16:45:00.000Z,europa,Steaua,Young Boys,0,2,complete,2026-04-21 18:10:37.002698
265731,2025-10-02T16:45:00.000Z,europa,Brann,FC Utrecht,1,0,complete,2026-04-21 18:10:37.002698
265878,2025-10-02T16:45:00.000Z,europa,PAN,Go Ahead Eagles,1,2,complete,2026-04-21 18:10:37.002698
265879,2025-10-02T16:45:00.000Z,europa,Celtic,Braga,0,2,complete,2026-04-21 18:10:37.002698
265880,2025-10-02T16:45:00.000Z,europa,Bologna,Freiburg,1,1,complete,2026-04-21 18:10:37.002698
265881,2025-10-02T16:45:00.000Z,europa,Roma,Lille,0,1,complete,2026-04-21 18:10:37.002698
265732,2025-10-02T19:00:00.000Z,europa,Sturm Graz,Rangers,2,1,complete,2026-04-21 18:10:37.002698
265733,2025-10-02T19:00:00.000Z,europa,Maccabi,Zagreb,1,3,complete,2026-04-21 18:10:37.002698
265734,2025-10-02T19:00:00.000Z,europa,Lyon,Red Bull,2,0,complete,2026-04-21 18:10:37.002698
265735,2025-10-02T19:00:00.000Z,europa,Genk,Ferencvaros,0,1,complete,2026-04-21 18:10:37.002698
265736,2025-10-02T19:00:00.000Z,europa,Porto,Belgrade,2,1,complete,2026-04-21 18:10:37.002698
265882,2025-10-02T19:00:00.000Z,europa,Nottingham,Midtjylland,2,3,complete,2026-04-21 18:10:37.002698
265883,2025-10-02T19:00:00.000Z,europa,Feyenoord,Aston Villa,0,2,complete,2026-04-21 18:10:37.002698
265884,2025-10-02T19:00:00.000Z,europa,Celta Vigo,PAOK,3,1,complete,2026-04-21 18:10:37.002698
265885,2025-10-02T19:00:00.000Z,europa,Basel,Stuttgart,2,0,complete,2026-04-21 18:10:37.002698
258912,2025-10-03T18:30:00.000Z,bundesliga,HOFF,Köln,0,1,complete,2026-04-21 18:10:37.002698
258967,2025-10-03T18:45:00.000Z,seriea,Hellas,Sassuolo,0,1,complete,2026-04-21 18:10:37.002698
267069,2025-10-03T18:45:00.000Z,ligue1,Paris FC,Lorient,2,0,complete,2026-04-21 18:10:37.002698
258910,2025-10-03T19:00:00.000Z,epl,Bournemouth,Fulham,3,1,complete,2026-04-21 18:10:37.002698
266267,2025-10-03T19:00:00.000Z,laliga,Osasuna,Getafe,2,1,complete,2026-04-21 18:10:37.002698
258904,2025-10-04T11:30:00.000Z,epl,Leeds,Tottenham,1,2,complete,2026-04-21 18:10:37.002698
258957,2025-10-04T12:00:00.000Z,laliga,Real Oviedo,Levante,0,2,complete,2026-04-21 18:10:37.002698
258969,2025-10-04T13:00:00.000Z,seriea,Parma,Lecce,0,1,complete,2026-04-21 18:10:37.002698
258971,2025-10-04T13:00:00.000Z,seriea,Lazio,Torino,3,3,complete,2026-04-21 18:10:37.002698
258913,2025-10-04T13:30:00.000Z,bundesliga,Augsburg,WOLF,3,1,complete,2026-04-21 18:10:37.002698
258916,2025-10-04T13:30:00.000Z,bundesliga,BRE,St Pauli,1,0,complete,2026-04-21 18:10:37.002698
258917,2025-10-04T13:30:00.000Z,bundesliga,Dortmund,LEIP,1,1,complete,2026-04-21 18:10:37.002698
258919,2025-10-04T13:30:00.000Z,bundesliga,Leverkusen,Union Berlin,2,0,complete,2026-04-21 18:10:37.002698
258903,2025-10-04T14:00:00.000Z,epl,Man U,Sunderland,2,0,complete,2026-04-21 18:10:37.002698
258909,2025-10-04T14:00:00.000Z,epl,Arsenal,West Ham,2,0,complete,2026-04-21 18:10:37.002698
258963,2025-10-04T14:15:00.000Z,laliga,Girona,Valencia,2,1,complete,2026-04-21 18:10:37.002698
258983,2025-10-04T15:00:00.000Z,ligue1,Metz,Marseille,0,3,complete,2026-04-21 18:10:37.002698
258973,2025-10-04T16:00:00.000Z,seriea,Inter,Cremonese,4,1,complete,2026-04-21 18:10:37.002698
258906,2025-10-04T16:30:00.000Z,epl,Chelsea,Liverpool,2,1,complete,2026-04-21 18:10:37.002698
258918,2025-10-04T16:30:00.000Z,bundesliga,FRA,Bayern,0,3,complete,2026-04-21 18:10:37.002698
258964,2025-10-04T16:30:00.000Z,laliga,Athletic,Mallorca,2,1,complete,2026-04-21 18:10:37.002698
258978,2025-10-04T17:00:00.000Z,ligue1,Brest,Nantes,0,0,complete,2026-04-21 18:10:37.002698
258920,2025-10-04T18:30:00.000Z,mls,CF Montreal,Nashville,1,1,complete,2026-04-21 18:10:37.002698
258921,2025-10-04T18:30:00.000Z,mls,DC,Charlotte FC,0,1,complete,2026-04-21 18:10:37.002698
258966,2025-10-04T18:45:00.000Z,seriea,Atalanta,Como 1907,1,1,complete,2026-04-21 18:10:37.002698
258962,2025-10-04T19:00:00.000Z,laliga,Real Madrid,Villarreal,3,1,complete,2026-04-21 18:10:37.002698
258977,2025-10-04T19:05:00.000Z,ligue1,Auxerre,Lens,1,2,complete,2026-04-21 18:10:37.002698
258922,2025-10-04T20:30:00.000Z,mls,FC Dallas,LA Galaxy,2,1,complete,2026-04-21 18:10:37.002698
258923,2025-10-04T23:30:00.000Z,mls,Union,NYCFC,1,0,complete,2026-04-21 18:10:37.002698
258924,2025-10-04T23:30:00.000Z,mls,Orlando City,Columbus,1,1,complete,2026-04-21 18:10:37.002698
258925,2025-10-04T23:30:00.000Z,mls,Red Bulls,FC Cincinnati,0,1,complete,2026-04-21 18:10:37.002698
258926,2025-10-04T23:30:00.000Z,mls,Inter Miami,New England,4,1,complete,2026-04-21 18:10:37.002698
258927,2025-10-05T00:30:00.000Z,mls,Minnesota United,Sporting KC,3,0,complete,2026-04-21 18:10:37.002698
258928,2025-10-05T00:30:00.000Z,mls,Houston Dynamo,San Diego FC,2,4,complete,2026-04-21 18:10:37.002698
258929,2025-10-05T00:30:00.000Z,mls,Chicago Fire,Toronto FC,2,2,complete,2026-04-21 18:10:37.002698
258930,2025-10-05T00:30:00.000Z,mls,Austin,STL FC,1,3,complete,2026-04-21 18:10:37.002698
258931,2025-10-05T01:30:00.000Z,mls,Real Salt Lake,Rapids,1,0,complete,2026-04-21 18:10:37.002698
258932,2025-10-05T02:30:00.000Z,mls,Sounders FC,Timbers,1,0,complete,2026-04-21 18:10:37.002698
258968,2025-10-05T10:30:00.000Z,seriea,Udinese,Cagliari,1,1,complete,2026-04-21 18:10:37.002698
258965,2025-10-05T12:00:00.000Z,laliga,Alaves,Elche,3,1,complete,2026-04-21 18:10:37.002698
258901,2025-10-05T13:00:00.000Z,epl,Wolverhampton,Albion,1,1,complete,2026-04-21 18:10:37.002698
258902,2025-10-05T13:00:00.000Z,epl,Newcastle,Nottingham,2,0,complete,2026-04-21 18:10:37.002698
258905,2025-10-05T13:00:00.000Z,epl,Everton,Crystal Palace,2,1,complete,2026-04-21 18:10:37.002698
258908,2025-10-05T13:00:00.000Z,epl,Aston Villa,Burnley,2,1,complete,2026-04-21 18:10:37.002698
258974,2025-10-05T13:00:00.000Z,seriea,Fiorentina,Roma,1,2,complete,2026-04-21 18:10:37.002698
258975,2025-10-05T13:00:00.000Z,seriea,Bologna,Pisa,4,0,complete,2026-04-21 18:10:37.002698
258982,2025-10-05T13:00:00.000Z,ligue1,Lyon,Toulouse,1,2,complete,2026-04-21 18:10:37.002698
258915,2025-10-05T13:30:00.000Z,bundesliga,Stuttgart,Heidenheim,1,0,complete,2026-04-21 18:10:37.002698
258960,2025-10-05T14:15:00.000Z,laliga,Sevilla,Barcelona,4,1,complete,2026-04-21 18:10:37.002698
258979,2025-10-05T15:15:00.000Z,ligue1,Strasbourg,Angers,5,0,complete,2026-04-21 18:10:37.002698
258981,2025-10-05T15:15:00.000Z,ligue1,Le Havre,Rennes,2,2,complete,2026-04-21 18:10:37.002698
258984,2025-10-05T15:15:00.000Z,ligue1,Monaco,Nice,2,2,complete,2026-04-21 18:10:37.002698
258907,2025-10-05T15:30:00.000Z,epl,Brentford,Man City,0,1,complete,2026-04-21 18:10:37.002698
258911,2025-10-05T15:30:00.000Z,bundesliga,HSV,Mainz,4,0,complete,2026-04-21 18:10:37.002698
258970,2025-10-05T16:00:00.000Z,seriea,Napoli,Genoa,2,1,complete,2026-04-21 18:10:37.002698
258956,2025-10-05T16:30:00.000Z,laliga,Real Sociedad,Vallecano,0,1,complete,2026-04-21 18:10:37.002698
258959,2025-10-05T16:30:00.000Z,laliga,Espanyol,Betis,1,2,complete,2026-04-21 18:10:37.002698
258914,2025-10-05T17:30:00.000Z,bundesliga,M'gladbach,Freiburg,0,0,complete,2026-04-21 18:10:37.002698
258972,2025-10-05T18:45:00.000Z,seriea,Juventus,Milan,0,0,complete,2026-04-21 18:10:37.002698
258976,2025-10-05T18:45:00.000Z,ligue1,Lille,PSG,1,1,complete,2026-04-21 18:10:37.002698
258961,2025-10-05T19:00:00.000Z,laliga,Celta Vigo,Atlético,1,1,complete,2026-04-21 18:10:37.002698
258985,2025-10-05T22:00:00.000Z,mls,Whitecaps,San Jose,4,1,complete,2026-04-21 18:10:37.002698
258986,2025-10-06T01:00:00.000Z,mls,LAFC,Atlanta United,1,0,complete,2026-04-21 18:10:37.002698
259123,2025-10-09T02:30:00.000Z,mls,LAFC,Toronto FC,2,0,complete,2026-04-21 18:10:37.002698
259169,2025-10-11T23:30:00.000Z,mls,Inter Miami,Atlanta United,4,0,complete,2026-04-21 18:10:37.002698
263584,2025-10-11T23:30:00.000Z,mls,Orlando City,Whitecaps,1,2,complete,2026-04-21 18:10:37.002698
263585,2025-10-12T01:30:00.000Z,mls,Sounders FC,Real Salt Lake,1,0,complete,2026-04-21 18:10:37.002698
263586,2025-10-12T02:30:00.000Z,mls,LA Galaxy,FC Dallas,2,1,complete,2026-04-21 18:10:37.002698
259302,2025-10-12T23:00:00.000Z,mls,Austin,LAFC,1,0,complete,2026-04-21 18:10:37.002698
259330,2025-10-17T18:30:00.000Z,bundesliga,Union Berlin,M'gladbach,3,1,complete,2026-04-21 18:10:37.002698
259411,2025-10-17T18:45:00.000Z,ligue1,PSG,Strasbourg,3,3,complete,2026-04-21 18:10:37.002698
259386,2025-10-17T19:00:00.000Z,laliga,Real Oviedo,Espanyol,0,2,complete,2026-04-21 18:10:37.002698
259320,2025-10-18T11:30:00.000Z,epl,Nottingham,Chelsea,0,3,complete,2026-04-21 18:10:37.002698
259385,2025-10-18T12:00:00.000Z,laliga,Sevilla,Mallorca,1,3,complete,2026-04-21 18:10:37.002698
259399,2025-10-18T13:00:00.000Z,seriea,Lecce,Sassuolo,0,0,complete,2026-04-21 18:10:37.002698
259401,2025-10-18T13:00:00.000Z,seriea,Pisa,Hellas,0,0,complete,2026-04-21 18:10:37.002698
259327,2025-10-18T13:30:00.000Z,bundesliga,Köln,Augsburg,1,1,complete,2026-04-21 18:10:37.002698
259328,2025-10-18T13:30:00.000Z,bundesliga,Heidenheim,BRE,2,2,complete,2026-04-21 18:10:37.002698
259331,2025-10-18T13:30:00.000Z,bundesliga,WOLF,Stuttgart,0,3,complete,2026-04-21 18:10:37.002698
259332,2025-10-18T13:30:00.000Z,bundesliga,LEIP,HSV,2,1,complete,2026-04-21 18:10:37.002698
259333,2025-10-18T13:30:00.000Z,bundesliga,Mainz,Leverkusen,3,4,complete,2026-04-21 18:10:37.002698
259319,2025-10-18T14:00:00.000Z,epl,Sunderland,Wolverhampton,2,0,complete,2026-04-21 18:10:37.002698
259321,2025-10-18T14:00:00.000Z,epl,Man City,Everton,2,0,complete,2026-04-21 18:10:37.002698
259324,2025-10-18T14:00:00.000Z,epl,Crystal Palace,Bournemouth,3,3,complete,2026-04-21 18:10:37.002698
259325,2025-10-18T14:00:00.000Z,epl,Burnley,Leeds,2,0,complete,2026-04-21 18:10:37.002698
259326,2025-10-18T14:00:00.000Z,epl,Albion,Newcastle,2,1,complete,2026-04-21 18:10:37.002698
259392,2025-10-18T14:15:00.000Z,laliga,Barcelona,Girona,2,1,complete,2026-04-21 18:10:37.002698
259412,2025-10-18T15:00:00.000Z,ligue1,Nice,Lyon,3,2,complete,2026-04-21 18:10:37.002698
259403,2025-10-18T16:00:00.000Z,seriea,Torino,Napoli,1,0,complete,2026-04-21 18:10:37.002698
259323,2025-10-18T16:30:00.000Z,epl,Fulham,Arsenal,0,1,complete,2026-04-21 18:10:37.002698
259335,2025-10-18T16:30:00.000Z,bundesliga,Bayern,Dortmund,2,1,complete,2026-04-21 18:10:37.002698
259387,2025-10-18T16:30:00.000Z,laliga,Villarreal,Betis,2,2,complete,2026-04-21 18:10:37.002698
259407,2025-10-18T17:00:00.000Z,ligue1,Angers,Monaco,1,1,complete,2026-04-21 18:10:37.002698
259402,2025-10-18T18:45:00.000Z,seriea,Roma,Inter,0,1,complete,2026-04-21 18:10:37.002698
259393,2025-10-18T19:00:00.000Z,laliga,Atlético,Osasuna,1,0,complete,2026-04-21 18:10:37.002698
259413,2025-10-18T19:05:00.000Z,ligue1,Marseille,Le Havre,6,2,complete,2026-04-21 18:10:37.002698
259336,2025-10-18T22:00:00.000Z,mls,Toronto FC,Orlando City,4,2,complete,2026-04-21 18:10:37.002698
259337,2025-10-18T22:00:00.000Z,mls,NYCFC,Sounders FC,1,2,complete,2026-04-21 18:10:37.002698
259338,2025-10-18T22:00:00.000Z,mls,New England,Chicago Fire,2,2,complete,2026-04-21 18:10:37.002698
259339,2025-10-18T22:00:00.000Z,mls,Nashville,Inter Miami,2,5,complete,2026-04-21 18:10:37.002698
259340,2025-10-18T22:00:00.000Z,mls,Columbus,Red Bulls,3,1,complete,2026-04-21 18:10:37.002698
259341,2025-10-18T22:00:00.000Z,mls,FC Cincinnati,CF Montreal,3,0,complete,2026-04-21 18:10:37.002698
259342,2025-10-18T22:00:00.000Z,mls,Charlotte FC,Union,2,0,complete,2026-04-21 18:10:37.002698
259343,2025-10-18T22:00:00.000Z,mls,Atlanta United,DC,1,1,complete,2026-04-21 18:10:37.002698
259344,2025-10-19T01:00:00.000Z,mls,Whitecaps,FC Dallas,1,2,complete,2026-04-21 18:10:37.002698
259345,2025-10-19T01:00:00.000Z,mls,STL FC,Real Salt Lake,2,2,complete,2026-04-21 18:10:37.002698
259346,2025-10-19T01:00:00.000Z,mls,San Jose,Austin,2,1,complete,2026-04-21 18:10:37.002698
259347,2025-10-19T01:00:00.000Z,mls,Timbers,San Diego FC,0,4,complete,2026-04-21 18:10:37.002698
259348,2025-10-19T01:00:00.000Z,mls,LA Galaxy,Minnesota United,2,1,complete,2026-04-21 18:10:37.002698
259349,2025-10-19T01:00:00.000Z,mls,Sporting KC,Houston Dynamo,0,0,complete,2026-04-21 18:10:37.002698
259350,2025-10-19T01:00:00.000Z,mls,Rapids,LAFC,2,2,complete,2026-04-21 18:10:37.002698
259404,2025-10-19T10:30:00.000Z,seriea,Como 1907,Juventus,2,0,complete,2026-04-21 18:10:37.002698
259388,2025-10-19T12:00:00.000Z,laliga,Elche,Athletic,0,0,complete,2026-04-21 18:10:37.002698
259318,2025-10-19T13:00:00.000Z,epl,Tottenham,Aston Villa,1,2,complete,2026-04-21 18:10:37.002698
259396,2025-10-19T13:00:00.000Z,seriea,Cagliari,Bologna,0,2,complete,2026-04-21 18:10:37.002698
259398,2025-10-19T13:00:00.000Z,seriea,Genoa,Parma,0,0,complete,2026-04-21 18:10:37.002698
259409,2025-10-19T13:00:00.000Z,ligue1,Lens,Paris FC,2,1,complete,2026-04-21 18:10:37.002698
259334,2025-10-19T13:30:00.000Z,bundesliga,Freiburg,FRA,2,2,complete,2026-04-21 18:10:37.002698
259391,2025-10-19T14:15:00.000Z,laliga,Celta Vigo,Real Sociedad,1,1,complete,2026-04-21 18:10:37.002698
259405,2025-10-19T15:15:00.000Z,ligue1,Rennes,Auxerre,2,2,complete,2026-04-21 18:10:37.002698
259408,2025-10-19T15:15:00.000Z,ligue1,Lorient,Brest,3,3,complete,2026-04-21 18:10:37.002698
259410,2025-10-19T15:15:00.000Z,ligue1,Toulouse,Metz,4,0,complete,2026-04-21 18:10:37.002698
259322,2025-10-19T15:30:00.000Z,epl,Liverpool,Man U,1,2,complete,2026-04-21 18:10:37.002698
259329,2025-10-19T15:30:00.000Z,bundesliga,St Pauli,HOFF,0,3,complete,2026-04-21 18:10:37.002698
259395,2025-10-19T16:00:00.000Z,seriea,Atalanta,Lazio,0,0,complete,2026-04-21 18:10:37.002698
259389,2025-10-19T16:30:00.000Z,laliga,Levante,Vallecano,0,3,complete,2026-04-21 18:10:37.002698
259400,2025-10-19T18:45:00.000Z,seriea,Milan,Fiorentina,2,1,complete,2026-04-21 18:10:37.002698
259406,2025-10-19T18:45:00.000Z,ligue1,Nantes,Lille,0,2,complete,2026-04-21 18:10:37.002698
259390,2025-10-19T19:00:00.000Z,laliga,Getafe,Real Madrid,0,1,complete,2026-04-21 18:10:37.002698
259397,2025-10-20T18:45:00.000Z,seriea,Cremonese,Udinese,1,1,complete,2026-04-21 18:10:37.002698
259394,2025-10-20T19:00:00.000Z,laliga,Alaves,Valencia,0,0,complete,2026-04-21 18:10:37.002698
263345,2025-10-20T19:00:00.000Z,epl,West Ham,Brentford,0,2,complete,2026-04-21 18:10:37.002698
265662,2025-10-21T16:45:00.000Z,champions,Barcelona,Olympiacos,6,1,complete,2026-04-21 18:10:37.002698
265663,2025-10-21T16:45:00.000Z,champions,Kairat Almaty,Pafos FC,0,0,complete,2026-04-21 18:10:37.002698
265664,2025-10-21T19:00:00.000Z,champions,Villarreal,Man City,0,2,complete,2026-04-21 18:10:37.002698
265665,2025-10-21T19:00:00.000Z,champions,Union Saint-Gilloise,Inter,0,4,complete,2026-04-21 18:10:37.002698
265666,2025-10-21T19:00:00.000Z,champions,PSV,Napoli,6,2,complete,2026-04-21 18:10:37.002698
265667,2025-10-21T19:00:00.000Z,champions,Newcastle,Benfica,3,0,complete,2026-04-21 18:10:37.002698
265668,2025-10-21T19:00:00.000Z,champions,Copenhagen,Dortmund,2,4,complete,2026-04-21 18:10:37.002698
265669,2025-10-21T19:00:00.000Z,champions,Leverkusen,PSG,2,7,complete,2026-04-21 18:10:37.002698
265670,2025-10-21T19:00:00.000Z,champions,Arsenal,Atlético,4,0,complete,2026-04-21 18:10:37.002698
265671,2025-10-22T16:45:00.000Z,champions,Galatasaray,Bodo Glimt,3,1,complete,2026-04-21 18:10:37.002698
265672,2025-10-22T16:45:00.000Z,champions,Athletic,Qarabag,3,1,complete,2026-04-21 18:10:37.002698
265673,2025-10-22T19:00:00.000Z,champions,Sporting,Marseille,2,1,complete,2026-04-21 18:10:37.002698
265674,2025-10-22T19:00:00.000Z,champions,Real Madrid,Juventus,1,0,complete,2026-04-21 18:10:37.002698
265675,2025-10-22T19:00:00.000Z,champions,Bayern,Brugge,4,0,complete,2026-04-21 18:10:37.002698
265676,2025-10-22T19:00:00.000Z,champions,FRA,Liverpool,1,5,complete,2026-04-21 18:10:37.002698
265677,2025-10-22T19:00:00.000Z,champions,Chelsea,Ajax,5,1,complete,2026-04-21 18:10:37.002698
265678,2025-10-22T19:00:00.000Z,champions,Atalanta,Slavia Praha,0,0,complete,2026-04-21 18:10:37.002698
265679,2025-10-22T19:00:00.000Z,champions,Monaco,Tottenham,0,0,complete,2026-04-21 18:10:37.002698
281360,2025-10-23T00:30:00.000Z,mls,Chicago Fire,Orlando City,3,1,complete,2026-04-21 18:10:37.002698
281361,2025-10-23T02:30:00.000Z,mls,Timbers,Real Salt Lake,3,1,complete,2026-04-21 18:10:37.002698
265737,2025-10-23T16:45:00.000Z,europa,Red Bull,Ferencvaros,2,3,complete,2026-04-21 18:10:37.002698
265738,2025-10-23T16:45:00.000Z,europa,Genk,Betis,0,0,complete,2026-04-21 18:10:37.002698
265740,2025-10-23T16:45:00.000Z,europa,Brann,Rangers,3,0,complete,2026-04-21 18:10:37.002698
265741,2025-10-23T16:45:00.000Z,europa,Braga,Belgrade,2,0,complete,2026-04-21 18:10:37.002698
265886,2025-10-23T16:45:00.000Z,europa,Lyon,Basel,2,0,complete,2026-04-21 18:10:37.002698
265887,2025-10-23T16:45:00.000Z,europa,Go Ahead Eagles,Aston Villa,2,1,complete,2026-04-21 18:10:37.002698
265888,2025-10-23T16:45:00.000Z,europa,Fenerbahce,Stuttgart,1,0,complete,2026-04-21 18:10:37.002698
265889,2025-10-23T16:45:00.000Z,europa,Steaua,Bologna,1,2,complete,2026-04-21 18:10:37.002698
265739,2025-10-23T19:00:00.000Z,europa,Feyenoord,PAN,3,1,complete,2026-04-21 18:10:37.002698
265742,2025-10-23T19:00:00.000Z,europa,Young Boys,Ludogorets,3,2,complete,2026-04-21 18:10:37.002698
265743,2025-10-23T19:00:00.000Z,europa,Malmo,Zagreb,1,1,complete,2026-04-21 18:10:37.002698
265744,2025-10-23T19:00:00.000Z,europa,Maccabi,Midtjylland,0,3,complete,2026-04-21 18:10:37.002698
265745,2025-10-23T19:00:00.000Z,europa,Freiburg,FC Utrecht,2,0,complete,2026-04-21 18:10:37.002698
265746,2025-10-23T19:00:00.000Z,europa,Roma,Viktoria,1,2,complete,2026-04-21 18:10:37.002698
265890,2025-10-23T19:00:00.000Z,europa,Nottingham,Porto,2,0,complete,2026-04-21 18:10:37.002698
265891,2025-10-23T19:00:00.000Z,europa,Lille,PAOK,3,4,complete,2026-04-21 18:10:37.002698
265892,2025-10-23T19:00:00.000Z,europa,Celtic,Sturm Graz,2,1,complete,2026-04-21 18:10:37.002698
265893,2025-10-23T19:00:00.000Z,europa,Celta Vigo,Nice,2,1,complete,2026-04-21 18:10:37.002698
259629,2025-10-24T18:30:00.000Z,bundesliga,BRE,Union Berlin,1,0,complete,2026-04-21 18:10:37.002698
259660,2025-10-24T18:45:00.000Z,seriea,Milan,Pisa,2,2,complete,2026-04-21 18:10:37.002698
259670,2025-10-24T18:45:00.000Z,ligue1,Paris FC,Nantes,1,2,complete,2026-04-21 18:10:37.002698
259617,2025-10-24T19:00:00.000Z,epl,Leeds,West Ham,2,1,complete,2026-04-21 18:10:37.002698
259655,2025-10-24T19:00:00.000Z,laliga,Real Sociedad,Sevilla,2,1,complete,2026-04-21 18:10:37.002698
281362,2025-10-25T00:00:00.000Z,mls,Inter Miami,Nashville,3,1,complete,2026-04-21 18:10:37.002698
259656,2025-10-25T12:00:00.000Z,laliga,Girona,Real Oviedo,3,3,complete,2026-04-21 18:10:37.002698
259662,2025-10-25T13:00:00.000Z,seriea,Parma,Como 1907,0,0,complete,2026-04-21 18:10:37.002698
259665,2025-10-25T13:00:00.000Z,seriea,Udinese,Lecce,3,2,complete,2026-04-21 18:10:37.002698
259624,2025-10-25T13:30:00.000Z,bundesliga,HSV,WOLF,0,1,complete,2026-04-21 18:10:37.002698
259625,2025-10-25T13:30:00.000Z,bundesliga,HOFF,Heidenheim,3,1,complete,2026-04-21 18:10:37.002698
259626,2025-10-25T13:30:00.000Z,bundesliga,Augsburg,LEIP,0,6,complete,2026-04-21 18:10:37.002698
259631,2025-10-25T13:30:00.000Z,bundesliga,FRA,St Pauli,2,0,complete,2026-04-21 18:10:37.002698
259627,2025-10-25T13:45:00.000Z,bundesliga,M'gladbach,Bayern,0,3,complete,2026-04-21 18:10:37.002698
259615,2025-10-25T14:00:00.000Z,epl,Newcastle,Fulham,2,1,complete,2026-04-21 18:10:37.002698
259619,2025-10-25T14:00:00.000Z,epl,Chelsea,Sunderland,1,2,complete,2026-04-21 18:10:37.002698
259649,2025-10-25T14:15:00.000Z,laliga,Espanyol,Elche,1,0,complete,2026-04-21 18:10:37.002698
259668,2025-10-25T15:00:00.000Z,ligue1,Brest,PSG,0,3,complete,2026-04-21 18:10:37.002698
259661,2025-10-25T16:00:00.000Z,seriea,Napoli,Inter,3,1,complete,2026-04-21 18:10:37.002698
259616,2025-10-25T16:30:00.000Z,epl,Man U,Albion,4,2,complete,2026-04-21 18:10:37.002698
259630,2025-10-25T16:30:00.000Z,bundesliga,Dortmund,Köln,1,0,complete,2026-04-21 18:10:37.002698
259657,2025-10-25T16:30:00.000Z,laliga,Athletic,Getafe,0,1,complete,2026-04-21 18:10:37.002698
259674,2025-10-25T17:00:00.000Z,ligue1,Monaco,Toulouse,1,0,complete,2026-04-21 18:10:37.002698
259667,2025-10-25T18:45:00.000Z,seriea,Cremonese,Atalanta,1,1,complete,2026-04-21 18:10:37.002698
259620,2025-10-25T19:00:00.000Z,epl,Brentford,Liverpool,3,2,complete,2026-04-21 18:10:37.002698
259654,2025-10-25T19:00:00.000Z,laliga,Valencia,Villarreal,0,2,complete,2026-04-21 18:10:37.002698
259669,2025-10-25T19:05:00.000Z,ligue1,Lens,Marseille,2,1,complete,2026-04-21 18:10:37.002698
259664,2025-10-26T11:30:00.000Z,seriea,Torino,Genoa,2,1,complete,2026-04-21 18:10:37.002698
259648,2025-10-26T13:00:00.000Z,laliga,Mallorca,Levante,1,1,complete,2026-04-21 18:10:37.002698
259614,2025-10-26T14:00:00.000Z,epl,Wolverhampton,Burnley,2,3,complete,2026-04-21 18:10:37.002698
259621,2025-10-26T14:00:00.000Z,epl,Aston Villa,Man City,1,0,complete,2026-04-21 18:10:37.002698
259622,2025-10-26T14:00:00.000Z,epl,Arsenal,Crystal Palace,1,0,complete,2026-04-21 18:10:37.002698
259623,2025-10-26T14:00:00.000Z,epl,Bournemouth,Nottingham,2,0,complete,2026-04-21 18:10:37.002698
259663,2025-10-26T14:00:00.000Z,seriea,Sassuolo,Roma,0,1,complete,2026-04-21 18:10:37.002698
259666,2025-10-26T14:00:00.000Z,seriea,Hellas,Cagliari,2,2,complete,2026-04-21 18:10:37.002698
259671,2025-10-26T14:00:00.000Z,ligue1,Lille,Metz,6,1,complete,2026-04-21 18:10:37.002698
259632,2025-10-26T14:30:00.000Z,bundesliga,Leverkusen,Freiburg,2,0,complete,2026-04-21 18:10:37.002698
259651,2025-10-26T15:15:00.000Z,laliga,Real Madrid,Barcelona,2,1,complete,2026-04-21 18:10:37.002698
259672,2025-10-26T16:15:00.000Z,ligue1,Auxerre,Le Havre,0,1,complete,2026-04-21 18:10:37.002698
259673,2025-10-26T16:15:00.000Z,ligue1,Rennes,Nice,1,2,complete,2026-04-21 18:10:37.002698
259675,2025-10-26T16:15:00.000Z,ligue1,Angers,Lorient,2,0,complete,2026-04-21 18:10:37.002698
259618,2025-10-26T16:30:00.000Z,epl,Everton,Tottenham,0,3,complete,2026-04-21 18:10:37.002698
259628,2025-10-26T16:30:00.000Z,bundesliga,Stuttgart,Mainz,2,1,complete,2026-04-21 18:10:37.002698
259658,2025-10-26T17:00:00.000Z,seriea,Fiorentina,Bologna,2,2,complete,2026-04-21 18:10:37.002698
259650,2025-10-26T17:30:00.000Z,laliga,Osasuna,Celta Vigo,2,3,complete,2026-04-21 18:10:37.002698
259659,2025-10-26T19:45:00.000Z,seriea,Lazio,Juventus,1,0,complete,2026-04-21 18:10:37.002698
259676,2025-10-26T19:45:00.000Z,ligue1,Lyon,Strasbourg,2,1,complete,2026-04-21 18:10:37.002698
259653,2025-10-26T20:00:00.000Z,laliga,Vallecano,Alaves,1,0,complete,2026-04-21 18:10:37.002698
281415,2025-10-26T21:30:00.000Z,mls,Union,Chicago Fire,2,2,complete,2026-04-21 18:10:37.002698
281363,2025-10-26T23:30:00.000Z,mls,Whitecaps,FC Dallas,3,0,complete,2026-04-21 18:10:37.002698
281416,2025-10-27T01:30:00.000Z,mls,San Diego FC,Timbers,2,1,complete,2026-04-21 18:10:37.002698
259652,2025-10-27T20:00:00.000Z,laliga,Betis,Atlético,0,2,complete,2026-04-21 18:10:37.002698
281364,2025-10-27T22:45:00.000Z,mls,FC Cincinnati,Columbus,1,0,complete,2026-04-21 18:10:37.002698
281365,2025-10-28T01:00:00.000Z,mls,Minnesota United,Sounders FC,0,0,complete,2026-04-21 18:10:37.002698
259784,2025-10-28T17:30:00.000Z,seriea,Lecce,Napoli,0,1,complete,2026-04-21 18:10:37.002698
259791,2025-10-28T19:45:00.000Z,seriea,Atalanta,Milan,1,1,complete,2026-04-21 18:10:37.002698
281366,2025-10-28T22:45:00.000Z,mls,Charlotte FC,NYCFC,0,1,complete,2026-04-21 18:10:37.002698
259782,2025-10-29T17:30:00.000Z,seriea,Roma,Parma,2,1,complete,2026-04-21 18:10:37.002698
259785,2025-10-29T17:30:00.000Z,seriea,Juventus,Udinese,3,1,complete,2026-04-21 18:10:37.002698
259788,2025-10-29T17:30:00.000Z,seriea,Como 1907,Hellas,3,1,complete,2026-04-21 18:10:37.002698
259792,2025-10-29T18:00:00.000Z,ligue1,Nice,Lille,2,0,complete,2026-04-21 18:10:37.002698
259793,2025-10-29T18:00:00.000Z,ligue1,Metz,Lens,2,0,complete,2026-04-21 18:10:37.002698
259795,2025-10-29T18:00:00.000Z,ligue1,Le Havre,Brest,1,0,complete,2026-04-21 18:10:37.002698
259799,2025-10-29T18:00:00.000Z,ligue1,Lorient,PSG,1,1,complete,2026-04-21 18:10:37.002698
259786,2025-10-29T19:45:00.000Z,seriea,Inter,Fiorentina,3,0,complete,2026-04-21 18:10:37.002698
259787,2025-10-29T19:45:00.000Z,seriea,Genoa,Cremonese,0,2,complete,2026-04-21 18:10:37.002698
259790,2025-10-29T19:45:00.000Z,seriea,Bologna,Torino,0,0,complete,2026-04-21 18:10:37.002698
259794,2025-10-29T20:05:00.000Z,ligue1,Toulouse,Rennes,2,2,complete,2026-04-21 18:10:37.002698
259796,2025-10-29T20:05:00.000Z,ligue1,Paris FC,Lyon,3,3,complete,2026-04-21 18:10:37.002698
259797,2025-10-29T20:05:00.000Z,ligue1,Strasbourg,Auxerre,3,0,complete,2026-04-21 18:10:37.002698
259798,2025-10-29T20:05:00.000Z,ligue1,Nantes,Monaco,3,5,complete,2026-04-21 18:10:37.002698
259800,2025-10-29T20:05:00.000Z,ligue1,Marseille,Angers,2,2,complete,2026-04-21 18:10:37.002698
281367,2025-10-30T02:30:00.000Z,mls,LAFC,Austin,2,1,complete,2026-04-21 18:10:37.002698
259789,2025-10-30T17:30:00.000Z,seriea,Cagliari,Sassuolo,1,2,complete,2026-04-21 18:10:37.002698
259783,2025-10-30T19:45:00.000Z,seriea,Pisa,Lazio,0,0,complete,2026-04-21 18:10:37.002698
260944,2025-10-31T19:30:00.000Z,bundesliga,Augsburg,Dortmund,0,1,complete,2026-04-21 18:10:37.002698
260993,2025-10-31T20:00:00.000Z,laliga,Getafe,Girona,2,1,complete,2026-04-21 18:10:37.002698
260988,2025-11-01T13:00:00.000Z,laliga,Villarreal,Vallecano,4,0,complete,2026-04-21 18:10:37.002698
260999,2025-11-01T14:00:00.000Z,seriea,Udinese,Atalanta,1,0,complete,2026-04-21 18:10:37.002698
260941,2025-11-01T14:30:00.000Z,bundesliga,Heidenheim,FRA,1,1,complete,2026-04-21 18:10:37.002698
260942,2025-11-01T14:30:00.000Z,bundesliga,St Pauli,M'gladbach,0,4,complete,2026-04-21 18:10:37.002698
260943,2025-11-01T14:30:00.000Z,bundesliga,Union Berlin,Freiburg,0,0,complete,2026-04-21 18:10:37.002698
260946,2025-11-01T14:30:00.000Z,bundesliga,LEIP,Stuttgart,3,1,complete,2026-04-21 18:10:37.002698
260947,2025-11-01T14:30:00.000Z,bundesliga,Mainz,BRE,1,1,complete,2026-04-21 18:10:37.002698
260933,2025-11-01T15:00:00.000Z,epl,Nottingham,Man U,2,2,complete,2026-04-21 18:10:37.002698
260936,2025-11-01T15:00:00.000Z,epl,Fulham,Wolverhampton,3,0,complete,2026-04-21 18:10:37.002698
260937,2025-11-01T15:00:00.000Z,epl,Crystal Palace,Brentford,2,0,complete,2026-04-21 18:10:37.002698
260938,2025-11-01T15:00:00.000Z,epl,Burnley,Arsenal,0,2,complete,2026-04-21 18:10:37.002698
260939,2025-11-01T15:00:00.000Z,epl,Albion,Leeds,3,0,complete,2026-04-21 18:10:37.002698
260996,2025-11-01T15:15:00.000Z,laliga,Atlético,Sevilla,3,0,complete,2026-04-21 18:10:37.002698
267158,2025-11-01T16:00:00.000Z,ligue1,PSG,Nice,1,0,complete,2026-04-21 18:10:37.002698
261003,2025-11-01T17:00:00.000Z,seriea,Napoli,Como 1907,0,0,complete,2026-04-21 18:10:37.002698
260931,2025-11-01T17:30:00.000Z,epl,Tottenham,Chelsea,0,1,complete,2026-04-21 18:10:37.002698
260948,2025-11-01T17:30:00.000Z,bundesliga,Bayern,Leverkusen,3,0,complete,2026-04-21 18:10:37.002698
260991,2025-11-01T17:30:00.000Z,laliga,Real Sociedad,Athletic,3,2,complete,2026-04-21 18:10:37.002698
261009,2025-11-01T18:00:00.000Z,ligue1,Monaco,Paris FC,0,1,complete,2026-04-21 18:10:37.002698
281368,2025-11-01T19:30:00.000Z,mls,NYCFC,Charlotte FC,0,0,complete,2026-04-21 18:10:37.002698
261007,2025-11-01T19:45:00.000Z,seriea,Cremonese,Juventus,1,2,complete,2026-04-21 18:10:37.002698
260935,2025-11-01T20:00:00.000Z,epl,Liverpool,Aston Villa,2,0,complete,2026-04-21 18:10:37.002698
260992,2025-11-01T20:00:00.000Z,laliga,Real Madrid,Valencia,4,0,complete,2026-04-21 18:10:37.002698
261008,2025-11-01T20:05:00.000Z,ligue1,Auxerre,Marseille,0,1,complete,2026-04-21 18:10:37.002698
281417,2025-11-01T21:30:00.000Z,mls,Chicago Fire,Union,0,3,complete,2026-04-21 18:10:37.002698
281369,2025-11-01T23:30:00.000Z,mls,Nashville,Inter Miami,2,1,complete,2026-04-21 18:10:37.002698
281370,2025-11-02T01:30:00.000Z,mls,FC Dallas,Whitecaps,1,1,complete,2026-04-21 18:10:37.002698
281418,2025-11-02T01:30:00.000Z,mls,Timbers,San Diego FC,2,2,complete,2026-04-21 18:10:37.002698
260998,2025-11-02T11:30:00.000Z,seriea,Hellas,Inter,1,2,complete,2026-04-21 18:10:37.002698
260990,2025-11-02T13:00:00.000Z,laliga,Levante,Celta Vigo,1,2,complete,2026-04-21 18:10:37.002698
260930,2025-11-02T14:00:00.000Z,epl,West Ham,Newcastle,3,1,complete,2026-04-21 18:10:37.002698
261000,2025-11-02T14:00:00.000Z,seriea,Torino,Pisa,2,2,complete,2026-04-21 18:10:37.002698
261006,2025-11-02T14:00:00.000Z,seriea,Fiorentina,Lecce,0,1,complete,2026-04-21 18:10:37.002698
261013,2025-11-02T14:00:00.000Z,ligue1,Rennes,Strasbourg,4,1,complete,2026-04-21 18:10:37.002698
260940,2025-11-02T14:30:00.000Z,bundesliga,Köln,HSV,4,1,complete,2026-04-21 18:10:37.002698
260997,2025-11-02T15:15:00.000Z,laliga,Alaves,Espanyol,2,1,complete,2026-04-21 18:10:37.002698
261010,2025-11-02T16:15:00.000Z,ligue1,Nantes,Metz,0,2,complete,2026-04-21 18:10:37.002698
261012,2025-11-02T16:15:00.000Z,ligue1,Lens,Lorient,3,0,complete,2026-04-21 18:10:37.002698
261014,2025-11-02T16:15:00.000Z,ligue1,Lille,Angers,1,0,complete,2026-04-21 18:10:37.002698
261015,2025-11-02T16:15:00.000Z,ligue1,Toulouse,Le Havre,0,0,complete,2026-04-21 18:10:37.002698
260934,2025-11-02T16:30:00.000Z,epl,Man City,Bournemouth,3,1,complete,2026-04-21 18:10:37.002698
260945,2025-11-02T16:30:00.000Z,bundesliga,WOLF,HOFF,2,3,complete,2026-04-21 18:10:37.002698
261002,2025-11-02T17:00:00.000Z,seriea,Parma,Bologna,1,3,complete,2026-04-21 18:10:37.002698
260995,2025-11-02T17:30:00.000Z,laliga,Barcelona,Elche,3,1,complete,2026-04-21 18:10:37.002698
261004,2025-11-02T19:45:00.000Z,seriea,Milan,Roma,1,0,complete,2026-04-21 18:10:37.002698
261011,2025-11-02T19:45:00.000Z,ligue1,Brest,Lyon,0,0,complete,2026-04-21 18:10:37.002698
260994,2025-11-02T20:00:00.000Z,laliga,Betis,Mallorca,3,0,complete,2026-04-21 18:10:37.002698
281371,2025-11-02T23:30:00.000Z,mls,Columbus,FC Cincinnati,4,0,complete,2026-04-21 18:10:37.002698
281372,2025-11-03T01:45:00.000Z,mls,Austin,LAFC,1,4,complete,2026-04-21 18:10:37.002698
261001,2025-11-03T17:30:00.000Z,seriea,Sassuolo,Genoa,1,2,complete,2026-04-21 18:10:37.002698
261005,2025-11-03T19:45:00.000Z,seriea,Lazio,Cagliari,2,0,complete,2026-04-21 18:10:37.002698
260989,2025-11-03T20:00:00.000Z,laliga,Real Oviedo,Osasuna,0,0,complete,2026-04-21 18:10:37.002698
272226,2025-11-03T20:00:00.000Z,epl,Sunderland,Everton,1,1,complete,2026-04-21 18:10:37.002698
281373,2025-11-04T03:45:00.000Z,mls,Sounders FC,Minnesota United,4,2,complete,2026-04-21 18:10:37.002698
265680,2025-11-04T17:45:00.000Z,champions,Slavia Praha,Arsenal,0,3,complete,2026-04-21 18:10:37.002698
265681,2025-11-04T17:45:00.000Z,champions,Napoli,FRA,0,0,complete,2026-04-21 18:10:37.002698
265682,2025-11-04T20:00:00.000Z,champions,Tottenham,Copenhagen,4,0,complete,2026-04-21 18:10:37.002698
265683,2025-11-04T20:00:00.000Z,champions,PSG,Bayern,1,2,complete,2026-04-21 18:10:37.002698
265684,2025-11-04T20:00:00.000Z,champions,Olympiacos,PSV,1,1,complete,2026-04-21 18:10:37.002698
265685,2025-11-04T20:00:00.000Z,champions,Liverpool,Real Madrid,1,0,complete,2026-04-21 18:10:37.002698
265686,2025-11-04T20:00:00.000Z,champions,Juventus,Sporting,1,1,complete,2026-04-21 18:10:37.002698
265687,2025-11-04T20:00:00.000Z,champions,Bodo Glimt,Monaco,0,1,complete,2026-04-21 18:10:37.002698
265688,2025-11-04T20:00:00.000Z,champions,Atlético,Union Saint-Gilloise,3,1,complete,2026-04-21 18:10:37.002698
265689,2025-11-05T17:45:00.000Z,champions,Qarabag,Chelsea,2,2,complete,2026-04-21 18:10:37.002698
265690,2025-11-05T17:45:00.000Z,champions,Pafos FC,Villarreal,1,0,complete,2026-04-21 18:10:37.002698
265691,2025-11-05T20:00:00.000Z,champions,Benfica,Leverkusen,0,1,complete,2026-04-21 18:10:37.002698
265692,2025-11-05T20:00:00.000Z,champions,Marseille,Atalanta,0,1,complete,2026-04-21 18:10:37.002698
265693,2025-11-05T20:00:00.000Z,champions,Newcastle,Athletic,2,0,complete,2026-04-21 18:10:37.002698
265694,2025-11-05T20:00:00.000Z,champions,Man City,Dortmund,4,1,complete,2026-04-21 18:10:37.002698
265695,2025-11-05T20:00:00.000Z,champions,Inter,Kairat Almaty,2,1,complete,2026-04-21 18:10:37.002698
265696,2025-11-05T20:00:00.000Z,champions,Brugge,Barcelona,3,3,complete,2026-04-21 18:10:37.002698
265697,2025-11-05T20:00:00.000Z,champions,Ajax,Galatasaray,0,3,complete,2026-04-21 18:10:37.002698
265747,2025-11-06T17:45:00.000Z,europa,FC Utrecht,Porto,1,1,complete,2026-04-21 18:10:37.002698
265748,2025-11-06T17:45:00.000Z,europa,Nice,Freiburg,1,3,complete,2026-04-21 18:10:37.002698
265749,2025-11-06T17:45:00.000Z,europa,Malmo,PAN,0,1,complete,2026-04-21 18:10:37.002698
265894,2025-11-06T17:45:00.000Z,europa,Sturm Graz,Nottingham,0,0,complete,2026-04-21 18:10:37.002698
265895,2025-11-06T17:45:00.000Z,europa,Red Bull,Go Ahead Eagles,2,0,complete,2026-04-21 18:10:37.002698
265896,2025-11-06T17:45:00.000Z,europa,Midtjylland,Celtic,3,1,complete,2026-04-21 18:10:37.002698
265897,2025-11-06T17:45:00.000Z,europa,Zagreb,Celta Vigo,0,3,complete,2026-04-21 18:10:37.002698
265898,2025-11-06T17:45:00.000Z,europa,Belgrade,Lille,1,0,complete,2026-04-21 18:10:37.002698
265899,2025-11-06T17:45:00.000Z,europa,Basel,Steaua,3,1,complete,2026-04-21 18:10:37.002698
265750,2025-11-06T20:00:00.000Z,europa,Rangers,Roma,0,2,complete,2026-04-21 18:10:37.002698
265751,2025-11-06T20:00:00.000Z,europa,Viktoria,Fenerbahce,0,0,complete,2026-04-21 18:10:37.002698
265752,2025-11-06T20:00:00.000Z,europa,PAOK,Young Boys,4,0,complete,2026-04-21 18:10:37.002698
265753,2025-11-06T20:00:00.000Z,europa,Ferencvaros,Ludogorets,3,1,complete,2026-04-21 18:10:37.002698
265754,2025-11-06T20:00:00.000Z,europa,Braga,Genk,3,4,complete,2026-04-21 18:10:37.002698
265755,2025-11-06T20:00:00.000Z,europa,Betis,Lyon,2,0,complete,2026-04-21 18:10:37.002698
265900,2025-11-06T20:00:00.000Z,europa,Stuttgart,Feyenoord,2,0,complete,2026-04-21 18:10:37.002698
265901,2025-11-06T20:00:00.000Z,europa,Bologna,Brann,0,0,complete,2026-04-21 18:10:37.002698
265902,2025-11-06T20:00:00.000Z,europa,Aston Villa,Maccabi,2,0,complete,2026-04-21 18:10:37.002698
261266,2025-11-07T19:30:00.000Z,bundesliga,BRE,WOLF,2,1,complete,2026-04-21 18:10:37.002698
261338,2025-11-07T19:45:00.000Z,seriea,Pisa,Cremonese,1,0,complete,2026-04-21 18:10:37.002698
261345,2025-11-07T19:45:00.000Z,ligue1,Paris FC,Rennes,0,1,complete,2026-04-21 18:10:37.002698
261329,2025-11-07T20:00:00.000Z,laliga,Elche,Real Sociedad,1,1,complete,2026-04-21 18:10:37.002698
281374,2025-11-08T00:00:00.000Z,mls,Charlotte FC,NYCFC,1,3,complete,2026-04-21 18:10:37.002698
261252,2025-11-08T12:30:00.000Z,epl,Tottenham,Man U,2,2,complete,2026-04-21 18:10:37.002698
261326,2025-11-08T13:00:00.000Z,laliga,Girona,Alaves,1,0,complete,2026-04-21 18:10:37.002698
261333,2025-11-08T14:00:00.000Z,seriea,Como 1907,Cagliari,0,0,complete,2026-04-21 18:10:37.002698
261336,2025-11-08T14:00:00.000Z,seriea,Lecce,Hellas,0,0,complete,2026-04-21 18:10:37.002698
261261,2025-11-08T14:30:00.000Z,bundesliga,HSV,Dortmund,1,1,complete,2026-04-21 18:10:37.002698
261262,2025-11-08T14:30:00.000Z,bundesliga,HOFF,LEIP,3,1,complete,2026-04-21 18:10:37.002698
261263,2025-11-08T14:30:00.000Z,bundesliga,Union Berlin,Bayern,2,2,complete,2026-04-21 18:10:37.002698
261269,2025-11-08T14:30:00.000Z,bundesliga,Leverkusen,Heidenheim,6,0,complete,2026-04-21 18:10:37.002698
261251,2025-11-08T15:00:00.000Z,epl,West Ham,Burnley,3,2,complete,2026-04-21 18:10:37.002698
261256,2025-11-08T15:00:00.000Z,epl,Everton,Fulham,2,0,complete,2026-04-21 18:10:37.002698
261322,2025-11-08T15:15:00.000Z,laliga,Sevilla,Osasuna,1,0,complete,2026-04-21 18:10:37.002698
261350,2025-11-08T16:00:00.000Z,ligue1,Marseille,Brest,3,0,complete,2026-04-21 18:10:37.002698
261332,2025-11-08T17:00:00.000Z,seriea,Juventus,Torino,0,0,complete,2026-04-21 18:10:37.002698
261253,2025-11-08T17:30:00.000Z,epl,Sunderland,Arsenal,2,2,complete,2026-04-21 18:10:37.002698
261264,2025-11-08T17:30:00.000Z,bundesliga,M'gladbach,Köln,3,1,complete,2026-04-21 18:10:37.002698
261330,2025-11-08T17:30:00.000Z,laliga,Atlético,Levante,3,1,complete,2026-04-21 18:10:37.002698
261346,2025-11-08T18:00:00.000Z,ligue1,Le Havre,Nantes,1,1,complete,2026-04-21 18:10:37.002698
261337,2025-11-08T19:45:00.000Z,seriea,Parma,Milan,2,2,complete,2026-04-21 18:10:37.002698
261258,2025-11-08T20:00:00.000Z,epl,Chelsea,Wolverhampton,3,0,complete,2026-04-21 18:10:37.002698
261328,2025-11-08T20:00:00.000Z,laliga,Espanyol,Villarreal,0,2,complete,2026-04-21 18:10:37.002698
261343,2025-11-08T20:05:00.000Z,ligue1,Monaco,Lens,1,4,complete,2026-04-21 18:10:37.002698
281379,2025-11-08T21:00:00.000Z,mls,Minnesota United,Sounders FC,3,3,complete,2026-04-21 18:10:37.002698
281376,2025-11-08T23:00:00.000Z,mls,FC Cincinnati,Columbus,2,1,complete,2026-04-21 18:10:37.002698
281377,2025-11-09T01:00:00.000Z,mls,Inter Miami,Nashville,4,0,complete,2026-04-21 18:10:37.002698
261340,2025-11-09T11:30:00.000Z,seriea,Atalanta,Sassuolo,0,3,complete,2026-04-21 18:10:37.002698
261331,2025-11-09T13:00:00.000Z,laliga,Athletic,Real Oviedo,1,0,complete,2026-04-21 18:10:37.002698
261254,2025-11-09T14:00:00.000Z,epl,Nottingham,Leeds,3,1,complete,2026-04-21 18:10:37.002698
261257,2025-11-09T14:00:00.000Z,epl,Crystal Palace,Albion,0,0,complete,2026-04-21 18:10:37.002698
261259,2025-11-09T14:00:00.000Z,epl,Brentford,Newcastle,3,1,complete,2026-04-21 18:10:37.002698
261260,2025-11-09T14:00:00.000Z,epl,Aston Villa,Bournemouth,4,0,complete,2026-04-21 18:10:37.002698
261334,2025-11-09T14:00:00.000Z,seriea,Genoa,Fiorentina,2,2,complete,2026-04-21 18:10:37.002698
261341,2025-11-09T14:00:00.000Z,seriea,Bologna,Napoli,2,0,complete,2026-04-21 18:10:37.002698
261344,2025-11-09T14:00:00.000Z,ligue1,Lorient,Toulouse,1,1,complete,2026-04-21 18:10:37.002698
261267,2025-11-09T14:30:00.000Z,bundesliga,Freiburg,St Pauli,2,1,complete,2026-04-21 18:10:37.002698
261327,2025-11-09T15:15:00.000Z,laliga,Vallecano,Real Madrid,0,0,complete,2026-04-21 18:10:37.002698
261342,2025-11-09T16:15:00.000Z,ligue1,Strasbourg,Lille,2,0,complete,2026-04-21 18:10:37.002698
261347,2025-11-09T16:15:00.000Z,ligue1,Angers,Auxerre,2,0,complete,2026-04-21 18:10:37.002698
261348,2025-11-09T16:15:00.000Z,ligue1,Metz,Nice,2,1,complete,2026-04-21 18:10:37.002698
261255,2025-11-09T16:30:00.000Z,epl,Man City,Liverpool,3,0,complete,2026-04-21 18:10:37.002698
261265,2025-11-09T16:30:00.000Z,bundesliga,Stuttgart,Augsburg,3,2,complete,2026-04-21 18:10:37.002698
261339,2025-11-09T17:00:00.000Z,seriea,Roma,Udinese,2,0,complete,2026-04-21 18:10:37.002698
261323,2025-11-09T17:30:00.000Z,laliga,Mallorca,Getafe,1,0,complete,2026-04-21 18:10:37.002698
261324,2025-11-09T17:30:00.000Z,laliga,Valencia,Betis,1,1,complete,2026-04-21 18:10:37.002698
261268,2025-11-09T18:30:00.000Z,bundesliga,FRA,Mainz,1,0,complete,2026-04-21 18:10:37.002698
261335,2025-11-09T19:45:00.000Z,seriea,Inter,Lazio,2,0,complete,2026-04-21 18:10:37.002698
261349,2025-11-09T19:45:00.000Z,ligue1,Lyon,PSG,2,3,complete,2026-04-21 18:10:37.002698
261325,2025-11-09T20:00:00.000Z,laliga,Celta Vigo,Barcelona,2,4,complete,2026-04-21 18:10:37.002698
281420,2025-11-10T02:00:00.000Z,mls,San Diego FC,Timbers,4,0,complete,2026-04-21 18:10:37.002698
263445,2025-11-21T19:30:00.000Z,bundesliga,Mainz,HOFF,1,1,complete,2026-04-21 18:10:37.002698
263516,2025-11-21T19:45:00.000Z,ligue1,Nice,Marseille,1,5,complete,2026-04-21 18:10:37.002698
263496,2025-11-21T20:00:00.000Z,laliga,Valencia,Levante,1,0,complete,2026-04-21 18:10:37.002698
263435,2025-11-22T12:30:00.000Z,epl,Burnley,Chelsea,0,2,complete,2026-04-21 18:10:37.002698
263504,2025-11-22T13:00:00.000Z,laliga,Alaves,Celta Vigo,0,1,complete,2026-04-21 18:10:37.002698
263505,2025-11-22T14:00:00.000Z,seriea,Cagliari,Genoa,3,3,complete,2026-04-21 18:10:37.002698
263512,2025-11-22T14:00:00.000Z,seriea,Udinese,Bologna,0,3,complete,2026-04-21 18:10:37.002698
263440,2025-11-22T14:30:00.000Z,bundesliga,Heidenheim,M'gladbach,0,3,complete,2026-04-21 18:10:37.002698
263442,2025-11-22T14:30:00.000Z,bundesliga,Augsburg,HSV,1,0,complete,2026-04-21 18:10:37.002698
263443,2025-11-22T14:30:00.000Z,bundesliga,WOLF,Leverkusen,1,3,complete,2026-04-21 18:10:37.002698
263446,2025-11-22T14:30:00.000Z,bundesliga,Dortmund,Stuttgart,3,3,complete,2026-04-21 18:10:37.002698
263447,2025-11-22T14:30:00.000Z,bundesliga,Bayern,Freiburg,6,2,complete,2026-04-21 18:10:37.002698
263429,2025-11-22T15:00:00.000Z,epl,Wolverhampton,Crystal Palace,0,2,complete,2026-04-21 18:10:37.002698
263432,2025-11-22T15:00:00.000Z,epl,Liverpool,Nottingham,0,3,complete,2026-04-21 18:10:37.002698
263434,2025-11-22T15:00:00.000Z,epl,Fulham,Sunderland,1,0,complete,2026-04-21 18:10:37.002698
263436,2025-11-22T15:00:00.000Z,epl,Albion,Brentford,2,1,complete,2026-04-21 18:10:37.002698
263438,2025-11-22T15:00:00.000Z,epl,Bournemouth,West Ham,2,2,complete,2026-04-21 18:10:37.002698
263498,2025-11-22T15:15:00.000Z,laliga,Barcelona,Athletic,4,0,complete,2026-04-21 18:10:37.002698
263523,2025-11-22T16:00:00.000Z,ligue1,Lens,Strasbourg,1,0,complete,2026-04-21 18:10:37.002698
263507,2025-11-22T17:00:00.000Z,seriea,Fiorentina,Juventus,1,1,complete,2026-04-21 18:10:37.002698
263430,2025-11-22T17:30:00.000Z,epl,Newcastle,Man City,2,1,complete,2026-04-21 18:10:37.002698
263439,2025-11-22T17:30:00.000Z,bundesliga,Köln,FRA,3,4,complete,2026-04-21 18:10:37.002698
263500,2025-11-22T17:30:00.000Z,laliga,Osasuna,Real Sociedad,1,3,complete,2026-04-21 18:10:37.002698
263522,2025-11-22T18:00:00.000Z,ligue1,Rennes,Monaco,4,1,complete,2026-04-21 18:10:37.002698
263514,2025-11-22T19:45:00.000Z,seriea,Napoli,Atalanta,3,1,complete,2026-04-21 18:10:37.002698
263495,2025-11-22T20:00:00.000Z,laliga,Villarreal,Mallorca,2,1,complete,2026-04-21 18:10:37.002698
263515,2025-11-22T20:05:00.000Z,ligue1,PSG,Le Havre,3,0,complete,2026-04-21 18:10:37.002698
281953,2025-11-23T02:30:00.000Z,mls,Whitecaps,LAFC,2,2,complete,2026-04-21 18:10:37.002698
263513,2025-11-23T11:30:00.000Z,seriea,Hellas,Parma,1,2,complete,2026-04-21 18:10:37.002698
263499,2025-11-23T13:00:00.000Z,laliga,Real Oviedo,Vallecano,0,0,complete,2026-04-21 18:10:37.002698
263433,2025-11-23T14:00:00.000Z,epl,Leeds,Aston Villa,1,2,complete,2026-04-21 18:10:37.002698
263506,2025-11-23T14:00:00.000Z,seriea,Cremonese,Roma,1,3,complete,2026-04-21 18:10:37.002698
263517,2025-11-23T14:00:00.000Z,ligue1,Auxerre,Lyon,0,0,complete,2026-04-21 18:10:37.002698
263444,2025-11-23T14:30:00.000Z,bundesliga,LEIP,BRE,2,0,complete,2026-04-21 18:10:37.002698
263503,2025-11-23T15:15:00.000Z,laliga,Betis,Girona,1,1,complete,2026-04-21 18:10:37.002698
263519,2025-11-23T16:15:00.000Z,ligue1,Brest,Metz,3,2,complete,2026-04-21 18:10:37.002698
263520,2025-11-23T16:15:00.000Z,ligue1,Toulouse,Angers,0,1,complete,2026-04-21 18:10:37.002698
263521,2025-11-23T16:15:00.000Z,ligue1,Nantes,Lorient,1,1,complete,2026-04-21 18:10:37.002698
263437,2025-11-23T16:30:00.000Z,epl,Arsenal,Tottenham,4,1,complete,2026-04-21 18:10:37.002698
263441,2025-11-23T16:30:00.000Z,bundesliga,St Pauli,Union Berlin,0,1,complete,2026-04-21 18:10:37.002698
263509,2025-11-23T17:00:00.000Z,seriea,Lazio,Lecce,2,0,complete,2026-04-21 18:10:37.002698
263497,2025-11-23T17:30:00.000Z,laliga,Getafe,Atlético,0,1,complete,2026-04-21 18:10:37.002698
263508,2025-11-23T19:45:00.000Z,seriea,Inter,Milan,0,1,complete,2026-04-21 18:10:37.002698
263518,2025-11-23T19:45:00.000Z,ligue1,Lille,Paris FC,4,2,complete,2026-04-21 18:10:37.002698
263502,2025-11-23T20:00:00.000Z,laliga,Elche,Real Madrid,2,2,complete,2026-04-21 18:10:37.002698
281982,2025-11-23T22:00:00.000Z,mls,FC Cincinnati,Inter Miami,0,4,complete,2026-04-21 18:10:37.002698
281952,2025-11-24T00:45:00.000Z,mls,Union,NYCFC,0,1,complete,2026-04-21 18:10:37.002698
263511,2025-11-24T17:30:00.000Z,seriea,Torino,Como 1907,1,5,complete,2026-04-21 18:10:37.002698
263510,2025-11-24T19:45:00.000Z,seriea,Sassuolo,Pisa,2,2,complete,2026-04-21 18:10:37.002698
263501,2025-11-24T20:00:00.000Z,laliga,Espanyol,Sevilla,2,1,complete,2026-04-21 18:10:37.002698
272227,2025-11-24T20:00:00.000Z,epl,Man U,Everton,0,1,complete,2026-04-21 18:10:37.002698
282033,2025-11-25T03:00:00.000Z,mls,San Diego FC,Minnesota United,1,0,complete,2026-04-21 18:10:37.002698
265698,2025-11-25T17:45:00.000Z,champions,Ajax,Benfica,0,2,complete,2026-04-21 18:10:37.002698
265699,2025-11-25T17:45:00.000Z,champions,Galatasaray,Union Saint-Gilloise,0,1,complete,2026-04-21 18:10:37.002698
265700,2025-11-25T20:00:00.000Z,champions,Napoli,Qarabag,2,0,complete,2026-04-21 18:10:37.002698
265701,2025-11-25T20:00:00.000Z,champions,Slavia Praha,Athletic,0,0,complete,2026-04-21 18:10:37.002698
265702,2025-11-25T20:00:00.000Z,champions,Marseille,Newcastle,2,1,complete,2026-04-21 18:10:37.002698
265703,2025-11-25T20:00:00.000Z,champions,Man City,Leverkusen,0,2,complete,2026-04-21 18:10:37.002698
265704,2025-11-25T20:00:00.000Z,champions,Bodo Glimt,Juventus,2,3,complete,2026-04-21 18:10:37.002698
265705,2025-11-25T20:00:00.000Z,champions,Chelsea,Barcelona,3,0,complete,2026-04-21 18:10:37.002698
265706,2025-11-25T20:00:00.000Z,champions,Dortmund,Villarreal,4,0,complete,2026-04-21 18:10:37.002698
265707,2025-11-26T17:45:00.000Z,champions,Pafos FC,Monaco,2,2,complete,2026-04-21 18:10:37.002698
265708,2025-11-26T17:45:00.000Z,champions,Copenhagen,Kairat Almaty,3,2,complete,2026-04-21 18:10:37.002698
265709,2025-11-26T20:00:00.000Z,champions,Sporting,Brugge,3,0,complete,2026-04-21 18:10:37.002698
265710,2025-11-26T20:00:00.000Z,champions,PSG,Tottenham,5,3,complete,2026-04-21 18:10:37.002698
265711,2025-11-26T20:00:00.000Z,champions,Olympiacos,Real Madrid,3,4,complete,2026-04-21 18:10:37.002698
265712,2025-11-26T20:00:00.000Z,champions,Liverpool,PSV,1,4,complete,2026-04-21 18:10:37.002698
265713,2025-11-26T20:00:00.000Z,champions,FRA,Atalanta,0,3,complete,2026-04-21 18:10:37.002698
265714,2025-11-26T20:00:00.000Z,champions,Atlético,Inter,2,1,complete,2026-04-21 18:10:37.002698
265715,2025-11-26T20:00:00.000Z,champions,Arsenal,Bayern,3,1,complete,2026-04-21 18:10:37.002698
265756,2025-11-27T17:45:00.000Z,europa,Viktoria,Freiburg,0,0,complete,2026-04-21 18:10:37.002698
265757,2025-11-27T17:45:00.000Z,europa,PAOK,Brann,1,1,complete,2026-04-21 18:10:37.002698
265758,2025-11-27T17:45:00.000Z,europa,Fenerbahce,Ferencvaros,1,1,complete,2026-04-21 18:10:37.002698
265759,2025-11-27T17:45:00.000Z,europa,Porto,Nice,3,0,complete,2026-04-21 18:10:37.002698
265760,2025-11-27T17:45:00.000Z,europa,Roma,Midtjylland,2,1,complete,2026-04-21 18:10:37.002698
265903,2025-11-27T17:45:00.000Z,europa,Ludogorets,Celta Vigo,3,2,complete,2026-04-21 18:10:37.002698
265904,2025-11-27T17:45:00.000Z,europa,Lille,Zagreb,4,0,complete,2026-04-21 18:10:37.002698
265905,2025-11-27T17:45:00.000Z,europa,Feyenoord,Celtic,1,3,complete,2026-04-21 18:10:37.002698
265906,2025-11-27T17:45:00.000Z,europa,Aston Villa,Young Boys,2,1,complete,2026-04-21 18:10:37.002698
265761,2025-11-27T20:00:00.000Z,europa,Rangers,Braga,1,1,complete,2026-04-21 18:10:37.002698
265762,2025-11-27T20:00:00.000Z,europa,PAN,Sturm Graz,2,1,complete,2026-04-21 18:10:37.002698
265763,2025-11-27T20:00:00.000Z,europa,Maccabi,Lyon,0,6,complete,2026-04-21 18:10:37.002698
265764,2025-11-27T20:00:00.000Z,europa,Belgrade,Steaua,1,0,complete,2026-04-21 18:10:37.002698
265765,2025-11-27T20:00:00.000Z,europa,Betis,FC Utrecht,2,1,complete,2026-04-21 18:10:37.002698
265907,2025-11-27T20:00:00.000Z,europa,Nottingham,Malmo,3,0,complete,2026-04-21 18:10:37.002698
265908,2025-11-27T20:00:00.000Z,europa,Genk,Basel,2,1,complete,2026-04-21 18:10:37.002698
265909,2025-11-27T20:00:00.000Z,europa,Go Ahead Eagles,Stuttgart,0,4,complete,2026-04-21 18:10:37.002698
265910,2025-11-27T20:00:00.000Z,europa,Bologna,Red Bull,4,1,complete,2026-04-21 18:10:37.002698
265620,2025-11-28T19:30:00.000Z,bundesliga,M'gladbach,LEIP,0,0,complete,2026-04-21 18:10:37.002698
265818,2025-11-28T19:45:00.000Z,seriea,Como 1907,Sassuolo,2,0,complete,2026-04-21 18:10:37.002698
265829,2025-11-28T19:45:00.000Z,ligue1,Metz,Rennes,0,1,complete,2026-04-21 18:10:37.002698
265805,2025-11-28T20:00:00.000Z,laliga,Getafe,Elche,1,0,complete,2026-04-21 18:10:37.002698
265811,2025-11-29T13:00:00.000Z,laliga,Mallorca,Osasuna,2,2,complete,2026-04-21 18:10:37.002698
265819,2025-11-29T14:00:00.000Z,seriea,Genoa,Hellas,2,1,complete,2026-04-21 18:10:37.002698
265822,2025-11-29T14:00:00.000Z,seriea,Parma,Udinese,0,2,complete,2026-04-21 18:10:37.002698
265618,2025-11-29T14:30:00.000Z,bundesliga,HOFF,Augsburg,3,0,complete,2026-04-21 18:10:37.002698
265619,2025-11-29T14:30:00.000Z,bundesliga,Union Berlin,Heidenheim,1,2,complete,2026-04-21 18:10:37.002698
265621,2025-11-29T14:30:00.000Z,bundesliga,BRE,Köln,1,1,complete,2026-04-21 18:10:37.002698
265625,2025-11-29T14:30:00.000Z,bundesliga,Bayern,St Pauli,3,1,complete,2026-04-21 18:10:37.002698
265609,2025-11-29T15:00:00.000Z,epl,Sunderland,Bournemouth,3,2,complete,2026-04-21 18:10:37.002698
265611,2025-11-29T15:00:00.000Z,epl,Man City,Leeds,3,2,complete,2026-04-21 18:10:37.002698
265615,2025-11-29T15:00:00.000Z,epl,Brentford,Burnley,3,1,complete,2026-04-21 18:10:37.002698
265808,2025-11-29T15:15:00.000Z,laliga,Barcelona,Alaves,3,1,complete,2026-04-21 18:10:37.002698
265826,2025-11-29T16:00:00.000Z,ligue1,Monaco,PSG,1,0,complete,2026-04-21 18:10:37.002698
265815,2025-11-29T17:00:00.000Z,seriea,Juventus,Cagliari,2,1,complete,2026-04-21 18:10:37.002698
265612,2025-11-29T17:30:00.000Z,epl,Everton,Newcastle,1,4,complete,2026-04-21 18:10:37.002698
265624,2025-11-29T17:30:00.000Z,bundesliga,Leverkusen,Dortmund,1,2,complete,2026-04-21 18:10:37.002698
265807,2025-11-29T17:30:00.000Z,laliga,Levante,Athletic,0,2,complete,2026-04-21 18:10:37.002698
265832,2025-11-29T18:00:00.000Z,ligue1,Paris FC,Auxerre,1,1,complete,2026-04-21 18:10:37.002698
265821,2025-11-29T19:45:00.000Z,seriea,Milan,Lazio,1,0,complete,2026-04-21 18:10:37.002698
265608,2025-11-29T20:00:00.000Z,epl,Tottenham,Fulham,1,2,complete,2026-04-21 18:10:37.002698
265814,2025-11-29T20:00:00.000Z,laliga,Atlético,Real Oviedo,2,0,complete,2026-04-21 18:10:37.002698
265825,2025-11-29T20:05:00.000Z,ligue1,Marseille,Toulouse,2,2,complete,2026-04-21 18:10:37.002698
282400,2025-11-29T23:00:00.000Z,mls,Inter Miami,NYCFC,5,1,complete,2026-04-21 18:10:37.002698
282767,2025-11-30T02:00:00.000Z,mls,San Diego FC,Whitecaps,1,3,complete,2026-04-21 18:10:37.002698
265820,2025-11-30T11:30:00.000Z,seriea,Lecce,Torino,2,1,complete,2026-04-21 18:10:37.002698
265613,2025-11-30T12:00:00.000Z,epl,Crystal Palace,Man U,1,2,complete,2026-04-21 18:10:37.002698
265809,2025-11-30T13:00:00.000Z,laliga,Real Sociedad,Villarreal,2,3,complete,2026-04-21 18:10:37.002698
265823,2025-11-30T14:00:00.000Z,seriea,Pisa,Inter,0,2,complete,2026-04-21 18:10:37.002698
265828,2025-11-30T14:00:00.000Z,ligue1,Strasbourg,Brest,1,2,complete,2026-04-21 18:10:37.002698
265607,2025-11-30T14:05:00.000Z,epl,West Ham,Liverpool,0,2,complete,2026-04-21 18:10:37.002698
265610,2025-11-30T14:05:00.000Z,epl,Nottingham,Albion,0,2,complete,2026-04-21 18:10:37.002698
265616,2025-11-30T14:05:00.000Z,epl,Aston Villa,Wolverhampton,1,0,complete,2026-04-21 18:10:37.002698
265617,2025-11-30T14:30:00.000Z,bundesliga,HSV,Stuttgart,2,1,complete,2026-04-21 18:10:37.002698
265806,2025-11-30T15:15:00.000Z,laliga,Sevilla,Betis,0,2,complete,2026-04-21 18:10:37.002698
265827,2025-11-30T16:15:00.000Z,ligue1,Lorient,Nice,3,1,complete,2026-04-21 18:10:37.002698
265830,2025-11-30T16:15:00.000Z,ligue1,Le Havre,Lille,0,1,complete,2026-04-21 18:10:37.002698
265831,2025-11-30T16:15:00.000Z,ligue1,Angers,Lens,1,2,complete,2026-04-21 18:10:37.002698
265614,2025-11-30T16:30:00.000Z,epl,Chelsea,Arsenal,1,1,complete,2026-04-21 18:10:37.002698
265623,2025-11-30T16:30:00.000Z,bundesliga,FRA,WOLF,1,1,complete,2026-04-21 18:10:37.002698
265816,2025-11-30T17:00:00.000Z,seriea,Atalanta,Fiorentina,2,0,complete,2026-04-21 18:10:37.002698
265813,2025-11-30T17:30:00.000Z,laliga,Celta Vigo,Espanyol,0,1,complete,2026-04-21 18:10:37.002698
265622,2025-11-30T18:30:00.000Z,bundesliga,Freiburg,Mainz,4,0,complete,2026-04-21 18:10:37.002698
265824,2025-11-30T19:45:00.000Z,seriea,Roma,Napoli,0,1,complete,2026-04-21 18:10:37.002698
265833,2025-11-30T19:45:00.000Z,ligue1,Lyon,Nantes,3,0,complete,2026-04-21 18:10:37.002698
265812,2025-11-30T20:00:00.000Z,laliga,Girona,Real Madrid,1,1,complete,2026-04-21 18:10:37.002698
265817,2025-12-01T19:45:00.000Z,seriea,Bologna,Cremonese,1,3,complete,2026-04-21 18:10:37.002698
265810,2025-12-01T20:00:00.000Z,laliga,Vallecano,Valencia,1,1,complete,2026-04-21 18:10:37.002698
265975,2025-12-02T19:30:00.000Z,epl,Fulham,Man City,4,5,complete,2026-04-21 18:10:37.002698
265979,2025-12-02T19:30:00.000Z,epl,Bournemouth,Everton,0,1,complete,2026-04-21 18:10:37.002698
280924,2025-12-02T20:00:00.000Z,laliga,Barcelona,Atlético,3,1,complete,2026-04-21 18:10:37.002698
265973,2025-12-02T20:15:00.000Z,epl,Newcastle,Tottenham,2,2,complete,2026-04-21 18:10:37.002698
280928,2025-12-03T18:00:00.000Z,laliga,Athletic,Real Madrid,0,3,complete,2026-04-21 18:10:37.002698
265972,2025-12-03T19:30:00.000Z,epl,Wolverhampton,Nottingham,0,1,complete,2026-04-21 18:10:37.002698
265976,2025-12-03T19:30:00.000Z,epl,Burnley,Crystal Palace,0,1,complete,2026-04-21 18:10:37.002698
265977,2025-12-03T19:30:00.000Z,epl,Albion,Aston Villa,3,4,complete,2026-04-21 18:10:37.002698
265978,2025-12-03T19:30:00.000Z,epl,Arsenal,Brentford,2,0,complete,2026-04-21 18:10:37.002698
265971,2025-12-03T20:15:00.000Z,epl,Liverpool,Sunderland,1,1,complete,2026-04-21 18:10:37.002698
265974,2025-12-03T20:15:00.000Z,epl,Leeds,Chelsea,3,1,complete,2026-04-21 18:10:37.002698
265970,2025-12-04T20:00:00.000Z,epl,Man U,West Ham,1,1,complete,2026-04-21 18:10:37.002698
266191,2025-12-05T18:00:00.000Z,ligue1,Brest,Monaco,1,0,complete,2026-04-21 18:10:37.002698
266119,2025-12-05T19:30:00.000Z,bundesliga,Mainz,M'gladbach,0,1,complete,2026-04-21 18:10:37.002698
266169,2025-12-05T20:00:00.000Z,laliga,Real Oviedo,Mallorca,0,0,complete,2026-04-21 18:10:37.002698
266196,2025-12-05T20:00:00.000Z,ligue1,Lille,Marseille,1,0,complete,2026-04-21 18:10:37.002698
266110,2025-12-06T12:30:00.000Z,epl,Aston Villa,Arsenal,2,1,complete,2026-04-21 18:10:37.002698
266171,2025-12-06T13:00:00.000Z,laliga,Villarreal,Getafe,2,0,complete,2026-04-21 18:10:37.002698
266184,2025-12-06T14:00:00.000Z,seriea,Sassuolo,Fiorentina,3,1,complete,2026-04-21 18:10:37.002698
266113,2025-12-06T14:30:00.000Z,bundesliga,Köln,St Pauli,1,1,complete,2026-04-21 18:10:37.002698
266114,2025-12-06T14:30:00.000Z,bundesliga,Heidenheim,Freiburg,2,1,complete,2026-04-21 18:10:37.002698
266115,2025-12-06T14:30:00.000Z,bundesliga,Augsburg,Leverkusen,2,0,complete,2026-04-21 18:10:37.002698
266116,2025-12-06T14:30:00.000Z,bundesliga,WOLF,Union Berlin,3,1,complete,2026-04-21 18:10:37.002698
266117,2025-12-06T14:30:00.000Z,bundesliga,Stuttgart,Bayern,0,5,complete,2026-04-21 18:10:37.002698
266103,2025-12-06T15:00:00.000Z,epl,Tottenham,Brentford,2,0,complete,2026-04-21 18:10:37.002698
266104,2025-12-06T15:00:00.000Z,epl,Newcastle,Burnley,2,1,complete,2026-04-21 18:10:37.002698
266105,2025-12-06T15:00:00.000Z,epl,Man City,Sunderland,3,0,complete,2026-04-21 18:10:37.002698
266108,2025-12-06T15:00:00.000Z,epl,Everton,Nottingham,3,0,complete,2026-04-21 18:10:37.002698
266111,2025-12-06T15:00:00.000Z,epl,Bournemouth,Chelsea,0,0,complete,2026-04-21 18:10:37.002698
266177,2025-12-06T15:15:00.000Z,laliga,Alaves,Real Sociedad,1,0,complete,2026-04-21 18:10:37.002698
266193,2025-12-06T16:00:00.000Z,ligue1,Nantes,Lens,1,2,complete,2026-04-21 18:10:37.002698
266180,2025-12-06T17:00:00.000Z,seriea,Inter,Como 1907,4,0,complete,2026-04-21 18:10:37.002698
266106,2025-12-06T17:30:00.000Z,epl,Leeds,Liverpool,3,3,complete,2026-04-21 18:10:37.002698
266118,2025-12-06T17:30:00.000Z,bundesliga,LEIP,FRA,6,0,complete,2026-04-21 18:10:37.002698
266173,2025-12-06T17:30:00.000Z,laliga,Betis,Barcelona,3,5,complete,2026-04-21 18:10:37.002698
266189,2025-12-06T18:00:00.000Z,ligue1,Toulouse,Strasbourg,1,0,complete,2026-04-21 18:10:37.002698
282951,2025-12-06T19:30:00.000Z,mls,Inter Miami,Whitecaps,3,1,complete,2026-04-21 18:10:37.002698
266186,2025-12-06T19:45:00.000Z,seriea,Hellas,Atalanta,3,1,complete,2026-04-21 18:10:37.002698
266176,2025-12-06T20:00:00.000Z,laliga,Athletic,Atlético,1,0,complete,2026-04-21 18:10:37.002698
266188,2025-12-06T20:05:00.000Z,ligue1,PSG,Rennes,5,0,complete,2026-04-21 18:10:37.002698
266179,2025-12-07T11:30:00.000Z,seriea,Cremonese,Lecce,2,0,complete,2026-04-21 18:10:37.002698
266175,2025-12-07T13:00:00.000Z,laliga,Elche,Girona,3,0,complete,2026-04-21 18:10:37.002698
266109,2025-12-07T14:00:00.000Z,epl,Albion,West Ham,1,1,complete,2026-04-21 18:10:37.002698
266178,2025-12-07T14:00:00.000Z,seriea,Cagliari,Roma,1,0,complete,2026-04-21 18:10:37.002698
266192,2025-12-07T14:00:00.000Z,ligue1,Nice,Angers,0,1,complete,2026-04-21 18:10:37.002698
266112,2025-12-07T14:30:00.000Z,bundesliga,HSV,BRE,3,2,complete,2026-04-21 18:10:37.002698
266168,2025-12-07T15:15:00.000Z,laliga,Valencia,Sevilla,1,1,complete,2026-04-21 18:10:37.002698
266194,2025-12-07T16:15:00.000Z,ligue1,Auxerre,Metz,3,1,complete,2026-04-21 18:10:37.002698
266195,2025-12-07T16:15:00.000Z,ligue1,Le Havre,Paris FC,0,0,complete,2026-04-21 18:10:37.002698
266107,2025-12-07T16:30:00.000Z,epl,Fulham,Crystal Palace,1,2,complete,2026-04-21 18:10:37.002698
266120,2025-12-07T16:30:00.000Z,bundesliga,Dortmund,HOFF,2,0,complete,2026-04-21 18:10:37.002698
266181,2025-12-07T17:00:00.000Z,seriea,Lazio,Bologna,1,1,complete,2026-04-21 18:10:37.002698
266174,2025-12-07T17:30:00.000Z,laliga,Espanyol,Vallecano,1,0,complete,2026-04-21 18:10:37.002698
266182,2025-12-07T19:45:00.000Z,seriea,Napoli,Juventus,2,1,complete,2026-04-21 18:10:37.002698
266190,2025-12-07T19:45:00.000Z,ligue1,Lorient,Lyon,1,0,complete,2026-04-21 18:10:37.002698
266172,2025-12-07T20:00:00.000Z,laliga,Real Madrid,Celta Vigo,0,2,complete,2026-04-21 18:10:37.002698
266183,2025-12-08T14:00:00.000Z,seriea,Pisa,Parma,0,1,complete,2026-04-21 18:10:37.002698
266185,2025-12-08T17:00:00.000Z,seriea,Udinese,Genoa,1,2,complete,2026-04-21 18:10:37.002698
266187,2025-12-08T19:45:00.000Z,seriea,Torino,Milan,2,3,complete,2026-04-21 18:10:37.002698
266170,2025-12-08T20:00:00.000Z,laliga,Osasuna,Levante,2,0,complete,2026-04-21 18:10:37.002698
281282,2025-12-08T20:00:00.000Z,epl,Wolverhampton,Man U,1,4,complete,2026-04-21 18:10:37.002698
266268,2025-12-09T15:30:00.000Z,champions,Kairat Almaty,Olympiacos,0,1,complete,2026-04-21 18:10:37.002698
266269,2025-12-09T17:45:00.000Z,champions,Bayern,Sporting,3,1,complete,2026-04-21 18:10:37.002698
266270,2025-12-09T20:00:00.000Z,champions,Tottenham,Slavia Praha,3,0,complete,2026-04-21 18:10:37.002698
266271,2025-12-09T20:00:00.000Z,champions,Union Saint-Gilloise,Marseille,2,3,complete,2026-04-21 18:10:37.002698
266272,2025-12-09T20:00:00.000Z,champions,PSV,Atlético,2,3,complete,2026-04-21 18:10:37.002698
266273,2025-12-09T20:00:00.000Z,champions,Inter,Liverpool,0,1,complete,2026-04-21 18:10:37.002698
266274,2025-12-09T20:00:00.000Z,champions,Barcelona,FRA,2,1,complete,2026-04-21 18:10:37.002698
266275,2025-12-09T20:00:00.000Z,champions,Atalanta,Chelsea,2,1,complete,2026-04-21 18:10:37.002698
266276,2025-12-09T20:00:00.000Z,champions,Monaco,Galatasaray,1,0,complete,2026-04-21 18:10:37.002698
267070,2025-12-10T17:45:00.000Z,champions,Villarreal,Copenhagen,2,3,complete,2026-04-21 18:10:37.002698
267071,2025-12-10T17:45:00.000Z,champions,Qarabag,Ajax,2,4,complete,2026-04-21 18:10:37.002698
267072,2025-12-10T20:00:00.000Z,champions,Benfica,Napoli,2,0,complete,2026-04-21 18:10:37.002698
267073,2025-12-10T20:00:00.000Z,champions,Real Madrid,Man City,1,2,complete,2026-04-21 18:10:37.002698
267074,2025-12-10T20:00:00.000Z,champions,Juventus,Pafos FC,2,0,complete,2026-04-21 18:10:37.002698
267075,2025-12-10T20:00:00.000Z,champions,Brugge,Arsenal,0,3,complete,2026-04-21 18:10:37.002698
267076,2025-12-10T20:00:00.000Z,champions,Dortmund,Bodo Glimt,2,2,complete,2026-04-21 18:10:37.002698
267077,2025-12-10T20:00:00.000Z,champions,Leverkusen,Newcastle,2,2,complete,2026-04-21 18:10:37.002698
267078,2025-12-10T20:00:00.000Z,champions,Athletic,PSG,0,0,complete,2026-04-21 18:10:37.002698
267092,2025-12-11T17:45:00.000Z,europa,Young Boys,Lille,1,0,complete,2026-04-21 18:10:37.002698
267093,2025-12-11T17:45:00.000Z,europa,FC Utrecht,Nottingham,1,2,complete,2026-04-21 18:10:37.002698
267094,2025-12-11T17:45:00.000Z,europa,Stuttgart,Maccabi,4,1,complete,2026-04-21 18:10:37.002698
267095,2025-12-11T17:45:00.000Z,europa,Sturm Graz,Belgrade,0,1,complete,2026-04-21 18:10:37.002698
267096,2025-12-11T17:45:00.000Z,europa,Nice,Braga,0,1,complete,2026-04-21 18:10:37.002698
267097,2025-12-11T17:45:00.000Z,europa,Midtjylland,Genk,1,0,complete,2026-04-21 18:10:37.002698
267098,2025-12-11T17:45:00.000Z,europa,Ludogorets,PAOK,3,3,complete,2026-04-21 18:10:37.002698
267099,2025-12-11T17:45:00.000Z,europa,Ferencvaros,Rangers,2,1,complete,2026-04-21 18:10:37.002698
267100,2025-12-11T17:45:00.000Z,europa,Zagreb,Betis,1,3,complete,2026-04-21 18:10:37.002698
267101,2025-12-11T20:00:00.000Z,europa,PAN,Viktoria,0,0,complete,2026-04-21 18:10:37.002698
267102,2025-12-11T20:00:00.000Z,europa,Lyon,Go Ahead Eagles,2,1,complete,2026-04-21 18:10:37.002698
267103,2025-12-11T20:00:00.000Z,europa,Freiburg,Red Bull,1,0,complete,2026-04-21 18:10:37.002698
267104,2025-12-11T20:00:00.000Z,europa,Steaua,Feyenoord,4,3,complete,2026-04-21 18:10:37.002698
267105,2025-12-11T20:00:00.000Z,europa,Porto,Malmo,2,1,complete,2026-04-21 18:10:37.002698
267106,2025-12-11T20:00:00.000Z,europa,Celtic,Roma,0,3,complete,2026-04-21 18:10:37.002698
267107,2025-12-11T20:00:00.000Z,europa,Celta Vigo,Bologna,1,2,complete,2026-04-21 18:10:37.002698
267108,2025-12-11T20:00:00.000Z,europa,Brann,Fenerbahce,0,4,complete,2026-04-21 18:10:37.002698
267109,2025-12-11T20:00:00.000Z,europa,Basel,Aston Villa,1,2,complete,2026-04-21 18:10:37.002698
267203,2025-12-12T19:30:00.000Z,bundesliga,Union Berlin,LEIP,3,1,complete,2026-04-21 18:10:37.002698
267272,2025-12-12T19:45:00.000Z,seriea,Lecce,Pisa,1,0,complete,2026-04-21 18:10:37.002698
267285,2025-12-12T19:45:00.000Z,ligue1,Angers,Nantes,4,1,complete,2026-04-21 18:10:37.002698
267258,2025-12-12T20:00:00.000Z,laliga,Real Sociedad,Girona,1,2,complete,2026-04-21 18:10:37.002698
267265,2025-12-13T13:00:00.000Z,laliga,Atlético,Valencia,2,1,complete,2026-04-21 18:10:37.002698
267268,2025-12-13T14:00:00.000Z,seriea,Torino,Cremonese,1,0,complete,2026-04-21 18:10:37.002698
267201,2025-12-13T14:30:00.000Z,bundesliga,HOFF,HSV,4,1,complete,2026-04-21 18:10:37.002698
267202,2025-12-13T14:30:00.000Z,bundesliga,St Pauli,Heidenheim,2,1,complete,2026-04-21 18:10:37.002698
267204,2025-12-13T14:30:00.000Z,bundesliga,M'gladbach,WOLF,1,3,complete,2026-04-21 18:10:37.002698
267207,2025-12-13T14:30:00.000Z,bundesliga,FRA,Augsburg,1,0,complete,2026-04-21 18:10:37.002698
267195,2025-12-13T15:00:00.000Z,epl,Liverpool,Albion,2,0,complete,2026-04-21 18:10:37.002698
267197,2025-12-13T15:00:00.000Z,epl,Chelsea,Everton,2,0,complete,2026-04-21 18:10:37.002698
267260,2025-12-13T15:15:00.000Z,laliga,Mallorca,Elche,3,1,complete,2026-04-21 18:10:37.002698
267282,2025-12-13T16:00:00.000Z,ligue1,Rennes,Brest,3,1,complete,2026-04-21 18:10:37.002698
267270,2025-12-13T17:00:00.000Z,seriea,Parma,Lazio,0,1,complete,2026-04-21 18:10:37.002698
267198,2025-12-13T17:30:00.000Z,epl,Burnley,Fulham,2,3,complete,2026-04-21 18:10:37.002698
267208,2025-12-13T17:30:00.000Z,bundesliga,Leverkusen,Köln,2,0,complete,2026-04-21 18:10:37.002698
267264,2025-12-13T17:30:00.000Z,laliga,Barcelona,Osasuna,2,0,complete,2026-04-21 18:10:37.002698
267279,2025-12-13T18:00:00.000Z,ligue1,Metz,PSG,2,3,complete,2026-04-21 18:10:37.002698
267276,2025-12-13T19:45:00.000Z,seriea,Atalanta,Cagliari,2,1,complete,2026-04-21 18:10:37.002698
267200,2025-12-13T20:00:00.000Z,epl,Arsenal,Wolverhampton,2,1,complete,2026-04-21 18:10:37.002698
267259,2025-12-13T20:00:00.000Z,laliga,Getafe,Espanyol,0,1,complete,2026-04-21 18:10:37.002698
267284,2025-12-13T20:05:00.000Z,ligue1,Paris FC,Toulouse,0,3,complete,2026-04-21 18:10:37.002698
267271,2025-12-14T11:30:00.000Z,seriea,Milan,Sassuolo,2,2,complete,2026-04-21 18:10:37.002698
267257,2025-12-14T13:00:00.000Z,laliga,Sevilla,Real Oviedo,4,0,complete,2026-04-21 18:10:37.002698
267191,2025-12-14T14:00:00.000Z,epl,West Ham,Aston Villa,2,3,complete,2026-04-21 18:10:37.002698
267192,2025-12-14T14:00:00.000Z,epl,Sunderland,Newcastle,1,0,complete,2026-04-21 18:10:37.002698
267193,2025-12-14T14:00:00.000Z,epl,Nottingham,Tottenham,3,0,complete,2026-04-21 18:10:37.002698
267196,2025-12-14T14:00:00.000Z,epl,Crystal Palace,Man City,0,3,complete,2026-04-21 18:10:37.002698
267267,2025-12-14T14:00:00.000Z,seriea,Udinese,Napoli,1,0,complete,2026-04-21 18:10:37.002698
267274,2025-12-14T14:00:00.000Z,seriea,Fiorentina,Hellas,1,2,complete,2026-04-21 18:10:37.002698
267281,2025-12-14T14:00:00.000Z,ligue1,Lyon,Le Havre,1,0,complete,2026-04-21 18:10:37.002698
267206,2025-12-14T14:30:00.000Z,bundesliga,Freiburg,Dortmund,1,1,complete,2026-04-21 18:10:37.002698
267262,2025-12-14T15:15:00.000Z,laliga,Celta Vigo,Athletic,2,0,complete,2026-04-21 18:10:37.002698
267278,2025-12-14T16:15:00.000Z,ligue1,Lens,Nice,2,0,complete,2026-04-21 18:10:37.002698
267280,2025-12-14T16:15:00.000Z,ligue1,Strasbourg,Lorient,0,0,complete,2026-04-21 18:10:37.002698
267283,2025-12-14T16:15:00.000Z,ligue1,Auxerre,Lille,3,4,complete,2026-04-21 18:10:37.002698
267199,2025-12-14T16:30:00.000Z,epl,Brentford,Leeds,1,1,complete,2026-04-21 18:10:37.002698
267209,2025-12-14T16:30:00.000Z,bundesliga,Bayern,Mainz,2,2,complete,2026-04-21 18:10:37.002698
267273,2025-12-14T17:00:00.000Z,seriea,Genoa,Inter,1,2,complete,2026-04-21 18:10:37.002698
267205,2025-12-14T18:30:00.000Z,bundesliga,BRE,Stuttgart,0,4,complete,2026-04-21 18:10:37.002698
267275,2025-12-14T19:45:00.000Z,seriea,Bologna,Juventus,0,1,complete,2026-04-21 18:10:37.002698
267277,2025-12-14T19:45:00.000Z,ligue1,Marseille,Monaco,1,0,complete,2026-04-21 18:10:37.002698
267266,2025-12-14T20:00:00.000Z,laliga,Alaves,Real Madrid,1,2,complete,2026-04-21 18:10:37.002698
267269,2025-12-15T19:45:00.000Z,seriea,Roma,Como 1907,1,0,complete,2026-04-21 18:10:37.002698
267261,2025-12-15T20:00:00.000Z,laliga,Vallecano,Betis,0,0,complete,2026-04-21 18:10:37.002698
282107,2025-12-15T20:00:00.000Z,epl,Man U,Bournemouth,4,4,complete,2026-04-21 18:10:37.002698
272806,2025-12-19T19:30:00.000Z,bundesliga,Dortmund,M'gladbach,2,0,complete,2026-04-21 18:10:37.002698
273481,2025-12-19T20:00:00.000Z,laliga,Valencia,Mallorca,1,1,complete,2026-04-21 18:10:37.002698
272790,2025-12-20T12:30:00.000Z,epl,Newcastle,Chelsea,2,2,complete,2026-04-21 18:10:37.002698
273482,2025-12-20T13:00:00.000Z,laliga,Real Oviedo,Celta Vigo,0,0,complete,2026-04-21 18:10:37.002698
272798,2025-12-20T14:30:00.000Z,bundesliga,HSV,FRA,1,1,complete,2026-04-21 18:10:37.002698
272799,2025-12-20T14:30:00.000Z,bundesliga,Köln,Union Berlin,0,1,complete,2026-04-21 18:10:37.002698
272801,2025-12-20T14:30:00.000Z,bundesliga,Augsburg,BRE,0,0,complete,2026-04-21 18:10:37.002698
272802,2025-12-20T14:30:00.000Z,bundesliga,WOLF,Freiburg,3,4,complete,2026-04-21 18:10:37.002698
272803,2025-12-20T14:30:00.000Z,bundesliga,Stuttgart,HOFF,0,0,complete,2026-04-21 18:10:37.002698
272788,2025-12-20T15:00:00.000Z,epl,Wolverhampton,Brentford,0,2,complete,2026-04-21 18:10:37.002698
272791,2025-12-20T15:00:00.000Z,epl,Man City,West Ham,3,0,complete,2026-04-21 18:10:37.002698
272795,2025-12-20T15:00:00.000Z,epl,Albion,Sunderland,0,0,complete,2026-04-21 18:10:37.002698
272797,2025-12-20T15:00:00.000Z,epl,Bournemouth,Burnley,1,1,complete,2026-04-21 18:10:37.002698
273487,2025-12-20T15:15:00.000Z,laliga,Levante,Real Sociedad,1,1,complete,2026-04-21 18:10:37.002698
273495,2025-12-20T17:00:00.000Z,seriea,Lazio,Cremonese,0,0,complete,2026-04-21 18:10:37.002698
272789,2025-12-20T17:30:00.000Z,epl,Tottenham,Liverpool,1,2,complete,2026-04-21 18:10:37.002698
272804,2025-12-20T17:30:00.000Z,bundesliga,LEIP,Leverkusen,1,3,complete,2026-04-21 18:10:37.002698
273485,2025-12-20T17:30:00.000Z,laliga,Osasuna,Alaves,3,0,complete,2026-04-21 18:10:37.002698
273496,2025-12-20T19:45:00.000Z,seriea,Juventus,Roma,2,1,complete,2026-04-21 18:10:37.002698
272792,2025-12-20T20:00:00.000Z,epl,Leeds,Crystal Palace,4,1,complete,2026-04-21 18:10:37.002698
272794,2025-12-20T20:00:00.000Z,epl,Everton,Arsenal,0,1,complete,2026-04-21 18:10:37.002698
273486,2025-12-20T20:00:00.000Z,laliga,Real Madrid,Sevilla,2,0,complete,2026-04-21 18:10:37.002698
273491,2025-12-21T11:30:00.000Z,seriea,Cagliari,Pisa,2,2,complete,2026-04-21 18:10:37.002698
273484,2025-12-21T13:00:00.000Z,laliga,Girona,Atlético,0,3,complete,2026-04-21 18:10:37.002698
273493,2025-12-21T14:00:00.000Z,seriea,Sassuolo,Torino,0,1,complete,2026-04-21 18:10:37.002698
272805,2025-12-21T14:30:00.000Z,bundesliga,Mainz,St Pauli,0,0,complete,2026-04-21 18:10:37.002698
273483,2025-12-21T15:15:00.000Z,laliga,Villarreal,Barcelona,0,2,complete,2026-04-21 18:10:37.002698
272796,2025-12-21T16:30:00.000Z,epl,Aston Villa,Man U,2,1,complete,2026-04-21 18:10:37.002698
272800,2025-12-21T16:30:00.000Z,bundesliga,Heidenheim,Bayern,0,4,complete,2026-04-21 18:10:37.002698
273499,2025-12-21T17:00:00.000Z,seriea,Fiorentina,Udinese,5,1,complete,2026-04-21 18:10:37.002698
273488,2025-12-21T17:30:00.000Z,laliga,Elche,Vallecano,4,0,complete,2026-04-21 18:10:37.002698
273498,2025-12-21T19:45:00.000Z,seriea,Genoa,Atalanta,0,1,complete,2026-04-21 18:10:37.002698
273489,2025-12-21T20:00:00.000Z,laliga,Betis,Getafe,4,0,complete,2026-04-21 18:10:37.002698
273490,2025-12-22T20:00:00.000Z,laliga,Athletic,Espanyol,1,2,complete,2026-04-21 18:10:37.002698
281269,2025-12-22T20:00:00.000Z,epl,Fulham,Nottingham,1,0,complete,2026-04-21 18:10:37.002698
277575,2025-12-26T20:00:00.000Z,epl,Man U,Newcastle,1,0,complete,2026-04-21 18:10:37.002698
277894,2025-12-27T11:30:00.000Z,seriea,Parma,Fiorentina,1,0,complete,2026-04-21 18:10:37.002698
277574,2025-12-27T12:30:00.000Z,epl,Nottingham,Man City,1,2,complete,2026-04-21 18:10:37.002698
277892,2025-12-27T14:00:00.000Z,seriea,Lecce,Como 1907,0,3,complete,2026-04-21 18:10:37.002698
277897,2025-12-27T14:00:00.000Z,seriea,Torino,Cagliari,1,2,complete,2026-04-21 18:10:37.002698
277572,2025-12-27T15:00:00.000Z,epl,West Ham,Fulham,0,1,complete,2026-04-21 18:10:37.002698
277576,2025-12-27T15:00:00.000Z,epl,Liverpool,Wolverhampton,2,1,complete,2026-04-21 18:10:37.002698
277579,2025-12-27T15:00:00.000Z,epl,Burnley,Everton,0,0,complete,2026-04-21 18:10:37.002698
277580,2025-12-27T15:00:00.000Z,epl,Brentford,Bournemouth,4,1,complete,2026-04-21 18:10:37.002698
277581,2025-12-27T15:00:00.000Z,epl,Arsenal,Albion,2,1,complete,2026-04-21 18:10:37.002698
277898,2025-12-27T17:00:00.000Z,seriea,Udinese,Lazio,1,1,complete,2026-04-21 18:10:37.002698
277578,2025-12-27T17:30:00.000Z,epl,Chelsea,Aston Villa,1,2,complete,2026-04-21 18:10:37.002698
277895,2025-12-27T19:45:00.000Z,seriea,Pisa,Juventus,0,2,complete,2026-04-21 18:10:37.002698
277893,2025-12-28T11:30:00.000Z,seriea,Milan,Hellas,3,0,complete,2026-04-21 18:10:37.002698
277573,2025-12-28T14:00:00.000Z,epl,Sunderland,Leeds,1,1,complete,2026-04-21 18:10:37.002698
277899,2025-12-28T14:00:00.000Z,seriea,Cremonese,Napoli,0,2,complete,2026-04-21 18:10:37.002698
277577,2025-12-28T16:30:00.000Z,epl,Crystal Palace,Tottenham,0,1,complete,2026-04-21 18:10:37.002698
277891,2025-12-28T17:00:00.000Z,seriea,Bologna,Sassuolo,1,1,complete,2026-04-21 18:10:37.002698
277890,2025-12-28T19:45:00.000Z,seriea,Atalanta,Inter,0,1,complete,2026-04-21 18:10:37.002698
277896,2025-12-29T19:45:00.000Z,seriea,Roma,Genoa,3,1,complete,2026-04-21 18:10:37.002698
278538,2025-12-30T19:30:00.000Z,epl,West Ham,Albion,2,2,complete,2026-04-21 18:10:37.002698
278540,2025-12-30T19:30:00.000Z,epl,Nottingham,Everton,0,2,complete,2026-04-21 18:10:37.002698
278544,2025-12-30T19:30:00.000Z,epl,Chelsea,Bournemouth,2,2,complete,2026-04-21 18:10:37.002698
278545,2025-12-30T19:30:00.000Z,epl,Burnley,Newcastle,1,3,complete,2026-04-21 18:10:37.002698
278541,2025-12-30T20:15:00.000Z,epl,Man U,Wolverhampton,1,1,complete,2026-04-21 18:10:37.002698
278547,2025-12-30T20:15:00.000Z,epl,Arsenal,Aston Villa,4,1,complete,2026-04-21 18:10:37.002698
278542,2026-01-01T17:30:00.000Z,epl,Liverpool,Leeds,0,0,complete,2026-04-21 18:10:37.002698
278543,2026-01-01T17:30:00.000Z,epl,Crystal Palace,Fulham,1,1,complete,2026-04-21 18:10:37.002698
278539,2026-01-01T20:00:00.000Z,epl,Sunderland,Man City,0,0,complete,2026-04-21 18:10:37.002698
278546,2026-01-01T20:00:00.000Z,epl,Brentford,Tottenham,0,0,complete,2026-04-21 18:10:37.002698
279900,2026-01-02T19:45:00.000Z,seriea,Cagliari,Milan,0,1,complete,2026-04-21 18:10:37.002698
280072,2026-01-02T19:45:00.000Z,ligue1,Toulouse,Lens,0,3,complete,2026-04-21 18:10:37.002698
280063,2026-01-02T20:00:00.000Z,laliga,Vallecano,Getafe,1,1,complete,2026-04-21 18:10:37.002698
279901,2026-01-03T11:30:00.000Z,seriea,Como 1907,Udinese,1,0,complete,2026-04-21 18:10:37.002698
279898,2026-01-03T12:30:00.000Z,epl,Aston Villa,Nottingham,3,1,complete,2026-04-21 18:10:37.002698
280069,2026-01-03T13:00:00.000Z,laliga,Celta Vigo,Valencia,4,1,complete,2026-04-21 18:10:37.002698
279903,2026-01-03T14:00:00.000Z,seriea,Genoa,Pisa,1,1,complete,2026-04-21 18:10:37.002698
279907,2026-01-03T14:00:00.000Z,seriea,Sassuolo,Parma,1,1,complete,2026-04-21 18:10:37.002698
279890,2026-01-03T15:00:00.000Z,epl,Wolverhampton,West Ham,3,0,complete,2026-04-21 18:10:37.002698
279897,2026-01-03T15:00:00.000Z,epl,Albion,Burnley,2,0,complete,2026-04-21 18:10:37.002698
280067,2026-01-03T15:15:00.000Z,laliga,Osasuna,Athletic,1,1,complete,2026-04-21 18:10:37.002698
280077,2026-01-03T16:00:00.000Z,ligue1,Monaco,Lyon,1,3,complete,2026-04-21 18:10:37.002698
279905,2026-01-03T17:00:00.000Z,seriea,Juventus,Lecce,1,1,complete,2026-04-21 18:10:37.002698
279899,2026-01-03T17:30:00.000Z,epl,Bournemouth,Arsenal,2,3,complete,2026-04-21 18:10:37.002698
280068,2026-01-03T17:30:00.000Z,laliga,Elche,Villarreal,1,3,complete,2026-04-21 18:10:37.002698
280079,2026-01-03T18:00:00.000Z,ligue1,Nice,Strasbourg,1,1,complete,2026-04-21 18:10:37.002698
279909,2026-01-03T19:45:00.000Z,seriea,Atalanta,Roma,1,0,complete,2026-04-21 18:10:37.002698
280065,2026-01-03T20:00:00.000Z,laliga,Espanyol,Barcelona,0,2,complete,2026-04-21 18:10:37.002698
280076,2026-01-03T20:05:00.000Z,ligue1,Lille,Rennes,0,2,complete,2026-04-21 18:10:37.002698
279906,2026-01-04T11:30:00.000Z,seriea,Lazio,Napoli,0,2,complete,2026-04-21 18:10:37.002698
279894,2026-01-04T12:30:00.000Z,epl,Leeds,Man U,1,1,complete,2026-04-21 18:10:37.002698
280061,2026-01-04T13:00:00.000Z,laliga,Sevilla,Levante,0,3,complete,2026-04-21 18:10:37.002698
279902,2026-01-04T14:00:00.000Z,seriea,Fiorentina,Cremonese,1,0,complete,2026-04-21 18:10:37.002698
280071,2026-01-04T14:00:00.000Z,ligue1,Marseille,Nantes,0,2,complete,2026-04-21 18:10:37.002698
279891,2026-01-04T15:00:00.000Z,epl,Tottenham,Sunderland,1,1,complete,2026-04-21 18:10:37.002698
279892,2026-01-04T15:00:00.000Z,epl,Newcastle,Crystal Palace,2,0,complete,2026-04-21 18:10:37.002698
279896,2026-01-04T15:00:00.000Z,epl,Everton,Brentford,2,4,complete,2026-04-21 18:10:37.002698
279895,2026-01-04T15:15:00.000Z,epl,Fulham,Liverpool,2,2,complete,2026-04-21 18:10:37.002698
280064,2026-01-04T15:15:00.000Z,laliga,Real Madrid,Betis,5,1,complete,2026-04-21 18:10:37.002698
280073,2026-01-04T16:15:00.000Z,ligue1,Brest,Auxerre,2,0,complete,2026-04-21 18:10:37.002698
280074,2026-01-04T16:15:00.000Z,ligue1,Lorient,Metz,1,1,complete,2026-04-21 18:10:37.002698
280075,2026-01-04T16:15:00.000Z,ligue1,Le Havre,Angers,2,1,complete,2026-04-21 18:10:37.002698
279908,2026-01-04T17:00:00.000Z,seriea,Hellas,Torino,0,3,complete,2026-04-21 18:10:37.002698
279893,2026-01-04T17:30:00.000Z,epl,Man City,Chelsea,1,1,complete,2026-04-21 18:10:37.002698
280062,2026-01-04T17:30:00.000Z,laliga,Mallorca,Girona,1,2,complete,2026-04-21 18:10:37.002698
280070,2026-01-04T17:30:00.000Z,laliga,Alaves,Real Oviedo,1,1,complete,2026-04-21 18:10:37.002698
279904,2026-01-04T19:45:00.000Z,seriea,Inter,Bologna,3,1,complete,2026-04-21 18:10:37.002698
280078,2026-01-04T19:45:00.000Z,ligue1,PSG,Paris FC,2,1,complete,2026-04-21 18:10:37.002698
280066,2026-01-04T20:00:00.000Z,laliga,Real Sociedad,Atlético,1,1,complete,2026-04-21 18:10:37.002698
280549,2026-01-06T14:00:00.000Z,seriea,Pisa,Como 1907,0,3,complete,2026-04-21 18:10:37.002698
280550,2026-01-06T17:00:00.000Z,seriea,Lecce,Roma,0,2,complete,2026-04-21 18:10:37.002698
280551,2026-01-06T19:45:00.000Z,seriea,Sassuolo,Juventus,0,3,complete,2026-04-21 18:10:37.002698
280683,2026-01-06T20:00:00.000Z,epl,West Ham,Nottingham,1,2,complete,2026-04-21 18:10:37.002698
280691,2026-01-07T17:30:00.000Z,seriea,Napoli,Hellas,2,2,complete,2026-04-21 18:10:37.002698
280692,2026-01-07T17:30:00.000Z,seriea,Bologna,Atalanta,0,2,complete,2026-04-21 18:10:37.002698
280681,2026-01-07T19:30:00.000Z,epl,Man City,Albion,1,1,complete,2026-04-21 18:10:37.002698
280682,2026-01-07T19:30:00.000Z,epl,Crystal Palace,Aston Villa,0,0,complete,2026-04-21 18:10:37.002698
280685,2026-01-07T19:30:00.000Z,epl,Fulham,Chelsea,2,1,complete,2026-04-21 18:10:37.002698
280686,2026-01-07T19:30:00.000Z,epl,Everton,Wolverhampton,1,1,complete,2026-04-21 18:10:37.002698
280688,2026-01-07T19:30:00.000Z,epl,Brentford,Sunderland,3,0,complete,2026-04-21 18:10:37.002698
280690,2026-01-07T19:30:00.000Z,epl,Bournemouth,Tottenham,3,2,complete,2026-04-21 18:10:37.002698
280693,2026-01-07T19:45:00.000Z,seriea,Torino,Udinese,1,2,complete,2026-04-21 18:10:37.002698
280694,2026-01-07T19:45:00.000Z,seriea,Parma,Inter,0,2,complete,2026-04-21 18:10:37.002698
280695,2026-01-07T19:45:00.000Z,seriea,Lazio,Fiorentina,2,2,complete,2026-04-21 18:10:37.002698
280684,2026-01-07T20:15:00.000Z,epl,Newcastle,Leeds,4,3,complete,2026-04-21 18:10:37.002698
280687,2026-01-07T20:15:00.000Z,epl,Burnley,Man U,2,2,complete,2026-04-21 18:10:37.002698
280831,2026-01-08T17:30:00.000Z,seriea,Cremonese,Cagliari,2,2,complete,2026-04-21 18:10:37.002698
280832,2026-01-08T19:45:00.000Z,seriea,Milan,Genoa,1,1,complete,2026-04-21 18:10:37.002698
280689,2026-01-08T20:00:00.000Z,epl,Arsenal,Liverpool,0,0,complete,2026-04-21 18:10:37.002698
280900,2026-01-09T19:30:00.000Z,bundesliga,FRA,Dortmund,3,3,complete,2026-04-21 18:10:37.002698
280927,2026-01-09T20:00:00.000Z,laliga,Getafe,Real Sociedad,1,2,complete,2026-04-21 18:10:37.002698
280923,2026-01-10T13:00:00.000Z,laliga,Real Oviedo,Betis,1,1,complete,2026-04-21 18:10:37.002698
280890,2026-01-10T14:00:00.000Z,seriea,Udinese,Pisa,2,2,complete,2026-04-21 18:10:37.002698
280891,2026-01-10T14:00:00.000Z,seriea,Como 1907,Bologna,1,1,complete,2026-04-21 18:10:37.002698
280894,2026-01-10T14:30:00.000Z,bundesliga,Heidenheim,Köln,2,2,complete,2026-04-21 18:10:37.002698
280896,2026-01-10T14:30:00.000Z,bundesliga,Union Berlin,Mainz,2,2,complete,2026-04-21 18:10:37.002698
280899,2026-01-10T14:30:00.000Z,bundesliga,Freiburg,HSV,2,1,complete,2026-04-21 18:10:37.002698
280925,2026-01-10T15:15:00.000Z,laliga,Villarreal,Alaves,3,1,complete,2026-04-21 18:10:37.002698
280892,2026-01-10T17:00:00.000Z,seriea,Roma,Sassuolo,2,0,complete,2026-04-21 18:10:37.002698
280901,2026-01-10T17:30:00.000Z,bundesliga,Leverkusen,Stuttgart,1,4,complete,2026-04-21 18:10:37.002698
280926,2026-01-10T17:30:00.000Z,laliga,Girona,Osasuna,1,0,complete,2026-04-21 18:10:37.002698
280893,2026-01-10T19:45:00.000Z,seriea,Atalanta,Torino,2,0,complete,2026-04-21 18:10:37.002698
280921,2026-01-10T20:00:00.000Z,laliga,Valencia,Elche,1,1,complete,2026-04-21 18:10:37.002698
280929,2026-01-11T11:30:00.000Z,seriea,Lecce,Parma,1,2,complete,2026-04-21 18:10:37.002698
280919,2026-01-11T13:00:00.000Z,laliga,Vallecano,Mallorca,2,1,complete,2026-04-21 18:10:37.002698
280930,2026-01-11T14:00:00.000Z,seriea,Fiorentina,Milan,1,1,complete,2026-04-21 18:10:37.002698
280897,2026-01-11T14:30:00.000Z,bundesliga,M'gladbach,Augsburg,4,0,complete,2026-04-21 18:10:37.002698
280920,2026-01-11T15:15:00.000Z,laliga,Levante,Espanyol,1,1,complete,2026-04-21 18:10:37.002698
280902,2026-01-11T16:30:00.000Z,bundesliga,Bayern,WOLF,8,1,complete,2026-04-21 18:10:37.002698
280931,2026-01-11T17:00:00.000Z,seriea,Hellas,Lazio,0,1,complete,2026-04-21 18:10:37.002698
280932,2026-01-11T19:45:00.000Z,seriea,Inter,Napoli,2,2,complete,2026-04-21 18:10:37.002698
280952,2026-01-12T17:30:00.000Z,seriea,Genoa,Cagliari,3,0,complete,2026-04-21 18:10:37.002698
280953,2026-01-12T19:45:00.000Z,seriea,Juventus,Cremonese,5,0,complete,2026-04-21 18:10:37.002698
280922,2026-01-12T20:00:00.000Z,laliga,Sevilla,Celta Vigo,0,1,complete,2026-04-21 18:10:37.002698
281084,2026-01-13T17:30:00.000Z,bundesliga,Stuttgart,FRA,3,2,complete,2026-04-21 18:10:37.002698
281086,2026-01-13T19:30:00.000Z,bundesliga,Mainz,Heidenheim,2,1,complete,2026-04-21 18:10:37.002698
281087,2026-01-13T19:30:00.000Z,bundesliga,Dortmund,BRE,3,0,complete,2026-04-21 18:10:37.002698
281083,2026-01-14T17:30:00.000Z,bundesliga,WOLF,St Pauli,2,1,complete,2026-04-21 18:10:37.002698
281126,2026-01-14T17:30:00.000Z,seriea,Napoli,Parma,0,0,complete,2026-04-21 18:10:37.002698
281080,2026-01-14T19:30:00.000Z,bundesliga,Köln,Bayern,1,3,complete,2026-04-21 18:10:37.002698
281081,2026-01-14T19:30:00.000Z,bundesliga,HOFF,M'gladbach,5,1,complete,2026-04-21 18:10:37.002698
281085,2026-01-14T19:30:00.000Z,bundesliga,LEIP,Freiburg,2,0,complete,2026-04-21 18:10:37.002698
281127,2026-01-14T19:45:00.000Z,seriea,Inter,Lecce,1,0,complete,2026-04-21 18:10:37.002698
281258,2026-01-15T17:30:00.000Z,seriea,Hellas,Bologna,2,3,complete,2026-04-21 18:10:37.002698
281082,2026-01-15T19:30:00.000Z,bundesliga,Augsburg,Union Berlin,1,1,complete,2026-04-21 18:10:37.002698
281259,2026-01-15T19:45:00.000Z,seriea,Como 1907,Milan,1,3,complete,2026-04-21 18:10:37.002698
281332,2026-01-16T18:00:00.000Z,ligue1,Monaco,Lorient,1,3,complete,2026-04-21 18:10:37.002698
281302,2026-01-16T19:30:00.000Z,bundesliga,BRE,FRA,3,3,complete,2026-04-21 18:10:37.002698
281270,2026-01-16T19:45:00.000Z,seriea,Pisa,Atalanta,1,1,complete,2026-04-21 18:10:37.002698
281322,2026-01-16T20:00:00.000Z,laliga,Espanyol,Girona,0,2,complete,2026-04-21 18:10:37.002698
281331,2026-01-16T20:00:00.000Z,ligue1,PSG,Lille,3,0,complete,2026-04-21 18:10:37.002698
281287,2026-01-17T12:30:00.000Z,epl,Man U,Man City,2,0,complete,2026-04-21 18:10:37.002698
281316,2026-01-17T13:00:00.000Z,laliga,Real Madrid,Levante,2,0,complete,2026-04-21 18:10:37.002698
281293,2026-01-17T14:00:00.000Z,seriea,Udinese,Inter,0,1,complete,2026-04-21 18:10:37.002698
281296,2026-01-17T14:30:00.000Z,bundesliga,HSV,M'gladbach,0,0,complete,2026-04-21 18:10:37.002698
281297,2026-01-17T14:30:00.000Z,bundesliga,Köln,Mainz,2,1,complete,2026-04-21 18:10:37.002698
281298,2026-01-17T14:30:00.000Z,bundesliga,HOFF,Leverkusen,1,0,complete,2026-04-21 18:10:37.002698
281300,2026-01-17T14:30:00.000Z,bundesliga,WOLF,Heidenheim,1,1,complete,2026-04-21 18:10:37.002698
281304,2026-01-17T14:30:00.000Z,bundesliga,Dortmund,St Pauli,3,2,complete,2026-04-21 18:10:37.002698
281284,2026-01-17T15:00:00.000Z,epl,Tottenham,West Ham,1,2,complete,2026-04-21 18:10:37.002698
281285,2026-01-17T15:00:00.000Z,epl,Sunderland,Crystal Palace,2,1,complete,2026-04-21 18:10:37.002698
281288,2026-01-17T15:00:00.000Z,epl,Liverpool,Burnley,1,1,complete,2026-04-21 18:10:37.002698
281289,2026-01-17T15:00:00.000Z,epl,Leeds,Fulham,1,0,complete,2026-04-21 18:10:37.002698
281290,2026-01-17T15:00:00.000Z,epl,Chelsea,Brentford,2,0,complete,2026-04-21 18:10:37.002698
281318,2026-01-17T15:15:00.000Z,laliga,Mallorca,Athletic,3,2,complete,2026-04-21 18:10:37.002698
281335,2026-01-17T16:00:00.000Z,ligue1,Lens,Auxerre,1,0,complete,2026-04-21 18:10:37.002698
281294,2026-01-17T17:00:00.000Z,seriea,Napoli,Sassuolo,1,0,complete,2026-04-21 18:10:37.002698
281286,2026-01-17T17:30:00.000Z,epl,Nottingham,Arsenal,0,0,complete,2026-04-21 18:10:37.002698
281303,2026-01-17T17:30:00.000Z,bundesliga,LEIP,Bayern,1,5,complete,2026-04-21 18:10:37.002698
281320,2026-01-17T17:30:00.000Z,laliga,Osasuna,Real Oviedo,3,2,complete,2026-04-21 18:10:37.002698
281334,2026-01-17T18:00:00.000Z,ligue1,Toulouse,Nice,5,1,complete,2026-04-21 18:10:37.002698
281295,2026-01-17T19:45:00.000Z,seriea,Cagliari,Juventus,1,0,complete,2026-04-21 18:10:37.002698
281325,2026-01-17T20:00:00.000Z,laliga,Betis,Villarreal,2,0,complete,2026-04-21 18:10:37.002698
281330,2026-01-17T20:05:00.000Z,ligue1,Angers,Marseille,2,5,complete,2026-04-21 18:10:37.002698
281326,2026-01-18T11:30:00.000Z,seriea,Parma,Genoa,0,0,complete,2026-04-21 18:10:37.002698
281321,2026-01-18T13:00:00.000Z,laliga,Getafe,Valencia,0,1,complete,2026-04-21 18:10:37.002698
281283,2026-01-18T14:00:00.000Z,epl,Wolverhampton,Newcastle,0,0,complete,2026-04-21 18:10:37.002698
281327,2026-01-18T14:00:00.000Z,seriea,Bologna,Fiorentina,1,2,complete,2026-04-21 18:10:37.002698
281337,2026-01-18T14:00:00.000Z,ligue1,Strasbourg,Metz,2,1,complete,2026-04-21 18:10:37.002698
281301,2026-01-18T14:30:00.000Z,bundesliga,Stuttgart,Union Berlin,1,1,complete,2026-04-21 18:10:37.002698
281319,2026-01-18T15:15:00.000Z,laliga,Atlético,Alaves,1,0,complete,2026-04-21 18:10:37.002698
281333,2026-01-18T16:15:00.000Z,ligue1,Nantes,Paris FC,1,2,complete,2026-04-21 18:10:37.002698
281338,2026-01-18T16:15:00.000Z,ligue1,Rennes,Le Havre,1,1,complete,2026-04-21 18:10:37.002698
281292,2026-01-18T16:30:00.000Z,epl,Aston Villa,Everton,0,1,complete,2026-04-21 18:10:37.002698
281299,2026-01-18T16:30:00.000Z,bundesliga,Augsburg,Freiburg,2,2,complete,2026-04-21 18:10:37.002698
281328,2026-01-18T17:00:00.000Z,seriea,Torino,Roma,0,2,complete,2026-04-21 18:10:37.002698
281324,2026-01-18T17:30:00.000Z,laliga,Celta Vigo,Vallecano,3,0,complete,2026-04-21 18:10:37.002698
281329,2026-01-18T19:45:00.000Z,seriea,Milan,Lecce,1,0,complete,2026-04-21 18:10:37.002698
281336,2026-01-18T19:45:00.000Z,ligue1,Lyon,Brest,2,1,complete,2026-04-21 18:10:37.002698
281317,2026-01-18T20:00:00.000Z,laliga,Real Sociedad,Barcelona,2,1,complete,2026-04-21 18:10:37.002698
281352,2026-01-19T17:30:00.000Z,seriea,Cremonese,Hellas,0,0,complete,2026-04-21 18:10:37.002698
281353,2026-01-19T19:45:00.000Z,seriea,Lazio,Como 1907,0,3,complete,2026-04-21 18:10:37.002698
281323,2026-01-19T20:00:00.000Z,laliga,Elche,Sevilla,2,2,complete,2026-04-21 18:10:37.002698
282307,2026-01-19T20:00:00.000Z,epl,Albion,Bournemouth,1,1,complete,2026-04-21 18:10:37.002698
281381,2026-01-20T15:30:00.000Z,champions,Kairat Almaty,Brugge,1,4,complete,2026-04-21 18:10:37.002698
281382,2026-01-20T17:45:00.000Z,champions,Bodo Glimt,Man City,3,1,complete,2026-04-21 18:10:37.002698
281383,2026-01-20T20:00:00.000Z,champions,Villarreal,Ajax,1,2,complete,2026-04-21 18:10:37.002698
281384,2026-01-20T20:00:00.000Z,champions,Tottenham,Dortmund,2,0,complete,2026-04-21 18:10:37.002698
281385,2026-01-20T20:00:00.000Z,champions,Sporting,PSG,2,1,complete,2026-04-21 18:10:37.002698
281386,2026-01-20T20:00:00.000Z,champions,Real Madrid,Monaco,6,1,complete,2026-04-21 18:10:37.002698
281387,2026-01-20T20:00:00.000Z,champions,Olympiacos,Leverkusen,2,0,complete,2026-04-21 18:10:37.002698
281388,2026-01-20T20:00:00.000Z,champions,Inter,Arsenal,1,3,complete,2026-04-21 18:10:37.002698
281389,2026-01-20T20:00:00.000Z,champions,Copenhagen,Napoli,1,1,complete,2026-04-21 18:10:37.002698
281401,2026-01-21T17:45:00.000Z,champions,Qarabag,FRA,3,2,complete,2026-04-21 18:10:37.002698
281402,2026-01-21T17:45:00.000Z,champions,Galatasaray,Atlético,1,1,complete,2026-04-21 18:10:37.002698
281403,2026-01-21T20:00:00.000Z,champions,Atalanta,Athletic,2,3,complete,2026-04-21 18:10:37.002698
281404,2026-01-21T20:00:00.000Z,champions,Chelsea,Pafos FC,1,0,complete,2026-04-21 18:10:37.002698
281405,2026-01-21T20:00:00.000Z,champions,Juventus,Benfica,2,0,complete,2026-04-21 18:10:37.002698
281406,2026-01-21T20:00:00.000Z,champions,Newcastle,PSV,3,0,complete,2026-04-21 18:10:37.002698
281407,2026-01-21T20:00:00.000Z,champions,Marseille,Liverpool,0,3,complete,2026-04-21 18:10:37.002698
281408,2026-01-21T20:00:00.000Z,champions,Slavia Praha,Barcelona,2,4,complete,2026-04-21 18:10:37.002698
281409,2026-01-21T20:00:00.000Z,champions,Bayern,Union Saint-Gilloise,2,0,complete,2026-04-21 18:10:37.002698
281424,2026-01-22T17:45:00.000Z,europa,Young Boys,Lyon,0,1,complete,2026-04-21 18:10:37.002698
281425,2026-01-22T17:45:00.000Z,europa,Viktoria,Porto,1,1,complete,2026-04-21 18:10:37.002698
281426,2026-01-22T17:45:00.000Z,europa,PAOK,Betis,2,0,complete,2026-04-21 18:10:37.002698
281427,2026-01-22T17:45:00.000Z,europa,Malmo,Belgrade,0,1,complete,2026-04-21 18:10:37.002698
281428,2026-01-22T17:45:00.000Z,europa,Freiburg,Maccabi,1,0,complete,2026-04-21 18:10:37.002698
281429,2026-01-22T17:45:00.000Z,europa,Feyenoord,Sturm Graz,3,0,complete,2026-04-21 18:10:37.002698
281430,2026-01-22T17:45:00.000Z,europa,Fenerbahce,Aston Villa,0,1,complete,2026-04-21 18:10:37.002698
281431,2026-01-22T17:45:00.000Z,europa,Brann,Midtjylland,3,3,complete,2026-04-21 18:10:37.002698
281432,2026-01-22T17:45:00.000Z,europa,Bologna,Celtic,2,2,complete,2026-04-21 18:10:37.002698
281433,2026-01-22T20:00:00.000Z,europa,FC Utrecht,Genk,0,2,complete,2026-04-21 18:10:37.002698
281434,2026-01-22T20:00:00.000Z,europa,Red Bull,Basel,3,1,complete,2026-04-21 18:10:37.002698
281435,2026-01-22T20:00:00.000Z,europa,Rangers,Ludogorets,1,0,complete,2026-04-21 18:10:37.002698
281436,2026-01-22T20:00:00.000Z,europa,Nice,Go Ahead Eagles,3,1,complete,2026-04-21 18:10:37.002698
281437,2026-01-22T20:00:00.000Z,europa,Ferencvaros,PAN,1,1,complete,2026-04-21 18:10:37.002698
281438,2026-01-22T20:00:00.000Z,europa,Zagreb,Steaua,4,1,complete,2026-04-21 18:10:37.002698
281439,2026-01-22T20:00:00.000Z,europa,Celta Vigo,Lille,2,1,complete,2026-04-21 18:10:37.002698
281440,2026-01-22T20:00:00.000Z,europa,Braga,Nottingham,1,0,complete,2026-04-21 18:10:37.002698
281441,2026-01-22T20:00:00.000Z,europa,Roma,Stuttgart,2,0,complete,2026-04-21 18:10:37.002698
281568,2026-01-23T19:00:00.000Z,ligue1,Auxerre,PSG,0,1,complete,2026-04-21 18:10:37.002698
281495,2026-01-23T19:30:00.000Z,bundesliga,St Pauli,HSV,0,0,complete,2026-04-21 18:10:37.002698
281453,2026-01-23T19:45:00.000Z,seriea,Inter,Pisa,6,2,complete,2026-04-21 18:10:37.002698
281550,2026-01-23T20:00:00.000Z,laliga,Levante,Elche,3,2,complete,2026-04-21 18:10:37.002698
281481,2026-01-24T12:30:00.000Z,epl,West Ham,Sunderland,3,1,complete,2026-04-21 18:10:37.002698
281547,2026-01-24T13:00:00.000Z,laliga,Vallecano,Osasuna,1,3,complete,2026-04-21 18:10:37.002698
281491,2026-01-24T14:00:00.000Z,seriea,Como 1907,Torino,6,0,complete,2026-04-21 18:10:37.002698
281494,2026-01-24T14:30:00.000Z,bundesliga,Heidenheim,LEIP,0,3,complete,2026-04-21 18:10:37.002698
281498,2026-01-24T14:30:00.000Z,bundesliga,Mainz,WOLF,3,1,complete,2026-04-21 18:10:37.002698
281500,2026-01-24T14:30:00.000Z,bundesliga,FRA,HOFF,1,3,complete,2026-04-21 18:10:37.002698
281501,2026-01-24T14:30:00.000Z,bundesliga,Leverkusen,BRE,1,0,complete,2026-04-21 18:10:37.002698
281502,2026-01-24T14:30:00.000Z,bundesliga,Bayern,Augsburg,1,2,complete,2026-04-21 18:10:37.002698
281483,2026-01-24T15:00:00.000Z,epl,Man City,Wolverhampton,2,0,complete,2026-04-21 18:10:37.002698
281484,2026-01-24T15:00:00.000Z,epl,Fulham,Albion,2,1,complete,2026-04-21 18:10:37.002698
281487,2026-01-24T15:00:00.000Z,epl,Burnley,Tottenham,2,2,complete,2026-04-21 18:10:37.002698
281549,2026-01-24T15:15:00.000Z,laliga,Valencia,Espanyol,3,2,complete,2026-04-21 18:10:37.002698
281565,2026-01-24T16:00:00.000Z,ligue1,Rennes,Lorient,0,2,complete,2026-04-21 18:10:37.002698
281492,2026-01-24T17:00:00.000Z,seriea,Fiorentina,Cagliari,1,2,complete,2026-04-21 18:10:37.002698
281490,2026-01-24T17:30:00.000Z,epl,Bournemouth,Liverpool,3,2,complete,2026-04-21 18:10:37.002698
281496,2026-01-24T17:30:00.000Z,bundesliga,Union Berlin,Dortmund,0,3,complete,2026-04-21 18:10:37.002698
281552,2026-01-24T17:30:00.000Z,laliga,Sevilla,Athletic,2,1,complete,2026-04-21 18:10:37.002698
281563,2026-01-24T18:00:00.000Z,ligue1,Le Havre,Monaco,0,0,complete,2026-04-21 18:10:37.002698
281493,2026-01-24T19:45:00.000Z,seriea,Lecce,Lazio,0,0,complete,2026-04-21 18:10:37.002698
281546,2026-01-24T20:00:00.000Z,laliga,Villarreal,Real Madrid,0,2,complete,2026-04-21 18:10:37.002698
281561,2026-01-24T20:05:00.000Z,ligue1,Marseille,Lens,3,1,complete,2026-04-21 18:10:37.002698
281556,2026-01-25T11:30:00.000Z,seriea,Sassuolo,Cremonese,1,0,complete,2026-04-21 18:10:37.002698
281554,2026-01-25T13:00:00.000Z,laliga,Atlético,Mallorca,3,0,complete,2026-04-21 18:10:37.002698
281482,2026-01-25T14:00:00.000Z,epl,Newcastle,Aston Villa,0,2,complete,2026-04-21 18:10:37.002698
281486,2026-01-25T14:00:00.000Z,epl,Crystal Palace,Chelsea,1,3,complete,2026-04-21 18:10:37.002698
281488,2026-01-25T14:00:00.000Z,epl,Brentford,Nottingham,0,2,complete,2026-04-21 18:10:37.002698
281557,2026-01-25T14:00:00.000Z,seriea,Genoa,Bologna,3,2,complete,2026-04-21 18:10:37.002698
281558,2026-01-25T14:00:00.000Z,seriea,Atalanta,Parma,4,0,complete,2026-04-21 18:10:37.002698
281562,2026-01-25T14:00:00.000Z,ligue1,Nantes,Nice,1,4,complete,2026-04-21 18:10:37.002698
281497,2026-01-25T14:30:00.000Z,bundesliga,M'gladbach,Stuttgart,0,3,complete,2026-04-21 18:10:37.002698
281553,2026-01-25T15:15:00.000Z,laliga,Barcelona,Real Oviedo,3,0,complete,2026-04-21 18:10:37.002698
281564,2026-01-25T16:15:00.000Z,ligue1,Metz,Lyon,2,5,complete,2026-04-21 18:10:37.002698
281566,2026-01-25T16:15:00.000Z,ligue1,Paris FC,Angers,0,0,complete,2026-04-21 18:10:37.002698
281567,2026-01-25T16:15:00.000Z,ligue1,Brest,Toulouse,0,2,complete,2026-04-21 18:10:37.002698
281489,2026-01-25T16:30:00.000Z,epl,Arsenal,Man U,2,3,complete,2026-04-21 18:10:37.002698
281499,2026-01-25T16:30:00.000Z,bundesliga,Freiburg,Köln,2,1,complete,2026-04-21 18:10:37.002698
281559,2026-01-25T17:00:00.000Z,seriea,Juventus,Napoli,3,0,complete,2026-04-21 18:10:37.002698
281551,2026-01-25T17:30:00.000Z,laliga,Real Sociedad,Celta Vigo,3,1,complete,2026-04-21 18:10:37.002698
281560,2026-01-25T19:45:00.000Z,seriea,Roma,Milan,1,1,complete,2026-04-21 18:10:37.002698
281569,2026-01-25T19:45:00.000Z,ligue1,Lille,Strasbourg,1,4,complete,2026-04-21 18:10:37.002698
281555,2026-01-25T20:00:00.000Z,laliga,Alaves,Betis,2,1,complete,2026-04-21 18:10:37.002698
281612,2026-01-26T19:45:00.000Z,seriea,Hellas,Udinese,1,3,complete,2026-04-21 18:10:37.002698
281548,2026-01-26T20:00:00.000Z,laliga,Girona,Getafe,1,1,complete,2026-04-21 18:10:37.002698
282308,2026-01-26T20:00:00.000Z,epl,Everton,Leeds,1,1,complete,2026-04-21 18:10:37.002698
284021,2026-01-27T19:30:00.000Z,bundesliga,St Pauli,LEIP,1,1,complete,2026-04-21 18:10:37.002698
284022,2026-01-27T19:30:00.000Z,bundesliga,BRE,HOFF,0,2,complete,2026-04-21 18:10:37.002698
281678,2026-01-28T20:00:00.000Z,champions,Ajax,Olympiacos,1,2,complete,2026-04-21 18:10:37.002698
281679,2026-01-28T20:00:00.000Z,champions,Arsenal,Kairat Almaty,3,2,complete,2026-04-21 18:10:37.002698
281680,2026-01-28T20:00:00.000Z,champions,Monaco,Juventus,0,0,complete,2026-04-21 18:10:37.002698
281681,2026-01-28T20:00:00.000Z,champions,Athletic,Sporting,2,3,complete,2026-04-21 18:10:37.002698
281682,2026-01-28T20:00:00.000Z,champions,Atlético,Bodo Glimt,1,2,complete,2026-04-21 18:10:37.002698
281683,2026-01-28T20:00:00.000Z,champions,Leverkusen,Villarreal,3,0,complete,2026-04-21 18:10:37.002698
281684,2026-01-28T20:00:00.000Z,champions,Dortmund,Inter,0,2,complete,2026-04-21 18:10:37.002698
281685,2026-01-28T20:00:00.000Z,champions,Brugge,Marseille,3,0,complete,2026-04-21 18:10:37.002698
281686,2026-01-28T20:00:00.000Z,champions,FRA,Tottenham,0,2,complete,2026-04-21 18:10:37.002698
281687,2026-01-28T20:00:00.000Z,champions,Barcelona,Copenhagen,4,1,complete,2026-04-21 18:10:37.002698
281688,2026-01-28T20:00:00.000Z,champions,Liverpool,Qarabag,6,0,complete,2026-04-21 18:10:37.002698
281689,2026-01-28T20:00:00.000Z,champions,Man City,Galatasaray,2,0,complete,2026-04-21 18:10:37.002698
281690,2026-01-28T20:00:00.000Z,champions,Pafos FC,Slavia Praha,4,1,complete,2026-04-21 18:10:37.002698
281691,2026-01-28T20:00:00.000Z,champions,PSG,Newcastle,1,1,complete,2026-04-21 18:10:37.002698
281692,2026-01-28T20:00:00.000Z,champions,PSV,Bayern,1,2,complete,2026-04-21 18:10:37.002698
281693,2026-01-28T20:00:00.000Z,champions,Union Saint-Gilloise,Atalanta,1,0,complete,2026-04-21 18:10:37.002698
281694,2026-01-28T20:00:00.000Z,champions,Benfica,Real Madrid,4,2,complete,2026-04-21 18:10:37.002698
281695,2026-01-28T20:00:00.000Z,champions,Napoli,Chelsea,2,3,complete,2026-04-21 18:10:37.002698
281711,2026-01-29T20:00:00.000Z,europa,Stuttgart,Young Boys,3,2,complete,2026-04-21 18:10:37.002698
281712,2026-01-29T20:00:00.000Z,europa,Sturm Graz,Brann,1,0,complete,2026-04-21 18:10:37.002698
281713,2026-01-29T20:00:00.000Z,europa,PAN,Roma,1,1,complete,2026-04-21 18:10:37.002698
281714,2026-01-29T20:00:00.000Z,europa,Nottingham,Ferencvaros,4,0,complete,2026-04-21 18:10:37.002698
281715,2026-01-29T20:00:00.000Z,europa,Midtjylland,Zagreb,2,0,complete,2026-04-21 18:10:37.002698
281716,2026-01-29T20:00:00.000Z,europa,Maccabi,Bologna,0,3,complete,2026-04-21 18:10:37.002698
281717,2026-01-29T20:00:00.000Z,europa,Lyon,PAOK,4,2,complete,2026-04-21 18:10:37.002698
281718,2026-01-29T20:00:00.000Z,europa,Ludogorets,Nice,1,0,complete,2026-04-21 18:10:37.002698
281719,2026-01-29T20:00:00.000Z,europa,Lille,Freiburg,1,0,complete,2026-04-21 18:10:37.002698
281720,2026-01-29T20:00:00.000Z,europa,Genk,Malmo,2,1,complete,2026-04-21 18:10:37.002698
281721,2026-01-29T20:00:00.000Z,europa,Go Ahead Eagles,Braga,0,0,complete,2026-04-21 18:10:37.002698
281722,2026-01-29T20:00:00.000Z,europa,Steaua,Fenerbahce,1,1,complete,2026-04-21 18:10:37.002698
281723,2026-01-29T20:00:00.000Z,europa,Porto,Rangers,3,1,complete,2026-04-21 18:10:37.002698
281724,2026-01-29T20:00:00.000Z,europa,Belgrade,Celta Vigo,1,1,complete,2026-04-21 18:10:37.002698
281725,2026-01-29T20:00:00.000Z,europa,Celtic,FC Utrecht,4,2,complete,2026-04-21 18:10:37.002698
281726,2026-01-29T20:00:00.000Z,europa,Betis,Feyenoord,2,1,complete,2026-04-21 18:10:37.002698
281727,2026-01-29T20:00:00.000Z,europa,Basel,Viktoria,0,1,complete,2026-04-21 18:10:37.002698
281728,2026-01-29T20:00:00.000Z,europa,Aston Villa,Red Bull,3,2,complete,2026-04-21 18:10:37.002698
281756,2026-01-30T19:30:00.000Z,bundesliga,Köln,WOLF,1,0,complete,2026-04-21 18:10:37.002698
281825,2026-01-30T19:45:00.000Z,seriea,Lazio,Genoa,3,2,complete,2026-04-21 18:10:37.002698
281832,2026-01-30T19:45:00.000Z,ligue1,Lens,Le Havre,1,0,complete,2026-04-21 18:10:37.002698
281815,2026-01-30T20:00:00.000Z,laliga,Espanyol,Alaves,1,2,complete,2026-04-21 18:10:37.002698
281811,2026-01-31T13:00:00.000Z,laliga,Real Oviedo,Girona,1,0,complete,2026-04-21 18:10:37.002698
281822,2026-01-31T14:00:00.000Z,seriea,Pisa,Sassuolo,1,3,complete,2026-04-21 18:10:37.002698
281757,2026-01-31T14:30:00.000Z,bundesliga,HOFF,Union Berlin,3,1,complete,2026-04-21 18:10:37.002698
281758,2026-01-31T14:30:00.000Z,bundesliga,Augsburg,St Pauli,2,1,complete,2026-04-21 18:10:37.002698
281760,2026-01-31T14:30:00.000Z,bundesliga,BRE,M'gladbach,1,1,complete,2026-04-21 18:10:37.002698
281761,2026-01-31T14:30:00.000Z,bundesliga,LEIP,Mainz,1,2,complete,2026-04-21 18:10:37.002698
281763,2026-01-31T14:30:00.000Z,bundesliga,FRA,Leverkusen,1,3,complete,2026-04-21 18:10:37.002698
281745,2026-01-31T15:00:00.000Z,epl,Wolverhampton,Bournemouth,0,2,complete,2026-04-21 18:10:37.002698
281751,2026-01-31T15:00:00.000Z,epl,Leeds,Arsenal,0,4,complete,2026-04-21 18:10:37.002698
281753,2026-01-31T15:00:00.000Z,epl,Albion,Everton,1,1,complete,2026-04-21 18:10:37.002698
281816,2026-01-31T15:15:00.000Z,laliga,Osasuna,Villarreal,2,2,complete,2026-04-21 18:10:37.002698
281838,2026-01-31T16:00:00.000Z,ligue1,Paris FC,Marseille,2,2,complete,2026-04-21 18:10:37.002698
281824,2026-01-31T17:00:00.000Z,seriea,Napoli,Fiorentina,2,1,complete,2026-04-21 18:10:37.002698
281752,2026-01-31T17:30:00.000Z,epl,Chelsea,West Ham,3,2,complete,2026-04-21 18:10:37.002698
281755,2026-01-31T17:30:00.000Z,bundesliga,HSV,Bayern,2,2,complete,2026-04-21 18:10:37.002698
281814,2026-01-31T17:30:00.000Z,laliga,Levante,Atlético,0,0,complete,2026-04-21 18:10:37.002698
281834,2026-01-31T18:00:00.000Z,ligue1,Lorient,Nantes,2,1,complete,2026-04-21 18:10:37.002698
281828,2026-01-31T19:45:00.000Z,seriea,Cagliari,Hellas,4,0,complete,2026-04-21 18:10:37.002698
281750,2026-01-31T20:00:00.000Z,epl,Liverpool,Newcastle,4,1,complete,2026-04-21 18:10:37.002698
281813,2026-01-31T20:00:00.000Z,laliga,Elche,Barcelona,1,3,complete,2026-04-21 18:10:37.002698
281833,2026-01-31T20:05:00.000Z,ligue1,Monaco,Rennes,4,0,complete,2026-04-21 18:10:37.002698
281821,2026-02-01T11:30:00.000Z,seriea,Torino,Lecce,1,0,complete,2026-04-21 18:10:37.002698
281810,2026-02-01T13:00:00.000Z,laliga,Real Madrid,Vallecano,2,1,complete,2026-04-21 18:10:37.002698
281748,2026-02-01T14:00:00.000Z,epl,Nottingham,Crystal Palace,1,1,complete,2026-04-21 18:10:37.002698
281749,2026-02-01T14:00:00.000Z,epl,Man U,Fulham,3,2,complete,2026-04-21 18:10:37.002698
281754,2026-02-01T14:00:00.000Z,epl,Aston Villa,Brentford,0,1,complete,2026-04-21 18:10:37.002698
281827,2026-02-01T14:00:00.000Z,seriea,Como 1907,Atalanta,0,0,complete,2026-04-21 18:10:37.002698
281837,2026-02-01T14:00:00.000Z,ligue1,Lyon,Lille,1,0,complete,2026-04-21 18:10:37.002698
281759,2026-02-01T14:30:00.000Z,bundesliga,Stuttgart,Freiburg,1,0,complete,2026-04-21 18:10:37.002698
281818,2026-02-01T15:15:00.000Z,laliga,Betis,Valencia,2,1,complete,2026-04-21 18:10:37.002698
281830,2026-02-01T16:15:00.000Z,ligue1,Angers,Metz,1,0,complete,2026-04-21 18:10:37.002698
281831,2026-02-01T16:15:00.000Z,ligue1,Nice,Brest,2,2,complete,2026-04-21 18:10:37.002698
281835,2026-02-01T16:15:00.000Z,ligue1,Toulouse,Auxerre,0,0,complete,2026-04-21 18:10:37.002698
281746,2026-02-01T16:30:00.000Z,epl,Tottenham,Man City,2,2,complete,2026-04-21 18:10:37.002698
281762,2026-02-01T16:30:00.000Z,bundesliga,Dortmund,Heidenheim,3,2,complete,2026-04-21 18:10:37.002698
281826,2026-02-01T17:00:00.000Z,seriea,Cremonese,Inter,0,2,complete,2026-04-21 18:10:37.002698
281812,2026-02-01T17:30:00.000Z,laliga,Getafe,Celta Vigo,0,0,complete,2026-04-21 18:10:37.002698
281823,2026-02-01T19:45:00.000Z,seriea,Parma,Juventus,1,4,complete,2026-04-21 18:10:37.002698
281836,2026-02-01T19:45:00.000Z,ligue1,Strasbourg,PSG,1,2,complete,2026-04-21 18:10:37.002698
281819,2026-02-01T20:00:00.000Z,laliga,Athletic,Real Sociedad,1,1,complete,2026-04-21 18:10:37.002698
281820,2026-02-02T19:45:00.000Z,seriea,Udinese,Roma,1,0,complete,2026-04-21 18:10:37.002698
281817,2026-02-02T20:00:00.000Z,laliga,Mallorca,Sevilla,4,1,complete,2026-04-21 18:10:37.002698
282309,2026-02-02T20:00:00.000Z,epl,Sunderland,Burnley,3,0,complete,2026-04-21 18:10:37.002698
284054,2026-02-03T19:45:00.000Z,seriea,Bologna,Milan,0,3,complete,2026-04-21 18:10:37.002698
282021,2026-02-06T19:30:00.000Z,bundesliga,Union Berlin,FRA,1,1,complete,2026-04-21 18:10:37.002698
282076,2026-02-06T19:45:00.000Z,seriea,Hellas,Pisa,0,0,complete,2026-04-21 18:10:37.002698
282086,2026-02-06T19:45:00.000Z,ligue1,Metz,Lille,0,0,complete,2026-04-21 18:10:37.002698
282012,2026-02-06T20:00:00.000Z,epl,Leeds,Nottingham,3,1,complete,2026-04-21 18:10:37.002698
282071,2026-02-06T20:00:00.000Z,laliga,Celta Vigo,Osasuna,1,2,complete,2026-04-21 18:10:37.002698
282010,2026-02-07T12:30:00.000Z,epl,Man U,Tottenham,2,0,complete,2026-04-21 18:10:37.002698
282019,2026-02-07T14:30:00.000Z,bundesliga,Heidenheim,HSV,0,2,complete,2026-04-21 18:10:37.002698
282020,2026-02-07T14:30:00.000Z,bundesliga,St Pauli,Stuttgart,2,1,complete,2026-04-21 18:10:37.002698
282022,2026-02-07T14:30:00.000Z,bundesliga,WOLF,Dortmund,1,2,complete,2026-04-21 18:10:37.002698
282024,2026-02-07T14:30:00.000Z,bundesliga,Mainz,Augsburg,2,0,complete,2026-04-21 18:10:37.002698
282025,2026-02-07T14:30:00.000Z,bundesliga,Freiburg,BRE,1,0,complete,2026-04-21 18:10:37.002698
282008,2026-02-07T15:00:00.000Z,epl,Wolverhampton,Chelsea,1,3,complete,2026-04-21 18:10:37.002698
282013,2026-02-07T15:00:00.000Z,epl,Fulham,Everton,1,2,complete,2026-04-21 18:10:37.002698
282014,2026-02-07T15:00:00.000Z,epl,Burnley,West Ham,0,2,complete,2026-04-21 18:10:37.002698
282016,2026-02-07T15:00:00.000Z,epl,Arsenal,Sunderland,3,0,complete,2026-04-21 18:10:37.002698
282017,2026-02-07T15:00:00.000Z,epl,Bournemouth,Aston Villa,1,1,complete,2026-04-21 18:10:37.002698
282072,2026-02-07T15:15:00.000Z,laliga,Barcelona,Mallorca,3,0,complete,2026-04-21 18:10:37.002698
282088,2026-02-07T16:00:00.000Z,ligue1,Lens,Rennes,3,1,complete,2026-04-21 18:10:37.002698
282082,2026-02-07T17:00:00.000Z,seriea,Genoa,Napoli,2,3,complete,2026-04-21 18:10:37.002698
282009,2026-02-07T17:30:00.000Z,epl,Newcastle,Brentford,2,3,complete,2026-04-21 18:10:37.002698
282023,2026-02-07T17:30:00.000Z,bundesliga,M'gladbach,Leverkusen,1,1,complete,2026-04-21 18:10:37.002698
282092,2026-02-07T18:00:00.000Z,ligue1,Brest,Lorient,2,0,complete,2026-04-21 18:10:37.002698
282083,2026-02-07T19:45:00.000Z,seriea,Fiorentina,Torino,2,2,complete,2026-04-21 18:10:37.002698
282070,2026-02-07T20:00:00.000Z,laliga,Real Sociedad,Elche,3,1,complete,2026-04-21 18:10:37.002698
282089,2026-02-07T20:05:00.000Z,ligue1,Nantes,Lyon,0,1,complete,2026-04-21 18:10:37.002698
282084,2026-02-08T11:30:00.000Z,seriea,Bologna,Parma,0,1,complete,2026-04-21 18:10:37.002698
282075,2026-02-08T13:00:00.000Z,laliga,Alaves,Getafe,0,2,complete,2026-04-21 18:10:37.002698
282015,2026-02-08T14:00:00.000Z,epl,Albion,Crystal Palace,0,1,complete,2026-04-21 18:10:37.002698
282080,2026-02-08T14:00:00.000Z,seriea,Lecce,Udinese,2,1,complete,2026-04-21 18:10:37.002698
282093,2026-02-08T14:00:00.000Z,ligue1,Nice,Monaco,0,0,complete,2026-04-21 18:10:37.002698
282018,2026-02-08T14:30:00.000Z,bundesliga,Köln,LEIP,1,2,complete,2026-04-21 18:10:37.002698
282068,2026-02-08T15:15:00.000Z,laliga,Sevilla,Girona,1,1,complete,2026-04-21 18:10:37.002698
282074,2026-02-08T15:15:00.000Z,laliga,Athletic,Levante,4,2,complete,2026-04-21 18:10:37.002698
282087,2026-02-08T16:15:00.000Z,ligue1,Angers,Toulouse,1,0,complete,2026-04-21 18:10:37.002698
282090,2026-02-08T16:15:00.000Z,ligue1,Auxerre,Paris FC,0,0,complete,2026-04-21 18:10:37.002698
282091,2026-02-08T16:15:00.000Z,ligue1,Le Havre,Strasbourg,2,1,complete,2026-04-21 18:10:37.002698
282011,2026-02-08T16:30:00.000Z,epl,Liverpool,Man City,1,2,complete,2026-04-21 18:10:37.002698
282026,2026-02-08T16:30:00.000Z,bundesliga,Bayern,HOFF,5,1,complete,2026-04-21 18:10:37.002698
282077,2026-02-08T17:00:00.000Z,seriea,Sassuolo,Inter,0,5,complete,2026-04-21 18:10:37.002698
282073,2026-02-08T17:30:00.000Z,laliga,Atlético,Betis,0,1,complete,2026-04-21 18:10:37.002698
282081,2026-02-08T19:45:00.000Z,seriea,Juventus,Lazio,2,2,complete,2026-04-21 18:10:37.002698
282094,2026-02-08T19:45:00.000Z,ligue1,PSG,Marseille,5,0,complete,2026-04-21 18:10:37.002698
282067,2026-02-08T20:00:00.000Z,laliga,Valencia,Real Madrid,0,2,complete,2026-04-21 18:10:37.002698
282085,2026-02-09T17:30:00.000Z,seriea,Atalanta,Cremonese,2,1,complete,2026-04-21 18:10:37.002698
282078,2026-02-09T19:45:00.000Z,seriea,Roma,Cagliari,2,0,complete,2026-04-21 18:10:37.002698
282069,2026-02-09T20:00:00.000Z,laliga,Villarreal,Espanyol,4,1,complete,2026-04-21 18:10:37.002698
282144,2026-02-10T19:30:00.000Z,epl,Tottenham,Newcastle,1,2,complete,2026-04-21 18:10:37.002698
282147,2026-02-10T19:30:00.000Z,epl,Everton,Bournemouth,1,2,complete,2026-04-21 18:10:37.002698
282148,2026-02-10T19:30:00.000Z,epl,Chelsea,Leeds,2,2,complete,2026-04-21 18:10:37.002698
282143,2026-02-10T20:15:00.000Z,epl,West Ham,Man U,1,1,complete,2026-04-21 18:10:37.002698
282140,2026-02-11T19:30:00.000Z,epl,Man City,Fulham,3,0,complete,2026-04-21 18:10:37.002698
282141,2026-02-11T19:30:00.000Z,epl,Crystal Palace,Burnley,2,3,complete,2026-04-21 18:10:37.002698
282142,2026-02-11T19:30:00.000Z,epl,Aston Villa,Albion,1,0,complete,2026-04-21 18:10:37.002698
282146,2026-02-11T19:30:00.000Z,epl,Nottingham,Wolverhampton,0,0,complete,2026-04-21 18:10:37.002698
282145,2026-02-11T20:15:00.000Z,epl,Sunderland,Liverpool,0,1,complete,2026-04-21 18:10:37.002698
282149,2026-02-12T20:00:00.000Z,epl,Brentford,Arsenal,1,1,complete,2026-04-21 18:10:37.002698
282272,2026-02-13T18:00:00.000Z,ligue1,Rennes,PSG,3,1,complete,2026-04-21 18:10:37.002698
282212,2026-02-13T19:30:00.000Z,bundesliga,Dortmund,Mainz,4,0,complete,2026-04-21 18:10:37.002698
282251,2026-02-13T19:45:00.000Z,seriea,Pisa,Milan,1,2,complete,2026-04-21 18:10:37.002698
282248,2026-02-13T20:00:00.000Z,laliga,Elche,Osasuna,0,0,complete,2026-04-21 18:10:37.002698
282260,2026-02-13T20:05:00.000Z,ligue1,Monaco,Nantes,3,1,complete,2026-04-21 18:10:37.002698
282239,2026-02-14T13:00:00.000Z,laliga,Espanyol,Celta Vigo,2,2,complete,2026-04-21 18:10:37.002698
282257,2026-02-14T14:00:00.000Z,seriea,Como 1907,Fiorentina,1,2,complete,2026-04-21 18:10:37.002698
282206,2026-02-14T14:30:00.000Z,bundesliga,HSV,Union Berlin,3,2,complete,2026-04-21 18:10:37.002698
282207,2026-02-14T14:30:00.000Z,bundesliga,HOFF,Freiburg,3,0,complete,2026-04-21 18:10:37.002698
282210,2026-02-14T14:30:00.000Z,bundesliga,BRE,Bayern,0,3,complete,2026-04-21 18:10:37.002698
282213,2026-02-14T14:30:00.000Z,bundesliga,FRA,M'gladbach,3,0,complete,2026-04-21 18:10:37.002698
282214,2026-02-14T14:30:00.000Z,bundesliga,Leverkusen,St Pauli,4,0,complete,2026-04-21 18:10:37.002698
282247,2026-02-14T15:15:00.000Z,laliga,Getafe,Villarreal,2,1,complete,2026-04-21 18:10:37.002698
282265,2026-02-14T16:00:00.000Z,ligue1,Marseille,Strasbourg,2,2,complete,2026-04-21 18:10:37.002698
282254,2026-02-14T17:00:00.000Z,seriea,Lazio,Atalanta,0,2,complete,2026-04-21 18:10:37.002698
282209,2026-02-14T17:30:00.000Z,bundesliga,Stuttgart,Köln,3,1,complete,2026-04-21 18:10:37.002698
282244,2026-02-14T17:30:00.000Z,laliga,Sevilla,Alaves,1,1,complete,2026-04-21 18:10:37.002698
282264,2026-02-14T18:00:00.000Z,ligue1,Lille,Brest,1,1,complete,2026-04-21 18:10:37.002698
282255,2026-02-14T19:45:00.000Z,seriea,Inter,Juventus,3,2,complete,2026-04-21 18:10:37.002698
282245,2026-02-14T20:00:00.000Z,laliga,Real Madrid,Real Sociedad,4,1,complete,2026-04-21 18:10:37.002698
282259,2026-02-14T20:05:00.000Z,ligue1,Paris FC,Lens,0,5,complete,2026-04-21 18:10:37.002698
282249,2026-02-15T11:30:00.000Z,seriea,Udinese,Sassuolo,1,2,complete,2026-04-21 18:10:37.002698
282243,2026-02-15T13:00:00.000Z,laliga,Real Oviedo,Athletic,1,2,complete,2026-04-21 18:10:37.002698
282252,2026-02-15T14:00:00.000Z,seriea,Parma,Hellas,2,1,complete,2026-04-21 18:10:37.002698
282256,2026-02-15T14:00:00.000Z,seriea,Cremonese,Genoa,0,0,complete,2026-04-21 18:10:37.002698
282263,2026-02-15T14:00:00.000Z,ligue1,Le Havre,Toulouse,2,1,complete,2026-04-21 18:10:37.002698
282208,2026-02-15T14:30:00.000Z,bundesliga,Augsburg,Heidenheim,1,0,complete,2026-04-21 18:10:37.002698
282242,2026-02-15T15:15:00.000Z,laliga,Vallecano,Atlético,3,0,complete,2026-04-21 18:10:37.002698
282261,2026-02-15T16:15:00.000Z,ligue1,Lorient,Angers,2,0,complete,2026-04-21 18:10:37.002698
282262,2026-02-15T16:15:00.000Z,ligue1,Metz,Auxerre,1,3,complete,2026-04-21 18:10:37.002698
282211,2026-02-15T16:30:00.000Z,bundesliga,LEIP,WOLF,2,2,complete,2026-04-21 18:10:37.002698
282250,2026-02-15T17:00:00.000Z,seriea,Torino,Bologna,1,2,complete,2026-04-21 18:10:37.002698
282246,2026-02-15T17:30:00.000Z,laliga,Levante,Valencia,0,2,complete,2026-04-21 18:10:37.002698
282253,2026-02-15T19:45:00.000Z,seriea,Napoli,Roma,2,2,complete,2026-04-21 18:10:37.002698
282266,2026-02-15T19:45:00.000Z,ligue1,Lyon,Nice,2,0,complete,2026-04-21 18:10:37.002698
282240,2026-02-15T20:00:00.000Z,laliga,Mallorca,Betis,1,2,complete,2026-04-21 18:10:37.002698
282258,2026-02-16T19:45:00.000Z,seriea,Cagliari,Lecce,0,2,complete,2026-04-21 18:10:37.002698
282241,2026-02-16T20:00:00.000Z,laliga,Girona,Barcelona,2,1,complete,2026-04-21 18:10:37.002698
284819,2026-02-17T17:45:00.000Z,champions,Galatasaray,Juventus,5,2,complete,2026-04-21 18:10:37.002698
284820,2026-02-17T20:00:00.000Z,champions,Benfica,Real Madrid,0,1,complete,2026-04-21 18:10:37.002698
284821,2026-02-17T20:00:00.000Z,champions,Monaco,PSG,2,3,complete,2026-04-21 18:10:37.002698
284822,2026-02-17T20:15:00.000Z,champions,Dortmund,Atalanta,2,0,complete,2026-04-21 18:10:37.002698
284823,2026-02-18T17:45:00.000Z,champions,Qarabag,Newcastle,1,6,complete,2026-04-21 18:10:37.002698
284285,2026-02-18T19:00:00.000Z,laliga,Levante,Villarreal,0,1,complete,2026-04-21 18:10:37.002698
284889,2026-02-18T19:45:00.000Z,seriea,Milan,Como 1907,1,1,complete,2026-04-21 18:10:37.002698
283594,2026-02-18T20:00:00.000Z,epl,Wolverhampton,Arsenal,2,2,complete,2026-04-21 18:10:37.002698
284824,2026-02-18T20:00:00.000Z,champions,Bodo Glimt,Inter,3,1,complete,2026-04-21 18:10:37.002698
284825,2026-02-18T20:00:00.000Z,champions,Brugge,Atlético,3,3,complete,2026-04-21 18:10:37.002698
284826,2026-02-18T20:00:00.000Z,champions,Olympiacos,Leverkusen,0,2,complete,2026-04-21 18:10:37.002698
284835,2026-02-19T17:45:00.000Z,europa,Brann,Bologna,0,1,complete,2026-04-21 18:10:37.002698
284836,2026-02-19T17:45:00.000Z,europa,Zagreb,Genk,1,3,complete,2026-04-21 18:10:37.002698
284837,2026-02-19T17:45:00.000Z,europa,Fenerbahce,Nottingham,0,3,complete,2026-04-21 18:10:37.002698
284838,2026-02-19T17:45:00.000Z,europa,PAOK,Celta Vigo,1,2,complete,2026-04-21 18:10:37.002698
284839,2026-02-19T20:00:00.000Z,europa,Celtic,Stuttgart,1,4,complete,2026-04-21 18:10:37.002698
284840,2026-02-19T20:00:00.000Z,europa,Ludogorets,Ferencvaros,2,1,complete,2026-04-21 18:10:37.002698
284841,2026-02-19T20:00:00.000Z,europa,PAN,Viktoria,2,2,complete,2026-04-21 18:10:37.002698
284842,2026-02-19T20:00:00.000Z,europa,Lille,Belgrade,0,1,complete,2026-04-21 18:10:37.002698
282397,2026-02-20T19:30:00.000Z,bundesliga,Mainz,HSV,1,1,complete,2026-04-21 18:10:37.002698
282678,2026-02-20T19:45:00.000Z,seriea,Sassuolo,Hellas,3,0,complete,2026-04-21 18:10:37.002698
282693,2026-02-20T19:45:00.000Z,ligue1,Brest,Marseille,2,0,complete,2026-04-21 18:10:37.002698
282676,2026-02-20T20:00:00.000Z,laliga,Athletic,Elche,2,1,complete,2026-04-21 18:10:37.002698
282668,2026-02-21T13:00:00.000Z,laliga,Real Sociedad,Real Oviedo,3,3,complete,2026-04-21 18:10:37.002698
282682,2026-02-21T14:00:00.000Z,seriea,Juventus,Como 1907,0,2,complete,2026-04-21 18:10:37.002698
282391,2026-02-21T14:30:00.000Z,bundesliga,Köln,HOFF,2,2,complete,2026-04-21 18:10:37.002698
282394,2026-02-21T14:30:00.000Z,bundesliga,Union Berlin,Leverkusen,1,0,complete,2026-04-21 18:10:37.002698
282395,2026-02-21T14:30:00.000Z,bundesliga,WOLF,Augsburg,2,3,complete,2026-04-21 18:10:37.002698
282399,2026-02-21T14:30:00.000Z,bundesliga,Bayern,FRA,3,2,complete,2026-04-21 18:10:37.002698
282388,2026-02-21T15:00:00.000Z,epl,Chelsea,Burnley,1,1,complete,2026-04-21 18:10:37.002698
282389,2026-02-21T15:00:00.000Z,epl,Brentford,Albion,0,2,complete,2026-04-21 18:10:37.002698
282390,2026-02-21T15:00:00.000Z,epl,Aston Villa,Leeds,1,1,complete,2026-04-21 18:10:37.002698
282673,2026-02-21T15:15:00.000Z,laliga,Betis,Vallecano,1,1,complete,2026-04-21 18:10:37.002698
282695,2026-02-21T16:00:00.000Z,ligue1,Lens,Monaco,2,3,complete,2026-04-21 18:10:37.002698
282681,2026-02-21T17:00:00.000Z,seriea,Lecce,Inter,0,2,complete,2026-04-21 18:10:37.002698
282381,2026-02-21T17:30:00.000Z,epl,West Ham,Bournemouth,0,0,complete,2026-04-21 18:10:37.002698
282396,2026-02-21T17:30:00.000Z,bundesliga,LEIP,Dortmund,2,2,complete,2026-04-21 18:10:37.002698
282670,2026-02-21T17:30:00.000Z,laliga,Osasuna,Real Madrid,2,1,complete,2026-04-21 18:10:37.002698
282690,2026-02-21T18:00:00.000Z,ligue1,Toulouse,Paris FC,1,1,complete,2026-04-21 18:10:37.002698
283174,2026-02-21T19:30:00.000Z,mls,STL FC,Charlotte FC,1,1,complete,2026-04-21 18:10:37.002698
282685,2026-02-21T19:45:00.000Z,seriea,Cagliari,Lazio,0,0,complete,2026-04-21 18:10:37.002698
282385,2026-02-21T20:00:00.000Z,epl,Man City,Newcastle,2,1,complete,2026-04-21 18:10:37.002698
282675,2026-02-21T20:00:00.000Z,laliga,Atlético,Espanyol,4,2,complete,2026-04-21 18:10:37.002698
282694,2026-02-21T20:05:00.000Z,ligue1,PSG,Metz,3,0,complete,2026-04-21 18:10:37.002698
283175,2026-02-21T21:45:00.000Z,mls,FC Cincinnati,Atlanta United,2,0,complete,2026-04-21 18:10:37.002698
283176,2026-02-22T00:30:00.000Z,mls,Whitecaps,Real Salt Lake,1,0,complete,2026-04-21 18:10:37.002698
283177,2026-02-22T00:30:00.000Z,mls,Orlando City,Red Bulls,1,2,complete,2026-04-21 18:10:37.002698
283178,2026-02-22T00:30:00.000Z,mls,DC,Union,1,0,complete,2026-04-21 18:10:37.002698
283179,2026-02-22T01:30:00.000Z,mls,Nashville,New England,4,1,complete,2026-04-21 18:10:37.002698
283180,2026-02-22T01:30:00.000Z,mls,Houston Dynamo,Chicago Fire,2,1,complete,2026-04-21 18:10:37.002698
283181,2026-02-22T01:30:00.000Z,mls,FC Dallas,Toronto FC,3,2,complete,2026-04-21 18:10:37.002698
283182,2026-02-22T01:30:00.000Z,mls,Austin,Minnesota United,2,2,complete,2026-04-21 18:10:37.002698
283183,2026-02-22T02:30:00.000Z,mls,LAFC,Inter Miami,3,0,complete,2026-04-21 18:10:37.002698
283184,2026-02-22T03:30:00.000Z,mls,San Jose,Sporting KC,3,0,complete,2026-04-21 18:10:37.002698
283185,2026-02-22T03:30:00.000Z,mls,San Diego FC,CF Montreal,5,0,complete,2026-04-21 18:10:37.002698
283186,2026-02-22T03:30:00.000Z,mls,Timbers,Columbus,3,2,complete,2026-04-21 18:10:37.002698
282683,2026-02-22T11:30:00.000Z,seriea,Genoa,Torino,3,0,complete,2026-04-21 18:10:37.002698
282671,2026-02-22T13:00:00.000Z,laliga,Getafe,Sevilla,0,1,complete,2026-04-21 18:10:37.002698
282383,2026-02-22T14:00:00.000Z,epl,Sunderland,Fulham,1,3,complete,2026-04-21 18:10:37.002698
282384,2026-02-22T14:00:00.000Z,epl,Nottingham,Liverpool,0,1,complete,2026-04-21 18:10:37.002698
282387,2026-02-22T14:00:00.000Z,epl,Crystal Palace,Wolverhampton,1,0,complete,2026-04-21 18:10:37.002698
282687,2026-02-22T14:00:00.000Z,seriea,Atalanta,Napoli,2,1,complete,2026-04-21 18:10:37.002698
282688,2026-02-22T14:00:00.000Z,ligue1,Auxerre,Rennes,0,3,complete,2026-04-21 18:10:37.002698
282398,2026-02-22T14:30:00.000Z,bundesliga,Freiburg,M'gladbach,2,1,complete,2026-04-21 18:10:37.002698
282674,2026-02-22T15:15:00.000Z,laliga,Barcelona,Levante,3,0,complete,2026-04-21 18:10:37.002698
282689,2026-02-22T16:15:00.000Z,ligue1,Angers,Lille,0,1,complete,2026-04-21 18:10:37.002698
282691,2026-02-22T16:15:00.000Z,ligue1,Nantes,Le Havre,2,0,complete,2026-04-21 18:10:37.002698
282692,2026-02-22T16:15:00.000Z,ligue1,Nice,Lorient,3,3,complete,2026-04-21 18:10:37.002698
282382,2026-02-22T16:30:00.000Z,epl,Tottenham,Arsenal,1,4,complete,2026-04-21 18:10:37.002698
282393,2026-02-22T16:30:00.000Z,bundesliga,St Pauli,BRE,2,1,complete,2026-04-21 18:10:37.002698
282680,2026-02-22T17:00:00.000Z,seriea,Milan,Parma,0,1,complete,2026-04-21 18:10:37.002698
282672,2026-02-22T17:30:00.000Z,laliga,Celta Vigo,Mallorca,2,0,complete,2026-04-21 18:10:37.002698
282392,2026-02-22T18:30:00.000Z,bundesliga,Heidenheim,Stuttgart,3,3,complete,2026-04-21 18:10:37.002698
282679,2026-02-22T19:45:00.000Z,seriea,Roma,Cremonese,3,0,complete,2026-04-21 18:10:37.002698
282696,2026-02-22T19:45:00.000Z,ligue1,Strasbourg,Lyon,3,1,complete,2026-04-21 18:10:37.002698
282669,2026-02-22T20:00:00.000Z,laliga,Villarreal,Valencia,2,1,complete,2026-04-21 18:10:37.002698
283187,2026-02-23T00:00:00.000Z,mls,LA Galaxy,NYCFC,1,1,complete,2026-04-21 18:10:37.002698
283188,2026-02-23T02:15:00.000Z,mls,Sounders FC,Rapids,2,0,complete,2026-04-21 18:10:37.002698
282684,2026-02-23T17:30:00.000Z,seriea,Fiorentina,Pisa,1,0,complete,2026-04-21 18:10:37.002698
282686,2026-02-23T19:45:00.000Z,seriea,Bologna,Udinese,1,0,complete,2026-04-21 18:10:37.002698
282677,2026-02-23T20:00:00.000Z,laliga,Alaves,Girona,2,2,complete,2026-04-21 18:10:37.002698
283493,2026-02-23T20:00:00.000Z,epl,Everton,Man U,0,1,complete,2026-04-21 18:10:37.002698
284827,2026-02-24T17:45:00.000Z,champions,Atlético,Brugge,4,1,complete,2026-04-21 18:10:37.002698
284828,2026-02-24T20:00:00.000Z,champions,Inter,Bodo Glimt,1,2,complete,2026-04-21 18:10:37.002698
284829,2026-02-24T20:00:00.000Z,champions,Newcastle,Qarabag,3,2,complete,2026-04-21 18:10:37.002698
284830,2026-02-24T20:00:00.000Z,champions,Leverkusen,Olympiacos,0,0,complete,2026-04-21 18:10:37.002698
284831,2026-02-25T17:45:00.000Z,champions,Atalanta,Dortmund,4,1,complete,2026-04-21 18:10:37.002698
284832,2026-02-25T20:00:00.000Z,champions,Real Madrid,Benfica,2,1,complete,2026-04-21 18:10:37.002698
284833,2026-02-25T20:00:00.000Z,champions,PSG,Monaco,2,2,complete,2026-04-21 18:10:37.002698
284834,2026-02-25T20:00:00.000Z,champions,Juventus,Galatasaray,3,2,complete,2026-04-21 18:10:37.002698
284843,2026-02-26T17:45:00.000Z,europa,Stuttgart,Celtic,0,1,complete,2026-04-21 18:10:37.002698
284844,2026-02-26T17:45:00.000Z,europa,Ferencvaros,Ludogorets,2,0,complete,2026-04-21 18:10:37.002698
284845,2026-02-26T17:45:00.000Z,europa,Viktoria,PAN,1,1,complete,2026-04-21 18:10:37.002698
284846,2026-02-26T17:45:00.000Z,europa,Belgrade,Lille,0,2,complete,2026-04-21 18:10:37.002698
284847,2026-02-26T20:00:00.000Z,europa,Bologna,Brann,1,0,complete,2026-04-21 18:10:37.002698
284848,2026-02-26T20:00:00.000Z,europa,Genk,Zagreb,3,3,complete,2026-04-21 18:10:37.002698
284849,2026-02-26T20:00:00.000Z,europa,Nottingham,Fenerbahce,1,2,complete,2026-04-21 18:10:37.002698
284850,2026-02-26T20:00:00.000Z,europa,Celta Vigo,PAOK,1,0,complete,2026-04-21 18:10:37.002698
283010,2026-02-27T19:30:00.000Z,bundesliga,Augsburg,Köln,2,0,complete,2026-04-21 18:10:37.002698
283017,2026-02-27T19:45:00.000Z,ligue1,Strasbourg,Lens,1,1,complete,2026-04-21 18:10:37.002698
283053,2026-02-27T19:45:00.000Z,seriea,Parma,Cagliari,1,1,complete,2026-04-21 18:10:37.002698
282998,2026-02-27T20:00:00.000Z,epl,Wolverhampton,Aston Villa,2,0,complete,2026-04-21 18:10:37.002698
283042,2026-02-27T20:00:00.000Z,laliga,Levante,Alaves,2,0,complete,2026-04-21 18:10:37.002698
283007,2026-02-28T12:30:00.000Z,epl,Bournemouth,Sunderland,1,1,complete,2026-04-21 18:10:37.002698
283041,2026-02-28T13:00:00.000Z,laliga,Vallecano,Athletic,1,1,complete,2026-04-21 18:10:37.002698
283056,2026-02-28T14:00:00.000Z,seriea,Como 1907,Lecce,3,1,complete,2026-04-21 18:10:37.002698
283009,2026-02-28T14:30:00.000Z,bundesliga,HOFF,St Pauli,0,1,complete,2026-04-21 18:10:37.002698
283011,2026-02-28T14:30:00.000Z,bundesliga,M'gladbach,Union Berlin,1,0,complete,2026-04-21 18:10:37.002698
283013,2026-02-28T14:30:00.000Z,bundesliga,BRE,Heidenheim,2,0,complete,2026-04-21 18:10:37.002698
283016,2026-02-28T14:30:00.000Z,bundesliga,Leverkusen,Mainz,1,1,complete,2026-04-21 18:10:37.002698
282999,2026-02-28T15:00:00.000Z,epl,Newcastle,Everton,2,3,complete,2026-04-21 18:10:37.002698
283001,2026-02-28T15:00:00.000Z,epl,Liverpool,West Ham,5,2,complete,2026-04-21 18:10:37.002698
283004,2026-02-28T15:00:00.000Z,epl,Burnley,Brentford,3,4,complete,2026-04-21 18:10:37.002698
283046,2026-02-28T15:15:00.000Z,laliga,Barcelona,Villarreal,4,1,complete,2026-04-21 18:10:37.002698
283063,2026-02-28T16:00:00.000Z,ligue1,Rennes,Toulouse,1,0,complete,2026-04-21 18:10:37.002698
283047,2026-02-28T17:00:00.000Z,seriea,Hellas,Napoli,1,2,complete,2026-04-21 18:10:37.002698
283002,2026-02-28T17:30:00.000Z,epl,Leeds,Man City,0,1,complete,2026-04-21 18:10:37.002698
283014,2026-02-28T17:30:00.000Z,bundesliga,Dortmund,Bayern,2,3,complete,2026-04-21 18:10:37.002698
283043,2026-02-28T17:30:00.000Z,laliga,Mallorca,Real Sociedad,0,1,complete,2026-04-21 18:10:37.002698
283062,2026-02-28T18:00:00.000Z,ligue1,Monaco,Angers,2,0,complete,2026-04-21 18:10:37.002698
283189,2026-02-28T19:30:00.000Z,mls,Chicago Fire,CF Montreal,3,0,complete,2026-04-21 18:10:37.002698
283190,2026-02-28T19:30:00.000Z,mls,Red Bulls,New England,1,0,complete,2026-04-21 18:10:37.002698
283054,2026-02-28T19:45:00.000Z,seriea,Inter,Genoa,2,0,complete,2026-04-21 18:10:37.002698
283040,2026-02-28T20:00:00.000Z,laliga,Real Oviedo,Atlético,0,1,complete,2026-04-21 18:10:37.002698
283018,2026-02-28T20:05:00.000Z,ligue1,Le Havre,PSG,0,1,complete,2026-04-21 18:10:37.002698
283191,2026-02-28T21:30:00.000Z,mls,Minnesota United,FC Cincinnati,1,0,complete,2026-04-21 18:10:37.002698
283192,2026-02-28T21:30:00.000Z,mls,Rapids,Timbers,2,0,complete,2026-04-21 18:10:37.002698
283193,2026-03-01T00:30:00.000Z,mls,San Jose,Atlanta United,2,0,complete,2026-04-21 18:10:37.002698
283194,2026-03-01T00:30:00.000Z,mls,Real Salt Lake,Sounders FC,2,1,complete,2026-04-21 18:10:37.002698
283195,2026-03-01T01:30:00.000Z,mls,Sporting KC,Columbus,2,2,complete,2026-04-21 18:10:37.002698
283196,2026-03-01T01:30:00.000Z,mls,Houston Dynamo,LAFC,0,2,complete,2026-04-21 18:10:37.002698
283197,2026-03-01T01:30:00.000Z,mls,FC Dallas,Nashville,0,0,complete,2026-04-21 18:10:37.002698
283198,2026-03-01T02:30:00.000Z,mls,Whitecaps,Toronto FC,3,0,complete,2026-04-21 18:10:37.002698
283199,2026-03-01T03:30:00.000Z,mls,LA Galaxy,Charlotte FC,3,0,complete,2026-04-21 18:10:37.002698
283055,2026-03-01T11:30:00.000Z,seriea,Cremonese,Milan,0,2,complete,2026-04-21 18:10:37.002698
283044,2026-03-01T13:00:00.000Z,laliga,Elche,Espanyol,2,2,complete,2026-04-21 18:10:37.002698
283000,2026-03-01T14:00:00.000Z,epl,Man U,Crystal Palace,2,1,complete,2026-04-21 18:10:37.002698
283003,2026-03-01T14:00:00.000Z,epl,Fulham,Tottenham,2,1,complete,2026-04-21 18:10:37.002698
283005,2026-03-01T14:00:00.000Z,epl,Albion,Nottingham,2,1,complete,2026-04-21 18:10:37.002698
283050,2026-03-01T14:00:00.000Z,seriea,Sassuolo,Atalanta,2,1,complete,2026-04-21 18:10:37.002698
283058,2026-03-01T14:00:00.000Z,ligue1,Paris FC,Nice,1,0,complete,2026-04-21 18:10:37.002698
283012,2026-03-01T14:30:00.000Z,bundesliga,Stuttgart,WOLF,4,0,complete,2026-04-21 18:10:37.002698
283037,2026-03-01T15:15:00.000Z,laliga,Valencia,Osasuna,1,0,complete,2026-04-21 18:10:37.002698
283059,2026-03-01T16:15:00.000Z,ligue1,Lille,Nantes,1,0,complete,2026-04-21 18:10:37.002698
283060,2026-03-01T16:15:00.000Z,ligue1,Metz,Brest,0,1,complete,2026-04-21 18:10:37.002698
283061,2026-03-01T16:15:00.000Z,ligue1,Lorient,Auxerre,2,2,complete,2026-04-21 18:10:37.002698
283006,2026-03-01T16:30:00.000Z,epl,Arsenal,Chelsea,2,1,complete,2026-04-21 18:10:37.002698
283015,2026-03-01T16:30:00.000Z,bundesliga,FRA,Freiburg,2,0,complete,2026-04-21 18:10:37.002698
283049,2026-03-01T17:00:00.000Z,seriea,Torino,Lazio,2,0,complete,2026-04-21 18:10:37.002698
283045,2026-03-01T17:30:00.000Z,laliga,Betis,Sevilla,2,2,complete,2026-04-21 18:10:37.002698
283008,2026-03-01T18:30:00.000Z,bundesliga,HSV,LEIP,1,2,complete,2026-04-21 18:10:37.002698
283200,2026-03-01T19:30:00.000Z,mls,Austin,DC,1,0,complete,2026-04-21 18:10:37.002698
283051,2026-03-01T19:45:00.000Z,seriea,Roma,Juventus,3,3,complete,2026-04-21 18:10:37.002698
283057,2026-03-01T19:45:00.000Z,ligue1,Marseille,Lyon,3,2,complete,2026-04-21 18:10:37.002698
283039,2026-03-01T20:00:00.000Z,laliga,Girona,Celta Vigo,1,2,complete,2026-04-21 18:10:37.002698
283201,2026-03-01T21:30:00.000Z,mls,Union,NYCFC,1,2,complete,2026-04-21 18:10:37.002698
283202,2026-03-02T00:00:00.000Z,mls,Orlando City,Inter Miami,2,4,complete,2026-04-21 18:10:37.002698
283203,2026-03-02T02:15:00.000Z,mls,San Diego FC,STL FC,2,0,complete,2026-04-21 18:10:37.002698
283052,2026-03-02T17:30:00.000Z,seriea,Pisa,Bologna,0,1,complete,2026-04-21 18:10:37.002698
283048,2026-03-02T19:45:00.000Z,seriea,Udinese,Fiorentina,3,0,complete,2026-04-21 18:10:37.002698
283038,2026-03-02T20:00:00.000Z,laliga,Real Madrid,Getafe,0,1,complete,2026-04-21 18:10:37.002698
283071,2026-03-03T19:30:00.000Z,epl,Leeds,Sunderland,0,1,complete,2026-04-21 18:10:37.002698
283073,2026-03-03T19:30:00.000Z,epl,Everton,Burnley,2,0,complete,2026-04-21 18:10:37.002698
283075,2026-03-03T19:30:00.000Z,epl,Bournemouth,Brentford,0,0,complete,2026-04-21 18:10:37.002698
283068,2026-03-03T20:15:00.000Z,epl,Wolverhampton,Liverpool,2,1,complete,2026-04-21 18:10:37.002698
285410,2026-03-04T18:00:00.000Z,laliga,Vallecano,Real Oviedo,3,0,complete,2026-04-21 18:10:37.002698
283066,2026-03-04T19:30:00.000Z,epl,Man City,Nottingham,2,2,complete,2026-04-21 18:10:37.002698
283067,2026-03-04T19:30:00.000Z,epl,Aston Villa,Chelsea,1,4,complete,2026-04-21 18:10:37.002698
283072,2026-03-04T19:30:00.000Z,epl,Fulham,West Ham,0,1,complete,2026-04-21 18:10:37.002698
283074,2026-03-04T19:30:00.000Z,epl,Albion,Arsenal,0,1,complete,2026-04-21 18:10:37.002698
284125,2026-03-04T19:30:00.000Z,bundesliga,HSV,Leverkusen,0,1,complete,2026-04-21 18:10:37.002698
283070,2026-03-04T20:15:00.000Z,epl,Newcastle,Man U,2,1,complete,2026-04-21 18:10:37.002698
283069,2026-03-05T20:00:00.000Z,epl,Tottenham,Crystal Palace,1,3,complete,2026-04-21 18:10:37.002698
283172,2026-03-06T19:30:00.000Z,bundesliga,Bayern,M'gladbach,4,1,complete,2026-04-21 18:10:37.002698
283239,2026-03-06T19:45:00.000Z,seriea,Napoli,Torino,2,1,complete,2026-04-21 18:10:37.002698
283249,2026-03-06T19:45:00.000Z,ligue1,PSG,Monaco,1,3,complete,2026-04-21 18:10:37.002698
283236,2026-03-06T20:00:00.000Z,laliga,Celta Vigo,Real Madrid,1,2,complete,2026-04-21 18:10:37.002698
283230,2026-03-07T13:00:00.000Z,laliga,Osasuna,Mallorca,2,2,complete,2026-04-21 18:10:37.002698
283246,2026-03-07T14:00:00.000Z,seriea,Cagliari,Como 1907,1,2,complete,2026-04-21 18:10:37.002698
283165,2026-03-07T14:30:00.000Z,bundesliga,Heidenheim,HOFF,2,4,complete,2026-04-21 18:10:37.002698
283168,2026-03-07T14:30:00.000Z,bundesliga,WOLF,HSV,1,2,complete,2026-04-21 18:10:37.002698
283169,2026-03-07T14:30:00.000Z,bundesliga,LEIP,Augsburg,2,1,complete,2026-04-21 18:10:37.002698
283170,2026-03-07T14:30:00.000Z,bundesliga,Mainz,Stuttgart,2,2,complete,2026-04-21 18:10:37.002698
283171,2026-03-07T14:30:00.000Z,bundesliga,Freiburg,Leverkusen,3,3,complete,2026-04-21 18:10:37.002698
283231,2026-03-07T15:15:00.000Z,laliga,Levante,Girona,1,1,complete,2026-04-21 18:10:37.002698
283250,2026-03-07T16:00:00.000Z,ligue1,Nantes,Angers,0,1,complete,2026-04-21 18:10:37.002698
283248,2026-03-07T17:00:00.000Z,seriea,Atalanta,Udinese,2,2,complete,2026-04-21 18:10:37.002698
283164,2026-03-07T17:30:00.000Z,bundesliga,Köln,Dortmund,1,2,complete,2026-04-21 18:10:37.002698
283237,2026-03-07T17:30:00.000Z,laliga,Atlético,Real Sociedad,3,2,complete,2026-04-21 18:10:37.002698
283251,2026-03-07T18:00:00.000Z,ligue1,Auxerre,Strasbourg,0,0,complete,2026-04-21 18:10:37.002698
283204,2026-03-07T19:30:00.000Z,mls,NYCFC,Orlando City,5,0,complete,2026-04-21 18:10:37.002698
283243,2026-03-07T19:45:00.000Z,seriea,Juventus,Pisa,4,0,complete,2026-04-21 18:10:37.002698
283238,2026-03-07T20:00:00.000Z,laliga,Athletic,Barcelona,0,1,complete,2026-04-21 18:10:37.002698
283257,2026-03-07T20:05:00.000Z,ligue1,Toulouse,Marseille,0,1,complete,2026-04-21 18:10:37.002698
283206,2026-03-07T21:30:00.000Z,mls,DC,Inter Miami,1,2,complete,2026-04-21 18:10:37.002698
283207,2026-03-08T00:30:00.000Z,mls,Union,San Jose,0,1,complete,2026-04-21 18:10:37.002698
283208,2026-03-08T00:30:00.000Z,mls,Columbus,Chicago Fire,0,0,complete,2026-04-21 18:10:37.002698
283209,2026-03-08T00:30:00.000Z,mls,Charlotte FC,Austin,3,1,complete,2026-04-21 18:10:37.002698
283210,2026-03-08T00:30:00.000Z,mls,Atlanta United,Real Salt Lake,2,3,complete,2026-04-21 18:10:37.002698
283211,2026-03-08T01:30:00.000Z,mls,STL FC,Sounders FC,0,1,complete,2026-04-21 18:10:37.002698
283212,2026-03-08T01:30:00.000Z,mls,Nashville,Minnesota United,3,1,complete,2026-04-21 18:10:37.002698
283213,2026-03-08T01:30:00.000Z,mls,Sporting KC,San Diego FC,0,1,complete,2026-04-21 18:10:37.002698
283214,2026-03-08T02:30:00.000Z,mls,Rapids,LA Galaxy,4,1,complete,2026-04-21 18:10:37.002698
283215,2026-03-08T03:30:00.000Z,mls,Timbers,Whitecaps,1,4,complete,2026-04-21 18:10:37.002698
283216,2026-03-08T03:30:00.000Z,mls,LAFC,FC Dallas,1,0,complete,2026-04-21 18:10:37.002698
283241,2026-03-08T11:30:00.000Z,seriea,Lecce,Cremonese,2,1,complete,2026-04-21 18:10:37.002698
283232,2026-03-08T13:00:00.000Z,laliga,Villarreal,Elche,2,1,complete,2026-04-21 18:10:37.002698
283245,2026-03-08T14:00:00.000Z,seriea,Fiorentina,Parma,0,0,complete,2026-04-21 18:10:37.002698
283247,2026-03-08T14:00:00.000Z,seriea,Bologna,Hellas,1,2,complete,2026-04-21 18:10:37.002698
283253,2026-03-08T14:00:00.000Z,ligue1,Lens,Metz,3,0,complete,2026-04-21 18:10:37.002698
283166,2026-03-08T14:30:00.000Z,bundesliga,St Pauli,FRA,0,0,complete,2026-04-21 18:10:37.002698
283233,2026-03-08T15:15:00.000Z,laliga,Getafe,Betis,2,0,complete,2026-04-21 18:10:37.002698
283252,2026-03-08T16:15:00.000Z,ligue1,Lille,Lorient,1,1,complete,2026-04-21 18:10:37.002698
283255,2026-03-08T16:15:00.000Z,ligue1,Nice,Rennes,0,4,complete,2026-04-21 18:10:37.002698
283256,2026-03-08T16:15:00.000Z,ligue1,Brest,Le Havre,2,0,complete,2026-04-21 18:10:37.002698
283167,2026-03-08T16:30:00.000Z,bundesliga,Union Berlin,BRE,1,4,complete,2026-04-21 18:10:37.002698
283244,2026-03-08T17:00:00.000Z,seriea,Genoa,Roma,2,1,complete,2026-04-21 18:10:37.002698
283229,2026-03-08T17:30:00.000Z,laliga,Sevilla,Vallecano,1,1,complete,2026-04-21 18:10:37.002698
283240,2026-03-08T19:45:00.000Z,seriea,Milan,Inter,1,0,complete,2026-04-21 18:10:37.002698
283254,2026-03-08T19:45:00.000Z,ligue1,Lyon,Paris FC,1,1,complete,2026-04-21 18:10:37.002698
283234,2026-03-08T20:00:00.000Z,laliga,Valencia,Alaves,3,2,complete,2026-04-21 18:10:37.002698
283217,2026-03-08T20:30:00.000Z,mls,Red Bulls,CF Montreal,0,3,complete,2026-04-21 18:10:37.002698
283218,2026-03-08T23:00:00.000Z,mls,FC Cincinnati,Toronto FC,0,1,complete,2026-04-21 18:10:37.002698
283242,2026-03-09T19:45:00.000Z,seriea,Lazio,Sassuolo,2,1,complete,2026-04-21 18:10:37.002698
283235,2026-03-09T20:00:00.000Z,laliga,Espanyol,Real Oviedo,1,1,complete,2026-04-21 18:10:37.002698
286138,2026-03-10T17:45:00.000Z,champions,Galatasaray,Liverpool,1,0,complete,2026-04-21 18:10:37.002698
286139,2026-03-10T20:00:00.000Z,champions,Atalanta,Bayern,1,6,complete,2026-04-21 18:10:37.002698
286140,2026-03-10T20:00:00.000Z,champions,Atlético,Tottenham,5,2,complete,2026-04-21 18:10:37.002698
286141,2026-03-10T20:00:00.000Z,champions,Newcastle,Barcelona,1,1,complete,2026-04-21 18:10:37.002698
286142,2026-03-11T17:45:00.000Z,champions,Leverkusen,Arsenal,1,1,complete,2026-04-21 18:10:37.002698
286143,2026-03-11T20:00:00.000Z,champions,PSG,Chelsea,5,2,complete,2026-04-21 18:10:37.002698
286144,2026-03-11T20:00:00.000Z,champions,Bodo Glimt,Sporting,3,0,complete,2026-04-21 18:10:37.002698
286145,2026-03-11T20:00:00.000Z,champions,Real Madrid,Man City,3,0,complete,2026-04-21 18:10:37.002698
286154,2026-03-12T17:45:00.000Z,europa,Lille,Aston Villa,0,1,complete,2026-04-21 18:10:37.002698
286155,2026-03-12T17:45:00.000Z,europa,PAN,Betis,1,0,complete,2026-04-21 18:10:37.002698
286156,2026-03-12T17:45:00.000Z,europa,Stuttgart,Porto,1,2,complete,2026-04-21 18:10:37.002698
286157,2026-03-12T17:45:00.000Z,europa,Bologna,Roma,1,1,complete,2026-04-21 18:10:37.002698
286158,2026-03-12T20:00:00.000Z,europa,Celta Vigo,Lyon,1,1,complete,2026-04-21 18:10:37.002698
286159,2026-03-12T20:00:00.000Z,europa,Nottingham,Midtjylland,0,1,complete,2026-04-21 18:10:37.002698
286160,2026-03-12T20:00:00.000Z,europa,Ferencvaros,Braga,2,0,complete,2026-04-21 18:10:37.002698
286161,2026-03-12T20:00:00.000Z,europa,Genk,Freiburg,1,0,complete,2026-04-21 18:10:37.002698
283406,2026-03-13T19:30:00.000Z,bundesliga,M'gladbach,St Pauli,2,0,complete,2026-04-21 18:10:37.002698
283439,2026-03-13T19:45:00.000Z,seriea,Torino,Parma,4,1,complete,2026-04-21 18:10:37.002698
283447,2026-03-13T19:45:00.000Z,ligue1,Marseille,Auxerre,1,0,complete,2026-04-21 18:10:37.002698
283436,2026-03-13T20:00:00.000Z,laliga,Alaves,Villarreal,1,1,complete,2026-04-21 18:10:37.002698
283431,2026-03-14T13:00:00.000Z,laliga,Girona,Athletic,3,0,complete,2026-04-21 18:10:37.002698
283444,2026-03-14T14:00:00.000Z,seriea,Inter,Atalanta,1,1,complete,2026-04-21 18:10:37.002698
283405,2026-03-14T14:30:00.000Z,bundesliga,HOFF,WOLF,1,1,complete,2026-04-21 18:10:37.002698
283410,2026-03-14T14:30:00.000Z,bundesliga,Dortmund,Augsburg,2,0,complete,2026-04-21 18:10:37.002698
283411,2026-03-14T14:30:00.000Z,bundesliga,FRA,Heidenheim,1,0,complete,2026-04-21 18:10:37.002698
283412,2026-03-14T14:30:00.000Z,bundesliga,Leverkusen,Bayern,1,1,complete,2026-04-21 18:10:37.002698
283395,2026-03-14T15:00:00.000Z,epl,Sunderland,Albion,0,1,complete,2026-04-21 18:10:37.002698
283401,2026-03-14T15:00:00.000Z,epl,Burnley,Bournemouth,0,0,complete,2026-04-21 18:10:37.002698
283435,2026-03-14T15:15:00.000Z,laliga,Atlético,Getafe,1,0,complete,2026-04-21 18:10:37.002698
283454,2026-03-14T16:00:00.000Z,ligue1,Lorient,Lens,2,1,complete,2026-04-21 18:10:37.002698
283364,2026-03-14T17:00:00.000Z,mls,Toronto FC,Red Bulls,1,1,complete,2026-04-21 18:10:37.002698
283442,2026-03-14T17:00:00.000Z,seriea,Napoli,Lecce,2,1,complete,2026-04-21 18:10:37.002698
283400,2026-03-14T17:30:00.000Z,epl,Chelsea,Newcastle,0,1,complete,2026-04-21 18:10:37.002698
283403,2026-03-14T17:30:00.000Z,epl,Arsenal,Everton,2,0,complete,2026-04-21 18:10:37.002698
283404,2026-03-14T17:30:00.000Z,bundesliga,HSV,Köln,1,1,complete,2026-04-21 18:10:37.002698
283432,2026-03-14T17:30:00.000Z,laliga,Real Oviedo,Valencia,1,0,complete,2026-04-21 18:10:37.002698
283449,2026-03-14T18:00:00.000Z,ligue1,Angers,Nice,0,2,complete,2026-04-21 18:10:37.002698
283365,2026-03-14T19:15:00.000Z,mls,Atlanta United,Union,3,1,complete,2026-04-21 18:10:37.002698
283438,2026-03-14T19:45:00.000Z,seriea,Udinese,Juventus,0,1,complete,2026-04-21 18:10:37.002698
283394,2026-03-14T20:00:00.000Z,epl,West Ham,Man City,1,1,complete,2026-04-21 18:10:37.002698
283430,2026-03-14T20:00:00.000Z,laliga,Real Madrid,Elche,4,1,complete,2026-04-21 18:10:37.002698
283448,2026-03-14T20:05:00.000Z,ligue1,Monaco,Brest,2,0,complete,2026-04-21 18:10:37.002698
283366,2026-03-14T22:15:00.000Z,mls,Columbus,Nashville,0,1,complete,2026-04-21 18:10:37.002698
283367,2026-03-14T23:30:00.000Z,mls,Orlando City,CF Montreal,2,1,complete,2026-04-21 18:10:37.002698
283368,2026-03-14T23:30:00.000Z,mls,NYCFC,Rapids,3,1,complete,2026-04-21 18:10:37.002698
283369,2026-03-14T23:30:00.000Z,mls,Charlotte FC,Inter Miami,0,0,complete,2026-04-21 18:10:37.002698
283370,2026-03-15T00:30:00.000Z,mls,Houston Dynamo,Timbers,3,2,complete,2026-04-21 18:10:37.002698
283371,2026-03-15T00:30:00.000Z,mls,FC Dallas,San Diego FC,3,3,complete,2026-04-21 18:10:37.002698
283372,2026-03-15T00:30:00.000Z,mls,Chicago Fire,DC,1,2,complete,2026-04-21 18:10:37.002698
283373,2026-03-15T01:30:00.000Z,mls,Real Salt Lake,Austin,2,1,complete,2026-04-21 18:10:37.002698
283374,2026-03-15T01:30:00.000Z,mls,LA Galaxy,Sporting KC,1,2,complete,2026-04-21 18:10:37.002698
283376,2026-03-15T02:30:00.000Z,mls,LAFC,STL FC,2,0,complete,2026-04-21 18:10:37.002698
283437,2026-03-15T11:30:00.000Z,seriea,Hellas,Genoa,0,2,complete,2026-04-21 18:10:37.002698
283429,2026-03-15T13:00:00.000Z,laliga,Mallorca,Espanyol,2,1,complete,2026-04-21 18:10:37.002698
283396,2026-03-15T14:00:00.000Z,epl,Nottingham,Fulham,0,0,complete,2026-04-21 18:10:37.002698
283397,2026-03-15T14:00:00.000Z,epl,Man U,Aston Villa,3,1,complete,2026-04-21 18:10:37.002698
283399,2026-03-15T14:00:00.000Z,epl,Crystal Palace,Leeds,0,0,complete,2026-04-21 18:10:37.002698
283440,2026-03-15T14:00:00.000Z,seriea,Sassuolo,Bologna,0,1,complete,2026-04-21 18:10:37.002698
283441,2026-03-15T14:00:00.000Z,seriea,Pisa,Cagliari,3,1,complete,2026-04-21 18:10:37.002698
283452,2026-03-15T14:00:00.000Z,ligue1,Strasbourg,Paris FC,0,0,complete,2026-04-21 18:10:37.002698
283408,2026-03-15T14:30:00.000Z,bundesliga,BRE,Mainz,0,2,complete,2026-04-21 18:10:37.002698
283434,2026-03-15T15:15:00.000Z,laliga,Barcelona,Sevilla,5,2,complete,2026-04-21 18:10:37.002698
283451,2026-03-15T16:15:00.000Z,ligue1,Metz,Toulouse,3,4,complete,2026-04-21 18:10:37.002698
283453,2026-03-15T16:15:00.000Z,ligue1,Le Havre,Lyon,0,0,complete,2026-04-21 18:10:37.002698
283398,2026-03-15T16:30:00.000Z,epl,Liverpool,Tottenham,1,1,complete,2026-04-21 18:10:37.002698
283409,2026-03-15T16:30:00.000Z,bundesliga,Freiburg,Union Berlin,0,1,complete,2026-04-21 18:10:37.002698
283446,2026-03-15T17:00:00.000Z,seriea,Como 1907,Roma,2,1,complete,2026-04-21 18:10:37.002698
283433,2026-03-15T17:30:00.000Z,laliga,Betis,Celta Vigo,1,1,complete,2026-04-21 18:10:37.002698
283407,2026-03-15T18:30:00.000Z,bundesliga,Stuttgart,LEIP,1,0,complete,2026-04-21 18:10:37.002698
283413,2026-03-15T18:30:00.000Z,mls,New England,FC Cincinnati,6,1,complete,2026-04-21 18:10:37.002698
283443,2026-03-15T19:45:00.000Z,seriea,Lazio,Milan,1,0,complete,2026-04-21 18:10:37.002698
283450,2026-03-15T19:45:00.000Z,ligue1,Rennes,Lille,1,2,complete,2026-04-21 18:10:37.002698
283427,2026-03-15T20:00:00.000Z,laliga,Real Sociedad,Osasuna,3,1,complete,2026-04-21 18:10:37.002698
283375,2026-03-15T20:30:00.000Z,mls,Whitecaps,Minnesota United,6,0,complete,2026-04-21 18:10:37.002698
283414,2026-03-15T23:00:00.000Z,mls,San Jose,Sounders FC,0,1,complete,2026-04-21 18:10:37.002698
283445,2026-03-16T19:45:00.000Z,seriea,Cremonese,Fiorentina,1,4,complete,2026-04-21 18:10:37.002698
283428,2026-03-16T20:00:00.000Z,laliga,Vallecano,Levante,1,1,complete,2026-04-21 18:10:37.002698
284450,2026-03-16T20:00:00.000Z,epl,Brentford,Wolverhampton,2,2,complete,2026-04-21 18:10:37.002698
286146,2026-03-17T17:45:00.000Z,champions,Sporting,Bodo Glimt,5,0,complete,2026-04-21 18:10:37.002698
286147,2026-03-17T20:00:00.000Z,champions,Arsenal,Leverkusen,2,0,complete,2026-04-21 18:10:37.002698
286148,2026-03-17T20:00:00.000Z,champions,Chelsea,PSG,0,3,complete,2026-04-21 18:10:37.002698
286149,2026-03-17T20:00:00.000Z,champions,Man City,Real Madrid,1,2,complete,2026-04-21 18:10:37.002698
286162,2026-03-18T15:30:00.000Z,europa,Braga,Ferencvaros,4,0,complete,2026-04-21 18:10:37.002698
286150,2026-03-18T17:45:00.000Z,champions,Barcelona,Newcastle,7,2,complete,2026-04-21 18:10:37.002698
286151,2026-03-18T20:00:00.000Z,champions,Bayern,Atalanta,4,1,complete,2026-04-21 18:10:37.002698
286152,2026-03-18T20:00:00.000Z,champions,Tottenham,Atlético,3,2,complete,2026-04-21 18:10:37.002698
286153,2026-03-18T20:00:00.000Z,champions,Liverpool,Galatasaray,4,0,complete,2026-04-21 18:10:37.002698
286163,2026-03-19T17:45:00.000Z,europa,Lyon,Celta Vigo,0,2,complete,2026-04-21 18:10:37.002698
286164,2026-03-19T17:45:00.000Z,europa,Midtjylland,Nottingham,1,2,complete,2026-04-21 18:10:37.002698
286165,2026-03-19T17:45:00.000Z,europa,Freiburg,Genk,5,1,complete,2026-04-21 18:10:37.002698
286166,2026-03-19T20:00:00.000Z,europa,Aston Villa,Lille,2,0,complete,2026-04-21 18:10:37.002698
286167,2026-03-19T20:00:00.000Z,europa,Betis,PAN,4,0,complete,2026-04-21 18:10:37.002698
286168,2026-03-19T20:00:00.000Z,europa,Porto,Stuttgart,2,0,complete,2026-04-21 18:10:37.002698
286169,2026-03-19T20:00:00.000Z,europa,Roma,Bologna,3,4,complete,2026-04-21 18:10:37.002698
283642,2026-03-20T17:30:00.000Z,seriea,Cagliari,Napoli,0,1,complete,2026-04-21 18:10:37.002698
283609,2026-03-20T19:30:00.000Z,bundesliga,LEIP,HOFF,5,0,complete,2026-04-21 18:10:37.002698
283639,2026-03-20T19:45:00.000Z,seriea,Genoa,Udinese,0,2,complete,2026-04-21 18:10:37.002698
283649,2026-03-20T19:45:00.000Z,ligue1,Lens,Angers,5,1,complete,2026-04-21 18:10:37.002698
283603,2026-03-20T20:00:00.000Z,epl,Bournemouth,Man U,2,2,complete,2026-04-21 18:10:37.002698
283625,2026-03-20T20:00:00.000Z,laliga,Villarreal,Real Sociedad,3,1,complete,2026-04-21 18:10:37.002698
283601,2026-03-21T12:45:00.000Z,epl,Albion,Liverpool,2,1,complete,2026-04-21 18:10:37.002698
283632,2026-03-21T13:00:00.000Z,laliga,Elche,Mallorca,2,1,complete,2026-04-21 18:10:37.002698
283636,2026-03-21T14:00:00.000Z,seriea,Parma,Cremonese,0,2,complete,2026-04-21 18:10:37.002698
283604,2026-03-21T14:30:00.000Z,bundesliga,Köln,M'gladbach,3,3,complete,2026-04-21 18:10:37.002698
283605,2026-03-21T14:30:00.000Z,bundesliga,Heidenheim,Leverkusen,3,3,complete,2026-04-21 18:10:37.002698
283608,2026-03-21T14:30:00.000Z,bundesliga,WOLF,BRE,0,1,complete,2026-04-21 18:10:37.002698
283612,2026-03-21T14:30:00.000Z,bundesliga,Bayern,Union Berlin,4,0,complete,2026-04-21 18:10:37.002698
283599,2026-03-21T15:00:00.000Z,epl,Fulham,Burnley,3,1,complete,2026-04-21 18:10:37.002698
283631,2026-03-21T15:15:00.000Z,laliga,Espanyol,Getafe,1,2,complete,2026-04-21 18:10:37.002698
283647,2026-03-21T16:00:00.000Z,ligue1,Toulouse,Lorient,1,0,complete,2026-04-21 18:10:37.002698
283567,2026-03-21T17:00:00.000Z,mls,Toronto FC,Columbus,2,1,complete,2026-04-21 18:10:37.002698
283637,2026-03-21T17:00:00.000Z,seriea,Milan,Torino,3,2,complete,2026-04-21 18:10:37.002698
283600,2026-03-21T17:30:00.000Z,epl,Everton,Chelsea,3,0,complete,2026-04-21 18:10:37.002698
283611,2026-03-21T17:30:00.000Z,bundesliga,Dortmund,HSV,3,2,complete,2026-04-21 18:10:37.002698
283626,2026-03-21T17:30:00.000Z,laliga,Osasuna,Girona,1,0,complete,2026-04-21 18:10:37.002698
283630,2026-03-21T17:30:00.000Z,laliga,Levante,Real Oviedo,4,2,complete,2026-04-21 18:10:37.002698
283652,2026-03-21T18:00:00.000Z,ligue1,Auxerre,Brest,3,0,complete,2026-04-21 18:10:37.002698
283638,2026-03-21T19:45:00.000Z,seriea,Juventus,Sassuolo,1,1,complete,2026-04-21 18:10:37.002698
283598,2026-03-21T20:00:00.000Z,epl,Leeds,Brentford,0,0,complete,2026-04-21 18:10:37.002698
283629,2026-03-21T20:00:00.000Z,laliga,Sevilla,Valencia,0,2,complete,2026-04-21 18:10:37.002698
283646,2026-03-21T20:05:00.000Z,ligue1,Nice,PSG,0,4,complete,2026-04-21 18:10:37.002698
283568,2026-03-21T20:30:00.000Z,mls,Union,Chicago Fire,1,2,complete,2026-04-21 18:10:37.002698
283569,2026-03-21T22:15:00.000Z,mls,Nashville,Orlando City,5,0,complete,2026-04-21 18:10:37.002698
283571,2026-03-21T23:30:00.000Z,mls,Charlotte FC,Red Bulls,6,1,complete,2026-04-21 18:10:37.002698
283572,2026-03-21T23:30:00.000Z,mls,Atlanta United,DC,0,0,complete,2026-04-21 18:10:37.002698
283573,2026-03-22T00:30:00.000Z,mls,STL FC,New England,3,1,complete,2026-04-21 18:10:37.002698
283574,2026-03-22T00:30:00.000Z,mls,Sporting KC,Rapids,1,4,complete,2026-04-21 18:10:37.002698
283575,2026-03-22T00:30:00.000Z,mls,FC Dallas,Houston Dynamo,4,3,complete,2026-04-21 18:10:37.002698
283576,2026-03-22T00:45:00.000Z,mls,Austin,LAFC,0,0,complete,2026-04-21 18:10:37.002698
283577,2026-03-22T02:30:00.000Z,mls,Whitecaps,San Jose,0,1,complete,2026-04-21 18:10:37.002698
283641,2026-03-22T11:30:00.000Z,seriea,Como 1907,Pisa,5,0,complete,2026-04-21 18:10:37.002698
283596,2026-03-22T12:00:00.000Z,epl,Newcastle,Sunderland,1,2,complete,2026-04-21 18:10:37.002698
283633,2026-03-22T13:00:00.000Z,laliga,Barcelona,Vallecano,1,0,complete,2026-04-21 18:10:37.002698
283643,2026-03-22T14:00:00.000Z,seriea,Bologna,Lazio,0,2,complete,2026-04-21 18:10:37.002698
283644,2026-03-22T14:00:00.000Z,seriea,Atalanta,Hellas,1,0,complete,2026-04-21 18:10:37.002698
283653,2026-03-22T14:00:00.000Z,ligue1,Lyon,Monaco,1,2,complete,2026-04-21 18:10:37.002698
283595,2026-03-22T14:15:00.000Z,epl,Tottenham,Nottingham,0,3,complete,2026-04-21 18:10:37.002698
283602,2026-03-22T14:15:00.000Z,epl,Aston Villa,West Ham,2,0,complete,2026-04-21 18:10:37.002698
283610,2026-03-22T14:30:00.000Z,bundesliga,Mainz,FRA,2,1,complete,2026-04-21 18:10:37.002698
283628,2026-03-22T15:15:00.000Z,laliga,Celta Vigo,Alaves,3,4,complete,2026-04-21 18:10:37.002698
283645,2026-03-22T16:15:00.000Z,ligue1,Marseille,Lille,1,2,complete,2026-04-21 18:10:37.002698
283648,2026-03-22T16:15:00.000Z,ligue1,Paris FC,Le Havre,3,2,complete,2026-04-21 18:10:37.002698
283651,2026-03-22T16:15:00.000Z,ligue1,Rennes,Metz,0,0,complete,2026-04-21 18:10:37.002698
283606,2026-03-22T16:30:00.000Z,bundesliga,St Pauli,Freiburg,1,2,complete,2026-04-21 18:10:37.002698
283570,2026-03-22T17:00:00.000Z,mls,FC Cincinnati,CF Montreal,4,3,complete,2026-04-21 18:10:37.002698
283615,2026-03-22T17:00:00.000Z,mls,NYCFC,Inter Miami,2,3,complete,2026-04-21 18:10:37.002698
283635,2026-03-22T17:00:00.000Z,seriea,Roma,Lecce,1,0,complete,2026-04-21 18:10:37.002698
283634,2026-03-22T17:30:00.000Z,laliga,Athletic,Betis,2,1,complete,2026-04-21 18:10:37.002698
283607,2026-03-22T18:30:00.000Z,bundesliga,Augsburg,Stuttgart,2,5,complete,2026-04-21 18:10:37.002698
283616,2026-03-22T18:30:00.000Z,mls,Minnesota United,Sounders FC,0,0,complete,2026-04-21 18:10:37.002698
283640,2026-03-22T19:45:00.000Z,seriea,Fiorentina,Inter,1,1,complete,2026-04-21 18:10:37.002698
283650,2026-03-22T19:45:00.000Z,ligue1,Nantes,Strasbourg,2,3,complete,2026-04-21 18:10:37.002698
283627,2026-03-22T20:00:00.000Z,laliga,Real Madrid,Atlético,3,2,complete,2026-04-21 18:10:37.002698
283617,2026-03-22T20:45:00.000Z,mls,Timbers,LA Galaxy,1,1,complete,2026-04-21 18:10:37.002698
283618,2026-03-22T23:00:00.000Z,mls,San Diego FC,Real Salt Lake,2,2,complete,2026-04-21 18:10:37.002698
283835,2026-04-03T18:45:00.000Z,ligue1,PSG,Toulouse,3,1,complete,2026-04-21 18:10:37.002698
283823,2026-04-03T19:00:00.000Z,laliga,Vallecano,Elche,1,0,complete,2026-04-21 18:10:37.002698
283832,2026-04-04T12:00:00.000Z,laliga,Real Sociedad,Levante,2,0,complete,2026-04-21 18:10:37.002698
283798,2026-04-04T13:00:00.000Z,seriea,Sassuolo,Cagliari,2,1,complete,2026-04-21 18:10:37.002698
283806,2026-04-04T13:30:00.000Z,bundesliga,HSV,Augsburg,1,1,complete,2026-04-21 18:10:37.002698
283807,2026-04-04T13:30:00.000Z,bundesliga,HOFF,Mainz,1,2,complete,2026-04-21 18:10:37.002698
283809,2026-04-04T13:30:00.000Z,bundesliga,M'gladbach,Heidenheim,2,2,complete,2026-04-21 18:10:37.002698
283811,2026-04-04T13:30:00.000Z,bundesliga,BRE,LEIP,1,2,complete,2026-04-21 18:10:37.002698
283812,2026-04-04T13:30:00.000Z,bundesliga,Freiburg,Bayern,2,3,complete,2026-04-21 18:10:37.002698
283814,2026-04-04T13:30:00.000Z,bundesliga,Leverkusen,WOLF,6,3,complete,2026-04-21 18:10:37.002698
283827,2026-04-04T14:15:00.000Z,laliga,Mallorca,Real Madrid,2,1,complete,2026-04-21 18:10:37.002698
283834,2026-04-04T15:00:00.000Z,ligue1,Strasbourg,Nice,3,1,complete,2026-04-21 18:10:37.002698
283796,2026-04-04T16:00:00.000Z,seriea,Hellas,Fiorentina,0,1,complete,2026-04-21 18:10:37.002698
283810,2026-04-04T16:30:00.000Z,bundesliga,Stuttgart,Dortmund,0,2,complete,2026-04-21 18:10:37.002698
283829,2026-04-04T16:30:00.000Z,laliga,Betis,Espanyol,0,0,complete,2026-04-21 18:10:37.002698
283757,2026-04-04T17:00:00.000Z,mls,Toronto FC,Rapids,3,2,complete,2026-04-21 18:10:37.002698
283840,2026-04-04T17:00:00.000Z,ligue1,Brest,Rennes,3,4,complete,2026-04-21 18:10:37.002698
283802,2026-04-04T18:45:00.000Z,seriea,Lazio,Parma,1,1,complete,2026-04-21 18:10:37.002698
283830,2026-04-04T19:00:00.000Z,laliga,Atlético,Barcelona,1,2,complete,2026-04-21 18:10:37.002698
283836,2026-04-04T19:05:00.000Z,ligue1,Lille,Lens,3,0,complete,2026-04-21 18:10:37.002698
283758,2026-04-04T20:30:00.000Z,mls,Real Salt Lake,Sporting KC,3,1,complete,2026-04-21 18:10:37.002698
283759,2026-04-04T20:30:00.000Z,mls,New England,CF Montreal,3,0,complete,2026-04-21 18:10:37.002698
283760,2026-04-04T23:30:00.000Z,mls,Red Bulls,FC Cincinnati,4,2,complete,2026-04-21 18:10:37.002698
283761,2026-04-04T23:30:00.000Z,mls,NYCFC,STL FC,1,1,complete,2026-04-21 18:10:37.002698
283763,2026-04-04T23:30:00.000Z,mls,DC,FC Dallas,0,4,complete,2026-04-21 18:10:37.002698
283764,2026-04-04T23:30:00.000Z,mls,Charlotte FC,Union,2,1,complete,2026-04-21 18:10:37.002698
283765,2026-04-04T23:30:00.000Z,mls,Atlanta United,Columbus,1,3,complete,2026-04-21 18:10:37.002698
283762,2026-04-04T23:45:00.000Z,mls,Inter Miami,Austin,2,2,complete,2026-04-21 18:10:37.002698
283767,2026-04-05T00:30:00.000Z,mls,Chicago Fire,Nashville,1,0,complete,2026-04-21 18:10:37.002698
283766,2026-04-05T01:00:00.000Z,mls,Houston Dynamo,Sounders FC,0,1,complete,2026-04-21 18:10:37.002698
283768,2026-04-05T01:30:00.000Z,mls,LAFC,Orlando City,6,0,complete,2026-04-21 18:10:37.002698
283769,2026-04-05T02:30:00.000Z,mls,Whitecaps,Timbers,3,2,complete,2026-04-21 18:10:37.002698
283770,2026-04-05T02:30:00.000Z,mls,San Jose,San Diego FC,3,0,complete,2026-04-21 18:10:37.002698
283771,2026-04-05T02:30:00.000Z,mls,LA Galaxy,Minnesota United,1,2,complete,2026-04-21 18:10:37.002698
283825,2026-04-05T12:00:00.000Z,laliga,Getafe,Athletic,2,0,complete,2026-04-21 18:10:37.002698
283805,2026-04-05T13:00:00.000Z,seriea,Cremonese,Bologna,1,2,complete,2026-04-21 18:10:37.002698
283839,2026-04-05T13:00:00.000Z,ligue1,Angers,Lyon,0,0,complete,2026-04-21 18:10:37.002698
283808,2026-04-05T13:30:00.000Z,bundesliga,Union Berlin,St Pauli,1,1,complete,2026-04-21 18:10:37.002698
283824,2026-04-05T14:15:00.000Z,laliga,Valencia,Celta Vigo,2,3,complete,2026-04-21 18:10:37.002698
283833,2026-04-05T15:15:00.000Z,ligue1,Metz,Nantes,0,0,complete,2026-04-21 18:10:37.002698
283837,2026-04-05T15:15:00.000Z,ligue1,Lorient,Paris FC,1,1,complete,2026-04-21 18:10:37.002698
283838,2026-04-05T15:15:00.000Z,ligue1,Le Havre,Auxerre,1,1,complete,2026-04-21 18:10:37.002698
283813,2026-04-05T15:30:00.000Z,bundesliga,FRA,Köln,2,2,complete,2026-04-21 18:10:37.002698
283799,2026-04-05T16:00:00.000Z,seriea,Pisa,Torino,0,1,complete,2026-04-21 18:10:37.002698
283826,2026-04-05T16:30:00.000Z,laliga,Real Oviedo,Sevilla,1,0,complete,2026-04-21 18:10:37.002698
283804,2026-04-05T18:45:00.000Z,seriea,Inter,Roma,5,2,complete,2026-04-21 18:10:37.002698
283841,2026-04-05T18:45:00.000Z,ligue1,Monaco,Marseille,2,1,complete,2026-04-21 18:10:37.002698
283831,2026-04-05T19:00:00.000Z,laliga,Alaves,Osasuna,2,2,complete,2026-04-21 18:10:37.002698
283797,2026-04-06T10:30:00.000Z,seriea,Udinese,Como 1907,0,0,complete,2026-04-21 18:10:37.002698
283801,2026-04-06T13:00:00.000Z,seriea,Lecce,Atalanta,0,3,complete,2026-04-21 18:10:37.002698
283803,2026-04-06T16:00:00.000Z,seriea,Juventus,Genoa,2,0,complete,2026-04-21 18:10:37.002698
283800,2026-04-06T18:45:00.000Z,seriea,Napoli,Milan,1,0,complete,2026-04-21 18:10:37.002698
283828,2026-04-06T19:00:00.000Z,laliga,Girona,Villarreal,1,0,complete,2026-04-21 18:10:37.002698
287367,2026-04-07T19:00:00.000Z,champions,Sporting,Arsenal,0,1,complete,2026-04-21 18:10:37.002698
287408,2026-04-07T19:00:00.000Z,champions,Real Madrid,Bayern,1,2,complete,2026-04-21 18:10:37.002698
287459,2026-04-08T16:45:00.000Z,europa,Braga,Betis,1,1,complete,2026-04-21 18:10:37.002698
287409,2026-04-08T19:00:00.000Z,champions,Barcelona,Atlético,0,2,complete,2026-04-21 18:10:37.002698
287410,2026-04-08T19:00:00.000Z,champions,PSG,Liverpool,2,0,complete,2026-04-21 18:10:37.002698
287456,2026-04-09T19:00:00.000Z,europa,Bologna,Aston Villa,1,3,complete,2026-04-21 18:10:37.002698
287457,2026-04-09T19:00:00.000Z,europa,Porto,Nottingham,1,1,complete,2026-04-21 18:10:37.002698
287458,2026-04-09T19:00:00.000Z,europa,Freiburg,Celta Vigo,3,0,complete,2026-04-21 18:10:37.002698
284012,2026-04-10T17:00:00.000Z,ligue1,Paris FC,Monaco,4,1,complete,2026-04-21 18:10:37.002698
283968,2026-04-10T18:30:00.000Z,bundesliga,Augsburg,HOFF,2,2,complete,2026-04-21 18:10:37.002698
284000,2026-04-10T18:45:00.000Z,seriea,Roma,Pisa,3,0,complete,2026-04-21 18:10:37.002698
283955,2026-04-10T19:00:00.000Z,epl,West Ham,Wolverhampton,4,0,complete,2026-04-21 18:10:37.002698
283989,2026-04-10T19:00:00.000Z,laliga,Real Madrid,Girona,1,1,complete,2026-04-21 18:10:37.002698
284017,2026-04-10T19:05:00.000Z,ligue1,Marseille,Metz,3,1,complete,2026-04-21 18:10:37.002698
283964,2026-04-11T11:30:00.000Z,epl,Arsenal,Bournemouth,1,2,complete,2026-04-21 18:10:37.002698
283993,2026-04-11T12:00:00.000Z,laliga,Real Sociedad,Alaves,3,3,complete,2026-04-21 18:10:37.002698
283999,2026-04-11T13:00:00.000Z,seriea,Torino,Hellas,2,1,complete,2026-04-21 18:10:37.002698
284006,2026-04-11T13:00:00.000Z,seriea,Cagliari,Cremonese,1,0,complete,2026-04-21 18:10:37.002698
283966,2026-04-11T13:30:00.000Z,bundesliga,Heidenheim,Union Berlin,3,1,complete,2026-04-21 18:10:37.002698
283969,2026-04-11T13:30:00.000Z,bundesliga,WOLF,FRA,1,2,complete,2026-04-21 18:10:37.002698
283971,2026-04-11T13:30:00.000Z,bundesliga,LEIP,M'gladbach,1,0,complete,2026-04-21 18:10:37.002698
283973,2026-04-11T13:30:00.000Z,bundesliga,Dortmund,Leverkusen,0,1,complete,2026-04-21 18:10:37.002698
283962,2026-04-11T14:00:00.000Z,epl,Burnley,Albion,0,2,complete,2026-04-21 18:10:37.002698
283963,2026-04-11T14:00:00.000Z,epl,Brentford,Everton,2,2,complete,2026-04-21 18:10:37.002698
283995,2026-04-11T14:15:00.000Z,laliga,Elche,Valencia,1,0,complete,2026-04-21 18:10:37.002698
284002,2026-04-11T16:00:00.000Z,seriea,Milan,Udinese,0,3,complete,2026-04-21 18:10:37.002698
283959,2026-04-11T16:30:00.000Z,epl,Liverpool,Fulham,2,0,complete,2026-04-21 18:10:37.002698
283967,2026-04-11T16:30:00.000Z,bundesliga,St Pauli,Bayern,0,5,complete,2026-04-21 18:10:37.002698
283997,2026-04-11T16:30:00.000Z,laliga,Barcelona,Espanyol,4,1,complete,2026-04-21 18:10:37.002698
283924,2026-04-11T17:00:00.000Z,mls,Toronto FC,FC Cincinnati,1,1,complete,2026-04-21 18:10:37.002698
284010,2026-04-11T17:00:00.000Z,ligue1,Auxerre,Nantes,0,0,complete,2026-04-21 18:10:37.002698
283922,2026-04-11T18:30:00.000Z,mls,Austin,LA Galaxy,1,2,complete,2026-04-21 18:10:37.002698
283923,2026-04-11T18:30:00.000Z,mls,CF Montreal,Union,1,2,complete,2026-04-21 18:10:37.002698
284008,2026-04-11T18:45:00.000Z,seriea,Atalanta,Juventus,0,1,complete,2026-04-21 18:10:37.002698
283992,2026-04-11T19:00:00.000Z,laliga,Sevilla,Atlético,2,1,complete,2026-04-21 18:10:37.002698
284015,2026-04-11T19:05:00.000Z,ligue1,Rennes,Angers,2,1,complete,2026-04-21 18:10:37.002698
283925,2026-04-11T20:45:00.000Z,mls,Timbers,LAFC,2,1,complete,2026-04-21 18:10:37.002698
283926,2026-04-11T23:30:00.000Z,mls,Whitecaps,NYCFC,2,0,complete,2026-04-21 18:10:37.002698
283927,2026-04-11T23:30:00.000Z,mls,New England,DC,1,0,complete,2026-04-21 18:10:37.002698
283928,2026-04-11T23:30:00.000Z,mls,Inter Miami,Red Bulls,2,2,complete,2026-04-21 18:10:37.002698
283929,2026-04-11T23:30:00.000Z,mls,Charlotte FC,Nashville,1,2,complete,2026-04-21 18:10:37.002698
283930,2026-04-12T00:30:00.000Z,mls,Sporting KC,San Jose,1,3,complete,2026-04-21 18:10:37.002698
283931,2026-04-12T00:30:00.000Z,mls,FC Dallas,STL FC,1,1,complete,2026-04-21 18:10:37.002698
283932,2026-04-12T00:30:00.000Z,mls,Chicago Fire,Atlanta United,1,0,complete,2026-04-21 18:10:37.002698
283933,2026-04-12T01:30:00.000Z,mls,Rapids,Houston Dynamo,6,2,complete,2026-04-21 18:10:37.002698
283934,2026-04-12T02:30:00.000Z,mls,San Diego FC,Minnesota United,1,2,complete,2026-04-21 18:10:37.002698
284003,2026-04-12T10:30:00.000Z,seriea,Genoa,Sassuolo,2,1,complete,2026-04-21 18:10:37.002698
283991,2026-04-12T12:00:00.000Z,laliga,Osasuna,Betis,1,1,complete,2026-04-21 18:10:37.002698
283956,2026-04-12T13:00:00.000Z,epl,Sunderland,Tottenham,1,0,complete,2026-04-21 18:10:37.002698
283957,2026-04-12T13:00:00.000Z,epl,Nottingham,Aston Villa,1,1,complete,2026-04-21 18:10:37.002698
283960,2026-04-12T13:00:00.000Z,epl,Crystal Palace,Newcastle,2,1,complete,2026-04-21 18:10:37.002698
284001,2026-04-12T13:00:00.000Z,seriea,Parma,Napoli,1,1,complete,2026-04-21 18:10:37.002698
283965,2026-04-12T13:30:00.000Z,bundesliga,Köln,BRE,3,1,complete,2026-04-21 18:10:37.002698
283994,2026-04-12T14:15:00.000Z,laliga,Mallorca,Vallecano,3,0,complete,2026-04-21 18:10:37.002698
284011,2026-04-12T15:15:00.000Z,ligue1,Toulouse,Lille,0,4,complete,2026-04-21 18:10:37.002698
284014,2026-04-12T15:15:00.000Z,ligue1,Nice,Le Havre,1,1,complete,2026-04-21 18:10:37.002698
283961,2026-04-12T15:30:00.000Z,epl,Chelsea,Man City,0,3,complete,2026-04-21 18:10:37.002698
283970,2026-04-12T15:30:00.000Z,bundesliga,Stuttgart,HSV,4,0,complete,2026-04-21 18:10:37.002698
284007,2026-04-12T16:00:00.000Z,seriea,Bologna,Lecce,2,0,complete,2026-04-21 18:10:37.002698
283996,2026-04-12T16:30:00.000Z,laliga,Celta Vigo,Real Oviedo,0,3,complete,2026-04-21 18:10:37.002698
283972,2026-04-12T17:30:00.000Z,bundesliga,Mainz,Freiburg,0,1,complete,2026-04-21 18:10:37.002698
284005,2026-04-12T18:45:00.000Z,seriea,Como 1907,Inter,3,4,complete,2026-04-21 18:10:37.002698
284016,2026-04-12T18:45:00.000Z,ligue1,Lyon,Lorient,2,0,complete,2026-04-21 18:10:37.002698
283998,2026-04-12T19:00:00.000Z,laliga,Athletic,Villarreal,1,2,complete,2026-04-21 18:10:37.002698
283977,2026-04-12T23:00:00.000Z,mls,Columbus,Orlando City,1,1,complete,2026-04-21 18:10:37.002698
284004,2026-04-13T18:45:00.000Z,seriea,Fiorentina,Lazio,1,0,complete,2026-04-21 18:10:37.002698
283958,2026-04-13T19:00:00.000Z,epl,Man U,Leeds,1,2,complete,2026-04-21 18:10:37.002698
283990,2026-04-13T19:00:00.000Z,laliga,Levante,Getafe,1,0,complete,2026-04-21 18:10:37.002698
287411,2026-04-14T19:00:00.000Z,champions,Atlético,Barcelona,1,2,complete,2026-04-21 18:10:37.002698
287412,2026-04-14T19:00:00.000Z,champions,Liverpool,PSG,0,2,complete,2026-04-21 18:10:37.002698
287368,2026-04-15T19:00:00.000Z,champions,Arsenal,Sporting,0,0,complete,2026-04-21 18:10:37.002698
287413,2026-04-15T19:00:00.000Z,champions,Bayern,Real Madrid,4,3,complete,2026-04-21 18:10:37.002698
287462,2026-04-16T16:45:00.000Z,europa,Celta Vigo,Freiburg,1,3,complete,2026-04-21 18:10:37.002698
287460,2026-04-16T19:00:00.000Z,europa,Aston Villa,Bologna,4,0,complete,2026-04-21 18:10:37.002698
287461,2026-04-16T19:00:00.000Z,europa,Nottingham,Porto,1,0,complete,2026-04-21 18:10:37.002698
287463,2026-04-16T19:00:00.000Z,europa,Betis,Braga,2,4,complete,2026-04-21 18:10:37.002698
284298,2026-04-17T16:30:00.000Z,seriea,Sassuolo,Como 1907,2,1,complete,2026-04-21 18:10:37.002698
284250,2026-04-17T18:30:00.000Z,bundesliga,St Pauli,Köln,1,1,complete,2026-04-21 18:10:37.002698
284304,2026-04-17T18:45:00.000Z,seriea,Inter,Cagliari,3,0,complete,2026-04-21 18:10:37.002698
284311,2026-04-17T18:45:00.000Z,ligue1,Lens,Toulouse,3,2,complete,2026-04-21 18:10:37.002698
284126,2026-04-18T02:30:00.000Z,mls,Whitecaps,Sporting KC,3,0,complete,2026-04-21 18:10:37.002698
284247,2026-04-18T11:30:00.000Z,epl,Brentford,Fulham,0,0,complete,2026-04-21 18:10:37.002698
284297,2026-04-18T13:00:00.000Z,seriea,Udinese,Parma,0,1,complete,2026-04-21 18:10:37.002698
284249,2026-04-18T13:30:00.000Z,bundesliga,HOFF,Dortmund,2,1,complete,2026-04-21 18:10:37.002698
284251,2026-04-18T13:30:00.000Z,bundesliga,Union Berlin,WOLF,1,2,complete,2026-04-21 18:10:37.002698
284253,2026-04-18T13:30:00.000Z,bundesliga,BRE,HSV,3,1,complete,2026-04-21 18:10:37.002698
284256,2026-04-18T13:30:00.000Z,bundesliga,Leverkusen,Augsburg,1,2,complete,2026-04-21 18:10:37.002698
284241,2026-04-18T14:00:00.000Z,epl,Newcastle,Bournemouth,1,2,complete,2026-04-21 18:10:37.002698
284243,2026-04-18T14:00:00.000Z,epl,Leeds,Wolverhampton,3,0,complete,2026-04-21 18:10:37.002698
284314,2026-04-18T15:00:00.000Z,ligue1,Lorient,Marseille,2,0,complete,2026-04-21 18:10:37.002698
284301,2026-04-18T16:00:00.000Z,seriea,Napoli,Lazio,0,2,complete,2026-04-21 18:10:37.002698
284239,2026-04-18T16:30:00.000Z,epl,Tottenham,Albion,2,2,complete,2026-04-21 18:10:37.002698
284255,2026-04-18T16:30:00.000Z,bundesliga,FRA,LEIP,1,3,complete,2026-04-21 18:10:37.002698
284154,2026-04-18T17:00:00.000Z,mls,Toronto FC,Austin,3,3,complete,2026-04-21 18:10:37.002698
284310,2026-04-18T17:00:00.000Z,ligue1,Angers,Le Havre,1,1,complete,2026-04-21 18:10:37.002698
284153,2026-04-18T18:30:00.000Z,mls,CF Montreal,Red Bulls,4,1,complete,2026-04-21 18:10:37.002698
284299,2026-04-18T18:45:00.000Z,seriea,Roma,Atalanta,1,1,complete,2026-04-21 18:10:37.002698
284246,2026-04-18T19:00:00.000Z,epl,Chelsea,Man U,0,1,complete,2026-04-21 18:10:37.002698
284307,2026-04-18T19:05:00.000Z,ligue1,Lille,Nice,0,0,complete,2026-04-21 18:10:37.002698
284155,2026-04-18T20:30:00.000Z,mls,Rapids,Inter Miami,2,3,complete,2026-04-21 18:10:37.002698
284156,2026-04-18T23:30:00.000Z,mls,Union,DC,0,0,complete,2026-04-21 18:10:37.002698
284157,2026-04-18T23:30:00.000Z,mls,Orlando City,Houston Dynamo,0,1,complete,2026-04-21 18:10:37.002698
284158,2026-04-18T23:30:00.000Z,mls,NYCFC,Charlotte FC,1,2,complete,2026-04-21 18:10:37.002698
284159,2026-04-18T23:30:00.000Z,mls,New England,Columbus,2,1,complete,2026-04-21 18:10:37.002698
284160,2026-04-18T23:30:00.000Z,mls,FC Cincinnati,Chicago Fire,3,3,complete,2026-04-21 18:10:37.002698
284161,2026-04-18T23:30:00.000Z,mls,Atlanta United,Nashville,0,2,complete,2026-04-21 18:10:37.002698
284162,2026-04-19T00:30:00.000Z,mls,Minnesota United,Timbers,2,0,complete,2026-04-21 18:10:37.002698
284163,2026-04-19T00:30:00.000Z,mls,FC Dallas,LA Galaxy,2,2,complete,2026-04-21 18:10:37.002698
284164,2026-04-19T01:30:00.000Z,mls,Sounders FC,STL FC,4,1,complete,2026-04-21 18:10:37.002698
284165,2026-04-19T01:30:00.000Z,mls,Real Salt Lake,San Diego FC,4,2,complete,2026-04-21 18:10:37.002698
284305,2026-04-19T10:30:00.000Z,seriea,Cremonese,Torino,0,0,complete,2026-04-21 18:10:37.002698
284240,2026-04-19T13:00:00.000Z,epl,Nottingham,Burnley,4,1,complete,2026-04-21 18:10:37.002698
284244,2026-04-19T13:00:00.000Z,epl,Everton,Liverpool,1,2,complete,2026-04-21 18:10:37.002698
284248,2026-04-19T13:00:00.000Z,epl,Aston Villa,Sunderland,4,3,complete,2026-04-21 18:10:37.002698
284296,2026-04-19T13:00:00.000Z,seriea,Hellas,Milan,0,1,complete,2026-04-21 18:10:37.002698
284309,2026-04-19T13:00:00.000Z,ligue1,Monaco,Auxerre,2,2,complete,2026-04-21 18:10:37.002698
284254,2026-04-19T13:30:00.000Z,bundesliga,Freiburg,Heidenheim,2,1,complete,2026-04-21 18:10:37.002698
284308,2026-04-19T15:15:00.000Z,ligue1,Nantes,Brest,1,1,complete,2026-04-21 18:10:37.002698
284312,2026-04-19T15:15:00.000Z,ligue1,Metz,Paris FC,1,3,complete,2026-04-21 18:10:37.002698
284313,2026-04-19T15:15:00.000Z,ligue1,Strasbourg,Rennes,0,3,complete,2026-04-21 18:10:37.002698
284242,2026-04-19T15:30:00.000Z,epl,Man City,Arsenal,2,1,complete,2026-04-21 18:10:37.002698
284257,2026-04-19T15:30:00.000Z,bundesliga,Bayern,Stuttgart,4,2,complete,2026-04-21 18:10:37.002698
284300,2026-04-19T16:00:00.000Z,seriea,Pisa,Genoa,1,2,complete,2026-04-21 18:10:37.002698
284252,2026-04-19T17:30:00.000Z,bundesliga,M'gladbach,Mainz,1,1,complete,2026-04-21 18:10:37.002698
284303,2026-04-19T18:45:00.000Z,seriea,Juventus,Bologna,2,0,complete,2026-04-21 18:10:37.002698
284306,2026-04-19T18:45:00.000Z,ligue1,PSG,Lyon,1,2,complete,2026-04-21 18:10:37.002698
284274,2026-04-19T23:00:00.000Z,mls,LAFC,San Jose,1,4,complete,2026-04-21 18:10:37.002698
284302,2026-04-20T18:45:00.000Z,seriea,Lecce,Fiorentina,1,1,complete,2026-04-21 18:10:37.002698
284245,2026-04-20T19:00:00.000Z,epl,Crystal Palace,West Ham,0,0,complete,2026-04-21 18:10:37.002698
284490,2026-04-21T17:00:00.000Z,laliga,Mallorca,Valencia,1,1,complete,2026-04-21 18:10:37.002698
284493,2026-04-21T17:00:00.000Z,laliga,Athletic,Osasuna,1,0,complete,2026-04-21 18:10:37.002698
284645,2026-04-21T19:00:00.000Z,epl,Albion,Chelsea,3,0,complete,2026-04-21 18:10:37.002698
284486,2026-04-21T19:30:00.000Z,laliga,Girona,Betis,2,3,complete,2026-04-21 18:10:37.002698
284488,2026-04-21T19:30:00.000Z,laliga,Real Madrid,Alaves,2,1,complete,2026-04-21 18:10:37.002698
