game_id,league_name,home_team,away_team,home_team_id,away_team_id,status,home_score,away_score,home_pitcher,home_pitcher_era,home_pitcher_k9,home_pitcher_ip,home_pitcher_starts,home_pitcher_win,home_pitcher_loss,away_pitcher,away_pitcher_era,away_pitcher_k9,away_pitcher_ip,away_pitcher_starts,away_pitcher_win,away_pitcher_loss,start_time,market_id,book_id,event_id,num_bets,home_money_line,home_ml_ticket_pct,home_ml_money_pct,away_money_line,away_ml_ticket_pct,away_ml_money_pct,tie_money_line,tie_ml_ticket_pct,tie_ml_money_pct,total_score,over_odds,under_odds,over_ticket_pct,over_money_pct,under_ticket_pct,under_money_pct,home_spread,home_spread_odds,home_spread_ticket_pct,home_spread_money_pct,away_spread,away_spread_odds,away_spread_ticket_pct,away_spread_money_pct,start_time_pt,date_scraped
256777,nfl,Seahawks,Rams,156,251,scheduled,,,,,,,,,,,,,,,,,2025-12-19T01:15:00.000Z,15,15,256777,20598.0,-110,46,34,-110,54,66,,,,42.5,-110.0,-110.0,72.0,65.0,28.0,35.0,-1.0,-102,40,37,1.0,-118,60,63,2025-12-18 17:15:00-08:00,2025-12-17 12:24:30.300038
256777,nfl,Seahawks,Rams,156,251,scheduled,,,,,,,,,,,,,,,,,2025-12-19T01:15:00.000Z,15,15,256777,163901.0,-125,50,56,105,50,44,,,,42.5,-110.0,-110.0,72.0,65.0,28.0,35.0,-1.5,-108,39,44,1.5,-112,61,56,2025-12-18 17:15:00-08:00,2025-12-19 00:19:20.491962
256623,nfl,Commanders,Cowboys,145,140,scheduled,,,,,,,,,,,,,,,,,2025-12-25T18:00:00.000Z,15,15,256623,222.0,166,86,96,185,14,4,,,,51.5,-110.0,-105.0,53.0,49.0,47.0,51.0,3.0,-105,55,12,-3.0,-115,45,88,2025-12-25 10:00:00-08:00,2025-12-17 12:24:30.300038
256623,nfl,Commanders,Cowboys,145,140,scheduled,,,,,,,,,,,,,,,,,2025-12-25T18:00:00.000Z,15,15,256623,333.0,160,75,90,185,25,10,,,,51.5,-110.0,-110.0,44.0,40.0,56.0,60.0,3.0,-110,51,12,-3.0,-110,49,88,2025-12-25 10:00:00-08:00,2025-12-19 00:19:20.491962
256623,nfl,Commanders,Cowboys,145,140,scheduled,,,,,,,,,,,,,,,,,2025-12-25T18:00:00.000Z,15,15,256623,368.0,160,70,85,-100,30,15,,,,51.5,-110.0,-110.0,43.0,40.0,57.0,60.0,3.0,-110,41,10,-3.0,-110,59,90,2025-12-25 10:00:00-08:00,2025-12-19 19:10:06.351339
256623,nfl,Commanders,Cowboys,145,140,scheduled,,,,,,,,,,,,,,,,,2025-12-25T18:00:00.000Z,15,15,256623,403.0,160,69,84,-100,31,16,,,,51.5,-110.0,-105.0,43.0,40.0,57.0,60.0,3.0,-110,38,10,-3.0,-110,62,90,2025-12-25 10:00:00-08:00,2025-12-19 22:11:36.891312
256623,nfl,Commanders,Cowboys,145,140,scheduled,,,,,,,,,,,,,,,,,2025-12-25T18:00:00.000Z,15,15,256623,434.0,160,68,83,-185,32,17,,,,51.5,-100.0,-110.0,43.0,41.0,57.0,59.0,3.0,-102,37,10,-3.0,-118,63,90,2025-12-25 10:00:00-08:00,2025-12-20 00:50:13.160550
256623,nfl,Commanders,Cowboys,145,140,scheduled,,,,,,,,,,,,,,,,,2025-12-25T18:00:00.000Z,15,15,256623,449.0,160,67,82,-185,33,18,,,,51.5,-105.0,-110.0,43.0,41.0,57.0,59.0,3.0,-102,37,10,-3.0,-118,63,90,2025-12-25 10:00:00-08:00,2025-12-20 03:43:20.349683
256623,nfl,Commanders,Cowboys,145,140,scheduled,,,,,,,,,,,,,,,,,2025-12-25T18:00:00.000Z,15,15,256623,494.0,160,62,75,-185,38,25,,,,50.5,-120.0,-102.0,44.0,42.0,56.0,58.0,3.0,-102,35,20,-3.0,-118,65,80,2025-12-25 10:00:00-08:00,2025-12-20 21:09:04.508913
256623,nfl,Commanders,Cowboys,145,140,scheduled,,,,,,,,,,,,,,,,,2025-12-25T18:00:00.000Z,15,15,256623,504.0,165,61,75,101,39,25,,,,51.0,-120.0,-107.0,44.0,42.0,56.0,58.0,3.5,-107,35,20,-3.5,-113,65,80,2025-12-25 10:00:00-08:00,2025-12-20 22:10:07.555969
256623,nfl,Commanders,Cowboys,145,140,scheduled,,,,,,,,,,,,,,,,,2025-12-25T18:00:00.000Z,15,15,256623,504.0,165,60,74,-100,40,26,,,,51.5,-105.0,-110.0,44.0,42.0,56.0,58.0,3.5,-107,35,19,-3.5,-113,65,81,2025-12-25 10:00:00-08:00,2025-12-20 23:10:31.269795
256623,nfl,Commanders,Cowboys,145,140,scheduled,,,,,,,,,,,,,,,,,2025-12-25T18:00:00.000Z,15,15,256623,504.0,165,60,74,-100,40,26,,,,51.0,-120.0,-107.0,44.0,42.0,56.0,58.0,3.5,-107,35,19,-3.5,-112,65,81,2025-12-25 10:00:00-08:00,2025-12-21 00:57:18.589631
256623,nfl,Commanders,Cowboys,145,140,scheduled,,,,,,,,,,,,,,,,,2025-12-25T18:00:00.000Z,15,15,256623,737.0,217,60,74,-245,40,26,,,,49.5,-110.0,-110.0,44.0,42.0,56.0,58.0,5.5,-110,35,19,-5.5,-110,65,81,2025-12-25 10:00:00-08:00,2025-12-22 00:56:11.807037
256623,nfl,Commanders,Cowboys,145,140,scheduled,,,,,,,,,,,,,,,,,2025-12-25T18:00:00.000Z,15,15,256623,873.0,205,58,65,-250,42,35,,,,50.5,-105.0,-107.0,44.0,42.0,56.0,58.0,5.5,-110,33,18,-5.5,-110,67,82,2025-12-25 10:00:00-08:00,2025-12-22 02:56:09.426305
256623,nfl,Commanders,Cowboys,145,140,scheduled,,,,,,,,,,,,,,,,,2025-12-25T18:00:00.000Z,15,15,256623,959.0,212,57,61,-258,43,39,,,,50.5,-106.0,-111.0,44.0,42.0,56.0,58.0,5.5,-110,33,18,-5.5,-110,67,82,2025-12-25 10:00:00-08:00,2025-12-22 04:01:21.802956
256623,nfl,Commanders,Cowboys,145,140,scheduled,,,,,,,,,,,,,,,,,2025-12-25T18:00:00.000Z,15,15,256623,1120.0,212,56,59,-258,44,41,,,,50.5,-110.0,-110.0,44.0,42.0,56.0,58.0,5.5,-110,33,19,-5.5,-110,67,81,2025-12-25 10:00:00-08:00,2025-12-22 05:16:38.931932
256623,nfl,Commanders,Cowboys,145,140,scheduled,,,,,,,,,,,,,,,,,2025-12-25T18:00:00.000Z,15,15,256623,1216.0,205,54,56,-250,46,44,,,,50.5,-110.0,-110.0,45.0,43.0,55.0,57.0,5.5,-110,31,18,-5.5,-110,69,82,2025-12-25 10:00:00-08:00,2025-12-22 06:19:29.669790
256623,nfl,Commanders,Cowboys,145,140,scheduled,,,,,,,,,,,,,,,,,2025-12-25T18:00:00.000Z,15,15,256623,1534.0,215,51,52,-254,49,48,,,,50.5,-110.0,-110.0,45.0,42.0,55.0,58.0,5.5,-110,57,49,-5.5,-110,43,51,2025-12-25 10:00:00-08:00,2025-12-22 14:12:30.875499
256623,nfl,Commanders,Cowboys,145,140,scheduled,,,,,,,,,,,,,,,,,2025-12-25T18:00:00.000Z,15,15,256623,1600.0,220,50,52,-266,50,48,,,,50.5,-110.0,-110.0,45.0,42.0,55.0,58.0,6.5,-110,57,50,-6.5,-110,43,50,2025-12-25 10:00:00-08:00,2025-12-22 15:12:16.374399
256623,nfl,Commanders,Cowboys,145,140,scheduled,,,,,,,,,,,,,,,,,2025-12-25T18:00:00.000Z,15,15,256623,1741.0,225,50,51,-275,50,49,,,,50.5,-110.0,-110.0,45.0,41.0,55.0,59.0,6.5,-110,57,50,-6.5,-110,43,50,2025-12-25 10:00:00-08:00,2025-12-22 16:14:00.584446
256623,nfl,Commanders,Cowboys,145,140,scheduled,,,,,,,,,,,,,,,,,2025-12-25T18:00:00.000Z,15,15,256623,1923.0,-102,48,48,-275,52,52,,,,50.5,-110.0,-110.0,45.0,41.0,55.0,59.0,6.5,-110,55,46,-6.5,-110,45,54,2025-12-25 10:00:00-08:00,2025-12-22 17:10:51.130712
256623,nfl,Commanders,Cowboys,145,140,scheduled,,,,,,,,,,,,,,,,,2025-12-25T18:00:00.000Z,15,15,256623,2186.0,-101,47,47,-278,53,53,,,,50.5,-110.0,-110.0,45.0,41.0,55.0,59.0,6.5,-110,54,44,-6.5,-110,46,56,2025-12-25 10:00:00-08:00,2025-12-22 18:16:58.565478
256623,nfl,Commanders,Cowboys,145,140,scheduled,,,,,,,,,,,,,,,,,2025-12-25T18:00:00.000Z,15,15,256623,2276.0,-100,46,45,-285,54,55,,,,50.5,-110.0,-110.0,45.0,41.0,55.0,59.0,6.5,-110,50,40,-6.5,-110,50,60,2025-12-25 10:00:00-08:00,2025-12-22 19:10:34.794180
256623,nfl,Commanders,Cowboys,145,140,scheduled,,,,,,,,,,,,,,,,,2025-12-25T18:00:00.000Z,15,15,256623,3948.0,235,38,39,-285,62,61,,,,50.5,-110.0,-110.0,47.0,43.0,53.0,57.0,6.5,-107,45,34,-6.5,-113,55,66,2025-12-25 10:00:00-08:00,2025-12-23 05:16:09.438207
256623,nfl,Commanders,Cowboys,145,140,scheduled,,,,,,,,,,,,,,,,,2025-12-25T18:00:00.000Z,15,15,256623,4402.0,235,33,38,-285,67,62,,,,50.5,-115.0,-110.0,49.0,45.0,51.0,55.0,6.5,-107,41,30,-6.5,-113,59,70,2025-12-25 10:00:00-08:00,2025-12-23 09:16:17.536168
256623,nfl,Commanders,Cowboys,145,140,scheduled,,,,,,,,,,,,,,,,,2025-12-25T18:00:00.000Z,15,15,256623,4402.0,235,32,39,-285,68,61,,,,50.5,-113.0,-110.0,50.0,46.0,50.0,54.0,6.5,-107,40,29,-6.5,-113,60,71,2025-12-25 10:00:00-08:00,2025-12-23 10:13:06.210150
256623,nfl,Commanders,Cowboys,145,140,scheduled,,,,,,,,,,,,,,,,,2025-12-25T18:00:00.000Z,15,15,256623,4463.0,235,31,40,-285,69,60,,,,50.5,-112.0,-107.0,51.0,50.0,49.0,50.0,6.5,-107,40,29,-6.5,-113,60,71,2025-12-25 10:00:00-08:00,2025-12-23 11:11:08.784743
256623,nfl,Commanders,Cowboys,145,140,scheduled,,,,,,,,,,,,,,,,,2025-12-25T18:00:00.000Z,15,15,256623,4564.0,235,29,41,-285,71,59,,,,50.5,-115.0,-110.0,53.0,52.0,47.0,48.0,6.5,-107,40,29,-6.5,-113,60,71,2025-12-25 10:00:00-08:00,2025-12-23 12:22:14.612235
256623,nfl,Commanders,Cowboys,145,140,scheduled,,,,,,,,,,,,,,,,,2025-12-25T18:00:00.000Z,15,15,256623,4801.0,245,29,41,-305,71,59,,,,50.5,-115.0,-110.0,54.0,53.0,46.0,47.0,6.5,-107,40,29,-6.5,-113,60,71,2025-12-25 10:00:00-08:00,2025-12-23 13:29:59.424423
256623,nfl,Commanders,Cowboys,145,140,scheduled,,,,,,,,,,,,,,,,,2025-12-25T18:00:00.000Z,15,15,256623,5033.0,245,29,41,-305,71,59,,,,50.5,-115.0,-105.0,54.0,53.0,46.0,47.0,6.5,-110,40,29,-6.5,-110,60,71,2025-12-25 10:00:00-08:00,2025-12-23 14:17:10.922397
256623,nfl,Commanders,Cowboys,145,140,scheduled,,,,,,,,,,,,,,,,,2025-12-25T18:00:00.000Z,15,15,256623,5190.0,255,28,41,-319,72,59,,,,50.5,-115.0,-105.0,54.0,53.0,46.0,47.0,7.0,-111,40,28,-7.0,-109,60,72,2025-12-25 10:00:00-08:00,2025-12-23 15:12:27.858291
256623,nfl,Commanders,Cowboys,145,140,scheduled,,,,,,,,,,,,,,,,,2025-12-25T18:00:00.000Z,15,15,256623,5568.0,255,27,41,-319,73,59,,,,50.5,-115.0,-105.0,55.0,54.0,45.0,46.0,7.0,-110,39,28,-7.0,-110,61,72,2025-12-25 10:00:00-08:00,2025-12-23 16:14:41.664935
256623,nfl,Commanders,Cowboys,145,140,scheduled,,,,,,,,,,,,,,,,,2025-12-25T18:00:00.000Z,15,15,256623,5982.0,260,26,41,-325,74,59,,,,50.5,-115.0,-105.0,55.0,54.0,45.0,46.0,7.0,-110,39,27,-7.0,-110,61,73,2025-12-25 10:00:00-08:00,2025-12-23 17:12:43.843165
256623,nfl,Commanders,Cowboys,145,140,scheduled,,,,,,,,,,,,,,,,,2025-12-25T18:00:00.000Z,15,15,256623,7982.0,260,21,42,-325,79,58,,,,50.5,-116.0,-105.0,59.0,58.0,41.0,42.0,7.0,-110,37,25,-7.0,-110,63,75,2025-12-25 10:00:00-08:00,2025-12-23 22:11:17.550605
256623,nfl,Commanders,Cowboys,145,140,scheduled,,,,,,,,,,,,,,,,,2025-12-25T18:00:00.000Z,15,15,256623,10264.0,270,18,39,-325,82,61,,,,50.5,-116.0,-105.0,63.0,62.0,37.0,38.0,7.0,-110,36,26,-7.0,-110,64,74,2025-12-25 10:00:00-08:00,2025-12-24 03:53:02.193110
256623,nfl,Commanders,Cowboys,145,140,scheduled,,,,,,,,,,,,,,,,,2025-12-25T18:00:00.000Z,15,15,256623,12939.0,270,17,33,-337,83,67,,,,50.5,-116.0,-105.0,55.0,63.0,45.0,37.0,7.0,-107,34,24,-7.0,-112,66,76,2025-12-25 10:00:00-08:00,2025-12-24 12:21:25.497297
256623,nfl,Commanders,Cowboys,145,140,scheduled,,,,,,,,,,,,,,,,,2025-12-25T18:00:00.000Z,15,15,256623,13389.0,267,17,33,-337,83,67,,,,50.5,-116.0,-105.0,56.0,62.0,44.0,38.0,7.0,-105,34,24,-7.0,-115,66,76,2025-12-25 10:00:00-08:00,2025-12-24 13:26:08.977180
256623,nfl,Commanders,Cowboys,145,140,scheduled,,,,,,,,,,,,,,,,,2025-12-25T18:00:00.000Z,15,15,256623,13803.0,272,17,33,-345,83,67,,,,50.5,-116.0,-105.0,56.0,62.0,44.0,38.0,7.0,-105,34,24,-7.0,-115,66,76,2025-12-25 10:00:00-08:00,2025-12-24 14:10:57.708914
256623,nfl,Commanders,Cowboys,145,140,scheduled,,,,,,,,,,,,,,,,,2025-12-25T18:00:00.000Z,15,15,256623,14767.0,277,16,32,-350,84,68,,,,50.5,-116.0,-105.0,56.0,63.0,44.0,37.0,7.0,-105,34,24,-7.0,-115,66,76,2025-12-25 10:00:00-08:00,2025-12-24 15:12:04.492652
256623,nfl,Commanders,Cowboys,145,140,scheduled,,,,,,,,,,,,,,,,,2025-12-25T18:00:00.000Z,15,15,256623,15933.0,295,16,31,-365,84,69,,,,50.5,-115.0,-105.0,56.0,64.0,44.0,36.0,7.0,-105,34,24,-7.0,-115,66,76,2025-12-25 10:00:00-08:00,2025-12-24 16:14:09.792023
256623,nfl,Commanders,Cowboys,145,140,scheduled,,,,,,,,,,,,,,,,,2025-12-25T18:00:00.000Z,15,15,256623,19619.0,330,16,30,-412,84,70,,,,50.5,-113.0,-108.0,57.0,65.0,43.0,35.0,7.5,-113,34,25,-7.5,-107,66,75,2025-12-25 10:00:00-08:00,2025-12-24 18:16:30.988985
256623,nfl,Commanders,Cowboys,145,140,scheduled,,,,,,,,,,,,,,,,,2025-12-25T18:00:00.000Z,15,15,256623,21684.0,340,16,30,-430,84,70,,,,50.5,-113.0,-108.0,58.0,64.0,42.0,36.0,8.0,-110,34,22,-8.0,-110,66,78,2025-12-25 10:00:00-08:00,2025-12-24 19:09:17.008378
256623,nfl,Commanders,Cowboys,145,140,scheduled,,,,,,,,,,,,,,,,,2025-12-25T18:00:00.000Z,15,15,256623,24491.0,355,16,29,-450,84,71,,,,50.5,-113.0,-108.0,59.0,65.0,41.0,35.0,8.5,-110,34,23,-8.5,-110,66,77,2025-12-25 10:00:00-08:00,2025-12-24 20:12:20.802607
256623,nfl,Commanders,Cowboys,145,140,scheduled,,,,,,,,,,,,,,,,,2025-12-25T18:00:00.000Z,15,15,256623,26470.0,345,16,28,-450,84,72,,,,50.5,-112.0,-108.0,60.0,67.0,40.0,33.0,8.5,-110,34,23,-8.5,-110,66,77,2025-12-25 10:00:00-08:00,2025-12-24 21:10:22.009660
256623,nfl,Commanders,Cowboys,145,140,scheduled,,,,,,,,,,,,,,,,,2025-12-25T18:00:00.000Z,15,15,256623,28328.0,360,16,28,-450,84,72,,,,50.5,-112.0,-106.0,61.0,71.0,39.0,29.0,8.5,-110,34,24,-8.5,-110,66,76,2025-12-25 10:00:00-08:00,2025-12-24 22:11:26.458784
256623,nfl,Commanders,Cowboys,145,140,scheduled,,,,,,,,,,,,,,,,,2025-12-25T18:00:00.000Z,15,15,256623,29933.0,360,16,27,-450,84,73,,,,50.5,-112.0,-108.0,61.0,71.0,39.0,29.0,8.5,-110,33,23,-8.5,-110,67,77,2025-12-25 10:00:00-08:00,2025-12-24 23:11:00.971821
256623,nfl,Commanders,Cowboys,145,140,scheduled,,,,,,,,,,,,,,,,,2025-12-25T18:00:00.000Z,15,15,256623,33669.0,365,15,25,-475,85,75,,,,50.5,-110.0,-110.0,62.0,73.0,38.0,27.0,8.5,-110,33,23,-8.5,-110,67,77,2025-12-25 10:00:00-08:00,2025-12-25 00:53:33.419107
256623,nfl,Commanders,Cowboys,145,140,scheduled,,,,,,,,,,,,,,,,,2025-12-25T18:00:00.000Z,15,15,256623,38597.0,360,15,25,-475,85,75,,,,50.5,-110.0,-110.0,62.0,73.0,38.0,27.0,8.5,-110,33,22,-8.5,-110,67,78,2025-12-25 10:00:00-08:00,2025-12-25 02:49:59.453329
256623,nfl,Commanders,Cowboys,145,140,scheduled,,,,,,,,,,,,,,,,,2025-12-25T18:00:00.000Z,15,15,256623,41444.0,365,15,25,-477,85,75,,,,50.5,-110.0,-110.0,62.0,72.0,38.0,28.0,8.5,-110,32,22,-8.5,-110,68,78,2025-12-25 10:00:00-08:00,2025-12-25 03:55:25.769626
256623,nfl,Commanders,Cowboys,145,140,scheduled,,,,,,,,,,,,,,,,,2025-12-25T18:00:00.000Z,15,15,256623,42762.0,365,15,25,-477,85,75,,,,50.5,-111.0,-110.0,62.0,72.0,38.0,28.0,8.5,-110,32,23,-8.5,-110,68,77,2025-12-25 10:00:00-08:00,2025-12-25 04:29:42.325008
256623,nfl,Commanders,Cowboys,145,140,scheduled,,,,,,,,,,,,,,,,,2025-12-25T18:00:00.000Z,15,15,256623,46983.0,365,15,25,-477,85,75,,,,50.5,-110.0,-111.0,62.0,72.0,38.0,28.0,8.5,-111,32,23,-8.5,-109,68,77,2025-12-25 10:00:00-08:00,2025-12-25 05:15:49.857201
256623,nfl,Commanders,Cowboys,145,140,scheduled,,,,,,,,,,,,,,,,,2025-12-25T18:00:00.000Z,15,15,256623,51501.0,365,15,25,-477,85,75,,,,50.5,-110.0,-111.0,62.0,72.0,38.0,28.0,8.5,-110,32,22,-8.5,-110,68,78,2025-12-25 10:00:00-08:00,2025-12-25 06:18:13.825718
256623,nfl,Commanders,Cowboys,145,140,scheduled,,,,,,,,,,,,,,,,,2025-12-25T18:00:00.000Z,15,15,256623,57489.0,365,14,24,-477,86,76,,,,50.5,-111.0,-110.0,61.0,72.0,39.0,28.0,8.5,-108,31,22,-8.5,-112,69,78,2025-12-25 10:00:00-08:00,2025-12-25 08:16:00.715753
256623,nfl,Commanders,Cowboys,145,140,scheduled,,,,,,,,,,,,,,,,,2025-12-25T18:00:00.000Z,15,15,256623,66249.0,360,14,18,-475,86,82,,,,50.5,-111.0,-110.0,63.0,77.0,37.0,23.0,8.5,-108,26,20,-8.5,-112,74,80,2025-12-25 10:00:00-08:00,2025-12-25 13:26:08.213227
256623,nfl,Commanders,Cowboys,145,140,scheduled,,,,,,,,,,,,,,,,,2025-12-25T18:00:00.000Z,15,15,256623,80178.0,370,14,17,-482,86,83,,,,50.5,-111.0,-110.0,63.0,77.0,37.0,23.0,8.5,-108,26,20,-8.5,-112,74,80,2025-12-25 10:00:00-08:00,2025-12-25 15:11:35.479757
256623,nfl,Commanders,Cowboys,145,140,scheduled,,,,,,,,,,,,,,,,,2025-12-25T18:00:00.000Z,15,15,256623,97137.0,370,14,17,-482,86,83,,,,50.5,-111.0,-110.0,63.0,71.0,37.0,29.0,8.5,-112,26,23,-8.5,-108,74,77,2025-12-25 10:00:00-08:00,2025-12-25 16:14:02.305277
256623,nfl,Commanders,Cowboys,145,140,scheduled,,,,,,,,,,,,,,,,,2025-12-25T18:00:00.000Z,15,15,256623,125309.0,372,14,17,-482,86,83,,,,50.5,-112.0,-106.0,63.0,74.0,37.0,26.0,8.5,-105,25,20,-8.5,-115,75,80,2025-12-25 10:00:00-08:00,2025-12-25 17:10:18.922147
256919,nfl,Packers,Ravens,147,131,scheduled,,,,,,,,,,,,,,,,,2025-12-28T01:00:00.000Z,15,15,256919,191.0,-142,83,60,120,17,40,,,,46.5,-110.0,-110.0,45.0,40.0,55.0,60.0,-2.5,-110,0,0,2.5,-110,0,0,2025-12-27 17:00:00-08:00,2025-12-17 12:24:30.300038
256919,nfl,Packers,Ravens,147,131,scheduled,,,,,,,,,,,,,,,,,2025-12-28T01:00:00.000Z,15,15,256919,348.0,-166,85,44,140,15,56,,,,46.5,-110.0,-110.0,27.0,22.0,73.0,78.0,-3.0,-110,0,0,3.0,-110,0,0,2025-12-27 17:00:00-08:00,2025-12-19 00:19:20.491962
256919,nfl,Packers,Ravens,147,131,scheduled,,,,,,,,,,,,,,,,,2025-12-28T01:00:00.000Z,15,15,256919,666.0,-165,82,47,139,18,53,,,,46.5,-110.0,-110.0,31.0,36.0,69.0,64.0,-3.0,-110,0,0,3.0,-110,0,0,2025-12-27 17:00:00-08:00,2025-12-20 02:27:34.356497
256919,nfl,Packers,Ravens,147,131,scheduled,,,,,,,,,,,,,,,,,2025-12-28T01:00:00.000Z,15,15,256919,686.0,-165,82,47,140,18,53,,,,46.5,-110.0,-110.0,31.0,36.0,69.0,64.0,-3.0,-110,0,0,3.0,-110,0,0,2025-12-27 17:00:00-08:00,2025-12-20 03:43:20.349683
256919,nfl,Packers,Ravens,147,131,scheduled,,,,,,,,,,,,,,,,,2025-12-28T01:00:00.000Z,15,15,256919,732.0,-180,82,47,150,18,53,,,,46.5,-105.0,-112.0,32.0,38.0,68.0,62.0,-3.5,-106,0,0,3.5,-114,0,0,2025-12-27 17:00:00-08:00,2025-12-20 16:12:27.934423
256919,nfl,Packers,Ravens,147,131,scheduled,,,,,,,,,,,,,,,,,2025-12-28T01:00:00.000Z,15,15,256919,903.0,-180,83,22,150,17,78,,,,46.5,-105.0,-111.0,37.0,35.0,63.0,65.0,-3.5,-102,0,0,3.5,-118,0,0,2025-12-27 17:00:00-08:00,2025-12-22 00:56:11.807037
256919,nfl,Packers,Ravens,147,131,scheduled,,,,,,,,,,,,,,,,,2025-12-28T01:00:00.000Z,15,15,256919,984.0,105,83,22,-125,17,78,,,,43.5,-110.0,-118.0,37.0,35.0,63.0,65.0,1.5,-105,0,0,-1.5,-115,0,0,2025-12-27 17:00:00-08:00,2025-12-22 02:56:09.426305
256919,nfl,Packers,Ravens,147,131,scheduled,,,,,,,,,,,,,,,,,2025-12-28T01:00:00.000Z,15,15,256919,1151.0,-148,83,22,124,17,78,,,,40.5,-111.0,-111.0,37.0,35.0,63.0,65.0,-2.5,-115,0,0,2.5,-105,0,0,2025-12-27 17:00:00-08:00,2025-12-22 05:16:38.931932
256919,nfl,Packers,Ravens,147,131,scheduled,,,,,,,,,,,,,,,,,2025-12-28T01:00:00.000Z,15,15,256919,1236.0,-142,83,22,122,17,78,,,,40.5,-110.0,-110.0,37.0,35.0,63.0,65.0,-2.5,-115,0,0,2.5,-105,0,0,2025-12-27 17:00:00-08:00,2025-12-22 07:16:43.338798
256919,nfl,Packers,Ravens,147,131,scheduled,,,,,,,,,,,,,,,,,2025-12-28T01:00:00.000Z,15,15,256919,1267.0,-148,83,22,124,17,78,,,,40.5,-110.0,-110.0,37.0,35.0,63.0,65.0,-2.5,-115,0,0,2.5,-105,0,0,2025-12-27 17:00:00-08:00,2025-12-22 08:18:03.874365
256919,nfl,Packers,Ravens,147,131,scheduled,,,,,,,,,,,,,,,,,2025-12-28T01:00:00.000Z,15,15,256919,1529.0,-141,80,33,120,20,67,,,,40.5,-110.0,-110.0,42.0,42.0,58.0,58.0,-2.5,-110,0,0,2.5,-110,0,0,2025-12-27 17:00:00-08:00,2025-12-22 17:10:51.130712
256919,nfl,Packers,Ravens,147,131,scheduled,,,,,,,,,,,,,,,,,2025-12-28T01:00:00.000Z,15,15,256919,1640.0,-142,79,38,120,21,62,,,,40.5,-110.0,-110.0,43.0,43.0,57.0,57.0,-2.5,-115,0,0,2.5,-105,0,0,2025-12-27 17:00:00-08:00,2025-12-22 18:16:58.565478
256919,nfl,Packers,Ravens,147,131,scheduled,,,,,,,,,,,,,,,,,2025-12-28T01:00:00.000Z,15,15,256919,3059.0,-145,73,37,120,27,63,,,,40.5,-110.0,-110.0,63.0,64.0,37.0,36.0,-2.5,-115,65,81,2.5,-105,35,19,2025-12-27 17:00:00-08:00,2025-12-23 17:12:43.843165
256919,nfl,Packers,Ravens,147,131,scheduled,,,,,,,,,,,,,,,,,2025-12-28T01:00:00.000Z,15,15,256919,3367.0,-148,72,36,124,28,64,,,,40.5,-110.0,-110.0,64.0,65.0,36.0,35.0,-2.5,-115,65,81,2.5,-105,35,19,2025-12-27 17:00:00-08:00,2025-12-23 20:12:13.745210
256919,nfl,Packers,Ravens,147,131,scheduled,,,,,,,,,,,,,,,,,2025-12-28T01:00:00.000Z,15,15,256919,4104.0,-165,73,42,140,27,58,,,,40.5,-110.0,-110.0,68.0,66.0,32.0,34.0,-3.0,-112,64,84,3.0,-108,36,16,2025-12-27 17:00:00-08:00,2025-12-24 03:53:02.193110
256919,nfl,Packers,Ravens,147,131,scheduled,,,,,,,,,,,,,,,,,2025-12-28T01:00:00.000Z,15,15,256919,4872.0,-165,73,46,140,27,54,,,,40.5,-110.0,-110.0,42.0,56.0,58.0,44.0,-3.0,-110,63,82,3.0,-110,37,18,2025-12-27 17:00:00-08:00,2025-12-24 15:12:04.492652
256919,nfl,Packers,Ravens,147,131,scheduled,,,,,,,,,,,,,,,,,2025-12-28T01:00:00.000Z,15,15,256919,5492.0,-172,72,52,145,28,48,,,,40.5,-110.0,-110.0,43.0,56.0,57.0,44.0,-3.0,-110,62,79,3.0,-110,38,21,2025-12-27 17:00:00-08:00,2025-12-24 19:09:17.008378
256919,nfl,Packers,Ravens,147,131,scheduled,,,,,,,,,,,,,,,,,2025-12-28T01:00:00.000Z,15,15,256919,5715.0,-172,72,52,145,28,48,,,,40.5,-110.0,-110.0,43.0,56.0,57.0,44.0,-3.0,-115,61,79,3.0,-105,39,21,2025-12-27 17:00:00-08:00,2025-12-24 20:12:20.802607
256919,nfl,Packers,Ravens,147,131,scheduled,,,,,,,,,,,,,,,,,2025-12-28T01:00:00.000Z,15,15,256919,6608.0,-185,72,56,154,28,44,,,,40.5,-110.0,-110.0,46.0,55.0,54.0,45.0,-3.5,-110,58,74,3.5,-110,42,26,2025-12-27 17:00:00-08:00,2025-12-25 02:49:59.453329
256919,nfl,Packers,Ravens,147,131,scheduled,,,,,,,,,,,,,,,,,2025-12-28T01:00:00.000Z,15,15,256919,6689.0,-188,72,56,158,28,44,,,,40.5,-110.0,-110.0,46.0,55.0,54.0,45.0,-3.5,-110,58,74,3.5,-110,42,26,2025-12-27 17:00:00-08:00,2025-12-25 03:55:25.769626
256919,nfl,Packers,Ravens,147,131,scheduled,,,,,,,,,,,,,,,,,2025-12-28T01:00:00.000Z,15,15,256919,9451.0,-220,74,71,184,26,29,,,,40.5,-105.0,-115.0,60.0,77.0,40.0,23.0,-4.5,-112,56,60,4.5,-108,44,40,2025-12-27 17:00:00-08:00,2025-12-25 23:10:56.421975
256919,nfl,Packers,Ravens,147,131,scheduled,,,,,,,,,,,,,,,,,2025-12-28T01:00:00.000Z,15,15,256919,9733.0,-215,74,72,180,26,28,,,,40.5,-105.0,-115.0,60.0,77.0,40.0,23.0,-4.5,-110,57,68,4.5,-110,43,32,2025-12-27 17:00:00-08:00,2025-12-26 00:53:48.245895
256919,nfl,Packers,Ravens,147,131,scheduled,,,,,,,,,,,,,,,,,2025-12-28T01:00:00.000Z,15,15,256919,11006.0,-215,74,74,180,26,26,,,,40.5,-102.0,-118.0,60.0,76.0,40.0,24.0,-4.5,-110,57,69,4.5,-110,43,31,2025-12-27 17:00:00-08:00,2025-12-26 08:15:33.156915
256919,nfl,Packers,Ravens,147,131,scheduled,,,,,,,,,,,,,,,,,2025-12-28T01:00:00.000Z,15,15,256919,11187.0,-220,74,75,180,26,25,,,,40.5,-102.0,-118.0,60.0,76.0,40.0,24.0,-4.5,-110,58,70,4.5,-110,42,30,2025-12-27 17:00:00-08:00,2025-12-26 11:10:23.584512
256919,nfl,Packers,Ravens,147,131,scheduled,,,,,,,,,,,,,,,,,2025-12-28T01:00:00.000Z,15,15,256919,11410.0,-220,74,75,180,26,25,,,,40.5,-100.0,-115.0,60.0,76.0,40.0,24.0,-4.5,-110,58,70,4.5,-110,42,30,2025-12-27 17:00:00-08:00,2025-12-26 13:26:42.595417
256919,nfl,Packers,Ravens,147,131,scheduled,,,,,,,,,,,,,,,,,2025-12-28T01:00:00.000Z,15,15,256919,13278.0,-225,74,72,185,26,28,,,,40.0,-110.0,-110.0,60.0,76.0,40.0,24.0,-4.5,-110,58,71,4.5,-110,42,29,2025-12-27 17:00:00-08:00,2025-12-26 19:09:19.395442
256919,nfl,Packers,Ravens,147,131,scheduled,,,,,,,,,,,,,,,,,2025-12-28T01:00:00.000Z,15,15,256919,14232.0,-200,74,71,164,26,29,,,,38.5,-115.0,-110.0,60.0,76.0,40.0,24.0,-3.5,-110,58,71,3.5,-110,42,29,2025-12-27 17:00:00-08:00,2025-12-26 21:10:14.281340
256919,nfl,Packers,Ravens,147,131,scheduled,,,,,,,,,,,,,,,,,2025-12-28T01:00:00.000Z,15,15,256919,15161.0,-200,74,67,165,26,33,,,,38.5,-110.0,-110.0,59.0,65.0,41.0,35.0,-3.5,-110,57,61,3.5,-110,43,39,2025-12-27 17:00:00-08:00,2025-12-26 22:11:05.868112
256919,nfl,Packers,Ravens,147,131,scheduled,,,,,,,,,,,,,,,,,2025-12-28T01:00:00.000Z,15,15,256919,18316.0,-185,74,66,150,26,34,,,,38.5,-110.0,-110.0,59.0,62.0,41.0,38.0,-3.5,-110,55,57,3.5,-110,45,43,2025-12-27 17:00:00-08:00,2025-12-27 02:45:26.354219
256919,nfl,Packers,Ravens,147,131,scheduled,,,,,,,,,,,,,,,,,2025-12-28T01:00:00.000Z,15,15,256919,19063.0,-175,73,60,145,27,40,,,,38.5,-110.0,-110.0,59.0,62.0,41.0,38.0,-3.0,-120,54,52,3.0,100,46,48,2025-12-27 17:00:00-08:00,2025-12-27 03:50:46.386921
256919,nfl,Packers,Ravens,147,131,scheduled,,,,,,,,,,,,,,,,,2025-12-28T01:00:00.000Z,15,15,256919,23133.0,-175,73,61,145,27,39,,,,38.5,-112.0,-110.0,60.0,61.0,40.0,39.0,-3.0,-120,53,52,3.0,100,47,48,2025-12-27 17:00:00-08:00,2025-12-27 10:10:55.349865
256919,nfl,Packers,Ravens,147,131,scheduled,,,,,,,,,,,,,,,,,2025-12-28T01:00:00.000Z,15,15,256919,28883.0,-172,73,43,145,27,57,,,,38.5,-112.0,-110.0,60.0,58.0,40.0,42.0,-3.0,-120,52,50,3.0,100,48,50,2025-12-27 17:00:00-08:00,2025-12-27 15:10:27.408251
256919,nfl,Packers,Ravens,147,131,scheduled,,,,,,,,,,,,,,,,,2025-12-28T01:00:00.000Z,15,15,256919,34235.0,-156,73,42,130,27,58,,,,38.5,-110.0,-110.0,60.0,58.0,40.0,42.0,-3.0,-105,52,50,3.0,-115,48,50,2025-12-27 17:00:00-08:00,2025-12-27 16:12:35.498777
256919,nfl,Packers,Ravens,147,131,scheduled,,,,,,,,,,,,,,,,,2025-12-28T01:00:00.000Z,15,15,256919,39551.0,-156,73,42,130,27,58,,,,38.5,-108.0,-111.0,60.0,58.0,40.0,42.0,-3.0,-105,52,50,3.0,-115,48,50,2025-12-27 17:00:00-08:00,2025-12-27 17:09:24.679173
256919,nfl,Packers,Ravens,147,131,scheduled,,,,,,,,,,,,,,,,,2025-12-28T01:00:00.000Z,15,15,256919,46039.0,-156,73,43,130,27,57,,,,38.0,-110.0,-110.0,60.0,57.0,40.0,43.0,-3.0,-105,52,49,3.0,-115,48,51,2025-12-27 17:00:00-08:00,2025-12-27 18:15:21.593820
256919,nfl,Packers,Ravens,147,131,scheduled,,,,,,,,,,,,,,,,,2025-12-28T01:00:00.000Z,15,15,256919,56459.0,-155,73,45,130,27,55,,,,38.0,-110.0,-110.0,60.0,56.0,40.0,44.0,-3.0,-102,52,49,3.0,-118,48,51,2025-12-27 17:00:00-08:00,2025-12-27 20:11:58.147200
256919,nfl,Packers,Ravens,147,131,scheduled,,,,,,,,,,,,,,,,,2025-12-28T01:00:00.000Z,15,15,256919,64557.0,-152,73,47,125,27,53,,,,38.0,-110.0,-110.0,61.0,55.0,39.0,45.0,-2.5,-115,52,48,2.5,-105,48,52,2025-12-27 17:00:00-08:00,2025-12-27 21:09:16.490123
256919,nfl,Packers,Ravens,147,131,scheduled,,,,,,,,,,,,,,,,,2025-12-28T01:00:00.000Z,15,15,256919,72029.0,-146,73,49,124,27,51,,,,38.0,-110.0,-110.0,61.0,55.0,39.0,45.0,-2.5,-115,51,48,2.5,-105,49,52,2025-12-27 17:00:00-08:00,2025-12-27 22:10:37.549818
256919,nfl,Packers,Ravens,147,131,scheduled,,,,,,,,,,,,,,,,,2025-12-28T01:00:00.000Z,15,15,256919,77088.0,-135,73,48,115,27,52,,,,38.0,-110.0,-110.0,62.0,55.0,38.0,45.0,-2.5,-110,49,29,2.5,-110,51,71,2025-12-27 17:00:00-08:00,2025-12-27 23:10:56.507855
256919,nfl,Packers,Ravens,147,131,scheduled,0.0,0.0,,,,,,,,,,,,,,,2025-12-28T01:00:00.000Z,15,15,256919,114302.0,-135,73,52,115,27,48,,,,37.5,-111.0,-112.0,63.0,53.0,37.0,47.0,-2.5,-110,50,31,2.5,-110,50,69,2025-12-27 17:00:00-08:00,2025-12-28 01:00:23.835801
256782,nfl,Ravens,Patriots,131,129,scheduled,,,,,,,,,,,,,,,,,2025-12-22T01:20:00.000Z,15,15,256782,7002.0,-160,35,14,135,65,86,,,,48.0,-110.0,-110.0,70.0,78.0,30.0,22.0,-3.0,-105,19,20,3.0,-115,81,80,2025-12-21 17:20:00-08:00,2025-12-17 12:24:30.300038
256782,nfl,Ravens,Patriots,131,129,scheduled,,,,,,,,,,,,,,,,,2025-12-22T01:20:00.000Z,15,15,256782,16569.0,-161,34,15,135,66,85,,,,48.5,-110.0,-110.0,46.0,49.0,54.0,51.0,-3.0,-105,17,12,3.0,-115,83,88,2025-12-21 17:20:00-08:00,2025-12-19 17:11:17.588207
256782,nfl,Ravens,Patriots,131,129,scheduled,,,,,,,,,,,,,,,,,2025-12-22T01:20:00.000Z,15,15,256782,17594.0,-160,34,15,135,66,85,,,,48.5,-115.0,-115.0,46.0,50.0,54.0,50.0,-3.0,-105,17,12,3.0,-115,83,88,2025-12-21 17:20:00-08:00,2025-12-19 20:12:37.850628
256782,nfl,Ravens,Patriots,131,129,scheduled,,,,,,,,,,,,,,,,,2025-12-22T01:20:00.000Z,15,15,256782,18008.0,-160,34,15,135,66,85,,,,49.0,-110.0,-110.0,47.0,50.0,53.0,50.0,-3.0,-105,17,12,3.0,-115,83,88,2025-12-21 17:20:00-08:00,2025-12-19 21:10:53.584146
256782,nfl,Ravens,Patriots,131,129,scheduled,,,,,,,,,,,,,,,,,2025-12-22T01:20:00.000Z,15,15,256782,21300.0,-160,35,15,136,65,85,,,,49.0,-110.0,-110.0,48.0,51.0,52.0,49.0,-3.0,-105,16,11,3.0,-115,84,89,2025-12-21 17:20:00-08:00,2025-12-20 15:10:21.018637
256782,nfl,Ravens,Patriots,131,129,scheduled,,,,,,,,,,,,,,,,,2025-12-22T01:20:00.000Z,15,15,256782,23107.0,-160,35,16,140,65,84,,,,48.5,-115.0,-105.0,49.0,53.0,51.0,47.0,-3.0,-105,15,10,3.0,-115,85,90,2025-12-21 17:20:00-08:00,2025-12-20 19:08:11.998619
256782,nfl,Ravens,Patriots,131,129,scheduled,,,,,,,,,,,,,,,,,2025-12-22T01:20:00.000Z,15,15,256782,23466.0,-167,35,16,140,65,84,,,,48.5,-115.0,-105.0,49.0,53.0,51.0,47.0,-3.0,-105,14,28,3.0,-115,86,72,2025-12-21 17:20:00-08:00,2025-12-20 20:11:05.307728
256782,nfl,Ravens,Patriots,131,129,scheduled,,,,,,,,,,,,,,,,,2025-12-22T01:20:00.000Z,15,15,256782,23925.0,-167,35,17,140,65,83,,,,48.5,-115.0,-105.0,49.0,53.0,51.0,47.0,-3.0,-110,14,28,3.0,-110,86,72,2025-12-21 17:20:00-08:00,2025-12-20 21:09:04.508913
256782,nfl,Ravens,Patriots,131,129,scheduled,,,,,,,,,,,,,,,,,2025-12-22T01:20:00.000Z,15,15,256782,24587.0,-167,35,17,140,65,83,,,,48.5,-115.0,-105.0,50.0,53.0,50.0,47.0,-3.0,-105,14,28,3.0,-115,86,72,2025-12-21 17:20:00-08:00,2025-12-20 22:10:07.555969
256782,nfl,Ravens,Patriots,131,129,scheduled,,,,,,,,,,,,,,,,,2025-12-22T01:20:00.000Z,15,15,256782,26813.0,-170,36,18,142,64,82,,,,48.5,-115.0,-105.0,50.0,52.0,50.0,48.0,-3.0,-105,14,28,3.0,-115,86,72,2025-12-21 17:20:00-08:00,2025-12-21 02:55:34.435945
256782,nfl,Ravens,Patriots,131,129,scheduled,,,,,,,,,,,,,,,,,2025-12-22T01:20:00.000Z,15,15,256782,27651.0,-180,36,19,150,64,81,,,,48.5,-115.0,-105.0,50.0,52.0,50.0,48.0,-3.0,-105,14,28,3.0,-115,86,72,2025-12-21 17:20:00-08:00,2025-12-21 03:56:51.495027
256782,nfl,Ravens,Patriots,131,129,scheduled,,,,,,,,,,,,,,,,,2025-12-22T01:20:00.000Z,15,15,256782,77835.0,-180,42,33,150,58,67,,,,48.5,-115.0,-105.0,64.0,65.0,36.0,35.0,-3.0,-110,18,25,3.0,-110,82,75,2025-12-21 17:20:00-08:00,2025-12-21 20:11:37.408883
256782,nfl,Ravens,Patriots,131,129,scheduled,,,,,,,,,,,,,,,,,2025-12-22T01:20:00.000Z,15,15,256782,82107.0,-180,43,33,150,57,67,,,,48.5,-115.0,-110.0,64.0,65.0,36.0,35.0,-3.0,-110,18,25,3.0,-110,82,75,2025-12-21 17:20:00-08:00,2025-12-21 21:09:20.404130
256782,nfl,Ravens,Patriots,131,129,scheduled,,,,,,,,,,,,,,,,,2025-12-22T01:20:00.000Z,15,15,256782,89508.0,-186,43,35,160,57,65,,,,48.5,-110.0,-110.0,66.0,67.0,34.0,33.0,-3.5,-105,19,25,3.5,-115,81,75,2025-12-21 17:20:00-08:00,2025-12-21 22:10:54.514196
256782,nfl,Ravens,Patriots,131,129,scheduled,,,,,,,,,,,,,,,,,2025-12-22T01:20:00.000Z,15,15,256782,93931.0,-192,45,36,160,55,64,,,,48.5,-110.0,-111.0,70.0,71.0,30.0,29.0,-3.5,-110,19,26,3.5,-111,81,74,2025-12-21 17:20:00-08:00,2025-12-21 23:10:38.017484
256782,nfl,Ravens,Patriots,131,129,scheduled,,,,,,,,,,,,,,,,,2025-12-22T01:20:00.000Z,15,15,256782,123587.0,-185,46,33,154,54,67,,,,48.5,-110.0,-111.0,72.0,74.0,28.0,26.0,-3.5,-110,21,29,3.5,-110,79,71,2025-12-21 17:20:00-08:00,2025-12-22 00:56:11.807037
256788,nfl,Texans,Raiders,137,2045,scheduled,,,,,,,,,,,,,,,,,2025-12-21T21:25:00.000Z,15,15,256788,4705.0,-1200,96,68,750,4,32,,,,38.0,-110.0,-110.0,89.0,91.0,11.0,9.0,-14.5,-110,73,62,14.5,-110,27,38,2025-12-21 13:25:00-08:00,2025-12-17 12:24:30.300038
256788,nfl,Texans,Raiders,137,2045,scheduled,,,,,,,,,,,,,,,,,2025-12-21T21:25:00.000Z,15,15,256788,4755.0,-1200,96,68,800,4,32,,,,38.0,-110.0,-110.0,89.0,91.0,11.0,9.0,-14.5,-110,73,62,14.5,-110,27,38,2025-12-21 13:25:00-08:00,2025-12-17 13:13:26.384576
256788,nfl,Texans,Raiders,137,2045,scheduled,,,,,,,,,,,,,,,,,2025-12-21T21:25:00.000Z,15,15,256788,8032.0,-1350,96,72,800,4,28,,,,38.0,-110.0,-110.0,70.0,76.0,30.0,24.0,-14.5,-110,60,42,14.5,-110,40,58,2025-12-21 13:25:00-08:00,2025-12-19 02:47:20.234043
256788,nfl,Texans,Raiders,137,2045,scheduled,,,,,,,,,,,,,,,,,2025-12-21T21:25:00.000Z,15,15,256788,9042.0,-1200,96,73,700,4,27,,,,38.0,-110.0,-110.0,71.0,76.0,29.0,24.0,-14.0,-108,61,50,14.0,-112,39,50,2025-12-21 13:25:00-08:00,2025-12-19 17:11:17.588207
256788,nfl,Texans,Raiders,137,2045,scheduled,,,,,,,,,,,,,,,,,2025-12-21T21:25:00.000Z,15,15,256788,9223.0,-1350,96,72,800,4,28,,,,38.0,-110.0,-110.0,71.0,76.0,29.0,24.0,-14.5,-105,61,50,14.5,-115,39,50,2025-12-21 13:25:00-08:00,2025-12-19 18:16:25.986902
256788,nfl,Texans,Raiders,137,2045,scheduled,,,,,,,,,,,,,,,,,2025-12-21T21:25:00.000Z,15,15,256788,9420.0,-1400,96,72,800,4,28,,,,38.0,-110.0,-110.0,71.0,76.0,29.0,24.0,-14.0,-110,61,50,14.0,-110,39,50,2025-12-21 13:25:00-08:00,2025-12-19 19:10:06.351339
256788,nfl,Texans,Raiders,137,2045,scheduled,,,,,,,,,,,,,,,,,2025-12-21T21:25:00.000Z,15,15,256788,10985.0,-1350,96,74,800,4,26,,,,38.0,-110.0,-110.0,72.0,77.0,28.0,23.0,-14.0,-110,60,49,14.0,-110,40,51,2025-12-21 13:25:00-08:00,2025-12-20 04:17:08.794444
256788,nfl,Texans,Raiders,137,2045,scheduled,,,,,,,,,,,,,,,,,2025-12-21T21:25:00.000Z,15,15,256788,27722.0,-1350,96,80,800,4,20,,,,38.5,-112.0,-120.0,76.0,80.0,24.0,20.0,-14.0,-110,67,54,14.0,-110,33,46,2025-12-21 13:25:00-08:00,2025-12-21 16:12:12.540404
256788,nfl,Texans,Raiders,137,2045,scheduled,,,,,,,,,,,,,,,,,2025-12-21T21:25:00.000Z,15,15,256788,32705.0,-1350,96,77,800,4,23,,,,39.0,-110.0,-110.0,77.0,84.0,23.0,16.0,-14.0,-110,68,56,14.0,-110,32,44,2025-12-21 13:25:00-08:00,2025-12-21 17:09:14.285057
256788,nfl,Texans,Raiders,137,2045,scheduled,,,,,,,,,,,,,,,,,2025-12-21T21:25:00.000Z,15,15,256788,43742.0,-1350,96,76,800,4,24,,,,39.5,-105.0,-112.0,77.0,88.0,23.0,12.0,-14.0,-110,71,61,14.0,-110,29,39,2025-12-21 13:25:00-08:00,2025-12-21 19:08:18.087648
256788,nfl,Texans,Raiders,137,2045,scheduled,,,,,,,,,,,,,,,,,2025-12-21T21:25:00.000Z,15,15,256788,54531.0,-1400,95,75,800,5,25,,,,39.5,-110.0,-110.0,78.0,95.0,22.0,5.0,-14.5,-105,72,56,14.5,-115,28,44,2025-12-21 13:25:00-08:00,2025-12-21 21:09:20.404130
256786,nfl,Broncos,Jaguars,136,134,scheduled,,,,,,,,,,,,,,,,,2025-12-21T21:05:00.000Z,15,15,256786,6331.0,-170,83,74,142,17,26,,,,46.5,-132.0,-110.0,80.0,83.0,20.0,17.0,-3.0,-110,42,36,3.0,-110,58,64,2025-12-21 13:05:00-08:00,2025-12-17 12:24:30.300038
256786,nfl,Broncos,Jaguars,136,134,scheduled,,,,,,,,,,,,,,,,,2025-12-21T21:05:00.000Z,15,15,256786,10708.0,-162,82,77,136,18,23,,,,46.5,-132.0,-110.0,60.0,62.0,40.0,38.0,-3.0,-110,43,32,3.0,-110,57,68,2025-12-21 13:05:00-08:00,2025-12-19 00:19:20.491962
256786,nfl,Broncos,Jaguars,136,134,scheduled,,,,,,,,,,,,,,,,,2025-12-21T21:05:00.000Z,15,15,256786,11228.0,-174,83,78,145,17,22,,,,46.5,-132.0,-110.0,60.0,62.0,40.0,38.0,-3.0,-115,43,33,3.0,-105,57,67,2025-12-21 13:05:00-08:00,2025-12-19 02:47:20.234043
256786,nfl,Broncos,Jaguars,136,134,scheduled,,,,,,,,,,,,,,,,,2025-12-21T21:05:00.000Z,15,15,256786,11405.0,-175,83,78,145,17,22,,,,46.5,-132.0,-110.0,60.0,61.0,40.0,39.0,-3.0,-115,43,35,3.0,-105,57,65,2025-12-21 13:05:00-08:00,2025-12-19 04:26:16.163076
256786,nfl,Broncos,Jaguars,136,134,scheduled,,,,,,,,,,,,,,,,,2025-12-21T21:05:00.000Z,15,15,256786,13126.0,-182,82,79,154,18,21,,,,47.0,-110.0,-120.0,60.0,60.0,40.0,40.0,-3.5,-110,44,33,3.5,-111,56,67,2025-12-21 13:05:00-08:00,2025-12-19 16:14:04.485555
256786,nfl,Broncos,Jaguars,136,134,scheduled,,,,,,,,,,,,,,,,,2025-12-21T21:05:00.000Z,15,15,256786,13525.0,-182,82,79,154,18,21,,,,47.0,-110.0,-110.0,60.0,60.0,40.0,40.0,-3.5,-108,44,33,3.5,-112,56,67,2025-12-21 13:05:00-08:00,2025-12-19 17:11:17.588207
256786,nfl,Broncos,Jaguars,136,134,scheduled,,,,,,,,,,,,,,,,,2025-12-21T21:05:00.000Z,15,15,256786,14358.0,-180,82,80,150,18,20,,,,47.0,-110.0,-110.0,60.0,61.0,40.0,39.0,-3.5,-105,44,33,3.5,-115,56,67,2025-12-21 13:05:00-08:00,2025-12-19 19:10:06.351339
256786,nfl,Broncos,Jaguars,136,134,scheduled,,,,,,,,,,,,,,,,,2025-12-21T21:05:00.000Z,15,15,256786,14782.0,-185,82,80,154,18,20,,,,47.0,-110.0,-110.0,60.0,61.0,40.0,39.0,-3.5,-105,44,32,3.5,-115,56,68,2025-12-21 13:05:00-08:00,2025-12-19 20:12:37.850628
256786,nfl,Broncos,Jaguars,136,134,scheduled,,,,,,,,,,,,,,,,,2025-12-21T21:05:00.000Z,15,15,256786,18569.0,-185,82,82,154,18,18,,,,47.0,-110.0,-110.0,59.0,61.0,41.0,39.0,-3.5,-105,43,32,3.5,-116,57,68,2025-12-21 13:05:00-08:00,2025-12-20 16:12:27.934423
256786,nfl,Broncos,Jaguars,136,134,scheduled,,,,,,,,,,,,,,,,,2025-12-21T21:05:00.000Z,15,15,256786,20321.0,-185,82,81,154,18,19,,,,46.5,-132.0,-102.0,59.0,61.0,41.0,39.0,-3.5,-105,42,32,3.5,-116,58,68,2025-12-21 13:05:00-08:00,2025-12-20 20:11:05.307728
256786,nfl,Broncos,Jaguars,136,134,scheduled,,,,,,,,,,,,,,,,,2025-12-21T21:05:00.000Z,15,15,256786,33796.0,-185,81,83,154,19,17,,,,46.5,-132.0,-110.0,59.0,61.0,41.0,39.0,-3.5,-105,42,36,3.5,-116,58,64,2025-12-21 13:05:00-08:00,2025-12-21 14:10:23.627512
256786,nfl,Broncos,Jaguars,136,134,scheduled,,,,,,,,,,,,,,,,,2025-12-21T21:05:00.000Z,15,15,256786,74115.0,-185,81,80,152,19,20,,,,46.5,-132.0,-110.0,65.0,69.0,35.0,31.0,-3.5,-105,41,32,3.5,-116,59,68,2025-12-21 13:05:00-08:00,2025-12-21 20:11:37.408883
256921,nfl,Bengals,Cardinals,128,153,scheduled,,,,,,,,,,,,,,,,,2025-12-28T18:00:00.000Z,15,15,256921,111.0,-258,94,99,210,6,1,,,,51.5,-110.0,-110.0,21.0,24.0,79.0,76.0,-5.5,-110,0,0,5.5,-110,0,0,2025-12-28 10:00:00-08:00,2025-12-17 12:24:30.300038
256921,nfl,Bengals,Cardinals,128,153,scheduled,,,,,,,,,,,,,,,,,2025-12-28T18:00:00.000Z,15,15,256921,126.0,-250,94,99,210,6,1,,,,51.5,-110.0,-110.0,14.0,11.0,86.0,89.0,-5.5,-110,0,0,5.5,-110,0,0,2025-12-28 10:00:00-08:00,2025-12-19 00:19:20.491962
256921,nfl,Bengals,Cardinals,128,153,scheduled,,,,,,,,,,,,,,,,,2025-12-28T18:00:00.000Z,15,15,256921,126.0,-250,94,99,210,6,1,,,,51.5,-110.0,-110.0,15.0,11.0,85.0,89.0,-6.0,-108,0,0,6.0,-112,0,0,2025-12-28 10:00:00-08:00,2025-12-19 09:15:15.245615
256921,nfl,Bengals,Cardinals,128,153,scheduled,,,,,,,,,,,,,,,,,2025-12-28T18:00:00.000Z,15,15,256921,156.0,-258,93,99,215,7,1,,,,51.5,-110.0,-110.0,15.0,12.0,85.0,88.0,-6.0,-108,0,0,6.0,-112,0,0,2025-12-28 10:00:00-08:00,2025-12-19 17:11:17.588207
256921,nfl,Bengals,Cardinals,128,153,scheduled,,,,,,,,,,,,,,,,,2025-12-28T18:00:00.000Z,15,15,256921,156.0,-265,93,99,215,7,1,,,,51.5,-110.0,-110.0,15.0,11.0,85.0,89.0,-6.0,-108,0,0,6.0,-112,0,0,2025-12-28 10:00:00-08:00,2025-12-19 19:10:06.351339
256921,nfl,Bengals,Cardinals,128,153,scheduled,,,,,,,,,,,,,,,,,2025-12-28T18:00:00.000Z,15,15,256921,206.0,-260,94,99,212,6,1,,,,51.5,-110.0,-110.0,19.0,14.0,81.0,86.0,-6.0,-109,0,0,6.0,-111,0,0,2025-12-28 10:00:00-08:00,2025-12-20 18:14:26.237134
256921,nfl,Bengals,Cardinals,128,153,scheduled,,,,,,,,,,,,,,,,,2025-12-28T18:00:00.000Z,15,15,256921,206.0,-260,94,99,210,6,1,,,,51.5,-110.0,-110.0,19.0,12.0,81.0,88.0,-6.0,-109,0,0,6.0,-111,0,0,2025-12-28 10:00:00-08:00,2025-12-21 02:55:34.435945
256921,nfl,Bengals,Cardinals,128,153,scheduled,,,,,,,,,,,,,,,,,2025-12-28T18:00:00.000Z,15,15,256921,247.0,-262,94,99,210,6,1,,,,51.5,-110.0,-110.0,20.0,8.0,80.0,92.0,-6.0,-109,0,0,6.0,-111,0,0,2025-12-28 10:00:00-08:00,2025-12-21 16:12:12.540404
256921,nfl,Bengals,Cardinals,128,153,scheduled,,,,,,,,,,,,,,,,,2025-12-28T18:00:00.000Z,15,15,256921,247.0,-258,95,99,210,5,1,,,,51.5,-110.0,-110.0,20.0,8.0,80.0,92.0,-6.0,-109,0,0,6.0,-111,0,0,2025-12-28 10:00:00-08:00,2025-12-21 17:09:14.285057
256921,nfl,Bengals,Cardinals,128,153,scheduled,,,,,,,,,,,,,,,,,2025-12-28T18:00:00.000Z,15,15,256921,328.0,-294,95,99,240,5,1,,,,50.5,-110.0,-110.0,21.0,8.0,79.0,92.0,-6.5,-111,0,0,6.5,-115,0,0,2025-12-28 10:00:00-08:00,2025-12-22 00:56:11.807037
256921,nfl,Bengals,Cardinals,128,153,scheduled,,,,,,,,,,,,,,,,,2025-12-28T18:00:00.000Z,15,15,256921,520.0,-330,95,99,275,5,1,,,,52.5,-110.0,-110.0,21.0,8.0,79.0,92.0,-7.0,-110,0,0,7.0,-110,0,0,2025-12-28 10:00:00-08:00,2025-12-22 02:56:09.426305
256921,nfl,Bengals,Cardinals,128,153,scheduled,,,,,,,,,,,,,,,,,2025-12-28T18:00:00.000Z,15,15,256921,681.0,-325,95,99,265,5,1,,,,53.5,-105.0,-110.0,21.0,8.0,79.0,92.0,-7.0,-110,0,0,7.0,-110,0,0,2025-12-28 10:00:00-08:00,2025-12-22 04:01:21.802956
256921,nfl,Bengals,Cardinals,128,153,scheduled,,,,,,,,,,,,,,,,,2025-12-28T18:00:00.000Z,15,15,256921,939.0,-330,95,99,270,5,1,,,,53.5,-110.0,-110.0,21.0,8.0,79.0,92.0,-7.0,-110,0,0,7.0,-110,0,0,2025-12-28 10:00:00-08:00,2025-12-22 05:16:38.931932
256921,nfl,Bengals,Cardinals,128,153,scheduled,,,,,,,,,,,,,,,,,2025-12-28T18:00:00.000Z,15,15,256921,1060.0,-370,95,99,280,5,1,,,,53.5,-110.0,-110.0,21.0,8.0,79.0,92.0,-7.0,-110,0,0,7.0,-110,0,0,2025-12-28 10:00:00-08:00,2025-12-22 06:19:29.669790
256921,nfl,Bengals,Cardinals,128,153,scheduled,,,,,,,,,,,,,,,,,2025-12-28T18:00:00.000Z,15,15,256921,1166.0,-370,95,99,300,5,1,,,,53.5,-110.0,-110.0,21.0,8.0,79.0,92.0,-7.0,-110,0,0,7.0,-110,0,0,2025-12-28 10:00:00-08:00,2025-12-22 09:18:27.401072
256921,nfl,Bengals,Cardinals,128,153,scheduled,,,,,,,,,,,,,,,,,2025-12-28T18:00:00.000Z,15,15,256921,1812.0,-370,94,87,300,6,13,,,,53.5,-110.0,-110.0,23.0,13.0,77.0,87.0,-7.0,-115,58,51,7.0,-105,42,49,2025-12-28 10:00:00-08:00,2025-12-22 20:12:36.333781
256921,nfl,Bengals,Cardinals,128,153,scheduled,,,,,,,,,,,,,,,,,2025-12-28T18:00:00.000Z,15,15,256921,2645.0,-370,94,91,295,6,9,,,,53.5,-110.0,-110.0,28.0,17.0,72.0,83.0,-7.0,-115,60,60,7.0,-105,40,40,2025-12-28 10:00:00-08:00,2025-12-23 12:22:14.612235
256921,nfl,Bengals,Cardinals,128,153,scheduled,,,,,,,,,,,,,,,,,2025-12-28T18:00:00.000Z,15,15,256921,3064.0,-360,94,91,280,6,9,,,,53.5,-110.0,-110.0,29.0,21.0,71.0,79.0,-7.0,-115,62,62,7.0,-105,38,38,2025-12-28 10:00:00-08:00,2025-12-23 16:14:41.664935
256921,nfl,Bengals,Cardinals,128,153,scheduled,,,,,,,,,,,,,,,,,2025-12-28T18:00:00.000Z,15,15,256921,3291.0,-360,94,92,295,6,8,,,,53.5,-110.0,-110.0,30.0,21.0,70.0,79.0,-7.0,-115,62,63,7.0,-105,38,37,2025-12-28 10:00:00-08:00,2025-12-23 17:12:43.843165
256921,nfl,Bengals,Cardinals,128,153,scheduled,,,,,,,,,,,,,,,,,2025-12-28T18:00:00.000Z,15,15,256921,3710.0,-375,94,92,295,6,8,,,,53.5,-110.0,-110.0,30.0,22.0,70.0,78.0,-7.0,-115,62,62,7.0,-105,38,38,2025-12-28 10:00:00-08:00,2025-12-23 19:11:23.939282
256921,nfl,Bengals,Cardinals,128,153,scheduled,,,,,,,,,,,,,,,,,2025-12-28T18:00:00.000Z,15,15,256921,5210.0,-375,94,93,295,6,7,,,,53.5,-105.0,-110.0,34.0,27.0,66.0,73.0,-7.0,-115,65,74,7.0,-105,35,26,2025-12-28 10:00:00-08:00,2025-12-24 06:18:42.194536
256921,nfl,Bengals,Cardinals,128,153,scheduled,,,,,,,,,,,,,,,,,2025-12-28T18:00:00.000Z,15,15,256921,6179.0,-370,94,94,295,6,6,,,,53.5,-105.0,-110.0,21.0,22.0,79.0,78.0,-7.0,-115,67,75,7.0,-105,33,25,2025-12-28 10:00:00-08:00,2025-12-24 16:14:09.792023
256921,nfl,Bengals,Cardinals,128,153,scheduled,,,,,,,,,,,,,,,,,2025-12-28T18:00:00.000Z,15,15,256921,6724.0,-370,94,94,295,6,6,,,,52.5,-115.0,-105.0,21.0,22.0,79.0,78.0,-7.0,-115,67,74,7.0,-105,33,26,2025-12-28 10:00:00-08:00,2025-12-24 18:16:30.988985
256921,nfl,Bengals,Cardinals,128,153,scheduled,,,,,,,,,,,,,,,,,2025-12-28T18:00:00.000Z,15,15,256921,7477.0,-370,94,94,300,6,6,,,,52.5,-115.0,-105.0,22.0,25.0,78.0,75.0,-7.0,-115,69,75,7.0,-105,31,25,2025-12-28 10:00:00-08:00,2025-12-24 22:11:26.458784
256921,nfl,Bengals,Cardinals,128,153,scheduled,,,,,,,,,,,,,,,,,2025-12-28T18:00:00.000Z,15,15,256921,8300.0,-380,94,93,300,6,7,,,,52.5,-115.0,-105.0,23.0,24.0,77.0,76.0,-7.0,-115,68,72,7.0,-105,32,28,2025-12-28 10:00:00-08:00,2025-12-25 03:55:25.769626
256921,nfl,Bengals,Cardinals,128,153,scheduled,,,,,,,,,,,,,,,,,2025-12-28T18:00:00.000Z,15,15,256921,9552.0,-375,94,94,300,6,6,,,,52.5,-115.0,-105.0,27.0,34.0,73.0,66.0,-7.0,-115,67,71,7.0,-105,33,29,2025-12-28 10:00:00-08:00,2025-12-25 16:14:02.305277
256921,nfl,Bengals,Cardinals,128,153,scheduled,,,,,,,,,,,,,,,,,2025-12-28T18:00:00.000Z,15,15,256921,9875.0,-375,95,94,300,5,6,,,,52.5,-115.0,-105.0,27.0,36.0,73.0,64.0,-7.5,-105,67,71,7.5,-115,33,29,2025-12-28 10:00:00-08:00,2025-12-25 17:10:18.922147
256921,nfl,Bengals,Cardinals,128,153,scheduled,,,,,,,,,,,,,,,,,2025-12-28T18:00:00.000Z,15,15,256921,12020.0,-375,95,93,300,5,7,,,,53.5,-105.0,-110.0,32.0,42.0,68.0,58.0,-7.5,-105,68,69,7.5,-115,32,31,2025-12-28 10:00:00-08:00,2025-12-26 09:13:32.561712
256921,nfl,Bengals,Cardinals,128,153,scheduled,,,,,,,,,,,,,,,,,2025-12-28T18:00:00.000Z,15,15,256921,13389.0,-375,95,93,295,5,7,,,,53.5,-105.0,-110.0,32.0,42.0,68.0,58.0,-7.5,-105,66,68,7.5,-115,34,32,2025-12-28 10:00:00-08:00,2025-12-26 18:16:46.153208
256921,nfl,Bengals,Cardinals,128,153,scheduled,,,,,,,,,,,,,,,,,2025-12-28T18:00:00.000Z,15,15,256921,15009.0,-357,95,90,275,5,10,,,,53.5,-105.0,-110.0,32.0,40.0,68.0,60.0,-7.0,-110,67,66,7.0,-110,33,34,2025-12-28 10:00:00-08:00,2025-12-26 22:11:05.868112
256921,nfl,Bengals,Cardinals,128,153,scheduled,,,,,,,,,,,,,,,,,2025-12-28T18:00:00.000Z,15,15,256921,18069.0,-350,94,91,275,6,9,,,,53.5,-110.0,-110.0,34.0,37.0,66.0,63.0,-7.0,-110,66,69,7.0,-110,34,31,2025-12-28 10:00:00-08:00,2025-12-27 13:22:36.153313
256921,nfl,Bengals,Cardinals,128,153,scheduled,,,,,,,,,,,,,,,,,2025-12-28T18:00:00.000Z,15,15,256921,23001.0,-350,95,92,280,5,8,,,,53.5,-110.0,-110.0,34.0,36.0,66.0,64.0,-7.0,-110,67,70,7.0,-110,33,30,2025-12-28 10:00:00-08:00,2025-12-27 23:10:56.507855
256921,nfl,Bengals,Cardinals,128,153,scheduled,,,,,,,,,,,,,,,,,2025-12-28T18:00:00.000Z,15,15,256921,33452.0,-345,94,92,280,6,8,,,,53.5,-110.0,-110.0,37.0,39.0,63.0,61.0,-7.0,-110,67,67,7.0,-110,33,33,2025-12-28 10:00:00-08:00,2025-12-28 08:15:12.992681
256921,nfl,Bengals,Cardinals,128,153,scheduled,,,,,,,,,,,,,,,,,2025-12-28T18:00:00.000Z,15,15,256921,40859.0,-350,94,94,280,6,6,,,,53.5,-110.0,-110.0,38.0,49.0,62.0,51.0,-7.0,-110,67,68,7.0,-110,33,32,2025-12-28 10:00:00-08:00,2025-12-28 14:10:52.394624
256921,nfl,Bengals,Cardinals,128,153,scheduled,,,,,,,,,,,,,,,,,2025-12-28T18:00:00.000Z,15,15,256921,56752.0,-350,95,95,275,5,5,,,,53.5,-110.0,-110.0,40.0,54.0,60.0,46.0,-7.0,-110,67,70,7.0,-110,33,30,2025-12-28 10:00:00-08:00,2025-12-28 16:12:43.249346
256921,nfl,Bengals,Cardinals,128,153,scheduled,,,,,,,,,,,,,,,,,2025-12-28T18:00:00.000Z,15,15,256921,75639.0,-350,95,95,275,5,5,,,,53.5,-110.0,-108.0,40.0,54.0,60.0,46.0,-7.0,-110,67,70,7.0,-110,33,30,2025-12-28 10:00:00-08:00,2025-12-28 17:09:55.421727
256790,nfl,Colts,49ers,133,154,scheduled,,,,,,,,,,,,,,,,,2025-12-23T01:15:00.000Z,15,15,256790,4670.0,235,11,17,-290,89,83,,,,46.5,-110.0,-110.0,70.0,71.0,30.0,29.0,6.0,-105,42,20,-6.0,-115,58,80,2025-12-22 17:15:00-08:00,2025-12-17 12:24:30.300038
256790,nfl,Colts,49ers,133,154,scheduled,,,,,,,,,,,,,,,,,2025-12-23T01:15:00.000Z,15,15,256790,4988.0,240,11,17,-294,89,83,,,,46.5,-102.0,-110.0,70.0,71.0,30.0,29.0,6.5,-110,42,20,-6.5,-110,58,80,2025-12-22 17:15:00-08:00,2025-12-17 13:13:26.384576
256790,nfl,Colts,49ers,133,154,scheduled,,,,,,,,,,,,,,,,,2025-12-23T01:15:00.000Z,15,15,256790,8759.0,220,11,16,-275,89,84,,,,46.5,-110.0,-110.0,61.0,62.0,39.0,38.0,5.5,-105,42,26,-5.5,-115,58,74,2025-12-22 17:15:00-08:00,2025-12-19 00:19:20.491962
256790,nfl,Colts,49ers,133,154,scheduled,,,,,,,,,,,,,,,,,2025-12-23T01:15:00.000Z,15,15,256790,9754.0,220,11,14,-270,89,86,,,,46.5,-110.0,-110.0,60.0,60.0,40.0,40.0,5.5,-105,41,30,-5.5,-115,59,70,2025-12-22 17:15:00-08:00,2025-12-19 08:16:45.684830
256790,nfl,Colts,49ers,133,154,scheduled,,,,,,,,,,,,,,,,,2025-12-23T01:15:00.000Z,15,15,256790,12909.0,210,11,13,-270,89,87,,,,46.5,-110.0,-110.0,60.0,59.0,40.0,41.0,5.5,-110,40,37,-5.5,-111,60,63,2025-12-22 17:15:00-08:00,2025-12-20 07:10:23.729695
256790,nfl,Colts,49ers,133,154,scheduled,,,,,,,,,,,,,,,,,2025-12-23T01:15:00.000Z,15,15,256790,13702.0,205,11,8,-250,89,92,,,,46.5,-110.0,-110.0,60.0,63.0,40.0,37.0,5.5,-110,40,41,-5.5,-111,60,59,2025-12-22 17:15:00-08:00,2025-12-20 16:12:27.934423
256790,nfl,Colts,49ers,133,154,scheduled,,,,,,,,,,,,,,,,,2025-12-23T01:15:00.000Z,15,15,256790,14974.0,205,10,8,-250,90,92,,,,46.5,-110.0,-111.0,60.0,62.0,40.0,38.0,5.5,-110,39,37,-5.5,-111,61,63,2025-12-22 17:15:00-08:00,2025-12-20 21:09:04.508913
256790,nfl,Colts,49ers,133,154,scheduled,,,,,,,,,,,,,,,,,2025-12-23T01:15:00.000Z,15,15,256790,17609.0,205,10,8,-250,90,92,,,,46.5,-110.0,-111.0,58.0,60.0,42.0,40.0,5.5,-105,38,33,-5.5,-115,62,67,2025-12-22 17:15:00-08:00,2025-12-21 08:14:10.508155
256790,nfl,Colts,49ers,133,154,scheduled,,,,,,,,,,,,,,,,,2025-12-23T01:15:00.000Z,15,15,256790,27535.0,205,11,8,-250,89,92,,,,46.5,100.0,-110.0,57.0,62.0,43.0,38.0,5.5,-110,35,30,-5.5,-111,65,70,2025-12-22 17:15:00-08:00,2025-12-21 22:10:54.514196
256790,nfl,Colts,49ers,133,154,scheduled,,,,,,,,,,,,,,,,,2025-12-23T01:15:00.000Z,15,15,256790,27904.0,205,11,8,-250,89,92,,,,46.5,-105.0,-111.0,57.0,62.0,43.0,38.0,5.5,-110,35,28,-5.5,-115,65,72,2025-12-22 17:15:00-08:00,2025-12-21 23:10:38.017484
256790,nfl,Colts,49ers,133,154,scheduled,,,,,,,,,,,,,,,,,2025-12-23T01:15:00.000Z,15,15,256790,28706.0,205,12,9,-250,88,91,,,,46.0,-110.0,-110.0,56.0,63.0,44.0,37.0,5.5,-110,35,29,-5.5,-111,65,71,2025-12-22 17:15:00-08:00,2025-12-22 00:56:11.807037
256790,nfl,Colts,49ers,133,154,scheduled,,,,,,,,,,,,,,,,,2025-12-23T01:15:00.000Z,15,15,256790,30312.0,210,12,8,-263,88,92,,,,46.0,-110.0,-110.0,57.0,62.0,43.0,38.0,5.5,-110,34,28,-5.5,-111,66,72,2025-12-22 17:15:00-08:00,2025-12-22 02:56:09.426305
256790,nfl,Colts,49ers,133,154,scheduled,,,,,,,,,,,,,,,,,2025-12-23T01:15:00.000Z,15,15,256790,42555.0,210,13,18,-260,87,82,,,,46.0,-110.0,-110.0,61.0,75.0,39.0,25.0,5.5,-110,35,34,-5.5,-111,65,66,2025-12-22 17:15:00-08:00,2025-12-22 14:12:30.875499
256790,nfl,Colts,49ers,133,154,scheduled,,,,,,,,,,,,,,,,,2025-12-23T01:15:00.000Z,15,15,256790,45832.0,210,13,18,-260,87,82,,,,46.0,-110.0,-110.0,61.0,75.0,39.0,25.0,5.5,-111,35,36,-5.5,-110,65,64,2025-12-22 17:15:00-08:00,2025-12-22 15:12:16.374399
256790,nfl,Colts,49ers,133,154,scheduled,,,,,,,,,,,,,,,,,2025-12-23T01:15:00.000Z,15,15,256790,63810.0,200,14,19,-250,86,81,,,,46.0,-110.0,-110.0,62.0,74.0,38.0,26.0,5.5,-110,36,34,-5.5,-110,64,66,2025-12-22 17:15:00-08:00,2025-12-22 18:16:58.565478
256790,nfl,Colts,49ers,133,154,scheduled,,,,,,,,,,,,,,,,,2025-12-23T01:15:00.000Z,15,15,256790,75463.0,200,14,17,-240,86,83,,,,46.0,-110.0,-110.0,62.0,74.0,38.0,26.0,4.5,-110,36,34,-4.5,-111,64,66,2025-12-22 17:15:00-08:00,2025-12-22 20:12:36.333781
256790,nfl,Colts,49ers,133,154,scheduled,,,,,,,,,,,,,,,,,2025-12-23T01:15:00.000Z,15,15,256790,84212.0,190,14,19,-235,86,81,,,,46.0,-110.0,-110.0,63.0,74.0,37.0,26.0,4.5,-105,36,35,-4.5,-115,64,65,2025-12-22 17:15:00-08:00,2025-12-22 21:10:21.418784
256790,nfl,Colts,49ers,133,154,scheduled,,,,,,,,,,,,,,,,,2025-12-23T01:15:00.000Z,15,15,256790,94274.0,190,14,22,-230,86,78,,,,46.0,-110.0,-110.0,63.0,74.0,37.0,26.0,4.5,-110,37,33,-4.5,-111,63,67,2025-12-22 17:15:00-08:00,2025-12-22 22:11:24.706345
256790,nfl,Colts,49ers,133,154,scheduled,,,,,,,,,,,,,,,,,2025-12-23T01:15:00.000Z,15,15,256790,110703.0,185,15,22,-225,85,78,,,,46.5,-110.0,-110.0,64.0,72.0,36.0,28.0,4.5,-115,37,33,-4.5,-105,63,67,2025-12-22 17:15:00-08:00,2025-12-22 23:11:04.221025
256790,nfl,Colts,49ers,133,154,scheduled,,,,,,,,,,,,,,,,,2025-12-23T01:15:00.000Z,15,15,256790,165925.0,185,16,26,-220,84,74,,,,46.5,-102.0,-110.0,64.0,72.0,36.0,28.0,4.5,-115,39,47,-4.5,-105,61,53,2025-12-22 17:15:00-08:00,2025-12-23 00:53:30.430330
256785,nfl,Cardinals,Falcons,153,151,scheduled,,,,,,,,,,,,,,,,,2025-12-21T21:05:00.000Z,15,15,256785,4139.0,124,32,27,-148,68,73,,,,47.5,-120.0,-110.0,74.0,78.0,26.0,22.0,2.5,-108,53,46,-2.5,-112,47,54,2025-12-21 13:05:00-08:00,2025-12-17 12:24:30.300038
256785,nfl,Cardinals,Falcons,153,151,scheduled,,,,,,,,,,,,,,,,,2025-12-21T21:05:00.000Z,15,15,256785,7426.0,135,27,23,-160,73,77,,,,48.0,-110.0,-110.0,52.0,55.0,48.0,45.0,3.0,-115,51,41,-3.0,-105,49,59,2025-12-21 13:05:00-08:00,2025-12-19 00:19:20.491962
256785,nfl,Cardinals,Falcons,153,151,scheduled,,,,,,,,,,,,,,,,,2025-12-21T21:05:00.000Z,15,15,256785,8249.0,135,26,24,-160,74,76,,,,48.5,-105.0,-115.0,51.0,54.0,49.0,46.0,3.0,-115,51,42,-3.0,-105,49,58,2025-12-21 13:05:00-08:00,2025-12-19 09:15:15.245615
256785,nfl,Cardinals,Falcons,153,151,scheduled,,,,,,,,,,,,,,,,,2025-12-21T21:05:00.000Z,15,15,256785,9168.0,130,26,24,-156,74,76,,,,48.5,-105.0,-115.0,51.0,54.0,49.0,46.0,3.0,-115,51,42,-3.0,-105,49,58,2025-12-21 13:05:00-08:00,2025-12-19 18:16:25.986902
256785,nfl,Cardinals,Falcons,153,151,scheduled,,,,,,,,,,,,,,,,,2025-12-21T21:05:00.000Z,15,15,256785,9405.0,130,25,24,-156,75,76,,,,48.5,-105.0,-110.0,51.0,54.0,49.0,46.0,3.0,-115,51,41,-3.0,-105,49,59,2025-12-21 13:05:00-08:00,2025-12-19 19:10:06.351339
256785,nfl,Cardinals,Falcons,153,151,scheduled,,,,,,,,,,,,,,,,,2025-12-21T21:05:00.000Z,15,15,256785,9905.0,135,25,23,-160,75,77,,,,48.5,-105.0,-110.0,51.0,54.0,49.0,46.0,3.0,-115,50,40,-3.0,-105,50,60,2025-12-21 13:05:00-08:00,2025-12-19 22:11:36.891312
256785,nfl,Cardinals,Falcons,153,151,scheduled,,,,,,,,,,,,,,,,,2025-12-21T21:05:00.000Z,15,15,256785,10632.0,135,25,24,-160,75,76,,,,48.5,-110.0,-110.0,51.0,54.0,49.0,46.0,3.0,-115,50,41,-3.0,-105,50,59,2025-12-21 13:05:00-08:00,2025-12-20 04:17:08.794444
256785,nfl,Cardinals,Falcons,153,151,scheduled,,,,,,,,,,,,,,,,,2025-12-21T21:05:00.000Z,15,15,256785,13646.0,130,24,26,-156,76,74,,,,48.5,-110.0,-110.0,51.0,53.0,49.0,47.0,3.0,-115,50,55,-3.0,-105,50,45,2025-12-21 13:05:00-08:00,2025-12-20 23:10:31.269795
256785,nfl,Cardinals,Falcons,153,151,scheduled,,,,,,,,,,,,,,,,,2025-12-21T21:05:00.000Z,15,15,256785,13894.0,135,24,27,-160,76,73,,,,48.5,-110.0,-110.0,51.0,54.0,49.0,46.0,3.0,-115,51,55,-3.0,-105,49,45,2025-12-21 13:05:00-08:00,2025-12-21 00:57:18.589631
256785,nfl,Cardinals,Falcons,153,151,scheduled,,,,,,,,,,,,,,,,,2025-12-21T21:05:00.000Z,15,15,256785,18145.0,130,25,26,-156,75,74,,,,48.5,-110.0,-110.0,50.0,54.0,50.0,46.0,3.0,-115,48,52,-3.0,-105,52,48,2025-12-21 13:05:00-08:00,2025-12-21 08:14:10.508155
256785,nfl,Cardinals,Falcons,153,151,scheduled,,,,,,,,,,,,,,,,,2025-12-21T21:05:00.000Z,15,15,256785,21694.0,134,24,25,-156,76,75,,,,48.5,-110.0,-110.0,50.0,56.0,50.0,44.0,3.0,-115,48,50,-3.0,-105,52,50,2025-12-21 13:05:00-08:00,2025-12-21 14:10:23.627512
256785,nfl,Cardinals,Falcons,153,151,scheduled,,,,,,,,,,,,,,,,,2025-12-21T21:05:00.000Z,15,15,256785,35088.0,130,24,25,-155,76,75,,,,48.5,-110.0,-110.0,58.0,63.0,42.0,37.0,3.0,-118,48,57,-3.0,-102,52,43,2025-12-21 13:05:00-08:00,2025-12-21 17:09:14.285057
256785,nfl,Cardinals,Falcons,153,151,scheduled,,,,,,,,,,,,,,,,,2025-12-21T21:05:00.000Z,15,15,256785,52132.0,130,24,30,-155,76,70,,,,48.5,-110.0,-105.0,59.0,64.0,41.0,36.0,2.5,-105,50,73,-2.5,-115,50,27,2025-12-21 13:05:00-08:00,2025-12-21 20:11:37.408883
256926,nfl,Dolphins,Buccaneers,126,149,scheduled,,,,,,,,,,,,,,,,,2025-12-28T18:00:00.000Z,15,15,256926,141.0,130,21,2,-155,79,98,,,,46.5,-110.0,-110.0,0.0,0.0,0.0,0.0,3.0,-115,0,0,-3.0,-105,0,0,2025-12-28 10:00:00-08:00,2025-12-17 12:24:30.300038
256926,nfl,Dolphins,Buccaneers,126,149,scheduled,,,,,,,,,,,,,,,,,2025-12-28T18:00:00.000Z,15,15,256926,151.0,285,25,68,-360,75,32,,,,45.5,-110.0,-110.0,39.0,28.0,61.0,72.0,7.0,-110,0,0,-7.0,-110,0,0,2025-12-28 10:00:00-08:00,2025-12-19 06:17:51.250775
256926,nfl,Dolphins,Buccaneers,126,149,scheduled,,,,,,,,,,,,,,,,,2025-12-28T18:00:00.000Z,15,15,256926,156.0,300,21,65,-360,79,35,,,,45.5,-110.0,-110.0,41.0,30.0,59.0,70.0,7.0,-110,0,0,-7.0,-110,0,0,2025-12-28 10:00:00-08:00,2025-12-19 17:11:17.588207
256926,nfl,Dolphins,Buccaneers,126,149,scheduled,,,,,,,,,,,,,,,,,2025-12-28T18:00:00.000Z,15,15,256926,156.0,300,21,65,-380,79,35,,,,45.5,-110.0,-110.0,40.0,29.0,60.0,71.0,7.0,-110,0,0,-7.0,-110,0,0,2025-12-28 10:00:00-08:00,2025-12-19 19:10:06.351339
256926,nfl,Dolphins,Buccaneers,126,149,scheduled,,,,,,,,,,,,,,,,,2025-12-28T18:00:00.000Z,15,15,256926,156.0,295,20,64,-380,80,36,,,,45.5,-110.0,-110.0,41.0,29.0,59.0,71.0,7.0,-110,0,0,-7.0,-110,0,0,2025-12-28 10:00:00-08:00,2025-12-19 20:12:37.850628
256926,nfl,Dolphins,Buccaneers,126,149,scheduled,,,,,,,,,,,,,,,,,2025-12-28T18:00:00.000Z,15,15,256926,156.0,295,18,60,-375,82,40,,,,45.5,-110.0,-110.0,41.0,30.0,59.0,70.0,7.0,-110,0,0,-7.0,-110,0,0,2025-12-28 10:00:00-08:00,2025-12-19 22:11:36.891312
256926,nfl,Dolphins,Buccaneers,126,149,scheduled,,,,,,,,,,,,,,,,,2025-12-28T18:00:00.000Z,15,15,256926,262.0,142,11,61,-170,89,39,,,,47.5,-102.0,-118.0,47.0,39.0,53.0,61.0,3.0,-112,0,0,-3.0,-108,0,0,2025-12-28 10:00:00-08:00,2025-12-21 09:11:04.664793
256926,nfl,Dolphins,Buccaneers,126,149,scheduled,,,,,,,,,,,,,,,,,2025-12-28T18:00:00.000Z,15,15,256926,328.0,210,10,48,-263,90,52,,,,46.5,-110.0,-110.0,46.0,38.0,54.0,62.0,5.5,-110,0,0,-5.5,-110,0,0,2025-12-28 10:00:00-08:00,2025-12-22 00:56:11.807037
256926,nfl,Dolphins,Buccaneers,126,149,scheduled,,,,,,,,,,,,,,,,,2025-12-28T18:00:00.000Z,15,15,256926,388.0,200,10,48,-250,90,52,,,,46.5,-110.0,-110.0,46.0,37.0,54.0,63.0,5.5,-110,0,0,-5.5,-110,0,0,2025-12-28 10:00:00-08:00,2025-12-22 02:56:09.426305
256926,nfl,Dolphins,Buccaneers,126,149,scheduled,,,,,,,,,,,,,,,,,2025-12-28T18:00:00.000Z,15,15,256926,605.0,200,10,50,-250,90,50,,,,46.5,-110.0,-110.0,48.0,38.0,52.0,62.0,5.5,-111,0,0,-5.5,-110,0,0,2025-12-28 10:00:00-08:00,2025-12-22 09:18:27.401072
256926,nfl,Dolphins,Buccaneers,126,149,scheduled,,,,,,,,,,,,,,,,,2025-12-28T18:00:00.000Z,15,15,256926,737.0,200,10,50,-250,90,50,,,,46.5,-110.0,-110.0,47.0,39.0,53.0,61.0,5.5,-110,0,0,-5.5,-110,0,0,2025-12-28 10:00:00-08:00,2025-12-22 15:12:16.374399
256926,nfl,Dolphins,Buccaneers,126,149,scheduled,,,,,,,,,,,,,,,,,2025-12-28T18:00:00.000Z,15,15,256926,792.0,200,10,50,-250,90,50,,,,46.5,-110.0,-110.0,47.0,40.0,53.0,60.0,5.5,-111,0,0,-5.5,-110,0,0,2025-12-28 10:00:00-08:00,2025-12-22 16:14:00.584446
256926,nfl,Dolphins,Buccaneers,126,149,scheduled,,,,,,,,,,,,,,,,,2025-12-28T18:00:00.000Z,15,15,256926,954.0,200,11,51,-250,89,49,,,,46.5,-110.0,-110.0,49.0,42.0,51.0,58.0,5.5,-110,50,18,-5.5,-110,50,82,2025-12-28 10:00:00-08:00,2025-12-22 20:12:36.333781
256926,nfl,Dolphins,Buccaneers,126,149,scheduled,,,,,,,,,,,,,,,,,2025-12-28T18:00:00.000Z,15,15,256926,3089.0,200,10,43,-250,90,57,,,,45.5,-115.0,-105.0,58.0,57.0,42.0,43.0,5.5,-110,31,29,-5.5,-110,69,71,2025-12-28 10:00:00-08:00,2025-12-24 00:52:58.834144
256926,nfl,Dolphins,Buccaneers,126,149,scheduled,,,,,,,,,,,,,,,,,2025-12-28T18:00:00.000Z,15,15,256926,3529.0,200,10,41,-250,90,59,,,,45.5,-115.0,-110.0,58.0,58.0,42.0,42.0,5.5,-110,31,28,-5.5,-110,69,72,2025-12-28 10:00:00-08:00,2025-12-24 03:53:02.193110
256926,nfl,Dolphins,Buccaneers,126,149,scheduled,,,,,,,,,,,,,,,,,2025-12-28T18:00:00.000Z,15,15,256926,3589.0,200,10,41,-250,90,59,,,,45.5,-110.0,-110.0,58.0,60.0,42.0,40.0,5.5,-110,30,29,-5.5,-110,70,71,2025-12-28 10:00:00-08:00,2025-12-24 04:27:48.634138
256926,nfl,Dolphins,Buccaneers,126,149,scheduled,,,,,,,,,,,,,,,,,2025-12-28T18:00:00.000Z,15,15,256926,4084.0,205,10,40,-250,90,60,,,,45.5,-110.0,-110.0,34.0,52.0,66.0,48.0,5.5,-110,30,27,-5.5,-110,70,73,2025-12-28 10:00:00-08:00,2025-12-24 12:21:25.497297
256926,nfl,Dolphins,Buccaneers,126,149,scheduled,,,,,,,,,,,,,,,,,2025-12-28T18:00:00.000Z,15,15,256926,4417.0,210,11,40,-258,89,60,,,,45.5,-110.0,-110.0,33.0,50.0,67.0,50.0,5.5,-110,30,27,-5.5,-110,70,73,2025-12-28 10:00:00-08:00,2025-12-24 15:12:04.492652
256926,nfl,Dolphins,Buccaneers,126,149,scheduled,,,,,,,,,,,,,,,,,2025-12-28T18:00:00.000Z,15,15,256926,5068.0,215,11,40,-260,89,60,,,,45.5,-110.0,-110.0,33.0,49.0,67.0,51.0,5.5,-110,30,26,-5.5,-110,70,74,2025-12-28 10:00:00-08:00,2025-12-24 18:16:30.988985
256926,nfl,Dolphins,Buccaneers,126,149,scheduled,,,,,,,,,,,,,,,,,2025-12-28T18:00:00.000Z,15,15,256926,5462.0,220,11,39,-260,89,61,,,,45.5,-110.0,-110.0,34.0,50.0,66.0,50.0,5.5,-110,29,24,-5.5,-110,71,76,2025-12-28 10:00:00-08:00,2025-12-24 21:10:22.009660
256926,nfl,Dolphins,Buccaneers,126,149,scheduled,,,,,,,,,,,,,,,,,2025-12-28T18:00:00.000Z,15,15,256926,6078.0,220,10,36,-270,90,64,,,,45.5,-110.0,-110.0,35.0,48.0,65.0,52.0,5.5,-110,29,29,-5.5,-110,71,71,2025-12-28 10:00:00-08:00,2025-12-25 03:55:25.769626
256926,nfl,Dolphins,Buccaneers,126,149,scheduled,,,,,,,,,,,,,,,,,2025-12-28T18:00:00.000Z,15,15,256926,6659.0,215,10,31,-270,90,69,,,,45.5,-110.0,-110.0,34.0,48.0,66.0,52.0,5.5,-110,30,26,-5.5,-110,70,74,2025-12-28 10:00:00-08:00,2025-12-25 14:11:00.973101
256926,nfl,Dolphins,Buccaneers,126,149,scheduled,,,,,,,,,,,,,,,,,2025-12-28T18:00:00.000Z,15,15,256926,6790.0,215,10,30,-260,90,70,,,,45.5,-110.0,-110.0,35.0,48.0,65.0,52.0,5.5,-110,30,26,-5.5,-110,70,74,2025-12-28 10:00:00-08:00,2025-12-25 15:11:35.479757
256926,nfl,Dolphins,Buccaneers,126,149,scheduled,,,,,,,,,,,,,,,,,2025-12-28T18:00:00.000Z,15,15,256926,7916.0,235,10,27,-280,90,73,,,,45.5,-110.0,-110.0,37.0,50.0,63.0,50.0,6.0,-110,30,27,-6.0,-110,70,73,2025-12-28 10:00:00-08:00,2025-12-25 21:10:37.126469
256926,nfl,Dolphins,Buccaneers,126,149,scheduled,,,,,,,,,,,,,,,,,2025-12-28T18:00:00.000Z,15,15,256926,9016.0,235,9,17,-286,91,83,,,,45.5,-110.0,-110.0,40.0,51.0,60.0,49.0,6.0,-110,31,27,-6.0,-110,69,73,2025-12-28 10:00:00-08:00,2025-12-26 11:10:23.584512
256926,nfl,Dolphins,Buccaneers,126,149,scheduled,,,,,,,,,,,,,,,,,2025-12-28T18:00:00.000Z,15,15,256926,9804.0,220,9,17,-270,91,83,,,,44.5,-110.0,-112.0,40.0,51.0,60.0,49.0,5.5,-110,31,27,-5.5,-110,69,73,2025-12-28 10:00:00-08:00,2025-12-26 18:16:46.153208
256926,nfl,Dolphins,Buccaneers,126,149,scheduled,,,,,,,,,,,,,,,,,2025-12-28T18:00:00.000Z,15,15,256926,10228.0,220,9,17,-270,91,83,,,,44.5,-110.0,-110.0,40.0,48.0,60.0,52.0,5.5,-110,31,28,-5.5,-110,69,72,2025-12-28 10:00:00-08:00,2025-12-26 20:11:58.806493
256926,nfl,Dolphins,Buccaneers,126,149,scheduled,,,,,,,,,,,,,,,,,2025-12-28T18:00:00.000Z,15,15,256926,10435.0,220,9,17,-275,91,83,,,,44.5,-110.0,-115.0,40.0,48.0,60.0,52.0,6.0,-110,31,28,-6.0,-110,69,72,2025-12-28 10:00:00-08:00,2025-12-26 21:10:14.281340
256926,nfl,Dolphins,Buccaneers,126,149,scheduled,,,,,,,,,,,,,,,,,2025-12-28T18:00:00.000Z,15,15,256926,13020.0,225,9,16,-275,91,84,,,,44.5,-110.0,-115.0,42.0,46.0,58.0,54.0,6.0,-110,34,34,-6.0,-110,66,66,2025-12-28 10:00:00-08:00,2025-12-27 15:10:27.408251
256926,nfl,Dolphins,Buccaneers,126,149,scheduled,,,,,,,,,,,,,,,,,2025-12-28T18:00:00.000Z,15,15,256926,13318.0,210,9,16,-255,91,84,,,,44.5,-108.0,-115.0,42.0,46.0,58.0,54.0,5.5,-105,34,33,-5.5,-115,66,67,2025-12-28 10:00:00-08:00,2025-12-27 16:12:35.498777
256926,nfl,Dolphins,Buccaneers,126,149,scheduled,,,,,,,,,,,,,,,,,2025-12-28T18:00:00.000Z,15,15,256926,14853.0,220,9,15,-275,91,85,,,,44.5,-108.0,-115.0,43.0,46.0,57.0,54.0,5.5,-105,34,33,-5.5,-115,66,67,2025-12-28 10:00:00-08:00,2025-12-27 21:09:16.490123
256926,nfl,Dolphins,Buccaneers,126,149,scheduled,,,,,,,,,,,,,,,,,2025-12-28T18:00:00.000Z,15,15,256926,17029.0,220,16,29,-270,84,71,,,,44.5,-108.0,-112.0,45.0,44.0,55.0,56.0,5.5,-105,34,34,-5.5,-115,66,66,2025-12-28 10:00:00-08:00,2025-12-28 03:06:32.710666
256926,nfl,Dolphins,Buccaneers,126,149,scheduled,,,,,,,,,,,,,,,,,2025-12-28T18:00:00.000Z,15,15,256926,19684.0,215,16,29,-270,84,71,,,,44.5,-108.0,-112.0,45.0,45.0,55.0,55.0,5.5,-105,34,41,-5.5,-115,66,59,2025-12-28 10:00:00-08:00,2025-12-28 05:16:17.294985
256926,nfl,Dolphins,Buccaneers,126,149,scheduled,,,,,,,,,,,,,,,,,2025-12-28T18:00:00.000Z,15,15,256926,24768.0,215,18,32,-270,82,68,,,,44.5,-108.0,-112.0,49.0,50.0,51.0,50.0,5.5,-108,35,40,-5.5,-115,65,60,2025-12-28 10:00:00-08:00,2025-12-28 11:09:38.837778
256926,nfl,Dolphins,Buccaneers,126,149,scheduled,,,,,,,,,,,,,,,,,2025-12-28T18:00:00.000Z,15,15,256926,26919.0,220,19,31,-270,81,69,,,,44.5,-108.0,-112.0,50.0,53.0,50.0,47.0,5.5,-105,35,39,-5.5,-115,65,61,2025-12-28 10:00:00-08:00,2025-12-28 13:23:27.247143
256926,nfl,Dolphins,Buccaneers,126,149,scheduled,,,,,,,,,,,,,,,,,2025-12-28T18:00:00.000Z,15,15,256926,33084.0,210,19,32,-255,81,68,,,,44.5,-108.0,-111.0,51.0,53.0,49.0,47.0,5.5,-110,36,39,-5.5,-111,64,61,2025-12-28 10:00:00-08:00,2025-12-28 15:10:53.771829
256926,nfl,Dolphins,Buccaneers,126,149,scheduled,,,,,,,,,,,,,,,,,2025-12-28T18:00:00.000Z,15,15,256926,41162.0,200,20,31,-250,80,69,,,,44.0,-110.0,-120.0,52.0,54.0,48.0,46.0,5.0,-115,36,40,-5.0,-105,64,60,2025-12-28 10:00:00-08:00,2025-12-28 16:12:43.249346
256926,nfl,Dolphins,Buccaneers,126,149,scheduled,,,,,,,,,,,,,,,,,2025-12-28T18:00:00.000Z,15,15,256926,54460.0,200,20,31,-250,80,69,,,,44.0,-110.0,-120.0,52.0,54.0,48.0,46.0,5.5,-110,36,40,-5.5,-111,64,60,2025-12-28 10:00:00-08:00,2025-12-28 17:09:55.421727
256784,nfl,Browns,Bills,130,125,scheduled,,,,,,,,,,,,,,,,,2025-12-21T18:00:00.000Z,15,15,256784,5417.0,450,3,16,-600,97,84,,,,42.0,-110.0,-110.0,73.0,77.0,27.0,23.0,10.0,-110,25,20,-10.0,-110,75,80,2025-12-21 10:00:00-08:00,2025-12-17 12:24:30.300038
256784,nfl,Browns,Bills,130,125,scheduled,,,,,,,,,,,,,,,,,2025-12-21T18:00:00.000Z,15,15,256784,11086.0,475,3,13,-650,97,87,,,,41.5,-110.0,-110.0,57.0,23.0,43.0,77.0,10.5,-115,24,21,-10.5,-105,76,79,2025-12-21 10:00:00-08:00,2025-12-19 00:19:20.491962
256784,nfl,Browns,Bills,130,125,scheduled,,,,,,,,,,,,,,,,,2025-12-21T18:00:00.000Z,15,15,256784,11627.0,475,3,13,-667,97,87,,,,41.5,-110.0,-110.0,57.0,24.0,43.0,76.0,10.5,-115,23,20,-10.5,-105,77,80,2025-12-21 10:00:00-08:00,2025-12-19 02:47:20.234043
256784,nfl,Browns,Bills,130,125,scheduled,,,,,,,,,,,,,,,,,2025-12-21T18:00:00.000Z,15,15,256784,14176.0,475,3,13,-650,97,87,,,,41.5,-110.0,-111.0,60.0,33.0,40.0,67.0,10.5,-115,22,17,-10.5,-105,78,83,2025-12-21 10:00:00-08:00,2025-12-19 19:10:06.351339
256784,nfl,Browns,Bills,130,125,scheduled,,,,,,,,,,,,,,,,,2025-12-21T18:00:00.000Z,15,15,256784,21002.0,450,3,7,-650,97,93,,,,41.5,-110.0,-111.0,65.0,41.0,35.0,59.0,10.5,-115,21,16,-10.5,-105,79,84,2025-12-21 10:00:00-08:00,2025-12-20 21:09:04.508913
256784,nfl,Browns,Bills,130,125,scheduled,,,,,,,,,,,,,,,,,2025-12-21T18:00:00.000Z,15,15,256784,24844.0,470,4,5,-650,96,95,,,,41.5,-110.0,-111.0,66.0,44.0,34.0,56.0,10.5,-115,21,16,-10.5,-105,79,84,2025-12-21 10:00:00-08:00,2025-12-21 03:56:51.495027
256784,nfl,Browns,Bills,130,125,scheduled,,,,,,,,,,,,,,,,,2025-12-21T18:00:00.000Z,15,15,256784,28908.0,450,4,5,-650,96,95,,,,41.5,-110.0,-111.0,66.0,46.0,34.0,54.0,10.5,-115,20,16,-10.5,-105,80,84,2025-12-21 10:00:00-08:00,2025-12-21 06:16:43.746157
256784,nfl,Browns,Bills,130,125,scheduled,,,,,,,,,,,,,,,,,2025-12-21T18:00:00.000Z,15,15,256784,30125.0,470,4,5,-650,96,95,,,,41.5,-110.0,-111.0,66.0,46.0,34.0,54.0,10.5,-115,20,18,-10.5,-105,80,82,2025-12-21 10:00:00-08:00,2025-12-21 07:11:14.465117
256784,nfl,Browns,Bills,130,125,scheduled,,,,,,,,,,,,,,,,,2025-12-21T18:00:00.000Z,15,15,256784,36083.0,470,4,5,-650,96,95,,,,41.5,-105.0,-111.0,67.0,51.0,33.0,49.0,10.5,-115,20,19,-10.5,-105,80,81,2025-12-21 10:00:00-08:00,2025-12-21 13:21:25.889348
256784,nfl,Browns,Bills,130,125,scheduled,,,,,,,,,,,,,,,,,2025-12-21T18:00:00.000Z,15,15,256784,38572.0,470,4,5,-650,96,95,,,,41.0,-110.0,-110.0,67.0,51.0,33.0,49.0,10.5,-115,20,19,-10.5,-105,80,81,2025-12-21 10:00:00-08:00,2025-12-21 14:10:23.627512
256784,nfl,Browns,Bills,130,125,scheduled,,,,,,,,,,,,,,,,,2025-12-21T18:00:00.000Z,15,15,256784,43782.0,470,4,5,-650,96,95,,,,40.5,-112.0,-110.0,69.0,54.0,31.0,46.0,10.5,-115,20,16,-10.5,-105,80,84,2025-12-21 10:00:00-08:00,2025-12-21 15:10:27.450183
256784,nfl,Browns,Bills,130,125,scheduled,,,,,,,,,,,,,,,,,2025-12-21T18:00:00.000Z,15,15,256784,52925.0,450,4,6,-650,96,94,,,,40.5,-112.0,-110.0,74.0,62.0,26.0,38.0,10.5,-115,20,16,-10.5,-105,80,84,2025-12-21 10:00:00-08:00,2025-12-21 16:12:12.540404
256784,nfl,Browns,Bills,130,125,scheduled,,,,,,,,,,,,,,,,,2025-12-21T18:00:00.000Z,15,15,256784,68097.0,450,4,10,-600,96,90,,,,41.5,-102.0,-110.0,74.0,63.0,26.0,37.0,10.5,-115,21,18,-10.5,-105,79,82,2025-12-21 10:00:00-08:00,2025-12-21 17:09:14.285057
256621,nfl,Chiefs,Broncos,139,136,scheduled,,,,,,,,,,,,,,,,,2025-12-26T01:15:00.000Z,15,15,256621,252.0,190,70,68,166,30,32,,,,44.5,-105.0,-110.0,24.0,26.0,76.0,74.0,-4.5,-110,42,58,4.5,-110,58,42,2025-12-25 17:15:00-08:00,2025-12-17 12:24:30.300038
256621,nfl,Chiefs,Broncos,139,136,scheduled,,,,,,,,,,,,,,,,,2025-12-26T01:15:00.000Z,15,15,256621,333.0,195,65,59,-238,35,41,,,,40.5,-112.0,-108.0,24.0,27.0,76.0,73.0,5.5,-105,40,57,-5.5,-115,60,43,2025-12-25 17:15:00-08:00,2025-12-19 00:19:20.491962
256621,nfl,Chiefs,Broncos,139,136,scheduled,,,,,,,,,,,,,,,,,2025-12-26T01:15:00.000Z,15,15,256621,373.0,-198,62,56,-240,38,44,,,,40.5,-112.0,-108.0,25.0,27.0,75.0,73.0,5.5,-105,39,52,-5.5,-115,61,48,2025-12-25 17:15:00-08:00,2025-12-19 20:12:37.850628
256621,nfl,Chiefs,Broncos,139,136,scheduled,,,,,,,,,,,,,,,,,2025-12-26T01:15:00.000Z,15,15,256621,419.0,100,61,56,-242,39,44,,,,40.0,-111.0,-109.0,25.0,28.0,75.0,72.0,5.5,-105,39,51,-5.5,-117,61,49,2025-12-25 17:15:00-08:00,2025-12-20 00:50:13.160550
256621,nfl,Chiefs,Broncos,139,136,scheduled,,,,,,,,,,,,,,,,,2025-12-26T01:15:00.000Z,15,15,256621,525.0,100,54,46,-242,46,54,,,,40.0,-111.0,-109.0,26.0,29.0,74.0,71.0,5.5,-105,37,47,-5.5,-114,63,53,2025-12-25 17:15:00-08:00,2025-12-21 05:13:04.131093
256621,nfl,Chiefs,Broncos,139,136,scheduled,,,,,,,,,,,,,,,,,2025-12-26T01:15:00.000Z,15,15,256621,535.0,100,53,45,-242,47,55,,,,40.0,-111.0,-109.0,26.0,29.0,74.0,71.0,5.5,-108,37,47,-5.5,-117,63,53,2025-12-25 17:15:00-08:00,2025-12-21 06:16:43.746157
256621,nfl,Chiefs,Broncos,139,136,scheduled,,,,,,,,,,,,,,,,,2025-12-26T01:15:00.000Z,15,15,256621,540.0,100,53,45,-242,47,55,,,,40.0,-111.0,-109.0,26.0,29.0,74.0,71.0,6.0,-108,37,47,-6.0,-112,63,53,2025-12-25 17:15:00-08:00,2025-12-21 08:14:10.508155
256621,nfl,Chiefs,Broncos,139,136,scheduled,,,,,,,,,,,,,,,,,2025-12-26T01:15:00.000Z,15,15,256621,610.0,100,51,42,-245,49,58,,,,40.0,-111.0,-109.0,27.0,29.0,73.0,71.0,6.0,-108,35,45,-6.0,-112,65,55,2025-12-25 17:15:00-08:00,2025-12-21 17:09:14.285057
256621,nfl,Chiefs,Broncos,139,136,scheduled,,,,,,,,,,,,,,,,,2025-12-26T01:15:00.000Z,15,15,256621,848.0,470,50,42,-650,50,58,,,,36.5,-113.0,-110.0,27.0,30.0,73.0,70.0,10.5,-107,35,44,-10.5,-113,65,56,2025-12-25 17:15:00-08:00,2025-12-22 00:56:11.807037
256621,nfl,Chiefs,Broncos,139,136,scheduled,,,,,,,,,,,,,,,,,2025-12-26T01:15:00.000Z,15,15,256621,1024.0,575,50,42,-841,50,58,,,,37.5,-110.0,-110.0,27.0,30.0,73.0,70.0,12.5,-108,35,43,-12.5,-112,65,57,2025-12-25 17:15:00-08:00,2025-12-22 02:56:09.426305
256621,nfl,Chiefs,Broncos,139,136,scheduled,,,,,,,,,,,,,,,,,2025-12-26T01:15:00.000Z,15,15,256621,1130.0,587,49,42,-841,51,58,,,,37.5,-110.0,-110.0,27.0,30.0,73.0,70.0,12.5,-108,34,41,-12.5,-112,66,59,2025-12-25 17:15:00-08:00,2025-12-22 04:01:21.802956
256621,nfl,Chiefs,Broncos,139,136,scheduled,,,,,,,,,,,,,,,,,2025-12-26T01:15:00.000Z,15,15,256621,1312.0,587,49,42,-841,51,58,,,,37.5,-110.0,-110.0,27.0,30.0,73.0,70.0,12.5,-109,33,40,-12.5,-111,67,60,2025-12-25 17:15:00-08:00,2025-12-22 05:16:38.931932
256621,nfl,Chiefs,Broncos,139,136,scheduled,,,,,,,,,,,,,,,,,2025-12-26T01:15:00.000Z,15,15,256621,1448.0,587,48,41,-841,52,59,,,,37.5,-110.0,-110.0,28.0,30.0,72.0,70.0,12.5,-107,33,37,-12.5,-112,67,63,2025-12-25 17:15:00-08:00,2025-12-22 06:19:29.669790
256621,nfl,Chiefs,Broncos,139,136,scheduled,,,,,,,,,,,,,,,,,2025-12-26T01:15:00.000Z,15,15,256621,1504.0,587,48,42,-841,52,58,,,,37.5,-110.0,-110.0,28.0,30.0,72.0,70.0,13.0,-107,33,36,-13.0,-112,67,64,2025-12-25 17:15:00-08:00,2025-12-22 07:16:43.338798
256621,nfl,Chiefs,Broncos,139,136,scheduled,,,,,,,,,,,,,,,,,2025-12-26T01:15:00.000Z,15,15,256621,1539.0,587,47,43,-841,53,57,,,,37.5,-110.0,-113.0,28.0,30.0,72.0,70.0,13.0,-109,40,40,-13.0,-111,60,60,2025-12-25 17:15:00-08:00,2025-12-22 08:18:03.874365
256621,nfl,Chiefs,Broncos,139,136,scheduled,,,,,,,,,,,,,,,,,2025-12-26T01:15:00.000Z,15,15,256621,1575.0,587,46,44,-841,54,56,,,,37.5,-110.0,-113.0,28.0,31.0,72.0,69.0,12.5,-112,43,44,-12.5,-113,57,56,2025-12-25 17:15:00-08:00,2025-12-22 10:13:03.114080
256621,nfl,Chiefs,Broncos,139,136,scheduled,,,,,,,,,,,,,,,,,2025-12-26T01:15:00.000Z,15,15,256621,1655.0,587,46,45,-841,54,55,,,,37.5,-110.0,-113.0,29.0,31.0,71.0,69.0,13.0,-113,45,45,-13.0,-112,55,55,2025-12-25 17:15:00-08:00,2025-12-22 12:22:15.261338
256621,nfl,Chiefs,Broncos,139,136,scheduled,,,,,,,,,,,,,,,,,2025-12-26T01:15:00.000Z,15,15,256621,1676.0,587,46,45,-841,54,55,,,,37.5,-110.0,-113.0,29.0,31.0,71.0,69.0,13.0,-110,45,45,-13.0,-110,55,55,2025-12-25 17:15:00-08:00,2025-12-22 13:28:02.150272
256621,nfl,Chiefs,Broncos,139,136,scheduled,,,,,,,,,,,,,,,,,2025-12-26T01:15:00.000Z,15,15,256621,1958.0,587,46,45,-841,54,55,,,,36.5,-113.0,-111.0,29.0,31.0,71.0,69.0,13.0,-110,45,44,-13.0,-110,55,56,2025-12-25 17:15:00-08:00,2025-12-22 16:14:00.584446
256621,nfl,Chiefs,Broncos,139,136,scheduled,,,,,,,,,,,,,,,,,2025-12-26T01:15:00.000Z,15,15,256621,2165.0,587,44,44,-841,56,56,,,,36.5,-112.0,-111.0,29.0,32.0,71.0,68.0,13.0,-110,42,40,-13.0,-110,58,60,2025-12-25 17:15:00-08:00,2025-12-22 17:10:51.130712
256621,nfl,Chiefs,Broncos,139,136,scheduled,,,,,,,,,,,,,,,,,2025-12-26T01:15:00.000Z,15,15,256621,2499.0,572,44,45,-841,56,55,,,,36.5,-110.0,-111.0,29.0,31.0,71.0,69.0,12.5,-102,42,40,-12.5,-117,58,60,2025-12-25 17:15:00-08:00,2025-12-22 19:10:34.794180
256621,nfl,Chiefs,Broncos,139,136,scheduled,,,,,,,,,,,,,,,,,2025-12-26T01:15:00.000Z,15,15,256621,3695.0,596,42,45,-874,58,55,,,,36.5,-110.0,-111.0,30.0,31.0,70.0,69.0,12.5,-102,40,31,-12.5,-117,60,69,2025-12-25 17:15:00-08:00,2025-12-22 22:11:24.706345
256621,nfl,Chiefs,Broncos,139,136,scheduled,,,,,,,,,,,,,,,,,2025-12-26T01:15:00.000Z,15,15,256621,5816.0,596,37,45,-874,63,55,,,,36.5,-110.0,-110.0,32.0,34.0,68.0,66.0,12.5,-102,28,20,-12.5,-117,72,80,2025-12-25 17:15:00-08:00,2025-12-23 09:16:17.536168
256621,nfl,Chiefs,Broncos,139,136,scheduled,,,,,,,,,,,,,,,,,2025-12-26T01:15:00.000Z,15,15,256621,6724.0,642,35,44,-974,65,56,,,,36.5,-110.0,-110.0,32.0,34.0,68.0,66.0,12.5,-102,27,19,-12.5,-117,73,81,2025-12-25 17:15:00-08:00,2025-12-23 15:12:27.858291
256621,nfl,Chiefs,Broncos,139,136,scheduled,,,,,,,,,,,,,,,,,2025-12-26T01:15:00.000Z,15,15,256621,7068.0,655,35,44,-974,65,56,,,,36.5,-110.0,-110.0,33.0,34.0,67.0,66.0,13.5,-112,27,19,-13.5,-107,73,81,2025-12-25 17:15:00-08:00,2025-12-23 16:14:41.664935
256621,nfl,Chiefs,Broncos,139,136,scheduled,,,,,,,,,,,,,,,,,2025-12-26T01:15:00.000Z,15,15,256621,7451.0,650,35,43,-974,65,57,,,,36.5,-110.0,-110.0,33.0,34.0,67.0,66.0,13.5,-112,26,19,-13.5,-107,74,81,2025-12-25 17:15:00-08:00,2025-12-23 17:12:43.843165
256621,nfl,Chiefs,Broncos,139,136,scheduled,,,,,,,,,,,,,,,,,2025-12-26T01:15:00.000Z,15,15,256621,7865.0,650,34,43,-1000,66,57,,,,36.5,-110.0,-110.0,33.0,35.0,67.0,65.0,13.5,-112,26,19,-13.5,-107,74,81,2025-12-25 17:15:00-08:00,2025-12-23 18:17:16.120344
256621,nfl,Chiefs,Broncos,139,136,scheduled,,,,,,,,,,,,,,,,,2025-12-26T01:15:00.000Z,15,15,256621,8310.0,674,34,41,-1000,66,59,,,,36.5,-110.0,-110.0,33.0,35.0,67.0,65.0,13.5,-111,26,19,-13.5,-109,74,81,2025-12-25 17:15:00-08:00,2025-12-23 19:11:23.939282
256621,nfl,Chiefs,Broncos,139,136,scheduled,,,,,,,,,,,,,,,,,2025-12-26T01:15:00.000Z,15,15,256621,10672.0,662,31,39,-1000,69,61,,,,36.5,-110.0,-110.0,34.0,36.0,66.0,64.0,13.0,-106,25,19,-13.0,-115,75,81,2025-12-25 17:15:00-08:00,2025-12-24 00:52:58.834144
256621,nfl,Chiefs,Broncos,139,136,scheduled,,,,,,,,,,,,,,,,,2025-12-26T01:15:00.000Z,15,15,256621,11894.0,674,30,40,-1000,70,60,,,,36.5,-110.0,-110.0,35.0,37.0,65.0,63.0,13.0,-106,26,25,-13.0,-115,74,75,2025-12-25 17:15:00-08:00,2025-12-24 04:27:48.634138
256621,nfl,Chiefs,Broncos,139,136,scheduled,,,,,,,,,,,,,,,,,2025-12-26T01:15:00.000Z,15,15,256621,14055.0,674,29,42,-1048,71,58,,,,36.5,-110.0,-110.0,35.0,41.0,65.0,59.0,13.0,-106,26,24,-13.0,-115,74,76,2025-12-25 17:15:00-08:00,2025-12-24 12:21:25.497297
256621,nfl,Chiefs,Broncos,139,136,scheduled,,,,,,,,,,,,,,,,,2025-12-26T01:15:00.000Z,15,15,256621,14923.0,662,28,42,-1024,72,58,,,,36.5,-110.0,-110.0,35.0,42.0,65.0,58.0,13.0,-106,26,24,-13.0,-115,74,76,2025-12-25 17:15:00-08:00,2025-12-24 14:10:57.708914
256621,nfl,Chiefs,Broncos,139,136,scheduled,,,,,,,,,,,,,,,,,2025-12-26T01:15:00.000Z,15,15,256621,15635.0,662,28,43,-1024,72,57,,,,36.5,-110.0,-110.0,35.0,42.0,65.0,58.0,13.5,-110,26,24,-13.5,-110,74,76,2025-12-25 17:15:00-08:00,2025-12-24 15:12:04.492652
256621,nfl,Chiefs,Broncos,139,136,scheduled,,,,,,,,,,,,,,,,,2025-12-26T01:15:00.000Z,15,15,256621,26313.0,674,27,43,-1024,73,57,,,,36.5,-110.0,-110.0,37.0,44.0,63.0,56.0,13.5,-110,27,24,-13.5,-110,73,76,2025-12-25 17:15:00-08:00,2025-12-24 22:11:26.458784
256621,nfl,Chiefs,Broncos,139,136,scheduled,,,,,,,,,,,,,,,,,2025-12-26T01:15:00.000Z,15,15,256621,29757.0,674,24,40,-1024,76,60,,,,36.5,-110.0,-110.0,39.0,47.0,61.0,53.0,13.5,-105,27,24,-13.5,-115,73,76,2025-12-25 17:15:00-08:00,2025-12-25 00:53:33.419107
256621,nfl,Chiefs,Broncos,139,136,scheduled,,,,,,,,,,,,,,,,,2025-12-26T01:15:00.000Z,15,15,256621,35053.0,674,23,40,-1048,77,60,,,,36.5,-110.0,-111.0,41.0,46.0,59.0,54.0,13.5,-105,27,25,-13.5,-115,73,75,2025-12-25 17:15:00-08:00,2025-12-25 03:55:25.769626
256621,nfl,Chiefs,Broncos,139,136,scheduled,,,,,,,,,,,,,,,,,2025-12-26T01:15:00.000Z,15,15,256621,44463.0,674,22,42,-1048,78,58,,,,36.5,-110.0,-110.0,42.0,47.0,58.0,53.0,13.5,-105,27,24,-13.5,-115,73,76,2025-12-25 17:15:00-08:00,2025-12-25 08:16:00.715753
256621,nfl,Chiefs,Broncos,139,136,scheduled,,,,,,,,,,,,,,,,,2025-12-26T01:15:00.000Z,15,15,256621,66092.0,697,19,42,-1048,81,58,,,,37.0,-110.0,-110.0,47.0,52.0,53.0,48.0,13.5,-105,28,26,-13.5,-115,72,74,2025-12-25 17:15:00-08:00,2025-12-25 16:14:02.305277
256621,nfl,Chiefs,Broncos,139,136,scheduled,,,,,,,,,,,,,,,,,2025-12-26T01:15:00.000Z,15,15,256621,78623.0,674,19,41,-1048,81,59,,,,37.5,-112.0,-110.0,48.0,53.0,52.0,47.0,13.5,-110,28,26,-13.5,-110,72,74,2025-12-25 17:15:00-08:00,2025-12-25 17:10:18.922147
256621,nfl,Chiefs,Broncos,139,136,scheduled,,,,,,,,,,,,,,,,,2025-12-26T01:15:00.000Z,15,15,256621,98702.0,674,19,40,-1048,81,60,,,,37.5,-110.0,-110.0,49.0,53.0,51.0,47.0,13.5,-110,28,27,-13.5,-110,72,73,2025-12-25 17:15:00-08:00,2025-12-25 18:16:04.653155
256621,nfl,Chiefs,Broncos,139,136,scheduled,,,,,,,,,,,,,,,,,2025-12-26T01:15:00.000Z,15,15,256621,107805.0,674,18,38,-1048,82,62,,,,38.0,-110.0,-110.0,51.0,55.0,49.0,45.0,13.5,-110,28,27,-13.5,-110,72,73,2025-12-25 17:15:00-08:00,2025-12-25 20:12:42.476949
256621,nfl,Chiefs,Broncos,139,136,scheduled,,,,,,,,,,,,,,,,,2025-12-26T01:15:00.000Z,15,15,256621,119770.0,674,18,38,-1048,82,62,,,,38.5,-107.0,-110.0,53.0,58.0,47.0,42.0,13.5,-110,28,27,-13.5,-110,72,73,2025-12-25 17:15:00-08:00,2025-12-25 22:10:55.114350
256621,nfl,Chiefs,Broncos,139,136,scheduled,,,,,,,,,,,,,,,,,2025-12-26T01:15:00.000Z,15,15,256621,140859.0,674,19,41,-1048,81,59,,,,38.0,-110.0,-110.0,56.0,62.0,44.0,38.0,13.5,-112,29,34,-13.5,-107,71,66,2025-12-25 17:15:00-08:00,2025-12-26 00:53:48.245895
256924,nfl,Chargers,Texans,1325,137,scheduled,,,,,,,,,,,,,,,,,2025-12-27T21:30:00.000Z,15,15,256924,156.0,105,27,9,-125,73,91,,,,39.5,-110.0,-110.0,74.0,78.0,26.0,22.0,1.5,-110,0,0,-1.5,-110,0,0,2025-12-27 13:30:00-08:00,2025-12-17 12:24:30.300038
256924,nfl,Chargers,Texans,1325,137,scheduled,,,,,,,,,,,,,,,,,2025-12-27T21:30:00.000Z,15,15,256924,560.0,-112,27,32,-108,73,68,,,,39.5,-110.0,-110.0,80.0,63.0,20.0,37.0,-1.5,-116,0,0,1.5,-116,0,0,2025-12-27 13:30:00-08:00,2025-12-22 00:56:11.807037
256924,nfl,Chargers,Texans,1325,137,scheduled,,,,,,,,,,,,,,,,,2025-12-27T21:30:00.000Z,15,15,256924,711.0,-116,29,32,-105,71,68,,,,39.5,-111.0,-110.0,80.0,63.0,20.0,37.0,-1.5,-105,0,0,1.5,-120,0,0,2025-12-27 13:30:00-08:00,2025-12-22 02:56:09.426305
256924,nfl,Chargers,Texans,1325,137,scheduled,,,,,,,,,,,,,,,,,2025-12-27T21:30:00.000Z,15,15,256924,918.0,-116,30,35,-105,70,65,,,,39.5,-118.0,-105.0,80.0,64.0,20.0,36.0,-1.5,-105,0,0,1.5,-115,0,0,2025-12-27 13:30:00-08:00,2025-12-22 04:01:21.802956
256924,nfl,Chargers,Texans,1325,137,scheduled,,,,,,,,,,,,,,,,,2025-12-27T21:30:00.000Z,15,15,256924,1600.0,-120,34,46,-100,66,54,,,,39.5,-112.0,-108.0,81.0,66.0,19.0,34.0,-1.5,-105,0,0,1.5,-115,0,0,2025-12-27 13:30:00-08:00,2025-12-22 06:19:29.669790
256924,nfl,Chargers,Texans,1325,137,scheduled,,,,,,,,,,,,,,,,,2025-12-27T21:30:00.000Z,15,15,256924,1731.0,-120,36,49,100,64,51,,,,39.5,-114.0,-106.0,81.0,67.0,19.0,33.0,-1.5,-105,53,33,1.5,-115,47,67,2025-12-27 13:30:00-08:00,2025-12-22 07:16:43.338798
256924,nfl,Chargers,Texans,1325,137,scheduled,,,,,,,,,,,,,,,,,2025-12-27T21:30:00.000Z,15,15,256924,2478.0,-125,42,56,105,58,44,,,,39.5,-114.0,-106.0,80.0,69.0,20.0,31.0,-2.0,-110,57,41,2.0,-110,43,59,2025-12-27 13:30:00-08:00,2025-12-22 17:10:51.130712
256924,nfl,Chargers,Texans,1325,137,scheduled,,,,,,,,,,,,,,,,,2025-12-27T21:30:00.000Z,15,15,256924,2827.0,-125,43,55,105,57,45,,,,39.5,-110.0,-110.0,80.0,67.0,20.0,33.0,-2.0,-110,57,42,2.0,-110,43,58,2025-12-27 13:30:00-08:00,2025-12-22 19:10:34.794180
256924,nfl,Chargers,Texans,1325,137,scheduled,,,,,,,,,,,,,,,,,2025-12-27T21:30:00.000Z,15,15,256924,3271.0,-130,44,53,110,56,47,,,,39.5,-110.0,-110.0,81.0,68.0,19.0,32.0,-2.0,-110,54,43,2.0,-110,46,57,2025-12-27 13:30:00-08:00,2025-12-22 22:11:24.706345
256924,nfl,Chargers,Texans,1325,137,scheduled,,,,,,,,,,,,,,,,,2025-12-27T21:30:00.000Z,15,15,256924,4432.0,-132,47,52,110,53,48,,,,39.5,-110.0,-110.0,82.0,72.0,18.0,28.0,-2.0,-110,50,45,2.0,-110,50,55,2025-12-27 13:30:00-08:00,2025-12-23 06:18:38.753834
256924,nfl,Chargers,Texans,1325,137,scheduled,,,,,,,,,,,,,,,,,2025-12-27T21:30:00.000Z,15,15,256924,5084.0,-130,49,50,110,51,50,,,,39.5,-110.0,-110.0,82.0,75.0,18.0,25.0,-2.0,-110,46,45,2.0,-110,54,55,2025-12-27 13:30:00-08:00,2025-12-23 15:12:27.858291
256924,nfl,Chargers,Texans,1325,137,scheduled,,,,,,,,,,,,,,,,,2025-12-27T21:30:00.000Z,15,15,256924,7295.0,-130,50,57,112,50,43,,,,39.5,-110.0,-110.0,83.0,77.0,17.0,23.0,-2.0,-110,47,46,2.0,-110,53,54,2025-12-27 13:30:00-08:00,2025-12-23 23:10:50.690018
256924,nfl,Chargers,Texans,1325,137,scheduled,,,,,,,,,,,,,,,,,2025-12-27T21:30:00.000Z,15,15,256924,8491.0,-130,50,56,110,50,44,,,,39.5,-110.0,-110.0,83.0,77.0,17.0,23.0,-2.0,-110,45,40,2.0,-110,55,60,2025-12-27 13:30:00-08:00,2025-12-24 02:46:48.175308
256924,nfl,Chargers,Texans,1325,137,scheduled,,,,,,,,,,,,,,,,,2025-12-27T21:30:00.000Z,15,15,256924,8703.0,-132,50,55,110,50,45,,,,39.5,-110.0,-110.0,83.0,77.0,17.0,23.0,-2.0,-110,45,44,2.0,-110,55,56,2025-12-27 13:30:00-08:00,2025-12-24 03:53:02.193110
256924,nfl,Chargers,Texans,1325,137,scheduled,,,,,,,,,,,,,,,,,2025-12-27T21:30:00.000Z,15,15,256924,9077.0,-130,51,55,110,49,45,,,,39.5,-110.0,-110.0,83.0,78.0,17.0,22.0,-2.0,-110,45,44,2.0,-110,55,56,2025-12-27 13:30:00-08:00,2025-12-24 05:16:27.029426
256924,nfl,Chargers,Texans,1325,137,scheduled,,,,,,,,,,,,,,,,,2025-12-27T21:30:00.000Z,15,15,256924,11753.0,-125,51,55,105,49,45,,,,39.5,-110.0,-110.0,56.0,68.0,44.0,32.0,-2.0,-110,42,43,2.0,-110,58,57,2025-12-27 13:30:00-08:00,2025-12-24 18:16:30.988985
256924,nfl,Chargers,Texans,1325,137,scheduled,,,,,,,,,,,,,,,,,2025-12-27T21:30:00.000Z,15,15,256924,18180.0,-125,51,56,105,49,44,,,,39.5,-110.0,-110.0,58.0,71.0,42.0,29.0,-1.5,-110,40,20,1.5,-110,60,80,2025-12-27 13:30:00-08:00,2025-12-25 18:16:04.653155
256924,nfl,Chargers,Texans,1325,137,scheduled,,,,,,,,,,,,,,,,,2025-12-27T21:30:00.000Z,15,15,256924,19957.0,-130,52,53,110,48,47,,,,39.5,-110.0,-110.0,60.0,73.0,40.0,27.0,-1.5,-110,38,23,1.5,-110,62,77,2025-12-27 13:30:00-08:00,2025-12-26 02:48:12.653569
256924,nfl,Chargers,Texans,1325,137,scheduled,,,,,,,,,,,,,,,,,2025-12-27T21:30:00.000Z,15,15,256924,29166.0,-125,52,47,105,48,53,,,,39.5,-110.0,-110.0,61.0,78.0,39.0,22.0,-1.5,-115,36,22,1.5,-105,64,78,2025-12-27 13:30:00-08:00,2025-12-26 23:11:05.262155
256924,nfl,Chargers,Texans,1325,137,scheduled,,,,,,,,,,,,,,,,,2025-12-27T21:30:00.000Z,15,15,256924,36285.0,-125,53,47,105,47,53,,,,39.5,-108.0,-110.0,62.0,77.0,38.0,23.0,-1.5,-115,36,25,1.5,-105,64,75,2025-12-27 13:30:00-08:00,2025-12-27 06:16:57.481674
256924,nfl,Chargers,Texans,1325,137,scheduled,,,,,,,,,,,,,,,,,2025-12-27T21:30:00.000Z,15,15,256924,38445.0,-125,53,47,105,47,53,,,,39.5,-110.0,-110.0,62.0,77.0,38.0,23.0,-1.5,-115,36,26,1.5,-105,64,74,2025-12-27 13:30:00-08:00,2025-12-27 08:14:18.684212
256924,nfl,Chargers,Texans,1325,137,scheduled,,,,,,,,,,,,,,,,,2025-12-27T21:30:00.000Z,15,15,256924,39602.0,-125,53,48,102,47,52,,,,39.5,-110.0,-110.0,62.0,77.0,38.0,23.0,-1.5,-112,36,25,1.5,-108,64,75,2025-12-27 13:30:00-08:00,2025-12-27 10:10:55.349865
256924,nfl,Chargers,Texans,1325,137,scheduled,,,,,,,,,,,,,,,,,2025-12-27T21:30:00.000Z,15,15,256924,44751.0,-125,53,46,102,47,54,,,,39.5,-110.0,-110.0,63.0,78.0,37.0,22.0,-1.5,-110,36,26,1.5,-110,64,74,2025-12-27 13:30:00-08:00,2025-12-27 14:10:09.105416
256924,nfl,Chargers,Texans,1325,137,scheduled,,,,,,,,,,,,,,,,,2025-12-27T21:30:00.000Z,15,15,256924,49270.0,-125,53,46,102,47,54,,,,39.5,-110.0,-108.0,65.0,79.0,35.0,21.0,-1.5,-110,36,24,1.5,-110,64,76,2025-12-27 13:30:00-08:00,2025-12-27 15:10:27.408251
256924,nfl,Chargers,Texans,1325,137,scheduled,,,,,,,,,,,,,,,,,2025-12-27T21:30:00.000Z,15,15,256924,56964.0,-120,53,46,-100,47,54,,,,39.5,-110.0,-110.0,65.0,79.0,35.0,21.0,-1.5,-110,37,25,1.5,-110,63,75,2025-12-27 13:30:00-08:00,2025-12-27 16:12:35.498777
256924,nfl,Chargers,Texans,1325,137,scheduled,,,,,,,,,,,,,,,,,2025-12-27T21:30:00.000Z,15,15,256924,66107.0,-122,53,46,102,47,54,,,,40.5,-108.0,-110.0,66.0,79.0,34.0,21.0,-1.5,-110,36,25,1.5,-110,64,75,2025-12-27 13:30:00-08:00,2025-12-27 17:09:24.679173
256924,nfl,Chargers,Texans,1325,137,scheduled,,,,,,,,,,,,,,,,,2025-12-27T21:30:00.000Z,15,15,256924,77270.0,-120,53,45,-100,47,55,,,,40.5,-108.0,-110.0,66.0,79.0,34.0,21.0,-1.5,-110,36,24,1.5,-110,64,76,2025-12-27 13:30:00-08:00,2025-12-27 18:15:21.593820
256924,nfl,Chargers,Texans,1325,137,scheduled,,,,,,,,,,,,,,,,,2025-12-27T21:30:00.000Z,15,15,256924,85126.0,-120,53,46,100,47,54,,,,40.5,-110.0,-110.0,67.0,79.0,33.0,21.0,-1.5,-105,36,25,1.5,-115,64,75,2025-12-27 13:30:00-08:00,2025-12-27 19:08:11.020979
256924,nfl,Chargers,Texans,1325,137,scheduled,,,,,,,,,,,,,,,,,2025-12-27T21:30:00.000Z,15,15,256924,98177.0,-120,53,45,-100,47,55,,,,41.0,-110.0,-110.0,67.0,78.0,33.0,22.0,-1.5,-112,36,23,1.5,-108,64,77,2025-12-27 13:30:00-08:00,2025-12-27 20:11:58.147200
256924,nfl,Chargers,Texans,1325,137,scheduled,,,,,,,,,,,,,,,,,2025-12-27T21:30:00.000Z,15,15,256924,120305.0,-118,53,46,-102,47,54,,,,40.5,-115.0,-110.0,68.0,80.0,32.0,20.0,-1.5,-111,36,22,1.5,-111,64,78,2025-12-27 13:30:00-08:00,2025-12-27 21:09:16.490123
256781,nfl,Saints,Jets,152,127,scheduled,,,,,,,,,,,,,,,,,2025-12-21T18:00:00.000Z,15,15,256781,2807.0,-225,87,77,185,13,23,,,,40.5,-110.0,-110.0,77.0,77.0,23.0,23.0,-4.5,-110,54,50,4.5,-110,46,50,2025-12-21 10:00:00-08:00,2025-12-17 12:24:30.300038
256781,nfl,Saints,Jets,152,127,scheduled,,,,,,,,,,,,,,,,,2025-12-21T18:00:00.000Z,15,15,256781,5866.0,-244,87,82,200,13,18,,,,40.5,-110.0,-110.0,56.0,55.0,44.0,45.0,-5.5,-110,56,62,5.5,-110,44,38,2025-12-21 10:00:00-08:00,2025-12-19 00:19:20.491962
256781,nfl,Saints,Jets,152,127,scheduled,,,,,,,,,,,,,,,,,2025-12-21T18:00:00.000Z,15,15,256781,6194.0,-270,87,81,220,13,19,,,,40.5,-110.0,-110.0,56.0,55.0,44.0,45.0,-6.0,-110,57,62,6.0,-110,43,38,2025-12-21 10:00:00-08:00,2025-12-19 02:47:20.234043
256781,nfl,Saints,Jets,152,127,scheduled,,,,,,,,,,,,,,,,,2025-12-21T18:00:00.000Z,15,15,256781,6906.0,-270,87,73,220,13,27,,,,40.5,-110.0,-110.0,57.0,57.0,43.0,43.0,-6.0,-112,54,61,6.0,-108,46,39,2025-12-21 10:00:00-08:00,2025-12-19 15:12:12.617456
256781,nfl,Saints,Jets,152,127,scheduled,,,,,,,,,,,,,,,,,2025-12-21T18:00:00.000Z,15,15,256781,7355.0,-275,87,71,220,13,29,,,,40.5,-110.0,-110.0,57.0,57.0,43.0,43.0,-6.0,-110,53,61,6.0,-110,47,39,2025-12-21 10:00:00-08:00,2025-12-19 18:16:25.986902
256781,nfl,Saints,Jets,152,127,scheduled,,,,,,,,,,,,,,,,,2025-12-21T18:00:00.000Z,15,15,256781,7477.0,-270,87,73,220,13,27,,,,40.5,-110.0,-111.0,57.0,58.0,43.0,42.0,-6.0,-110,53,60,6.0,-110,47,40,2025-12-21 10:00:00-08:00,2025-12-19 19:10:06.351339
256781,nfl,Saints,Jets,152,127,scheduled,,,,,,,,,,,,,,,,,2025-12-21T18:00:00.000Z,15,15,256781,7769.0,-270,87,73,225,13,27,,,,40.5,-110.0,-111.0,58.0,58.0,42.0,42.0,-6.0,-110,53,60,6.0,-110,47,40,2025-12-21 10:00:00-08:00,2025-12-19 20:12:37.850628
256781,nfl,Saints,Jets,152,127,scheduled,,,,,,,,,,,,,,,,,2025-12-21T18:00:00.000Z,15,15,256781,8108.0,-270,87,73,220,13,27,,,,40.5,-110.0,-111.0,58.0,58.0,42.0,42.0,-6.0,-110,53,61,6.0,-110,47,39,2025-12-21 10:00:00-08:00,2025-12-19 21:10:53.584146
256781,nfl,Saints,Jets,152,127,scheduled,,,,,,,,,,,,,,,,,2025-12-21T18:00:00.000Z,15,15,256781,8431.0,-285,87,72,230,13,28,,,,40.5,-110.0,-111.0,58.0,58.0,42.0,42.0,-6.5,-110,53,60,6.5,-110,47,40,2025-12-21 10:00:00-08:00,2025-12-19 22:11:36.891312
256781,nfl,Saints,Jets,152,127,scheduled,,,,,,,,,,,,,,,,,2025-12-21T18:00:00.000Z,15,15,256781,33674.0,-285,87,73,235,13,27,,,,40.5,-110.0,-111.0,69.0,71.0,31.0,29.0,-6.5,-110,52,66,6.5,-110,48,34,2025-12-21 10:00:00-08:00,2025-12-21 16:12:12.540404
256781,nfl,Saints,Jets,152,127,scheduled,,,,,,,,,,,,,,,,,2025-12-21T18:00:00.000Z,15,15,256781,41919.0,-298,87,71,240,13,29,,,,40.0,-110.0,-110.0,70.0,71.0,30.0,29.0,-6.5,-110,52,67,6.5,-110,48,33,2025-12-21 10:00:00-08:00,2025-12-21 17:09:14.285057
256917,nfl,Panthers,Seahawks,150,156,scheduled,,,,,,,,,,,,,,,,,2025-12-28T18:00:00.000Z,15,15,256917,126.0,330,6,2,-410,94,98,,,,42.5,-115.0,-105.0,75.0,81.0,25.0,19.0,7.5,-110,0,0,-7.5,-110,0,0,2025-12-28 10:00:00-08:00,2025-12-17 12:24:30.300038
256917,nfl,Panthers,Seahawks,150,156,scheduled,,,,,,,,,,,,,,,,,2025-12-28T18:00:00.000Z,15,15,256917,141.0,330,5,2,-425,95,98,,,,42.5,-115.0,-105.0,60.0,63.0,40.0,37.0,7.5,-110,0,0,-7.5,-110,0,0,2025-12-28 10:00:00-08:00,2025-12-19 00:19:20.491962
256917,nfl,Panthers,Seahawks,150,156,scheduled,,,,,,,,,,,,,,,,,2025-12-28T18:00:00.000Z,15,15,256917,156.0,320,5,2,-410,95,98,,,,43.5,-115.0,-105.0,61.0,64.0,39.0,36.0,7.5,-110,0,0,-7.5,-110,0,0,2025-12-28 10:00:00-08:00,2025-12-19 06:17:51.250775
256917,nfl,Panthers,Seahawks,150,156,scheduled,,,,,,,,,,,,,,,,,2025-12-28T18:00:00.000Z,15,15,256917,206.0,330,5,2,-410,95,98,,,,43.5,-115.0,-105.0,62.0,65.0,38.0,35.0,7.5,-110,0,0,-7.5,-110,0,0,2025-12-28 10:00:00-08:00,2025-12-19 18:16:25.986902
256917,nfl,Panthers,Seahawks,150,156,scheduled,,,,,,,,,,,,,,,,,2025-12-28T18:00:00.000Z,15,15,256917,206.0,330,5,2,-425,95,98,,,,43.5,-115.0,-105.0,62.0,65.0,38.0,35.0,7.5,-110,0,0,-7.5,-110,0,0,2025-12-28 10:00:00-08:00,2025-12-19 19:10:06.351339
256917,nfl,Panthers,Seahawks,150,156,scheduled,,,,,,,,,,,,,,,,,2025-12-28T18:00:00.000Z,15,15,256917,212.0,320,5,2,-425,95,98,,,,43.5,-115.0,-105.0,63.0,66.0,37.0,34.0,7.5,-110,0,0,-7.5,-110,0,0,2025-12-28 10:00:00-08:00,2025-12-19 21:10:53.584146
256917,nfl,Panthers,Seahawks,150,156,scheduled,,,,,,,,,,,,,,,,,2025-12-28T18:00:00.000Z,15,15,256917,212.0,320,5,2,-410,95,98,,,,43.5,-115.0,-105.0,63.0,66.0,37.0,34.0,7.5,-110,0,0,-7.5,-110,0,0,2025-12-28 10:00:00-08:00,2025-12-19 22:11:36.891312
256917,nfl,Panthers,Seahawks,150,156,scheduled,,,,,,,,,,,,,,,,,2025-12-28T18:00:00.000Z,15,15,256917,272.0,322,4,1,-415,96,99,,,,43.5,-112.0,-107.0,66.0,71.0,34.0,29.0,7.5,-110,0,0,-7.5,-110,0,0,2025-12-28 10:00:00-08:00,2025-12-20 18:14:26.237134
256917,nfl,Panthers,Seahawks,150,156,scheduled,,,,,,,,,,,,,,,,,2025-12-28T18:00:00.000Z,15,15,256917,313.0,322,4,1,-415,96,99,,,,42.5,-110.0,-110.0,65.0,72.0,35.0,28.0,7.5,-110,0,0,-7.5,-110,0,0,2025-12-28 10:00:00-08:00,2025-12-21 09:11:04.664793
256917,nfl,Panthers,Seahawks,150,156,scheduled,,,,,,,,,,,,,,,,,2025-12-28T18:00:00.000Z,15,15,256917,469.0,320,4,2,-410,96,98,,,,43.5,-110.0,-110.0,67.0,74.0,33.0,26.0,7.5,-110,0,0,-7.5,-110,0,0,2025-12-28 10:00:00-08:00,2025-12-22 00:56:11.807037
256917,nfl,Panthers,Seahawks,150,156,scheduled,,,,,,,,,,,,,,,,,2025-12-28T18:00:00.000Z,15,15,256917,641.0,275,4,2,-357,96,98,,,,42.5,-111.0,-110.0,67.0,74.0,33.0,26.0,7.5,-115,0,0,-7.5,-105,0,0,2025-12-28 10:00:00-08:00,2025-12-22 02:56:09.426305
256917,nfl,Panthers,Seahawks,150,156,scheduled,,,,,,,,,,,,,,,,,2025-12-28T18:00:00.000Z,15,15,256917,696.0,275,4,2,-345,96,98,,,,42.5,-111.0,-110.0,67.0,74.0,33.0,26.0,7.5,-115,0,0,-7.5,-105,0,0,2025-12-28 10:00:00-08:00,2025-12-22 04:01:21.802956
256917,nfl,Panthers,Seahawks,150,156,scheduled,,,,,,,,,,,,,,,,,2025-12-28T18:00:00.000Z,15,15,256917,853.0,275,4,2,-345,96,98,,,,42.5,-115.0,-110.0,67.0,74.0,33.0,26.0,7.5,-115,0,0,-7.5,-105,0,0,2025-12-28 10:00:00-08:00,2025-12-22 05:16:38.931932
256917,nfl,Panthers,Seahawks,150,156,scheduled,,,,,,,,,,,,,,,,,2025-12-28T18:00:00.000Z,15,15,256917,999.0,275,4,2,-345,96,98,,,,42.5,-112.0,-110.0,67.0,74.0,33.0,26.0,7.5,-115,0,0,-7.5,-105,0,0,2025-12-28 10:00:00-08:00,2025-12-22 09:18:27.401072
256917,nfl,Panthers,Seahawks,150,156,scheduled,,,,,,,,,,,,,,,,,2025-12-28T18:00:00.000Z,15,15,256917,1358.0,285,5,4,-345,95,96,,,,42.5,-112.0,-110.0,68.0,78.0,32.0,22.0,7.5,-115,0,0,-7.5,-105,0,0,2025-12-28 10:00:00-08:00,2025-12-22 17:10:51.130712
256917,nfl,Panthers,Seahawks,150,156,scheduled,,,,,,,,,,,,,,,,,2025-12-28T18:00:00.000Z,15,15,256917,1615.0,285,6,5,-350,94,95,,,,42.5,-110.0,-110.0,69.0,76.0,31.0,24.0,7.5,-115,58,22,-7.5,-105,42,78,2025-12-28 10:00:00-08:00,2025-12-22 20:12:36.333781
256917,nfl,Panthers,Seahawks,150,156,scheduled,,,,,,,,,,,,,,,,,2025-12-28T18:00:00.000Z,15,15,256917,1676.0,280,7,5,-350,93,95,,,,42.5,-110.0,-110.0,69.0,77.0,31.0,23.0,7.5,-115,60,29,-7.5,-105,40,71,2025-12-28 10:00:00-08:00,2025-12-22 21:10:21.418784
256917,nfl,Panthers,Seahawks,150,156,scheduled,,,,,,,,,,,,,,,,,2025-12-28T18:00:00.000Z,15,15,256917,1898.0,300,8,9,-357,92,91,,,,42.5,-110.0,-110.0,71.0,79.0,29.0,21.0,7.5,-115,62,30,-7.5,-105,38,70,2025-12-28 10:00:00-08:00,2025-12-23 00:53:30.430330
256917,nfl,Panthers,Seahawks,150,156,scheduled,,,,,,,,,,,,,,,,,2025-12-28T18:00:00.000Z,15,15,256917,2579.0,300,9,17,-360,91,83,,,,42.5,-110.0,-110.0,73.0,83.0,27.0,17.0,7.5,-115,61,41,-7.5,-105,39,59,2025-12-28 10:00:00-08:00,2025-12-23 09:16:17.536168
256917,nfl,Panthers,Seahawks,150,156,scheduled,,,,,,,,,,,,,,,,,2025-12-28T18:00:00.000Z,15,15,256917,2988.0,290,9,20,-360,91,80,,,,42.5,-110.0,-110.0,74.0,83.0,26.0,17.0,7.5,-115,56,38,-7.5,-105,44,62,2025-12-28 10:00:00-08:00,2025-12-23 16:14:41.664935
256917,nfl,Panthers,Seahawks,150,156,scheduled,,,,,,,,,,,,,,,,,2025-12-28T18:00:00.000Z,15,15,256917,4917.0,290,9,20,-360,91,80,,,,42.5,-110.0,-110.0,76.0,83.0,24.0,17.0,7.0,-105,53,40,-7.0,-115,47,60,2025-12-28 10:00:00-08:00,2025-12-24 00:52:58.834144
256917,nfl,Panthers,Seahawks,150,156,scheduled,,,,,,,,,,,,,,,,,2025-12-28T18:00:00.000Z,15,15,256917,8189.0,295,10,18,-360,90,82,,,,42.5,-110.0,-110.0,47.0,68.0,53.0,32.0,7.0,-105,51,39,-7.0,-115,49,61,2025-12-28 10:00:00-08:00,2025-12-24 21:10:22.009660
256917,nfl,Panthers,Seahawks,150,156,scheduled,,,,,,,,,,,,,,,,,2025-12-28T18:00:00.000Z,15,15,256917,8744.0,295,10,20,-360,90,80,,,,42.5,-110.0,-110.0,48.0,68.0,52.0,32.0,7.0,-110,50,39,-7.0,-110,50,61,2025-12-28 10:00:00-08:00,2025-12-25 00:53:33.419107
256917,nfl,Panthers,Seahawks,150,156,scheduled,,,,,,,,,,,,,,,,,2025-12-28T18:00:00.000Z,15,15,256917,9052.0,280,10,19,-360,90,81,,,,42.5,-110.0,-110.0,49.0,68.0,51.0,32.0,7.0,-110,50,40,-7.0,-110,50,60,2025-12-28 10:00:00-08:00,2025-12-25 02:49:59.453329
256917,nfl,Panthers,Seahawks,150,156,scheduled,,,,,,,,,,,,,,,,,2025-12-28T18:00:00.000Z,15,15,256917,12662.0,295,11,19,-360,89,81,,,,42.5,-110.0,-110.0,51.0,70.0,49.0,30.0,7.0,-110,75,70,-7.0,-110,25,30,2025-12-28 10:00:00-08:00,2025-12-26 03:53:11.217020
256917,nfl,Panthers,Seahawks,150,156,scheduled,,,,,,,,,,,,,,,,,2025-12-28T18:00:00.000Z,15,15,256917,13323.0,295,11,19,-370,89,81,,,,42.5,-110.0,-110.0,51.0,71.0,49.0,29.0,7.0,-110,74,69,-7.0,-110,26,31,2025-12-28 10:00:00-08:00,2025-12-26 11:10:23.584512
256917,nfl,Panthers,Seahawks,150,156,scheduled,,,,,,,,,,,,,,,,,2025-12-28T18:00:00.000Z,15,15,256917,13656.0,290,11,19,-370,89,81,,,,42.5,-110.0,-110.0,51.0,75.0,49.0,25.0,7.0,-110,74,69,-7.0,-110,26,31,2025-12-28 10:00:00-08:00,2025-12-26 15:11:28.582506
256917,nfl,Panthers,Seahawks,150,156,scheduled,,,,,,,,,,,,,,,,,2025-12-28T18:00:00.000Z,15,15,256917,17978.0,290,11,23,-370,89,77,,,,42.5,-110.0,-110.0,52.0,75.0,48.0,25.0,7.5,-115,71,68,-7.5,-105,29,32,2025-12-28 10:00:00-08:00,2025-12-27 10:10:55.349865
256917,nfl,Panthers,Seahawks,150,156,scheduled,,,,,,,,,,,,,,,,,2025-12-28T18:00:00.000Z,15,15,256917,18124.0,290,11,23,-370,89,77,,,,42.5,-110.0,-110.0,52.0,75.0,48.0,25.0,7.0,-110,71,68,-7.0,-110,29,32,2025-12-28 10:00:00-08:00,2025-12-27 12:20:02.722447
256917,nfl,Panthers,Seahawks,150,156,scheduled,,,,,,,,,,,,,,,,,2025-12-28T18:00:00.000Z,15,15,256917,25061.0,280,11,24,-370,89,76,,,,42.5,-110.0,-110.0,54.0,75.0,46.0,25.0,7.0,-110,67,66,-7.0,-110,33,34,2025-12-28 10:00:00-08:00,2025-12-28 03:06:32.710666
256917,nfl,Panthers,Seahawks,150,156,scheduled,,,,,,,,,,,,,,,,,2025-12-28T18:00:00.000Z,15,15,256917,34533.0,280,11,24,-360,89,76,,,,42.5,-110.0,-110.0,59.0,72.0,41.0,28.0,7.0,-110,62,63,-7.0,-110,38,37,2025-12-28 10:00:00-08:00,2025-12-28 11:09:38.837778
256917,nfl,Panthers,Seahawks,150,156,scheduled,,,,,,,,,,,,,,,,,2025-12-28T18:00:00.000Z,15,15,256917,37082.0,280,11,23,-357,89,77,,,,42.5,-110.0,-110.0,58.0,72.0,42.0,28.0,7.0,-110,62,48,-7.0,-110,38,52,2025-12-28 10:00:00-08:00,2025-12-28 13:23:27.247143
256917,nfl,Panthers,Seahawks,150,156,scheduled,,,,,,,,,,,,,,,,,2025-12-28T18:00:00.000Z,15,15,256917,53324.0,265,11,22,-330,89,78,,,,42.5,-110.0,-110.0,60.0,66.0,40.0,34.0,6.5,-111,60,52,-6.5,-111,40,48,2025-12-28 10:00:00-08:00,2025-12-28 16:12:43.249346
256917,nfl,Panthers,Seahawks,150,156,scheduled,,,,,,,,,,,,,,,,,2025-12-28T18:00:00.000Z,15,15,256917,67990.0,250,11,22,-320,89,78,,,,42.5,-110.0,-110.0,60.0,66.0,40.0,34.0,6.5,-104,60,52,-6.5,-118,40,48,2025-12-28 10:00:00-08:00,2025-12-28 17:09:55.421727
256922,nfl,Browns,Steelers,130,132,scheduled,,,,,,,,,,,,,,,,,2025-12-28T18:00:00.000Z,15,15,256922,161.0,160,4,9,-185,96,91,,,,35.5,-110.0,-110.0,0.0,0.0,0.0,0.0,3.5,-105,0,0,-3.5,-115,0,0,2025-12-28 10:00:00-08:00,2025-12-17 12:24:30.300038
256922,nfl,Browns,Steelers,130,132,scheduled,,,,,,,,,,,,,,,,,2025-12-28T18:00:00.000Z,15,15,256922,302.0,164,7,8,-192,93,92,,,,35.5,-110.0,-110.0,88.0,92.0,12.0,8.0,3.5,-105,0,0,-3.5,-115,0,0,2025-12-28 10:00:00-08:00,2025-12-19 00:19:20.491962
256922,nfl,Browns,Steelers,130,132,scheduled,,,,,,,,,,,,,,,,,2025-12-28T18:00:00.000Z,15,15,256922,318.0,164,7,7,-192,93,93,,,,35.5,-105.0,-115.0,88.0,92.0,12.0,8.0,3.5,-105,0,0,-3.5,-115,0,0,2025-12-28 10:00:00-08:00,2025-12-19 03:52:54.606903
256922,nfl,Browns,Steelers,130,132,scheduled,,,,,,,,,,,,,,,,,2025-12-28T18:00:00.000Z,15,15,256922,393.0,170,6,7,-198,94,93,,,,35.5,-105.0,-115.0,89.0,95.0,11.0,5.0,4.5,-115,0,0,-4.5,-105,0,0,2025-12-28 10:00:00-08:00,2025-12-19 18:16:25.986902
256922,nfl,Browns,Steelers,130,132,scheduled,,,,,,,,,,,,,,,,,2025-12-28T18:00:00.000Z,15,15,256922,393.0,170,6,7,-205,94,93,,,,35.5,-105.0,-115.0,89.0,94.0,11.0,6.0,4.5,-115,0,0,-4.5,-105,0,0,2025-12-28 10:00:00-08:00,2025-12-19 20:12:37.850628
256922,nfl,Browns,Steelers,130,132,scheduled,,,,,,,,,,,,,,,,,2025-12-28T18:00:00.000Z,15,15,256922,504.0,170,6,6,-205,94,94,,,,34.5,-115.0,-105.0,91.0,96.0,9.0,4.0,4.5,-115,0,0,-4.5,-105,0,0,2025-12-28 10:00:00-08:00,2025-12-20 16:12:27.934423
256922,nfl,Browns,Steelers,130,132,scheduled,,,,,,,,,,,,,,,,,2025-12-28T18:00:00.000Z,15,15,256922,514.0,168,6,6,-201,94,94,,,,34.5,-115.0,-107.0,91.0,95.0,9.0,5.0,4.5,-115,0,0,-4.5,-105,0,0,2025-12-28 10:00:00-08:00,2025-12-20 18:14:26.237134
256922,nfl,Browns,Steelers,130,132,scheduled,,,,,,,,,,,,,,,,,2025-12-28T18:00:00.000Z,15,15,256922,535.0,168,6,8,-201,94,92,,,,34.5,-107.0,-115.0,91.0,95.0,9.0,5.0,4.5,-115,0,0,-4.5,-105,0,0,2025-12-28 10:00:00-08:00,2025-12-20 22:10:07.555969
256922,nfl,Browns,Steelers,130,132,scheduled,,,,,,,,,,,,,,,,,2025-12-28T18:00:00.000Z,15,15,256922,540.0,168,6,11,-201,94,89,,,,34.5,-107.0,-112.0,92.0,97.0,8.0,3.0,4.5,-115,0,0,-4.5,-105,0,0,2025-12-28 10:00:00-08:00,2025-12-21 03:56:51.495027
256922,nfl,Browns,Steelers,130,132,scheduled,,,,,,,,,,,,,,,,,2025-12-28T18:00:00.000Z,15,15,256922,560.0,170,6,11,-205,94,89,,,,34.5,-107.0,-112.0,91.0,97.0,9.0,3.0,4.5,-115,0,0,-4.5,-105,0,0,2025-12-28 10:00:00-08:00,2025-12-21 08:14:10.508155
256922,nfl,Browns,Steelers,130,132,scheduled,,,,,,,,,,,,,,,,,2025-12-28T18:00:00.000Z,15,15,256922,560.0,158,6,10,-189,94,90,,,,34.5,-107.0,-112.0,90.0,96.0,10.0,4.0,4.0,-112,0,0,-4.0,-107,0,0,2025-12-28 10:00:00-08:00,2025-12-21 15:10:27.450183
256922,nfl,Browns,Steelers,130,132,scheduled,,,,,,,,,,,,,,,,,2025-12-28T18:00:00.000Z,15,15,256922,570.0,150,6,10,-180,94,90,,,,34.5,-107.0,-112.0,90.0,96.0,10.0,4.0,3.5,-110,0,0,-3.5,-110,0,0,2025-12-28 10:00:00-08:00,2025-12-21 16:12:12.540404
256922,nfl,Browns,Steelers,130,132,scheduled,,,,,,,,,,,,,,,,,2025-12-28T18:00:00.000Z,15,15,256922,651.0,166,6,11,-198,94,89,,,,34.5,-110.0,-115.0,89.0,95.0,11.0,5.0,4.5,-115,0,0,-4.5,-105,0,0,2025-12-28 10:00:00-08:00,2025-12-22 00:56:11.807037
256922,nfl,Browns,Steelers,130,132,scheduled,,,,,,,,,,,,,,,,,2025-12-28T18:00:00.000Z,15,15,256922,777.0,200,6,8,-245,94,92,,,,34.5,-111.0,-111.0,90.0,96.0,10.0,4.0,4.5,-111,0,0,-4.5,-110,0,0,2025-12-28 10:00:00-08:00,2025-12-22 02:56:09.426305
256922,nfl,Browns,Steelers,130,132,scheduled,,,,,,,,,,,,,,,,,2025-12-28T18:00:00.000Z,15,15,256922,873.0,200,6,8,-245,94,92,,,,34.5,-112.0,-110.0,89.0,97.0,11.0,3.0,4.5,-110,0,0,-4.5,-110,0,0,2025-12-28 10:00:00-08:00,2025-12-22 04:01:21.802956
256922,nfl,Browns,Steelers,130,132,scheduled,,,,,,,,,,,,,,,,,2025-12-28T18:00:00.000Z,15,15,256922,1141.0,190,7,11,-233,93,89,,,,34.5,-112.0,-110.0,89.0,96.0,11.0,4.0,4.5,-110,0,0,-4.5,-110,0,0,2025-12-28 10:00:00-08:00,2025-12-22 06:19:29.669790
256922,nfl,Browns,Steelers,130,132,scheduled,,,,,,,,,,,,,,,,,2025-12-28T18:00:00.000Z,15,15,256922,1701.0,190,7,9,-230,93,91,,,,34.5,-112.0,-110.0,87.0,94.0,13.0,6.0,4.5,-111,0,0,-4.5,-110,0,0,2025-12-28 10:00:00-08:00,2025-12-22 13:28:02.150272
256922,nfl,Browns,Steelers,130,132,scheduled,,,,,,,,,,,,,,,,,2025-12-28T18:00:00.000Z,15,15,256922,2680.0,185,7,13,-230,93,87,,,,34.5,-112.0,-110.0,87.0,94.0,13.0,6.0,4.5,-111,0,0,-4.5,-110,0,0,2025-12-28 10:00:00-08:00,2025-12-22 17:10:51.130712
256922,nfl,Browns,Steelers,130,132,scheduled,,,,,,,,,,,,,,,,,2025-12-28T18:00:00.000Z,15,15,256922,3417.0,180,8,26,-218,92,74,,,,34.0,-110.0,-110.0,87.0,93.0,13.0,7.0,4.0,-110,33,59,-4.0,-110,67,41,2025-12-28 10:00:00-08:00,2025-12-22 23:11:04.221025
256922,nfl,Browns,Steelers,130,132,scheduled,,,,,,,,,,,,,,,,,2025-12-28T18:00:00.000Z,15,15,256922,3690.0,180,7,23,-218,93,77,,,,34.0,-110.0,-110.0,86.0,92.0,14.0,8.0,3.5,-105,28,39,-3.5,-115,72,61,2025-12-28 10:00:00-08:00,2025-12-23 02:49:28.786802
256922,nfl,Browns,Steelers,130,132,scheduled,,,,,,,,,,,,,,,,,2025-12-28T18:00:00.000Z,15,15,256922,4447.0,176,9,17,-215,91,83,,,,34.0,-110.0,-110.0,87.0,92.0,13.0,8.0,3.5,-105,23,27,-3.5,-115,77,73,2025-12-28 10:00:00-08:00,2025-12-23 14:17:10.922397
256922,nfl,Browns,Steelers,130,132,scheduled,,,,,,,,,,,,,,,,,2025-12-28T18:00:00.000Z,15,15,256922,4523.0,176,9,17,-215,91,83,,,,34.0,-110.0,-110.0,87.0,92.0,13.0,8.0,4.0,-110,23,26,-4.0,-111,77,74,2025-12-28 10:00:00-08:00,2025-12-23 15:12:27.858291
256922,nfl,Browns,Steelers,130,132,scheduled,,,,,,,,,,,,,,,,,2025-12-28T18:00:00.000Z,15,15,256922,4715.0,160,9,17,-192,91,83,,,,33.5,-120.0,-105.0,87.0,92.0,13.0,8.0,3.5,-110,26,25,-3.5,-110,74,75,2025-12-28 10:00:00-08:00,2025-12-23 16:14:41.664935
256922,nfl,Browns,Steelers,130,132,scheduled,,,,,,,,,,,,,,,,,2025-12-28T18:00:00.000Z,15,15,256922,5129.0,155,9,17,-192,91,83,,,,33.5,-120.0,-105.0,87.0,92.0,13.0,8.0,3.5,-115,26,23,-3.5,-105,74,77,2025-12-28 10:00:00-08:00,2025-12-23 19:11:23.939282
256922,nfl,Browns,Steelers,130,132,scheduled,,,,,,,,,,,,,,,,,2025-12-28T18:00:00.000Z,15,15,256922,5205.0,160,9,17,-192,91,83,,,,33.5,-120.0,-105.0,87.0,92.0,13.0,8.0,3.5,-115,26,22,-3.5,-105,74,78,2025-12-28 10:00:00-08:00,2025-12-23 20:12:13.745210
256922,nfl,Browns,Steelers,130,132,scheduled,,,,,,,,,,,,,,,,,2025-12-28T18:00:00.000Z,15,15,256922,5336.0,155,9,16,-190,91,84,,,,33.5,-120.0,-105.0,87.0,92.0,13.0,8.0,3.5,-115,26,23,-3.5,-105,74,77,2025-12-28 10:00:00-08:00,2025-12-23 21:11:08.246482
256922,nfl,Browns,Steelers,130,132,scheduled,,,,,,,,,,,,,,,,,2025-12-28T18:00:00.000Z,15,15,256922,5467.0,155,9,16,-185,91,84,,,,33.5,-115.0,-105.0,87.0,91.0,13.0,9.0,3.0,-105,26,22,-3.0,-115,74,78,2025-12-28 10:00:00-08:00,2025-12-23 22:11:17.550605
256922,nfl,Browns,Steelers,130,132,scheduled,,,,,,,,,,,,,,,,,2025-12-28T18:00:00.000Z,15,15,256922,5609.0,145,9,16,-175,91,84,,,,33.5,-115.0,-105.0,87.0,91.0,13.0,9.0,3.0,-105,26,27,-3.0,-115,74,73,2025-12-28 10:00:00-08:00,2025-12-23 23:10:50.690018
256922,nfl,Browns,Steelers,130,132,scheduled,,,,,,,,,,,,,,,,,2025-12-28T18:00:00.000Z,15,15,256922,6209.0,145,9,14,-172,91,86,,,,33.5,-115.0,-105.0,87.0,89.0,13.0,11.0,3.0,-105,25,26,-3.0,-115,75,74,2025-12-28 10:00:00-08:00,2025-12-24 04:27:48.634138
256922,nfl,Browns,Steelers,130,132,scheduled,,,,,,,,,,,,,,,,,2025-12-28T18:00:00.000Z,15,15,256922,6507.0,150,9,13,-180,91,87,,,,33.5,-115.0,-105.0,87.0,89.0,13.0,11.0,3.0,-105,25,25,-3.0,-115,75,75,2025-12-28 10:00:00-08:00,2025-12-24 07:16:13.001894
256922,nfl,Browns,Steelers,130,132,scheduled,,,,,,,,,,,,,,,,,2025-12-28T18:00:00.000Z,15,15,256922,7906.0,145,10,14,-172,90,86,,,,33.5,-115.0,-105.0,87.0,90.0,13.0,10.0,3.0,-105,26,25,-3.0,-115,74,75,2025-12-28 10:00:00-08:00,2025-12-24 19:09:17.008378
256922,nfl,Browns,Steelers,130,132,scheduled,,,,,,,,,,,,,,,,,2025-12-28T18:00:00.000Z,15,15,256922,8269.0,145,10,14,-172,90,86,,,,34.5,-100.0,-115.0,87.0,90.0,13.0,10.0,3.0,-105,27,25,-3.0,-115,73,75,2025-12-28 10:00:00-08:00,2025-12-24 21:10:22.009660
256922,nfl,Browns,Steelers,130,132,scheduled,,,,,,,,,,,,,,,,,2025-12-28T18:00:00.000Z,15,15,256922,8406.0,145,10,14,-172,90,86,,,,33.5,-115.0,-105.0,87.0,90.0,13.0,10.0,3.0,-105,26,22,-3.0,-115,74,78,2025-12-28 10:00:00-08:00,2025-12-24 22:11:26.458784
256922,nfl,Browns,Steelers,130,132,scheduled,,,,,,,,,,,,,,,,,2025-12-28T18:00:00.000Z,15,15,256922,9491.0,145,10,13,-172,90,87,,,,34.0,-110.0,-110.0,86.0,89.0,14.0,11.0,3.0,-105,26,21,-3.0,-115,74,79,2025-12-28 10:00:00-08:00,2025-12-25 06:18:13.825718
256922,nfl,Browns,Steelers,130,132,scheduled,,,,,,,,,,,,,,,,,2025-12-28T18:00:00.000Z,15,15,256922,13500.0,150,10,9,-180,90,91,,,,34.0,-110.0,-110.0,83.0,86.0,17.0,14.0,3.0,-105,20,21,-3.0,-115,80,79,2025-12-28 10:00:00-08:00,2025-12-26 19:09:19.395442
256922,nfl,Browns,Steelers,130,132,scheduled,,,,,,,,,,,,,,,,,2025-12-28T18:00:00.000Z,15,15,256922,16049.0,145,10,11,-172,90,89,,,,34.0,-110.0,-110.0,79.0,84.0,21.0,16.0,3.0,-105,21,22,-3.0,-115,79,78,2025-12-28 10:00:00-08:00,2025-12-27 12:20:02.722447
256922,nfl,Browns,Steelers,130,132,scheduled,,,,,,,,,,,,,,,,,2025-12-28T18:00:00.000Z,15,15,256922,18599.0,145,10,10,-175,90,90,,,,34.0,-110.0,-110.0,78.0,83.0,22.0,17.0,3.0,-105,22,26,-3.0,-115,78,74,2025-12-28 10:00:00-08:00,2025-12-27 21:09:16.490123
256922,nfl,Browns,Steelers,130,132,scheduled,,,,,,,,,,,,,,,,,2025-12-28T18:00:00.000Z,15,15,256922,20952.0,160,10,10,-198,90,90,,,,34.5,-110.0,-110.0,77.0,81.0,23.0,19.0,3.5,-114,23,28,-3.5,-106,77,72,2025-12-28 10:00:00-08:00,2025-12-28 03:06:32.710666
256922,nfl,Browns,Steelers,130,132,scheduled,,,,,,,,,,,,,,,,,2025-12-28T18:00:00.000Z,15,15,256922,22941.0,165,11,10,-198,89,90,,,,34.5,-115.0,-105.0,78.0,83.0,22.0,17.0,3.5,-115,23,34,-3.5,-105,77,66,2025-12-28 10:00:00-08:00,2025-12-28 04:37:04.226145
256922,nfl,Browns,Steelers,130,132,scheduled,,,,,,,,,,,,,,,,,2025-12-28T18:00:00.000Z,15,15,256922,25824.0,160,11,11,-190,89,89,,,,34.5,-115.0,-105.0,78.0,82.0,22.0,18.0,3.5,-115,24,33,-3.5,-105,76,67,2025-12-28 10:00:00-08:00,2025-12-28 06:17:08.821207
256922,nfl,Browns,Steelers,130,132,scheduled,,,,,,,,,,,,,,,,,2025-12-28T18:00:00.000Z,15,15,256922,32609.0,156,12,12,-190,88,88,,,,34.5,-115.0,-105.0,78.0,83.0,22.0,17.0,3.5,-115,27,41,-3.5,-105,73,59,2025-12-28 10:00:00-08:00,2025-12-28 13:23:27.247143
256922,nfl,Browns,Steelers,130,132,scheduled,,,,,,,,,,,,,,,,,2025-12-28T18:00:00.000Z,15,15,256922,34876.0,165,12,12,-200,88,88,,,,35.0,-110.0,-110.0,78.0,83.0,22.0,17.0,3.5,-111,27,41,-3.5,-110,73,59,2025-12-28 10:00:00-08:00,2025-12-28 14:10:52.394624
256922,nfl,Browns,Steelers,130,132,scheduled,,,,,,,,,,,,,,,,,2025-12-28T18:00:00.000Z,15,15,256922,39874.0,180,12,11,-218,88,89,,,,35.0,-110.0,-110.0,78.0,83.0,22.0,17.0,4.5,-118,27,41,-4.5,-102,73,59,2025-12-28 10:00:00-08:00,2025-12-28 15:10:53.771829
256922,nfl,Browns,Steelers,130,132,scheduled,,,,,,,,,,,,,,,,,2025-12-28T18:00:00.000Z,15,15,256922,48563.0,185,12,12,-225,88,88,,,,35.5,-108.0,-110.0,79.0,84.0,21.0,16.0,4.5,-110,29,41,-4.5,-110,71,59,2025-12-28 10:00:00-08:00,2025-12-28 16:12:43.249346
256922,nfl,Browns,Steelers,130,132,scheduled,,,,,,,,,,,,,,,,,2025-12-28T18:00:00.000Z,15,15,256922,64270.0,180,12,12,-225,88,88,,,,35.5,-108.0,-112.0,79.0,84.0,21.0,16.0,4.5,-110,29,41,-4.5,-111,71,59,2025-12-28 10:00:00-08:00,2025-12-28 17:09:55.421727
256927,nfl,Bills,Eagles,125,142,scheduled,,,,,,,,,,,,,,,,,2025-12-28T21:25:00.000Z,15,15,256927,141.0,-155,86,61,130,14,39,,,,46.5,-110.0,-110.0,53.0,48.0,47.0,52.0,-3.0,-105,0,0,3.0,-115,0,0,2025-12-28 13:25:00-08:00,2025-12-17 12:24:30.300038
256927,nfl,Bills,Eagles,125,142,scheduled,,,,,,,,,,,,,,,,,2025-12-28T21:25:00.000Z,15,15,256927,181.0,-162,88,30,136,12,70,,,,45.5,-110.0,-110.0,46.0,44.0,54.0,56.0,-3.0,-110,0,0,3.0,-110,0,0,2025-12-28 13:25:00-08:00,2025-12-19 09:15:15.245615
256927,nfl,Bills,Eagles,125,142,scheduled,,,,,,,,,,,,,,,,,2025-12-28T21:25:00.000Z,15,15,256927,353.0,-148,83,35,125,17,65,,,,44.5,-110.0,-110.0,49.0,48.0,51.0,52.0,-2.5,-115,0,0,2.5,-105,0,0,2025-12-28 13:25:00-08:00,2025-12-22 00:56:11.807037
256927,nfl,Bills,Eagles,125,142,scheduled,,,,,,,,,,,,,,,,,2025-12-28T21:25:00.000Z,15,15,256927,540.0,-150,83,35,125,17,65,,,,44.5,-110.0,-110.0,50.0,49.0,50.0,51.0,-2.5,-115,0,0,2.5,-105,0,0,2025-12-28 13:25:00-08:00,2025-12-22 02:56:09.426305
256927,nfl,Bills,Eagles,125,142,scheduled,,,,,,,,,,,,,,,,,2025-12-28T21:25:00.000Z,15,15,256927,605.0,-150,83,35,125,17,65,,,,45.5,-100.0,-115.0,50.0,49.0,50.0,51.0,-2.5,-115,0,0,2.5,-105,0,0,2025-12-28 13:25:00-08:00,2025-12-22 04:01:21.802956
256927,nfl,Bills,Eagles,125,142,scheduled,,,,,,,,,,,,,,,,,2025-12-28T21:25:00.000Z,15,15,256927,767.0,-150,83,34,125,17,66,,,,45.0,-110.0,-110.0,51.0,51.0,49.0,49.0,-2.5,-115,0,0,2.5,-105,0,0,2025-12-28 13:25:00-08:00,2025-12-22 05:16:38.931932
256927,nfl,Bills,Eagles,125,142,scheduled,,,,,,,,,,,,,,,,,2025-12-28T21:25:00.000Z,15,15,256927,843.0,-142,81,29,120,19,71,,,,45.0,-110.0,-110.0,52.0,51.0,48.0,49.0,-2.5,-112,0,0,2.5,-110,0,0,2025-12-28 13:25:00-08:00,2025-12-22 06:19:29.669790
256927,nfl,Bills,Eagles,125,142,scheduled,,,,,,,,,,,,,,,,,2025-12-28T21:25:00.000Z,15,15,256927,888.0,-142,81,29,120,19,71,,,,45.0,-110.0,-110.0,53.0,51.0,47.0,49.0,-2.5,-112,0,0,2.5,-108,0,0,2025-12-28 13:25:00-08:00,2025-12-22 07:16:43.338798
256927,nfl,Bills,Eagles,125,142,scheduled,,,,,,,,,,,,,,,,,2025-12-28T21:25:00.000Z,15,15,256927,888.0,-142,81,29,120,19,71,,,,45.0,-110.0,-110.0,54.0,52.0,46.0,48.0,-2.5,-111,17,22,2.5,-110,83,78,2025-12-28 13:25:00-08:00,2025-12-22 08:18:03.874365
256927,nfl,Bills,Eagles,125,142,scheduled,,,,,,,,,,,,,,,,,2025-12-28T21:25:00.000Z,15,15,256927,908.0,-142,81,29,120,19,71,,,,45.0,-110.0,-115.0,54.0,50.0,46.0,50.0,-2.5,-110,22,25,2.5,-110,78,75,2025-12-28 13:25:00-08:00,2025-12-22 09:18:27.401072
256927,nfl,Bills,Eagles,125,142,scheduled,,,,,,,,,,,,,,,,,2025-12-28T21:25:00.000Z,15,15,256927,928.0,-142,76,32,120,24,68,,,,45.0,-110.0,-110.0,54.0,51.0,46.0,49.0,-2.5,-110,18,22,2.5,-110,82,78,2025-12-28 13:25:00-08:00,2025-12-22 11:11:01.330301
256927,nfl,Bills,Eagles,125,142,scheduled,,,,,,,,,,,,,,,,,2025-12-28T21:25:00.000Z,15,15,256927,1433.0,-142,73,30,120,27,70,,,,43.5,-115.0,-110.0,57.0,56.0,43.0,44.0,-2.5,-110,22,32,2.5,-110,78,68,2025-12-28 13:25:00-08:00,2025-12-22 18:16:58.565478
256927,nfl,Bills,Eagles,125,142,scheduled,,,,,,,,,,,,,,,,,2025-12-28T21:25:00.000Z,15,15,256927,1524.0,-140,72,29,120,28,71,,,,44.0,-110.0,-110.0,58.0,53.0,42.0,47.0,-2.5,-110,23,35,2.5,-110,77,65,2025-12-28 13:25:00-08:00,2025-12-22 20:12:36.333781
256927,nfl,Bills,Eagles,125,142,scheduled,,,,,,,,,,,,,,,,,2025-12-28T21:25:00.000Z,15,15,256927,1580.0,-140,72,30,120,28,70,,,,43.5,-116.0,-105.0,59.0,53.0,41.0,47.0,-2.5,-110,25,37,2.5,-110,75,63,2025-12-28 13:25:00-08:00,2025-12-22 21:10:21.418784
256927,nfl,Bills,Eagles,125,142,scheduled,,,,,,,,,,,,,,,,,2025-12-28T21:25:00.000Z,15,15,256927,1625.0,-135,72,30,115,28,70,,,,43.5,-116.0,-105.0,59.0,54.0,41.0,46.0,-2.5,-110,25,37,2.5,-110,75,63,2025-12-28 13:25:00-08:00,2025-12-22 22:11:24.706345
256927,nfl,Bills,Eagles,125,142,scheduled,,,,,,,,,,,,,,,,,2025-12-28T21:25:00.000Z,15,15,256927,2140.0,-135,72,28,115,28,72,,,,43.5,-110.0,-110.0,61.0,54.0,39.0,46.0,-2.5,-110,28,30,2.5,-110,72,70,2025-12-28 13:25:00-08:00,2025-12-23 02:49:28.786802
256927,nfl,Bills,Eagles,125,142,scheduled,,,,,,,,,,,,,,,,,2025-12-28T21:25:00.000Z,15,15,256927,2206.0,-132,72,27,110,28,73,,,,43.5,-110.0,-110.0,61.0,54.0,39.0,46.0,-2.5,-110,29,30,2.5,-110,71,70,2025-12-28 13:25:00-08:00,2025-12-23 03:55:30.606353
256927,nfl,Bills,Eagles,125,142,scheduled,,,,,,,,,,,,,,,,,2025-12-28T21:25:00.000Z,15,15,256927,2256.0,-134,72,28,115,28,72,,,,43.5,-110.0,-110.0,62.0,55.0,38.0,45.0,-2.5,-110,28,30,2.5,-110,72,70,2025-12-28 13:25:00-08:00,2025-12-23 04:29:58.025275
256927,nfl,Bills,Eagles,125,142,scheduled,,,,,,,,,,,,,,,,,2025-12-28T21:25:00.000Z,15,15,256927,2529.0,-132,72,28,110,28,72,,,,43.5,-110.0,-110.0,62.0,54.0,38.0,46.0,-2.5,-110,28,30,2.5,-110,72,70,2025-12-28 13:25:00-08:00,2025-12-23 06:18:38.753834
256927,nfl,Bills,Eagles,125,142,scheduled,,,,,,,,,,,,,,,,,2025-12-28T21:25:00.000Z,15,15,256927,2796.0,-132,71,29,110,29,71,,,,43.5,-110.0,-110.0,68.0,64.0,32.0,36.0,-2.5,-111,31,32,2.5,-110,69,68,2025-12-28 13:25:00-08:00,2025-12-23 13:29:59.424423
256927,nfl,Bills,Eagles,125,142,scheduled,,,,,,,,,,,,,,,,,2025-12-28T21:25:00.000Z,15,15,256927,2908.0,-132,71,29,110,29,71,,,,43.5,-110.0,-110.0,68.0,64.0,32.0,36.0,-2.0,-110,31,32,2.0,-110,69,68,2025-12-28 13:25:00-08:00,2025-12-23 14:17:10.922397
256927,nfl,Bills,Eagles,125,142,scheduled,,,,,,,,,,,,,,,,,2025-12-28T21:25:00.000Z,15,15,256927,4094.0,-125,69,28,105,31,72,,,,43.5,-108.0,-112.0,69.0,67.0,31.0,33.0,-1.5,-110,33,38,1.5,-110,67,62,2025-12-28 13:25:00-08:00,2025-12-23 19:11:23.939282
256927,nfl,Bills,Eagles,125,142,scheduled,,,,,,,,,,,,,,,,,2025-12-28T21:25:00.000Z,15,15,256927,4331.0,-122,69,28,105,31,72,,,,43.5,-105.0,-112.0,70.0,67.0,30.0,33.0,-1.5,-110,34,39,1.5,-110,66,61,2025-12-28 13:25:00-08:00,2025-12-23 20:12:13.745210
256927,nfl,Bills,Eagles,125,142,scheduled,,,,,,,,,,,,,,,,,2025-12-28T21:25:00.000Z,15,15,256927,4629.0,-120,69,28,102,31,72,,,,43.5,-105.0,-112.0,70.0,68.0,30.0,32.0,-1.5,-110,34,37,1.5,-110,66,63,2025-12-28 13:25:00-08:00,2025-12-23 21:11:08.246482
256927,nfl,Bills,Eagles,125,142,scheduled,,,,,,,,,,,,,,,,,2025-12-28T21:25:00.000Z,15,15,256927,6144.0,-120,68,35,102,32,65,,,,43.5,-105.0,-112.0,72.0,69.0,28.0,31.0,-1.5,-105,37,38,1.5,-115,63,62,2025-12-28 13:25:00-08:00,2025-12-24 06:18:42.194536
256927,nfl,Bills,Eagles,125,142,scheduled,,,,,,,,,,,,,,,,,2025-12-28T21:25:00.000Z,15,15,256927,6644.0,-120,67,36,-100,33,64,,,,43.5,-105.0,-112.0,43.0,48.0,57.0,52.0,-1.5,-105,40,54,1.5,-115,60,46,2025-12-28 13:25:00-08:00,2025-12-24 13:26:08.977180
256927,nfl,Bills,Eagles,125,142,scheduled,,,,,,,,,,,,,,,,,2025-12-28T21:25:00.000Z,15,15,256927,7012.0,-120,68,37,-102,32,63,,,,43.5,-115.0,-110.0,43.0,48.0,57.0,52.0,-1.5,-105,41,55,1.5,-115,59,45,2025-12-28 13:25:00-08:00,2025-12-24 15:12:04.492652
256927,nfl,Bills,Eagles,125,142,scheduled,,,,,,,,,,,,,,,,,2025-12-28T21:25:00.000Z,15,15,256927,7290.0,-118,68,37,-102,32,63,,,,44.0,-110.0,-110.0,43.0,48.0,57.0,52.0,-1.5,-105,41,56,1.5,-115,59,44,2025-12-28 13:25:00-08:00,2025-12-24 16:14:09.792023
256927,nfl,Bills,Eagles,125,142,scheduled,,,,,,,,,,,,,,,,,2025-12-28T21:25:00.000Z,15,15,256927,8406.0,-116,67,39,-105,33,61,,,,44.0,-110.0,-110.0,44.0,56.0,56.0,44.0,-1.5,-105,41,54,1.5,-115,59,46,2025-12-28 13:25:00-08:00,2025-12-24 20:12:20.802607
256927,nfl,Bills,Eagles,125,142,scheduled,,,,,,,,,,,,,,,,,2025-12-28T21:25:00.000Z,15,15,256927,8825.0,-116,67,40,-105,33,60,,,,44.0,-110.0,-110.0,45.0,57.0,55.0,43.0,-1.5,-108,43,54,1.5,-112,57,46,2025-12-28 13:25:00-08:00,2025-12-24 23:11:00.971821
256927,nfl,Bills,Eagles,125,142,scheduled,,,,,,,,,,,,,,,,,2025-12-28T21:25:00.000Z,15,15,256927,11738.0,-122,74,55,102,26,45,,,,44.0,-110.0,-110.0,49.0,64.0,51.0,36.0,-1.5,-105,48,57,1.5,-115,52,43,2025-12-28 13:25:00-08:00,2025-12-25 19:08:44.595749
256927,nfl,Bills,Eagles,125,142,scheduled,,,,,,,,,,,,,,,,,2025-12-28T21:25:00.000Z,15,15,256927,15560.0,-120,72,68,-102,28,32,,,,44.0,-110.0,-110.0,51.0,70.0,49.0,30.0,-1.5,-105,51,59,1.5,-115,49,41,2025-12-28 13:25:00-08:00,2025-12-26 22:11:05.868112
256927,nfl,Bills,Eagles,125,142,scheduled,,,,,,,,,,,,,,,,,2025-12-28T21:25:00.000Z,15,15,256927,25824.0,-125,65,55,105,35,45,,,,44.0,-110.0,-110.0,54.0,67.0,46.0,33.0,-1.5,-110,51,56,1.5,-110,49,44,2025-12-28 13:25:00-08:00,2025-12-28 04:37:04.226145
256927,nfl,Bills,Eagles,125,142,scheduled,,,,,,,,,,,,,,,,,2025-12-28T21:25:00.000Z,15,15,256927,30877.0,-125,64,58,105,36,42,,,,44.5,-102.0,-110.0,56.0,69.0,44.0,31.0,-1.5,-110,51,56,1.5,-110,49,44,2025-12-28 13:25:00-08:00,2025-12-28 08:15:12.992681
256927,nfl,Bills,Eagles,125,142,scheduled,,,,,,,,,,,,,,,,,2025-12-28T21:25:00.000Z,15,15,256927,31246.0,-125,64,59,105,36,41,,,,44.5,-102.0,-110.0,57.0,69.0,43.0,31.0,-1.5,-111,51,55,1.5,-110,49,45,2025-12-28 13:25:00-08:00,2025-12-28 09:11:07.181303
256927,nfl,Bills,Eagles,125,142,scheduled,,,,,,,,,,,,,,,,,2025-12-28T21:25:00.000Z,15,15,256927,31736.0,-125,63,58,105,37,42,,,,44.5,-102.0,-115.0,57.0,70.0,43.0,30.0,-1.5,-111,51,54,1.5,-110,49,46,2025-12-28 13:25:00-08:00,2025-12-28 10:11:08.388558
256927,nfl,Bills,Eagles,125,142,scheduled,,,,,,,,,,,,,,,,,2025-12-28T21:25:00.000Z,15,15,256927,34563.0,-125,62,57,105,38,43,,,,44.5,-102.0,-115.0,57.0,70.0,43.0,30.0,-1.5,-115,50,50,1.5,-105,50,50,2025-12-28 13:25:00-08:00,2025-12-28 13:23:27.247143
256927,nfl,Bills,Eagles,125,142,scheduled,,,,,,,,,,,,,,,,,2025-12-28T21:25:00.000Z,15,15,256927,36537.0,-135,62,57,115,38,43,,,,44.5,-105.0,-115.0,57.0,70.0,43.0,30.0,-2.5,-110,50,50,2.5,-110,50,50,2025-12-28 13:25:00-08:00,2025-12-28 14:10:52.394624
256927,nfl,Bills,Eagles,125,142,scheduled,,,,,,,,,,,,,,,,,2025-12-28T21:25:00.000Z,15,15,256927,40677.0,-135,62,58,115,38,42,,,,44.5,-110.0,-110.0,57.0,71.0,43.0,29.0,-2.5,-110,50,50,2.5,-110,50,50,2025-12-28 13:25:00-08:00,2025-12-28 15:10:53.771829
256927,nfl,Bills,Eagles,125,142,scheduled,,,,,,,,,,,,,,,,,2025-12-28T21:25:00.000Z,15,15,256927,47372.0,-148,62,58,124,38,42,,,,44.5,-110.0,-110.0,58.0,72.0,42.0,28.0,-2.5,-120,49,48,2.5,-102,51,52,2025-12-28 13:25:00-08:00,2025-12-28 16:12:43.249346
256927,nfl,Bills,Eagles,125,142,scheduled,,,,,,,,,,,,,,,,,2025-12-28T21:25:00.000Z,15,15,256927,57863.0,-162,61,58,136,39,42,,,,44.5,-110.0,-110.0,59.0,75.0,41.0,25.0,-3.0,-112,48,48,3.0,-108,52,52,2025-12-28 13:25:00-08:00,2025-12-28 17:09:55.421727
256927,nfl,Bills,Eagles,125,142,scheduled,,,,,,,,,,,,,,,,,2025-12-28T21:25:00.000Z,15,15,256927,77290.0,-165,61,58,140,39,42,,,,45.0,-110.0,-110.0,60.0,76.0,40.0,24.0,-3.0,-115,46,46,3.0,-105,54,54,2025-12-28 13:25:00-08:00,2025-12-28 18:16:04.872989
256927,nfl,Bills,Eagles,125,142,scheduled,,,,,,,,,,,,,,,,,2025-12-28T21:25:00.000Z,15,15,256927,80860.0,-165,61,58,140,39,42,,,,45.0,-110.0,-110.0,62.0,78.0,38.0,22.0,-3.0,-112,44,41,3.0,-108,56,59,2025-12-28 13:25:00-08:00,2025-12-28 19:08:36.704489
256927,nfl,Bills,Eagles,125,142,scheduled,,,,,,,,,,,,,,,,,2025-12-28T21:25:00.000Z,15,15,256927,103160.0,-175,62,68,138,38,32,,,,45.0,-110.0,-110.0,65.0,82.0,35.0,18.0,-3.0,-110,43,43,3.0,-108,57,57,2025-12-28 13:25:00-08:00,2025-12-28 21:10:03.650143
256928,nfl,49ers,Bears,154,143,scheduled,,,,,,,,,,,,,,,,,2025-12-29T01:20:00.000Z,15,15,256928,146.0,-162,83,34,140,17,66,,,,50.5,-110.0,-110.0,29.0,34.0,71.0,66.0,-3.0,-110,0,0,3.0,-110,0,0,2025-12-28 17:20:00-08:00,2025-12-17 12:24:30.300038
256928,nfl,49ers,Bears,154,143,scheduled,,,,,,,,,,,,,,,,,2025-12-29T01:20:00.000Z,15,15,256928,191.0,-162,86,51,136,14,49,,,,50.5,-110.0,-110.0,21.0,22.0,79.0,78.0,-3.0,-110,0,0,3.0,-110,0,0,2025-12-28 17:20:00-08:00,2025-12-19 00:19:20.491962
256928,nfl,49ers,Bears,154,143,scheduled,,,,,,,,,,,,,,,,,2025-12-29T01:20:00.000Z,15,15,256928,206.0,-148,85,55,124,15,45,,,,50.5,-118.0,-102.0,22.0,24.0,78.0,76.0,-2.5,-115,0,0,2.5,-105,0,0,2025-12-28 17:20:00-08:00,2025-12-19 09:15:15.245615
256928,nfl,49ers,Bears,154,143,scheduled,,,,,,,,,,,,,,,,,2025-12-29T01:20:00.000Z,15,15,256928,272.0,-155,84,68,130,16,32,,,,50.5,-118.0,-102.0,26.0,27.0,74.0,73.0,-3.0,-102,0,0,3.0,-118,0,0,2025-12-28 17:20:00-08:00,2025-12-20 16:12:27.934423
256928,nfl,49ers,Bears,154,143,scheduled,,,,,,,,,,,,,,,,,2025-12-29T01:20:00.000Z,15,15,256928,282.0,-162,84,68,136,16,32,,,,50.5,-118.0,-102.0,26.0,24.0,74.0,76.0,-3.0,-102,0,0,3.0,-118,0,0,2025-12-28 17:20:00-08:00,2025-12-20 22:10:07.555969
256928,nfl,49ers,Bears,154,143,scheduled,,,,,,,,,,,,,,,,,2025-12-29T01:20:00.000Z,15,15,256928,282.0,-162,84,68,136,16,32,,,,50.5,-118.0,-102.0,26.0,24.0,74.0,76.0,-3.0,-108,0,0,3.0,-112,0,0,2025-12-28 17:20:00-08:00,2025-12-20 23:10:31.269795
256928,nfl,49ers,Bears,154,143,scheduled,,,,,,,,,,,,,,,,,2025-12-29T01:20:00.000Z,15,15,256928,302.0,-162,85,64,136,15,36,,,,50.5,-118.0,-106.0,26.0,16.0,74.0,84.0,-3.0,-109,0,0,3.0,-111,0,0,2025-12-28 17:20:00-08:00,2025-12-21 06:16:43.746157
256928,nfl,49ers,Bears,154,143,scheduled,,,,,,,,,,,,,,,,,2025-12-29T01:20:00.000Z,15,15,256928,424.0,-148,85,64,124,15,36,,,,50.5,-103.0,-116.0,26.0,16.0,74.0,84.0,-2.5,-117,0,0,2.5,-102,0,0,2025-12-28 17:20:00-08:00,2025-12-22 00:56:11.807037
256928,nfl,49ers,Bears,154,143,scheduled,,,,,,,,,,,,,,,,,2025-12-29T01:20:00.000Z,15,15,256928,585.0,-154,84,33,129,16,67,,,,50.5,-107.0,-112.0,26.0,16.0,74.0,84.0,-2.5,-117,0,0,2.5,-102,0,0,2025-12-28 17:20:00-08:00,2025-12-22 02:56:09.426305
256928,nfl,49ers,Bears,154,143,scheduled,,,,,,,,,,,,,,,,,2025-12-29T01:20:00.000Z,15,15,256928,636.0,-159,82,47,134,18,53,,,,50.5,-107.0,-112.0,26.0,16.0,74.0,84.0,-3.0,-112,0,0,3.0,-107,0,0,2025-12-28 17:20:00-08:00,2025-12-22 04:01:21.802956
256928,nfl,49ers,Bears,154,143,scheduled,,,,,,,,,,,,,,,,,2025-12-29T01:20:00.000Z,15,15,256928,747.0,-159,81,50,134,19,50,,,,50.5,-105.0,-115.0,27.0,16.0,73.0,84.0,-3.0,-105,0,0,3.0,-115,0,0,2025-12-28 17:20:00-08:00,2025-12-22 05:16:38.931932
256928,nfl,49ers,Bears,154,143,scheduled,,,,,,,,,,,,,,,,,2025-12-29T01:20:00.000Z,15,15,256928,833.0,-154,78,62,129,22,38,,,,50.5,-107.0,-112.0,27.0,16.0,73.0,84.0,-3.0,-112,0,0,3.0,-106,0,0,2025-12-28 17:20:00-08:00,2025-12-22 06:19:29.669790
256928,nfl,49ers,Bears,154,143,scheduled,,,,,,,,,,,,,,,,,2025-12-29T01:20:00.000Z,15,15,256928,863.0,-148,75,62,124,25,38,,,,50.5,-107.0,-112.0,27.0,15.0,73.0,85.0,-3.0,-112,0,0,3.0,-106,0,0,2025-12-28 17:20:00-08:00,2025-12-22 07:16:43.338798
256928,nfl,49ers,Bears,154,143,scheduled,,,,,,,,,,,,,,,,,2025-12-29T01:20:00.000Z,15,15,256928,918.0,-148,75,61,124,25,39,,,,50.5,-109.0,-111.0,27.0,16.0,73.0,84.0,-2.5,-119,0,0,3.0,-106,0,0,2025-12-28 17:20:00-08:00,2025-12-22 09:18:27.401072
256928,nfl,49ers,Bears,154,143,scheduled,,,,,,,,,,,,,,,,,2025-12-29T01:20:00.000Z,15,15,256928,1353.0,-150,68,62,125,32,38,,,,50.5,-109.0,-111.0,28.0,18.0,72.0,82.0,-2.5,-118,0,0,3.0,-108,0,0,2025-12-28 17:20:00-08:00,2025-12-22 20:12:36.333781
256928,nfl,49ers,Bears,154,143,scheduled,,,,,,,,,,,,,,,,,2025-12-29T01:20:00.000Z,15,15,256928,1529.0,-150,66,59,125,34,41,,,,50.5,-110.0,-111.0,27.0,13.0,73.0,87.0,-2.5,-118,33,8,2.5,-102,67,92,2025-12-28 17:20:00-08:00,2025-12-23 00:53:30.430330
256928,nfl,49ers,Bears,154,143,scheduled,,,,,,,,,,,,,,,,,2025-12-29T01:20:00.000Z,15,15,256928,1645.0,-150,66,60,125,34,40,,,,50.5,-110.0,-110.0,27.0,13.0,73.0,87.0,-2.5,-118,30,8,2.5,-102,70,92,2025-12-28 17:20:00-08:00,2025-12-23 02:49:28.786802
256928,nfl,49ers,Bears,154,143,scheduled,,,,,,,,,,,,,,,,,2025-12-29T01:20:00.000Z,15,15,256928,1706.0,-153,66,60,127,34,40,,,,50.5,-110.0,-110.0,27.0,13.0,73.0,87.0,-2.5,-118,30,8,2.5,-102,70,92,2025-12-28 17:20:00-08:00,2025-12-23 04:29:58.025275
256928,nfl,49ers,Bears,154,143,scheduled,,,,,,,,,,,,,,,,,2025-12-29T01:20:00.000Z,15,15,256928,1842.0,-161,66,60,135,34,40,,,,51.5,-105.0,-110.0,27.0,13.0,73.0,87.0,-3.0,-110,30,8,3.0,-110,70,92,2025-12-28 17:20:00-08:00,2025-12-23 05:16:09.438207
256928,nfl,49ers,Bears,154,143,scheduled,,,,,,,,,,,,,,,,,2025-12-29T01:20:00.000Z,15,15,256928,1943.0,-166,66,60,140,34,40,,,,51.5,-105.0,-111.0,27.0,13.0,73.0,87.0,-3.0,-110,30,8,3.0,-110,70,92,2025-12-28 17:20:00-08:00,2025-12-23 06:18:38.753834
256928,nfl,49ers,Bears,154,143,scheduled,,,,,,,,,,,,,,,,,2025-12-29T01:20:00.000Z,15,15,256928,2287.0,-166,66,57,140,34,43,,,,51.0,-120.0,-110.0,30.0,18.0,70.0,82.0,-3.0,-110,33,10,3.0,-110,67,90,2025-12-28 17:20:00-08:00,2025-12-23 15:12:27.858291
256928,nfl,49ers,Bears,154,143,scheduled,,,,,,,,,,,,,,,,,2025-12-29T01:20:00.000Z,15,15,256928,2620.0,-166,66,58,140,34,42,,,,51.5,-105.0,-110.0,30.0,18.0,70.0,82.0,-3.0,-110,34,10,3.0,-110,66,90,2025-12-28 17:20:00-08:00,2025-12-23 16:14:41.664935
256928,nfl,49ers,Bears,154,143,scheduled,,,,,,,,,,,,,,,,,2025-12-29T01:20:00.000Z,15,15,256928,3125.0,-166,66,59,142,34,41,,,,51.5,-110.0,-110.0,31.0,19.0,69.0,81.0,-3.0,-110,34,10,3.0,-110,66,90,2025-12-28 17:20:00-08:00,2025-12-23 17:12:43.843165
256928,nfl,49ers,Bears,154,143,scheduled,,,,,,,,,,,,,,,,,2025-12-29T01:20:00.000Z,15,15,256928,3478.0,-166,66,60,140,34,40,,,,52.5,-110.0,-110.0,31.0,20.0,69.0,80.0,-3.0,-110,36,11,3.0,-110,64,89,2025-12-28 17:20:00-08:00,2025-12-23 18:17:16.120344
256928,nfl,49ers,Bears,154,143,scheduled,,,,,,,,,,,,,,,,,2025-12-29T01:20:00.000Z,15,15,256928,4129.0,-166,66,60,136,34,40,,,,52.5,-110.0,-110.0,33.0,22.0,67.0,78.0,-3.0,-110,36,29,3.0,-110,64,71,2025-12-28 17:20:00-08:00,2025-12-23 23:10:50.690018
256928,nfl,49ers,Bears,154,143,scheduled,,,,,,,,,,,,,,,,,2025-12-29T01:20:00.000Z,15,15,256928,4296.0,-166,67,61,140,33,39,,,,52.5,-110.0,-110.0,35.0,24.0,65.0,76.0,-3.0,-115,38,37,3.0,-105,62,63,2025-12-28 17:20:00-08:00,2025-12-24 00:52:58.834144
256928,nfl,49ers,Bears,154,143,scheduled,,,,,,,,,,,,,,,,,2025-12-29T01:20:00.000Z,15,15,256928,7436.0,-165,68,60,140,32,40,,,,52.5,-110.0,-110.0,19.0,14.0,81.0,86.0,-3.0,-115,37,38,3.0,-105,63,62,2025-12-28 17:20:00-08:00,2025-12-25 03:55:25.769626
256928,nfl,49ers,Bears,154,143,scheduled,,,,,,,,,,,,,,,,,2025-12-29T01:20:00.000Z,15,15,256928,11718.0,-165,73,59,140,27,41,,,,52.5,-110.0,-110.0,23.0,29.0,77.0,71.0,-3.0,-112,32,36,3.0,-108,68,64,2025-12-28 17:20:00-08:00,2025-12-26 19:09:19.395442
256928,nfl,49ers,Bears,154,143,scheduled,,,,,,,,,,,,,,,,,2025-12-29T01:20:00.000Z,15,15,256928,14131.0,-165,72,59,140,28,41,,,,52.5,-110.0,-110.0,23.0,28.0,77.0,72.0,-3.0,-115,31,35,3.0,-105,69,65,2025-12-28 17:20:00-08:00,2025-12-27 05:12:59.384988
256928,nfl,49ers,Bears,154,143,scheduled,,,,,,,,,,,,,,,,,2025-12-29T01:20:00.000Z,15,15,256928,18362.0,-168,71,59,144,29,41,,,,52.5,-110.0,-110.0,24.0,29.0,76.0,71.0,-3.0,-112,34,36,3.0,-108,66,64,2025-12-28 17:20:00-08:00,2025-12-27 23:10:56.507855
256928,nfl,49ers,Bears,154,143,scheduled,,,,,,,,,,,,,,,,,2025-12-29T01:20:00.000Z,15,15,256928,18917.0,-172,71,60,145,29,40,,,,52.5,-110.0,-110.0,24.0,29.0,76.0,71.0,-3.0,-112,33,35,3.0,-108,67,65,2025-12-28 17:20:00-08:00,2025-12-28 01:00:23.835801
256928,nfl,49ers,Bears,154,143,scheduled,,,,,,,,,,,,,,,,,2025-12-29T01:20:00.000Z,15,15,256928,19664.0,-182,71,64,150,29,36,,,,52.5,-110.0,-110.0,24.0,29.0,76.0,71.0,-3.5,-105,34,36,3.5,-115,66,64,2025-12-28 17:20:00-08:00,2025-12-28 03:06:32.710666
256928,nfl,49ers,Bears,154,143,scheduled,,,,,,,,,,,,,,,,,2025-12-29T01:20:00.000Z,15,15,256928,26808.0,-192,71,71,160,29,29,,,,52.5,-110.0,-110.0,28.0,38.0,72.0,62.0,-3.5,-110,36,39,3.5,-111,64,61,2025-12-28 17:20:00-08:00,2025-12-28 12:20:06.953014
256928,nfl,49ers,Bears,154,143,scheduled,,,,,,,,,,,,,,,,,2025-12-29T01:20:00.000Z,15,15,256928,32266.0,-190,72,73,160,28,27,,,,51.5,-112.0,-111.0,30.0,41.0,70.0,59.0,-3.5,-102,36,40,3.5,-118,64,60,2025-12-28 17:20:00-08:00,2025-12-28 15:10:53.771829
256928,nfl,49ers,Bears,154,143,scheduled,,,,,,,,,,,,,,,,,2025-12-29T01:20:00.000Z,15,15,256928,37239.0,-190,72,73,160,28,27,,,,51.5,-112.0,-110.0,30.0,42.0,70.0,58.0,-3.5,-102,36,41,3.5,-118,64,59,2025-12-28 17:20:00-08:00,2025-12-28 16:12:43.249346
256928,nfl,49ers,Bears,154,143,scheduled,,,,,,,,,,,,,,,,,2025-12-29T01:20:00.000Z,15,15,256928,45024.0,-190,72,73,160,28,27,,,,51.5,-111.0,-110.0,31.0,43.0,69.0,57.0,-3.5,-102,36,42,3.5,-118,64,58,2025-12-28 17:20:00-08:00,2025-12-28 17:09:55.421727
256928,nfl,49ers,Bears,154,143,scheduled,,,,,,,,,,,,,,,,,2025-12-29T01:20:00.000Z,15,15,256928,57913.0,-190,72,73,155,28,27,,,,51.5,-111.0,-110.0,33.0,44.0,67.0,56.0,-3.5,-104,36,41,3.5,-118,64,59,2025-12-28 17:20:00-08:00,2025-12-28 18:16:04.872989
256928,nfl,49ers,Bears,154,143,scheduled,,,,,,,,,,,,,,,,,2025-12-29T01:20:00.000Z,15,15,256928,62528.0,-190,72,72,155,28,28,,,,51.5,-110.0,-110.0,35.0,45.0,65.0,55.0,-3.5,-104,36,42,3.5,-118,64,58,2025-12-28 17:20:00-08:00,2025-12-28 20:12:38.642673
256928,nfl,49ers,Bears,154,143,scheduled,,,,,,,,,,,,,,,,,2025-12-29T01:20:00.000Z,15,15,256928,82081.0,-190,71,71,155,29,29,,,,51.5,-110.0,-110.0,39.0,50.0,61.0,50.0,-3.5,-110,38,52,3.5,-110,62,48,2025-12-28 17:20:00-08:00,2025-12-28 23:10:56.836228
256928,nfl,49ers,Bears,154,143,scheduled,,,,,,,,,,,,,,,,,2025-12-29T01:20:00.000Z,15,15,256928,116958.0,-210,71,69,175,29,31,,,,51.5,-108.0,-112.0,41.0,52.0,59.0,48.0,-3.5,-115,39,51,3.5,-105,61,49,2025-12-28 17:20:00-08:00,2025-12-29 00:58:37.946408
256624,nfl,Vikings,Lions,148,146,scheduled,,,,,,,,,,,,,,,,,2025-12-25T21:30:00.000Z,15,15,256624,222.0,110,13,25,-130,87,75,,,,48.5,-110.0,-110.0,58.0,63.0,42.0,37.0,2.5,-110,0,0,-2.5,-110,0,0,2025-12-25 13:30:00-08:00,2025-12-17 12:24:30.300038
256624,nfl,Vikings,Lions,148,146,scheduled,,,,,,,,,,,,,,,,,2025-12-25T21:30:00.000Z,15,15,256624,277.0,154,12,21,-185,88,79,,,,48.5,-110.0,-110.0,55.0,58.0,45.0,42.0,3.5,-107,26,69,-3.5,-114,74,31,2025-12-25 13:30:00-08:00,2025-12-19 00:19:20.491962
256624,nfl,Vikings,Lions,148,146,scheduled,,,,,,,,,,,,,,,,,2025-12-25T21:30:00.000Z,15,15,256624,419.0,150,10,20,-185,90,80,,,,48.5,-110.0,-110.0,55.0,58.0,45.0,42.0,3.5,-107,15,40,-3.5,-114,85,60,2025-12-25 13:30:00-08:00,2025-12-20 22:10:07.555969
256624,nfl,Vikings,Lions,148,146,scheduled,,,,,,,,,,,,,,,,,2025-12-25T21:30:00.000Z,15,15,256624,494.0,155,9,17,-185,91,83,,,,48.5,-112.0,-107.0,54.0,55.0,46.0,45.0,3.5,-107,14,28,-3.5,-114,86,72,2025-12-25 13:30:00-08:00,2025-12-21 09:11:04.664793
256624,nfl,Vikings,Lions,148,146,scheduled,,,,,,,,,,,,,,,,,2025-12-25T21:30:00.000Z,15,15,256624,499.0,152,9,16,-185,91,84,,,,48.5,-112.0,-107.0,54.0,55.0,46.0,45.0,3.5,-107,15,28,-3.5,-114,85,72,2025-12-25 13:30:00-08:00,2025-12-21 10:11:04.756194
256624,nfl,Vikings,Lions,148,146,scheduled,,,,,,,,,,,,,,,,,2025-12-25T21:30:00.000Z,15,15,256624,545.0,152,9,14,-182,91,86,,,,48.5,-112.0,-107.0,53.0,53.0,47.0,47.0,3.5,-107,14,27,-3.5,-114,86,73,2025-12-25 13:30:00-08:00,2025-12-21 17:09:14.285057
256624,nfl,Vikings,Lions,148,146,scheduled,,,,,,,,,,,,,,,,,2025-12-25T21:30:00.000Z,15,15,256624,646.0,200,9,14,-245,91,86,,,,45.5,-113.0,-110.0,53.0,52.0,47.0,48.0,5.5,-107,14,26,-5.5,-114,86,74,2025-12-25 13:30:00-08:00,2025-12-22 00:56:11.807037
256624,nfl,Vikings,Lions,148,146,scheduled,,,,,,,,,,,,,,,,,2025-12-25T21:30:00.000Z,15,15,256624,787.0,200,9,13,-250,91,87,,,,45.5,-113.0,-110.0,53.0,52.0,47.0,48.0,5.5,-110,15,24,-5.5,-110,85,76,2025-12-25 13:30:00-08:00,2025-12-22 02:56:09.426305
256624,nfl,Vikings,Lions,148,146,scheduled,,,,,,,,,,,,,,,,,2025-12-25T21:30:00.000Z,15,15,256624,903.0,210,10,13,-261,90,87,,,,45.5,-113.0,-110.0,53.0,52.0,47.0,48.0,5.5,-110,14,23,-5.5,-110,86,77,2025-12-25 13:30:00-08:00,2025-12-22 04:01:21.802956
256624,nfl,Vikings,Lions,148,146,scheduled,,,,,,,,,,,,,,,,,2025-12-25T21:30:00.000Z,15,15,256624,1125.0,210,10,13,-261,90,87,,,,45.5,-109.0,-111.0,53.0,52.0,47.0,48.0,6.0,-110,15,22,-6.0,-110,85,78,2025-12-25 13:30:00-08:00,2025-12-22 05:16:38.931932
256624,nfl,Vikings,Lions,148,146,scheduled,,,,,,,,,,,,,,,,,2025-12-25T21:30:00.000Z,15,15,256624,1252.0,210,11,13,-261,89,87,,,,44.5,-110.0,-112.0,54.0,52.0,46.0,48.0,6.0,-110,15,19,-6.0,-110,85,81,2025-12-25 13:30:00-08:00,2025-12-22 06:19:29.669790
256624,nfl,Vikings,Lions,148,146,scheduled,,,,,,,,,,,,,,,,,2025-12-25T21:30:00.000Z,15,15,256624,1317.0,210,11,12,-261,89,88,,,,44.5,-110.0,-110.0,54.0,53.0,46.0,47.0,6.0,-110,28,31,-6.0,-110,72,69,2025-12-25 13:30:00-08:00,2025-12-22 08:18:03.874365
256624,nfl,Vikings,Lions,148,146,scheduled,,,,,,,,,,,,,,,,,2025-12-25T21:30:00.000Z,15,15,256624,1474.0,210,12,15,-250,88,85,,,,44.5,-110.0,-110.0,55.0,53.0,45.0,47.0,6.0,-109,36,37,-6.0,-111,64,63,2025-12-25 13:30:00-08:00,2025-12-22 13:28:02.150272
256624,nfl,Vikings,Lions,148,146,scheduled,,,,,,,,,,,,,,,,,2025-12-25T21:30:00.000Z,15,15,256624,1817.0,215,12,15,-261,88,85,,,,44.5,-110.0,-110.0,55.0,54.0,45.0,46.0,6.0,-109,36,37,-6.0,-111,64,63,2025-12-25 13:30:00-08:00,2025-12-22 16:14:00.584446
256624,nfl,Vikings,Lions,148,146,scheduled,,,,,,,,,,,,,,,,,2025-12-25T21:30:00.000Z,15,15,256624,2282.0,215,12,15,-261,88,85,,,,44.5,-110.0,-113.0,56.0,55.0,44.0,45.0,6.0,-109,37,41,-6.0,-111,63,59,2025-12-25 13:30:00-08:00,2025-12-22 19:10:34.794180
256624,nfl,Vikings,Lions,148,146,scheduled,,,,,,,,,,,,,,,,,2025-12-25T21:30:00.000Z,15,15,256624,5341.0,215,12,24,-266,88,76,,,,44.5,-110.0,-113.0,65.0,66.0,35.0,34.0,6.0,-109,28,22,-6.0,-111,72,78,2025-12-25 13:30:00-08:00,2025-12-23 15:12:27.858291
256624,nfl,Vikings,Lions,148,146,scheduled,,,,,,,,,,,,,,,,,2025-12-25T21:30:00.000Z,15,15,256624,5720.0,220,12,22,-266,88,78,,,,44.5,-110.0,-113.0,66.0,67.0,34.0,33.0,6.0,-109,27,22,-6.0,-111,73,78,2025-12-25 13:30:00-08:00,2025-12-23 16:14:41.664935
256624,nfl,Vikings,Lions,148,146,scheduled,,,,,,,,,,,,,,,,,2025-12-25T21:30:00.000Z,15,15,256624,6149.0,215,12,21,-266,88,79,,,,44.5,-110.0,-115.0,67.0,66.0,33.0,34.0,6.0,-109,27,22,-6.0,-111,73,78,2025-12-25 13:30:00-08:00,2025-12-23 17:12:43.843165
256624,nfl,Vikings,Lions,148,146,scheduled,,,,,,,,,,,,,,,,,2025-12-25T21:30:00.000Z,15,15,256624,6800.0,250,11,21,-310,89,79,,,,44.0,-110.0,-112.0,68.0,67.0,32.0,33.0,6.5,-110,27,22,-6.5,-119,73,78,2025-12-25 13:30:00-08:00,2025-12-23 19:11:23.939282
256624,nfl,Vikings,Lions,148,146,scheduled,,,,,,,,,,,,,,,,,2025-12-25T21:30:00.000Z,15,15,256624,7674.0,300,11,20,-365,89,80,,,,43.5,-107.0,-115.0,69.0,68.0,31.0,32.0,7.5,-115,27,20,-7.5,-105,73,80,2025-12-25 13:30:00-08:00,2025-12-23 20:12:13.745210
256624,nfl,Vikings,Lions,148,146,scheduled,,,,,,,,,,,,,,,,,2025-12-25T21:30:00.000Z,15,15,256624,8264.0,295,11,20,-365,89,80,,,,43.5,-105.0,-115.0,70.0,68.0,30.0,32.0,7.5,-115,26,20,-7.5,-105,74,80,2025-12-25 13:30:00-08:00,2025-12-23 21:11:08.246482
256624,nfl,Vikings,Lions,148,146,scheduled,,,,,,,,,,,,,,,,,2025-12-25T21:30:00.000Z,15,15,256624,8976.0,295,11,19,-365,89,81,,,,43.5,-105.0,-115.0,71.0,69.0,29.0,31.0,7.5,-112,26,18,-7.5,-107,74,82,2025-12-25 13:30:00-08:00,2025-12-23 22:11:17.550605
256624,nfl,Vikings,Lions,148,146,scheduled,,,,,,,,,,,,,,,,,2025-12-25T21:30:00.000Z,15,15,256624,9577.0,287,11,19,-365,89,81,,,,43.5,-105.0,-115.0,71.0,70.0,29.0,30.0,7.5,-112,26,16,-7.5,-107,74,84,2025-12-25 13:30:00-08:00,2025-12-23 23:10:50.690018
256624,nfl,Vikings,Lions,148,146,scheduled,,,,,,,,,,,,,,,,,2025-12-25T21:30:00.000Z,15,15,256624,10405.0,280,10,20,-360,90,80,,,,43.5,-105.0,-115.0,73.0,73.0,27.0,27.0,7.5,-115,26,16,-7.5,-105,74,84,2025-12-25 13:30:00-08:00,2025-12-24 00:52:58.834144
256624,nfl,Vikings,Lions,148,146,scheduled,,,,,,,,,,,,,,,,,2025-12-25T21:30:00.000Z,15,15,256624,11233.0,290,10,20,-365,90,80,,,,43.5,-107.0,-113.0,74.0,73.0,26.0,27.0,7.5,-115,26,17,-7.5,-105,74,83,2025-12-25 13:30:00-08:00,2025-12-24 02:46:48.175308
256624,nfl,Vikings,Lions,148,146,scheduled,,,,,,,,,,,,,,,,,2025-12-25T21:30:00.000Z,15,15,256624,11743.0,290,10,20,-365,90,80,,,,43.5,-105.0,-115.0,74.0,74.0,26.0,26.0,7.5,-115,26,17,-7.5,-105,74,83,2025-12-25 13:30:00-08:00,2025-12-24 03:53:02.193110
256624,nfl,Vikings,Lions,148,146,scheduled,,,,,,,,,,,,,,,,,2025-12-25T21:30:00.000Z,15,15,256624,14403.0,280,11,20,-365,89,80,,,,43.5,-105.0,-115.0,63.0,71.0,37.0,29.0,7.5,-115,27,18,-7.5,-105,73,82,2025-12-25 13:30:00-08:00,2025-12-24 12:21:25.497297
256624,nfl,Vikings,Lions,148,146,scheduled,,,,,,,,,,,,,,,,,2025-12-25T21:30:00.000Z,15,15,256624,16388.0,285,10,19,-365,90,81,,,,43.5,-105.0,-115.0,63.0,71.0,37.0,29.0,7.5,-115,27,24,-7.5,-105,73,76,2025-12-25 13:30:00-08:00,2025-12-24 15:12:04.492652
256624,nfl,Vikings,Lions,148,146,scheduled,,,,,,,,,,,,,,,,,2025-12-25T21:30:00.000Z,15,15,256624,18978.0,285,10,18,-365,90,82,,,,43.5,-102.0,-115.0,64.0,72.0,36.0,28.0,7.5,-115,27,24,-7.5,-105,73,76,2025-12-25 13:30:00-08:00,2025-12-24 17:09:35.629600
256624,nfl,Vikings,Lions,148,146,scheduled,,,,,,,,,,,,,,,,,2025-12-25T21:30:00.000Z,15,15,256624,24142.0,295,11,17,-365,89,83,,,,43.5,-105.0,-115.0,66.0,72.0,34.0,28.0,7.5,-115,27,24,-7.5,-105,73,76,2025-12-25 13:30:00-08:00,2025-12-24 20:12:20.802607
256624,nfl,Vikings,Lions,148,146,scheduled,,,,,,,,,,,,,,,,,2025-12-25T21:30:00.000Z,15,15,256624,28747.0,300,12,17,-365,88,83,,,,43.5,-102.0,-115.0,68.0,75.0,32.0,25.0,7.5,-115,27,23,-7.5,-105,73,77,2025-12-25 13:30:00-08:00,2025-12-24 23:11:00.971821
256624,nfl,Vikings,Lions,148,146,scheduled,,,,,,,,,,,,,,,,,2025-12-25T21:30:00.000Z,15,15,256624,31155.0,295,12,17,-365,88,83,,,,43.0,-110.0,-110.0,69.0,75.0,31.0,25.0,7.5,-115,27,23,-7.5,-105,73,77,2025-12-25 13:30:00-08:00,2025-12-25 00:53:33.419107
256624,nfl,Vikings,Lions,148,146,scheduled,,,,,,,,,,,,,,,,,2025-12-25T21:30:00.000Z,15,15,256624,35810.0,292,12,17,-370,88,83,,,,43.0,-110.0,-110.0,69.0,75.0,31.0,25.0,7.5,-115,27,23,-7.5,-105,73,77,2025-12-25 13:30:00-08:00,2025-12-25 03:55:25.769626
256624,nfl,Vikings,Lions,148,146,scheduled,,,,,,,,,,,,,,,,,2025-12-25T21:30:00.000Z,15,15,256624,50093.0,292,11,16,-372,89,84,,,,43.5,-102.0,-115.0,71.0,78.0,29.0,22.0,7.5,-111,25,21,-7.5,-109,75,79,2025-12-25 13:30:00-08:00,2025-12-25 12:21:09.618433
256624,nfl,Vikings,Lions,148,146,scheduled,,,,,,,,,,,,,,,,,2025-12-25T21:30:00.000Z,15,15,256624,52420.0,300,11,16,-372,89,84,,,,43.5,-105.0,-115.0,72.0,77.0,28.0,23.0,7.5,-110,25,21,-7.5,-110,75,79,2025-12-25 13:30:00-08:00,2025-12-25 13:26:08.213227
256624,nfl,Vikings,Lions,148,146,scheduled,,,,,,,,,,,,,,,,,2025-12-25T21:30:00.000Z,15,15,256624,55278.0,310,11,16,-387,89,84,,,,43.5,-105.0,-115.0,72.0,77.0,28.0,23.0,7.5,-110,25,21,-7.5,-110,75,79,2025-12-25 13:30:00-08:00,2025-12-25 14:11:00.973101
256624,nfl,Vikings,Lions,148,146,scheduled,,,,,,,,,,,,,,,,,2025-12-25T21:30:00.000Z,15,15,256624,61644.0,310,11,16,-392,89,84,,,,43.5,-105.0,-115.0,72.0,77.0,28.0,23.0,7.5,-110,25,21,-7.5,-110,75,79,2025-12-25 13:30:00-08:00,2025-12-25 15:11:35.479757
256624,nfl,Vikings,Lions,148,146,scheduled,,,,,,,,,,,,,,,,,2025-12-25T21:30:00.000Z,15,15,256624,74130.0,320,11,17,-415,89,83,,,,43.5,-110.0,-110.0,73.0,78.0,27.0,22.0,7.5,-110,26,22,-7.5,-110,74,78,2025-12-25 13:30:00-08:00,2025-12-25 16:14:02.305277
256624,nfl,Vikings,Lions,148,146,scheduled,,,,,,,,,,,,,,,,,2025-12-25T21:30:00.000Z,15,15,256624,91497.0,315,11,17,-415,89,83,,,,44.5,-102.0,-119.0,73.0,78.0,27.0,22.0,7.5,-110,26,22,-7.5,-110,74,78,2025-12-25 13:30:00-08:00,2025-12-25 17:10:18.922147
256624,nfl,Vikings,Lions,148,146,scheduled,,,,,,,,,,,,,,,,,2025-12-25T21:30:00.000Z,15,15,256624,121678.0,285,11,18,-375,89,82,,,,44.5,-110.0,-110.0,74.0,78.0,26.0,22.0,7.5,-110,25,22,-7.5,-110,75,78,2025-12-25 13:30:00-08:00,2025-12-25 18:16:04.653155
256624,nfl,Vikings,Lions,148,146,scheduled,,,,,,,,,,,,,,,,,2025-12-25T21:30:00.000Z,15,15,256624,129731.0,285,12,18,-375,88,82,,,,44.5,-110.0,-110.0,74.0,80.0,26.0,20.0,7.0,-103,24,34,-7.0,-117,76,66,2025-12-25 13:30:00-08:00,2025-12-25 19:08:44.595749
256624,nfl,Vikings,Lions,148,146,scheduled,,,,,,,,,,,,,,,,,2025-12-25T21:30:00.000Z,15,15,256624,141611.0,285,12,17,-375,88,83,,,,44.5,-110.0,-110.0,75.0,82.0,25.0,18.0,7.0,-105,23,32,-7.0,-115,77,68,2025-12-25 13:30:00-08:00,2025-12-25 20:12:42.476949
256624,nfl,Vikings,Lions,148,146,scheduled,,,,,,,,,,,,,,,,,2025-12-25T21:30:00.000Z,15,15,256624,159766.0,282,12,17,-365,88,83,,,,45.5,-105.0,-115.0,75.0,82.0,25.0,18.0,7.0,-100,23,32,-7.0,-116,77,68,2025-12-25 13:30:00-08:00,2025-12-25 21:10:37.126469
256918,nfl,Colts,Jaguars,133,134,scheduled,,,,,,,,,,,,,,,,,2025-12-28T18:00:00.000Z,15,15,256918,100.0,195,9,52,-238,91,48,,,,44.5,-110.0,-110.0,66.0,68.0,34.0,32.0,5.5,-110,0,0,-5.5,-110,0,0,2025-12-28 10:00:00-08:00,2025-12-17 12:24:30.300038
256918,nfl,Colts,Jaguars,133,134,scheduled,,,,,,,,,,,,,,,,,2025-12-28T18:00:00.000Z,15,15,256918,116.0,195,9,31,-240,91,69,,,,44.5,-110.0,-110.0,61.0,63.0,39.0,37.0,5.5,-110,0,0,-5.5,-110,0,0,2025-12-28 10:00:00-08:00,2025-12-19 22:11:36.891312
256918,nfl,Colts,Jaguars,133,134,scheduled,,,,,,,,,,,,,,,,,2025-12-28T18:00:00.000Z,15,15,256918,151.0,195,10,33,-238,90,67,,,,44.5,-110.0,-110.0,63.0,64.0,37.0,36.0,5.5,-110,0,0,-5.5,-110,0,0,2025-12-28 10:00:00-08:00,2025-12-20 03:43:20.349683
256918,nfl,Colts,Jaguars,133,134,scheduled,,,,,,,,,,,,,,,,,2025-12-28T18:00:00.000Z,15,15,256918,151.0,195,10,44,-238,90,56,,,,45.5,-105.0,-115.0,63.0,65.0,37.0,35.0,5.5,-110,0,0,-5.5,-110,0,0,2025-12-28 10:00:00-08:00,2025-12-20 09:10:55.942772
256918,nfl,Colts,Jaguars,133,134,scheduled,,,,,,,,,,,,,,,,,2025-12-28T18:00:00.000Z,15,15,256918,176.0,195,9,39,-238,91,61,,,,44.5,-115.0,-105.0,64.0,69.0,36.0,31.0,5.5,-110,0,0,-5.5,-110,0,0,2025-12-28 10:00:00-08:00,2025-12-20 19:08:11.998619
256918,nfl,Colts,Jaguars,133,134,scheduled,,,,,,,,,,,,,,,,,2025-12-28T18:00:00.000Z,15,15,256918,267.0,240,11,32,-300,89,68,,,,46.5,-110.0,-110.0,61.0,69.0,39.0,31.0,6.5,-110,0,0,-6.5,-110,0,0,2025-12-28 10:00:00-08:00,2025-12-22 00:56:11.807037
256918,nfl,Colts,Jaguars,133,134,scheduled,,,,,,,,,,,,,,,,,2025-12-28T18:00:00.000Z,15,15,256918,393.0,250,11,30,-313,89,70,,,,46.5,-110.0,-110.0,61.0,69.0,39.0,31.0,6.5,-110,0,0,-6.5,-110,0,0,2025-12-28 10:00:00-08:00,2025-12-22 02:56:09.426305
256918,nfl,Colts,Jaguars,133,134,scheduled,,,,,,,,,,,,,,,,,2025-12-28T18:00:00.000Z,15,15,256918,489.0,250,11,29,-313,89,71,,,,46.5,-110.0,-110.0,61.0,69.0,39.0,31.0,6.5,-105,0,0,-6.5,-115,0,0,2025-12-28 10:00:00-08:00,2025-12-22 05:16:38.931932
256918,nfl,Colts,Jaguars,133,134,scheduled,,,,,,,,,,,,,,,,,2025-12-28T18:00:00.000Z,15,15,256918,545.0,270,11,27,-335,89,73,,,,46.5,-110.0,-110.0,62.0,69.0,38.0,31.0,6.5,-110,0,0,-6.5,-110,0,0,2025-12-28 10:00:00-08:00,2025-12-22 06:19:29.669790
256918,nfl,Colts,Jaguars,133,134,scheduled,,,,,,,,,,,,,,,,,2025-12-28T18:00:00.000Z,15,15,256918,646.0,270,11,25,-340,89,75,,,,46.5,-110.0,-110.0,62.0,67.0,38.0,33.0,6.5,-110,0,0,-6.5,-110,0,0,2025-12-28 10:00:00-08:00,2025-12-22 07:16:43.338798
256918,nfl,Colts,Jaguars,133,134,scheduled,,,,,,,,,,,,,,,,,2025-12-28T18:00:00.000Z,15,15,256918,1736.0,270,10,19,-340,90,81,,,,46.5,-110.0,-110.0,61.0,61.0,39.0,39.0,6.5,-105,84,81,-6.5,-115,16,19,2025-12-28 10:00:00-08:00,2025-12-22 20:12:36.333781
256918,nfl,Colts,Jaguars,133,134,scheduled,,,,,,,,,,,,,,,,,2025-12-28T18:00:00.000Z,15,15,256918,1777.0,250,10,18,-310,90,82,,,,46.5,-110.0,-110.0,61.0,61.0,39.0,39.0,6.5,-105,83,80,-6.5,-115,17,20,2025-12-28 10:00:00-08:00,2025-12-22 21:10:21.418784
256918,nfl,Colts,Jaguars,133,134,scheduled,,,,,,,,,,,,,,,,,2025-12-28T18:00:00.000Z,15,15,256918,1938.0,270,10,16,-340,90,84,,,,46.5,-110.0,-110.0,60.0,57.0,40.0,43.0,6.5,-105,82,79,-6.5,-115,18,21,2025-12-28 10:00:00-08:00,2025-12-23 00:53:30.430330
256918,nfl,Colts,Jaguars,133,134,scheduled,,,,,,,,,,,,,,,,,2025-12-28T18:00:00.000Z,15,15,256918,2069.0,240,10,13,-300,90,87,,,,46.5,-110.0,-111.0,60.0,57.0,40.0,43.0,6.5,-105,81,78,-6.5,-116,19,22,2025-12-28 10:00:00-08:00,2025-12-23 04:29:58.025275
256918,nfl,Colts,Jaguars,133,134,scheduled,,,,,,,,,,,,,,,,,2025-12-28T18:00:00.000Z,15,15,256918,2181.0,240,10,13,-300,90,87,,,,46.5,-111.0,-110.0,60.0,57.0,40.0,43.0,6.5,-105,81,78,-6.5,-115,19,22,2025-12-28 10:00:00-08:00,2025-12-23 05:16:09.438207
256918,nfl,Colts,Jaguars,133,134,scheduled,,,,,,,,,,,,,,,,,2025-12-28T18:00:00.000Z,15,15,256918,2312.0,240,10,13,-300,90,87,,,,47.5,-105.0,-115.0,60.0,57.0,40.0,43.0,6.5,-105,81,78,-6.5,-115,19,22,2025-12-28 10:00:00-08:00,2025-12-23 06:18:38.753834
256918,nfl,Colts,Jaguars,133,134,scheduled,,,,,,,,,,,,,,,,,2025-12-28T18:00:00.000Z,15,15,256918,2362.0,240,10,13,-300,90,87,,,,47.5,-112.0,-108.0,60.0,57.0,40.0,43.0,6.5,-105,81,78,-6.5,-115,19,22,2025-12-28 10:00:00-08:00,2025-12-23 07:16:21.993356
256918,nfl,Colts,Jaguars,133,134,scheduled,,,,,,,,,,,,,,,,,2025-12-28T18:00:00.000Z,15,15,256918,2413.0,240,10,13,-300,90,87,,,,47.5,-112.0,-108.0,60.0,57.0,40.0,43.0,6.5,-110,80,76,-6.5,-111,20,24,2025-12-28 10:00:00-08:00,2025-12-23 09:16:17.536168
256918,nfl,Colts,Jaguars,133,134,scheduled,,,,,,,,,,,,,,,,,2025-12-28T18:00:00.000Z,15,15,256918,2433.0,240,10,14,-300,90,86,,,,47.5,-112.0,-111.0,60.0,57.0,40.0,43.0,6.5,-110,75,71,-6.5,-111,25,29,2025-12-28 10:00:00-08:00,2025-12-23 10:13:06.210150
256918,nfl,Colts,Jaguars,133,134,scheduled,,,,,,,,,,,,,,,,,2025-12-28T18:00:00.000Z,15,15,256918,2489.0,240,10,11,-300,90,89,,,,47.5,-112.0,-108.0,61.0,57.0,39.0,43.0,6.5,-110,71,68,-6.5,-111,29,32,2025-12-28 10:00:00-08:00,2025-12-23 13:29:59.424423
256918,nfl,Colts,Jaguars,133,134,scheduled,,,,,,,,,,,,,,,,,2025-12-28T18:00:00.000Z,15,15,256918,3034.0,235,10,9,-300,90,91,,,,47.5,-112.0,-114.0,62.0,57.0,38.0,43.0,6.5,-105,68,61,-6.5,-115,32,39,2025-12-28 10:00:00-08:00,2025-12-23 17:12:43.843165
256918,nfl,Colts,Jaguars,133,134,scheduled,,,,,,,,,,,,,,,,,2025-12-28T18:00:00.000Z,15,15,256918,3226.0,240,10,9,-300,90,91,,,,47.5,-112.0,-110.0,62.0,57.0,38.0,43.0,6.5,-105,67,59,-6.5,-115,33,41,2025-12-28 10:00:00-08:00,2025-12-23 18:17:16.120344
256918,nfl,Colts,Jaguars,133,134,scheduled,,,,,,,,,,,,,,,,,2025-12-28T18:00:00.000Z,15,15,256918,3569.0,235,10,9,-300,90,91,,,,48.0,-110.0,-120.0,62.0,58.0,38.0,42.0,6.5,-105,64,56,-6.5,-115,36,44,2025-12-28 10:00:00-08:00,2025-12-23 21:11:08.246482
256918,nfl,Colts,Jaguars,133,134,scheduled,,,,,,,,,,,,,,,,,2025-12-28T18:00:00.000Z,15,15,256918,3877.0,235,10,9,-294,90,91,,,,48.0,-110.0,-120.0,63.0,57.0,37.0,43.0,6.5,-105,60,53,-6.5,-115,40,47,2025-12-28 10:00:00-08:00,2025-12-23 23:10:50.690018
256918,nfl,Colts,Jaguars,133,134,scheduled,,,,,,,,,,,,,,,,,2025-12-28T18:00:00.000Z,15,15,256918,4089.0,235,9,33,-298,91,67,,,,48.0,-110.0,-120.0,64.0,59.0,36.0,41.0,6.5,-105,59,51,-6.5,-115,41,49,2025-12-28 10:00:00-08:00,2025-12-24 00:52:58.834144
256918,nfl,Colts,Jaguars,133,134,scheduled,,,,,,,,,,,,,,,,,2025-12-28T18:00:00.000Z,15,15,256918,4584.0,235,9,28,-298,91,72,,,,48.5,-105.0,-115.0,64.0,64.0,36.0,36.0,6.5,-105,56,47,-6.5,-115,44,53,2025-12-28 10:00:00-08:00,2025-12-24 04:27:48.634138
256918,nfl,Colts,Jaguars,133,134,scheduled,,,,,,,,,,,,,,,,,2025-12-28T18:00:00.000Z,15,15,256918,4806.0,235,10,29,-298,90,71,,,,48.5,-105.0,-110.0,64.0,64.0,36.0,36.0,6.5,-105,55,32,-6.5,-115,45,68,2025-12-28 10:00:00-08:00,2025-12-24 06:18:42.194536
256918,nfl,Colts,Jaguars,133,134,scheduled,,,,,,,,,,,,,,,,,2025-12-28T18:00:00.000Z,15,15,256918,5164.0,235,10,28,-294,90,72,,,,48.5,-105.0,-110.0,62.0,63.0,38.0,37.0,6.5,-105,51,29,-6.5,-115,49,71,2025-12-28 10:00:00-08:00,2025-12-24 12:21:25.497297
256918,nfl,Colts,Jaguars,133,134,scheduled,,,,,,,,,,,,,,,,,2025-12-28T18:00:00.000Z,15,15,256918,5523.0,240,10,27,-294,90,73,,,,48.5,-110.0,-110.0,62.0,63.0,38.0,37.0,6.5,-105,50,27,-6.5,-115,50,73,2025-12-28 10:00:00-08:00,2025-12-24 15:12:04.492652
256918,nfl,Colts,Jaguars,133,134,scheduled,,,,,,,,,,,,,,,,,2025-12-28T18:00:00.000Z,15,15,256918,6593.0,235,11,27,-290,89,73,,,,48.5,-110.0,-110.0,62.0,61.0,38.0,39.0,6.5,-110,48,26,-6.5,-110,52,74,2025-12-28 10:00:00-08:00,2025-12-24 20:12:20.802607
256918,nfl,Colts,Jaguars,133,134,scheduled,,,,,,,,,,,,,,,,,2025-12-28T18:00:00.000Z,15,15,256918,10960.0,235,11,21,-294,89,79,,,,48.5,-110.0,-110.0,63.0,65.0,37.0,35.0,6.5,-110,20,12,-6.5,-110,80,88,2025-12-28 10:00:00-08:00,2025-12-26 11:10:23.584512
256918,nfl,Colts,Jaguars,133,134,scheduled,,,,,,,,,,,,,,,,,2025-12-28T18:00:00.000Z,15,15,256918,11531.0,215,11,20,-275,89,80,,,,48.5,-110.0,-110.0,63.0,64.0,37.0,36.0,6.0,-108,21,12,-6.0,-112,79,88,2025-12-28 10:00:00-08:00,2025-12-26 16:13:09.764832
256918,nfl,Colts,Jaguars,133,134,scheduled,,,,,,,,,,,,,,,,,2025-12-28T18:00:00.000Z,15,15,256918,11874.0,215,11,20,-275,89,80,,,,48.5,-110.0,-110.0,63.0,65.0,37.0,35.0,6.0,-110,21,12,-6.0,-110,79,88,2025-12-28 10:00:00-08:00,2025-12-26 17:09:41.955264
256918,nfl,Colts,Jaguars,133,134,scheduled,,,,,,,,,,,,,,,,,2025-12-28T18:00:00.000Z,15,15,256918,12172.0,215,11,19,-275,89,81,,,,48.5,-110.0,-110.0,63.0,64.0,37.0,36.0,5.5,-105,21,12,-5.5,-115,79,88,2025-12-28 10:00:00-08:00,2025-12-26 18:16:46.153208
256918,nfl,Colts,Jaguars,133,134,scheduled,,,,,,,,,,,,,,,,,2025-12-28T18:00:00.000Z,15,15,256918,12414.0,220,11,18,-270,89,82,,,,48.5,-110.0,-110.0,63.0,64.0,37.0,36.0,5.5,-108,21,12,-5.5,-112,79,88,2025-12-28 10:00:00-08:00,2025-12-26 19:09:19.395442
256918,nfl,Colts,Jaguars,133,134,scheduled,,,,,,,,,,,,,,,,,2025-12-28T18:00:00.000Z,15,15,256918,12864.0,220,11,16,-270,89,84,,,,48.5,-110.0,-110.0,62.0,64.0,38.0,36.0,5.5,-111,21,12,-5.5,-111,79,88,2025-12-28 10:00:00-08:00,2025-12-26 21:10:14.281340
256918,nfl,Colts,Jaguars,133,134,scheduled,,,,,,,,,,,,,,,,,2025-12-28T18:00:00.000Z,15,15,256918,14525.0,210,11,15,-263,89,85,,,,48.5,-110.0,-110.0,62.0,64.0,38.0,36.0,5.5,-111,22,14,-5.5,-111,78,86,2025-12-28 10:00:00-08:00,2025-12-27 02:45:26.354219
256918,nfl,Colts,Jaguars,133,134,scheduled,,,,,,,,,,,,,,,,,2025-12-28T18:00:00.000Z,15,15,256918,14994.0,210,11,15,-263,89,85,,,,48.5,-110.0,-110.0,62.0,63.0,38.0,37.0,5.5,-110,22,14,-5.5,-111,78,86,2025-12-28 10:00:00-08:00,2025-12-27 04:23:57.433834
256918,nfl,Colts,Jaguars,133,134,scheduled,,,,,,,,,,,,,,,,,2025-12-28T18:00:00.000Z,15,15,256918,15444.0,210,11,15,-263,89,85,,,,48.5,-110.0,-110.0,62.0,63.0,38.0,37.0,5.5,-108,22,14,-5.5,-112,78,86,2025-12-28 10:00:00-08:00,2025-12-27 06:16:57.481674
256918,nfl,Colts,Jaguars,133,134,scheduled,,,,,,,,,,,,,,,,,2025-12-28T18:00:00.000Z,15,15,256918,15964.0,210,11,15,-263,89,85,,,,48.5,-110.0,-110.0,60.0,64.0,40.0,36.0,5.5,-105,23,15,-5.5,-115,77,85,2025-12-28 10:00:00-08:00,2025-12-27 13:22:36.153313
256918,nfl,Colts,Jaguars,133,134,scheduled,,,,,,,,,,,,,,,,,2025-12-28T18:00:00.000Z,15,15,256918,16120.0,210,11,15,-250,89,85,,,,48.5,-110.0,-110.0,60.0,64.0,40.0,36.0,5.5,-105,23,15,-5.5,-115,77,85,2025-12-28 10:00:00-08:00,2025-12-27 14:10:09.105416
256918,nfl,Colts,Jaguars,133,134,scheduled,,,,,,,,,,,,,,,,,2025-12-28T18:00:00.000Z,15,15,256918,50805.0,190,11,11,-235,89,89,,,,48.5,-110.0,-110.0,63.0,72.0,37.0,28.0,5.5,-120,27,44,-5.5,-102,73,56,2025-12-28 10:00:00-08:00,2025-12-28 16:12:43.249346
256918,nfl,Colts,Jaguars,133,134,scheduled,,,,,,,,,,,,,,,,,2025-12-28T18:00:00.000Z,15,15,256918,67218.0,180,11,11,-220,89,89,,,,48.5,-110.0,-110.0,63.0,72.0,37.0,28.0,4.0,-110,27,44,-4.0,-110,73,56,2025-12-28 10:00:00-08:00,2025-12-28 17:09:55.421727
256787,nfl,Lions,Steelers,146,132,scheduled,,,,,,,,,,,,,,,,,2025-12-21T21:25:00.000Z,15,15,256787,6068.0,-345,88,27,260,12,73,,,,52.0,-110.0,-110.0,77.0,83.0,23.0,17.0,-7.0,-110,50,62,7.0,-110,50,38,2025-12-21 13:25:00-08:00,2025-12-17 12:24:30.300038
256787,nfl,Lions,Steelers,146,132,scheduled,,,,,,,,,,,,,,,,,2025-12-21T21:25:00.000Z,15,15,256787,12546.0,-325,88,39,260,12,61,,,,52.0,-110.0,-110.0,57.0,61.0,43.0,39.0,-7.0,-110,53,61,7.0,-110,47,39,2025-12-21 13:25:00-08:00,2025-12-19 00:19:20.491962
256787,nfl,Lions,Steelers,146,132,scheduled,,,,,,,,,,,,,,,,,2025-12-21T21:25:00.000Z,15,15,256787,15666.0,-325,88,43,270,12,57,,,,52.0,-110.0,-110.0,56.0,59.0,44.0,41.0,-7.0,-110,54,66,7.0,-110,46,34,2025-12-21 13:25:00-08:00,2025-12-19 16:14:04.485555
256787,nfl,Lions,Steelers,146,132,scheduled,,,,,,,,,,,,,,,,,2025-12-21T21:25:00.000Z,15,15,256787,16766.0,-340,88,44,270,12,56,,,,52.0,-110.0,-110.0,56.0,59.0,44.0,41.0,-7.0,-110,54,66,7.0,-110,46,34,2025-12-21 13:25:00-08:00,2025-12-19 19:10:06.351339
256787,nfl,Lions,Steelers,146,132,scheduled,,,,,,,,,,,,,,,,,2025-12-21T21:25:00.000Z,15,15,256787,17640.0,-325,87,44,265,13,56,,,,52.0,-110.0,-110.0,56.0,59.0,44.0,41.0,-7.0,-110,54,65,7.0,-110,46,35,2025-12-21 13:25:00-08:00,2025-12-19 21:10:53.584146
256787,nfl,Lions,Steelers,146,132,scheduled,,,,,,,,,,,,,,,,,2025-12-21T21:25:00.000Z,15,15,256787,18074.0,-325,88,45,260,12,55,,,,52.0,-110.0,-110.0,56.0,59.0,44.0,41.0,-7.0,-110,54,65,7.0,-110,46,35,2025-12-21 13:25:00-08:00,2025-12-19 22:11:36.891312
256787,nfl,Lions,Steelers,146,132,scheduled,,,,,,,,,,,,,,,,,2025-12-21T21:25:00.000Z,15,15,256787,24930.0,-325,88,75,270,12,25,,,,52.0,-110.0,-110.0,55.0,56.0,45.0,44.0,-7.0,-110,54,66,7.0,-110,46,34,2025-12-21 13:25:00-08:00,2025-12-20 21:09:04.508913
256787,nfl,Lions,Steelers,146,132,scheduled,,,,,,,,,,,,,,,,,2025-12-21T21:25:00.000Z,15,15,256787,36239.0,-325,88,84,265,12,16,,,,52.0,-110.0,-110.0,54.0,57.0,46.0,43.0,-7.0,-110,54,59,7.0,-110,46,41,2025-12-21 13:25:00-08:00,2025-12-21 08:14:10.508155
256787,nfl,Lions,Steelers,146,132,scheduled,,,,,,,,,,,,,,,,,2025-12-21T21:25:00.000Z,15,15,256787,47356.0,-325,88,85,275,12,15,,,,52.0,-110.0,-110.0,54.0,57.0,46.0,43.0,-7.0,-110,56,61,7.0,-110,44,39,2025-12-21 13:25:00-08:00,2025-12-21 15:10:27.450183
256787,nfl,Lions,Steelers,146,132,scheduled,,,,,,,,,,,,,,,,,2025-12-21T21:25:00.000Z,15,15,256787,54803.0,-355,88,85,295,12,15,,,,52.0,-110.0,-110.0,59.0,62.0,41.0,38.0,-7.5,-105,56,60,7.5,-115,44,40,2025-12-21 13:25:00-08:00,2025-12-21 16:12:12.540404
256787,nfl,Lions,Steelers,146,132,scheduled,,,,,,,,,,,,,,,,,2025-12-21T21:25:00.000Z,15,15,256787,65436.0,-380,88,85,300,12,15,,,,52.0,-110.0,-110.0,61.0,64.0,39.0,36.0,-7.5,-110,57,61,7.5,-111,43,39,2025-12-21 13:25:00-08:00,2025-12-21 17:09:14.285057
256787,nfl,Lions,Steelers,146,132,scheduled,,,,,,,,,,,,,,,,,2025-12-21T21:25:00.000Z,15,15,256787,84379.0,-385,88,86,320,12,14,,,,52.5,-105.0,-114.0,61.0,65.0,39.0,35.0,-7.5,-110,57,61,7.5,-110,43,39,2025-12-21 13:25:00-08:00,2025-12-21 18:15:13.603156
256787,nfl,Lions,Steelers,146,132,scheduled,,,,,,,,,,,,,,,,,2025-12-21T21:25:00.000Z,15,15,256787,87827.0,-410,88,88,320,12,12,,,,52.5,-105.0,-114.0,60.0,64.0,40.0,36.0,-7.5,-110,57,61,7.5,-110,43,39,2025-12-21 13:25:00-08:00,2025-12-21 19:08:18.087648
256787,nfl,Lions,Steelers,146,132,scheduled,,,,,,,,,,,,,,,,,2025-12-21T21:25:00.000Z,15,15,256787,92810.0,-385,87,83,320,13,17,,,,52.5,-105.0,-114.0,60.0,65.0,40.0,35.0,-7.5,-110,57,61,7.5,-110,43,39,2025-12-21 13:25:00-08:00,2025-12-21 20:11:37.408883
256787,nfl,Lions,Steelers,146,132,scheduled,,,,,,,,,,,,,,,,,2025-12-21T21:25:00.000Z,15,15,256787,108259.0,-405,87,63,320,13,37,,,,52.5,-105.0,-114.0,60.0,76.0,40.0,24.0,-7.5,-115,58,66,7.5,-105,42,34,2025-12-21 13:25:00-08:00,2025-12-21 21:09:20.404130
256925,nfl,Jets,Patriots,127,129,scheduled,,,,,,,,,,,,,,,,,2025-12-28T18:00:00.000Z,15,15,256925,196.0,390,2,1,-520,98,99,,,,44.5,-110.0,-110.0,0.0,0.0,0.0,0.0,9.5,-110,0,0,-9.5,-110,0,0,2025-12-28 10:00:00-08:00,2025-12-17 12:24:30.300038
256925,nfl,Jets,Patriots,127,129,scheduled,,,,,,,,,,,,,,,,,2025-12-28T18:00:00.000Z,15,15,256925,252.0,380,2,1,-520,98,99,,,,43.5,-105.0,-115.0,67.0,76.0,33.0,24.0,8.5,-108,0,0,-8.5,-112,0,0,2025-12-28 10:00:00-08:00,2025-12-19 09:15:15.245615
256925,nfl,Jets,Patriots,127,129,scheduled,,,,,,,,,,,,,,,,,2025-12-28T18:00:00.000Z,15,15,256925,302.0,380,2,1,-520,98,99,,,,43.5,-105.0,-115.0,68.0,70.0,32.0,30.0,9.5,-110,0,0,-9.5,-110,0,0,2025-12-28 10:00:00-08:00,2025-12-19 19:10:06.351339
256925,nfl,Jets,Patriots,127,129,scheduled,,,,,,,,,,,,,,,,,2025-12-28T18:00:00.000Z,15,15,256925,302.0,380,2,1,-500,98,99,,,,43.5,-105.0,-115.0,68.0,70.0,32.0,30.0,9.5,-115,0,0,-9.5,-105,0,0,2025-12-28 10:00:00-08:00,2025-12-19 20:12:37.850628
256925,nfl,Jets,Patriots,127,129,scheduled,,,,,,,,,,,,,,,,,2025-12-28T18:00:00.000Z,15,15,256925,393.0,380,3,1,-524,97,99,,,,43.5,-105.0,-115.0,72.0,74.0,28.0,26.0,9.5,-115,0,0,-9.5,-105,0,0,2025-12-28 10:00:00-08:00,2025-12-20 18:14:26.237134
256925,nfl,Jets,Patriots,127,129,scheduled,,,,,,,,,,,,,,,,,2025-12-28T18:00:00.000Z,15,15,256925,454.0,380,3,1,-524,97,99,,,,43.5,-105.0,-112.0,69.0,68.0,31.0,32.0,9.5,-115,0,0,-9.5,-105,0,0,2025-12-28 10:00:00-08:00,2025-12-21 08:14:10.508155
256925,nfl,Jets,Patriots,127,129,scheduled,,,,,,,,,,,,,,,,,2025-12-28T18:00:00.000Z,15,15,256925,484.0,372,3,1,-492,97,99,,,,43.5,-105.0,-112.0,64.0,63.0,36.0,37.0,9.5,-115,0,0,-9.5,-105,0,0,2025-12-28 10:00:00-08:00,2025-12-21 17:09:14.285057
256925,nfl,Jets,Patriots,127,129,scheduled,,,,,,,,,,,,,,,,,2025-12-28T18:00:00.000Z,15,15,256925,575.0,600,3,1,-900,97,99,,,,42.5,-110.0,-110.0,64.0,63.0,36.0,37.0,12.5,-110,0,0,-12.5,-110,0,0,2025-12-28 10:00:00-08:00,2025-12-22 00:56:11.807037
256925,nfl,Jets,Patriots,127,129,scheduled,,,,,,,,,,,,,,,,,2025-12-28T18:00:00.000Z,15,15,256925,732.0,600,3,1,-900,97,99,,,,43.5,-110.0,-110.0,64.0,63.0,36.0,37.0,12.5,-105,0,0,-12.5,-115,0,0,2025-12-28 10:00:00-08:00,2025-12-22 05:16:38.931932
256925,nfl,Jets,Patriots,127,129,scheduled,,,,,,,,,,,,,,,,,2025-12-28T18:00:00.000Z,15,15,256925,782.0,600,3,1,-900,97,99,,,,42.5,-111.0,-110.0,64.0,63.0,36.0,37.0,12.5,-105,0,0,-12.5,-115,0,0,2025-12-28 10:00:00-08:00,2025-12-22 06:19:29.669790
256925,nfl,Jets,Patriots,127,129,scheduled,,,,,,,,,,,,,,,,,2025-12-28T18:00:00.000Z,15,15,256925,848.0,600,3,1,-900,97,99,,,,42.5,-114.0,-111.0,64.0,59.0,36.0,41.0,12.5,-105,0,0,-12.5,-115,0,0,2025-12-28 10:00:00-08:00,2025-12-22 10:13:03.114080
256925,nfl,Jets,Patriots,127,129,scheduled,,,,,,,,,,,,,,,,,2025-12-28T18:00:00.000Z,15,15,256925,908.0,600,3,1,-900,97,99,,,,43.5,-110.0,-110.0,64.0,60.0,36.0,40.0,12.5,-105,0,0,-12.5,-115,0,0,2025-12-28 10:00:00-08:00,2025-12-22 12:22:15.261338
256925,nfl,Jets,Patriots,127,129,scheduled,,,,,,,,,,,,,,,,,2025-12-28T18:00:00.000Z,15,15,256925,1292.0,650,3,1,-900,97,99,,,,43.5,-102.0,-110.0,66.0,63.0,34.0,37.0,13.5,-110,22,71,-13.5,-110,78,29,2025-12-28 10:00:00-08:00,2025-12-22 18:16:58.565478
256925,nfl,Jets,Patriots,127,129,scheduled,,,,,,,,,,,,,,,,,2025-12-28T18:00:00.000Z,15,15,256925,1312.0,650,3,1,-900,97,99,,,,43.5,-102.0,-110.0,66.0,63.0,34.0,37.0,12.5,-105,22,70,-12.5,-115,78,30,2025-12-28 10:00:00-08:00,2025-12-22 19:10:34.794180
256925,nfl,Jets,Patriots,127,129,scheduled,,,,,,,,,,,,,,,,,2025-12-28T18:00:00.000Z,15,15,256925,1383.0,650,3,1,-900,97,99,,,,43.0,-110.0,-110.0,66.0,63.0,34.0,37.0,13.5,-110,21,71,-13.5,-110,79,29,2025-12-28 10:00:00-08:00,2025-12-22 20:12:36.333781
256925,nfl,Jets,Patriots,127,129,scheduled,,,,,,,,,,,,,,,,,2025-12-28T18:00:00.000Z,15,15,256925,1529.0,675,3,1,-900,97,99,,,,43.0,-110.0,-110.0,67.0,66.0,33.0,34.0,13.5,-110,22,70,-13.5,-110,78,30,2025-12-28 10:00:00-08:00,2025-12-22 23:11:04.221025
256925,nfl,Jets,Patriots,127,129,scheduled,,,,,,,,,,,,,,,,,2025-12-28T18:00:00.000Z,15,15,256925,2135.0,660,3,6,-900,97,94,,,,43.0,-110.0,-110.0,70.0,70.0,30.0,30.0,13.5,-110,20,58,-13.5,-110,80,42,2025-12-28 10:00:00-08:00,2025-12-23 14:17:10.922397
256925,nfl,Jets,Patriots,127,129,scheduled,,,,,,,,,,,,,,,,,2025-12-28T18:00:00.000Z,15,15,256925,2196.0,650,3,6,-950,97,94,,,,43.0,-110.0,-110.0,70.0,70.0,30.0,30.0,13.5,-110,20,57,-13.5,-110,80,43,2025-12-28 10:00:00-08:00,2025-12-23 15:12:27.858291
256925,nfl,Jets,Patriots,127,129,scheduled,,,,,,,,,,,,,,,,,2025-12-28T18:00:00.000Z,15,15,256925,2282.0,675,3,6,-1000,97,94,,,,43.0,-110.0,-110.0,70.0,68.0,30.0,32.0,13.5,-110,21,53,-13.5,-110,79,47,2025-12-28 10:00:00-08:00,2025-12-23 16:14:41.664935
256925,nfl,Jets,Patriots,127,129,scheduled,,,,,,,,,,,,,,,,,2025-12-28T18:00:00.000Z,15,15,256925,2377.0,675,3,5,-1000,97,95,,,,42.5,-118.0,-110.0,70.0,68.0,30.0,32.0,13.5,-110,21,52,-13.5,-110,79,48,2025-12-28 10:00:00-08:00,2025-12-23 17:12:43.843165
256925,nfl,Jets,Patriots,127,129,scheduled,,,,,,,,,,,,,,,,,2025-12-28T18:00:00.000Z,15,15,256925,2458.0,700,3,5,-1050,97,95,,,,42.5,-118.0,-110.0,70.0,67.0,30.0,33.0,13.5,-110,21,52,-13.5,-110,79,48,2025-12-28 10:00:00-08:00,2025-12-23 18:17:16.120344
256925,nfl,Jets,Patriots,127,129,scheduled,,,,,,,,,,,,,,,,,2025-12-28T18:00:00.000Z,15,15,256925,2529.0,700,3,4,-1100,97,96,,,,42.5,-118.0,-110.0,70.0,67.0,30.0,33.0,13.5,-110,21,51,-13.5,-110,79,49,2025-12-28 10:00:00-08:00,2025-12-23 19:11:23.939282
256925,nfl,Jets,Patriots,127,129,scheduled,,,,,,,,,,,,,,,,,2025-12-28T18:00:00.000Z,15,15,256925,2776.0,675,3,4,-1100,97,96,,,,42.5,-118.0,-110.0,67.0,65.0,33.0,35.0,13.5,-110,20,46,-13.5,-110,80,54,2025-12-28 10:00:00-08:00,2025-12-23 22:11:17.550605
256925,nfl,Jets,Patriots,127,129,scheduled,,,,,,,,,,,,,,,,,2025-12-28T18:00:00.000Z,15,15,256925,3019.0,675,3,4,-1100,97,96,,,,42.5,-118.0,-105.0,67.0,65.0,33.0,35.0,13.5,-110,20,43,-13.5,-110,80,57,2025-12-28 10:00:00-08:00,2025-12-24 00:52:58.834144
256925,nfl,Jets,Patriots,127,129,scheduled,,,,,,,,,,,,,,,,,2025-12-28T18:00:00.000Z,15,15,256925,3276.0,700,3,4,-1100,97,96,,,,42.5,-118.0,-105.0,67.0,65.0,33.0,35.0,13.5,-110,19,40,-13.5,-110,81,60,2025-12-28 10:00:00-08:00,2025-12-24 03:53:02.193110
256925,nfl,Jets,Patriots,127,129,scheduled,,,,,,,,,,,,,,,,,2025-12-28T18:00:00.000Z,15,15,256925,4937.0,675,3,4,-1100,97,96,,,,42.5,-118.0,-105.0,38.0,46.0,62.0,54.0,13.5,-110,18,31,-13.5,-110,82,69,2025-12-28 10:00:00-08:00,2025-12-24 21:10:22.009660
256925,nfl,Jets,Patriots,127,129,scheduled,,,,,,,,,,,,,,,,,2025-12-28T18:00:00.000Z,15,15,256925,5573.0,675,3,5,-1050,97,95,,,,42.5,-118.0,-105.0,39.0,43.0,61.0,57.0,13.5,-110,18,28,-13.5,-110,82,72,2025-12-28 10:00:00-08:00,2025-12-25 03:55:25.769626
256925,nfl,Jets,Patriots,127,129,scheduled,,,,,,,,,,,,,,,,,2025-12-28T18:00:00.000Z,15,15,256925,7396.0,650,3,5,-1050,97,95,,,,42.5,-118.0,-105.0,38.0,41.0,62.0,59.0,13.5,-110,17,21,-13.5,-110,83,79,2025-12-28 10:00:00-08:00,2025-12-25 20:12:42.476949
256925,nfl,Jets,Patriots,127,129,scheduled,,,,,,,,,,,,,,,,,2025-12-28T18:00:00.000Z,15,15,256925,9123.0,700,3,9,-1050,97,91,,,,42.5,-118.0,-105.0,40.0,42.0,60.0,58.0,13.5,-110,19,23,-13.5,-110,81,77,2025-12-28 10:00:00-08:00,2025-12-26 17:09:41.955264
256925,nfl,Jets,Patriots,127,129,scheduled,,,,,,,,,,,,,,,,,2025-12-28T18:00:00.000Z,15,15,256925,9627.0,675,3,12,-1050,97,88,,,,42.5,-118.0,-105.0,40.0,41.0,60.0,59.0,13.5,-110,20,23,-13.5,-110,80,77,2025-12-28 10:00:00-08:00,2025-12-26 20:11:58.806493
256925,nfl,Jets,Patriots,127,129,scheduled,,,,,,,,,,,,,,,,,2025-12-28T18:00:00.000Z,15,15,256925,10137.0,700,3,12,-1050,97,88,,,,42.5,-118.0,-105.0,41.0,41.0,59.0,59.0,13.5,-110,20,23,-13.5,-110,80,77,2025-12-28 10:00:00-08:00,2025-12-26 22:11:05.868112
256925,nfl,Jets,Patriots,127,129,scheduled,,,,,,,,,,,,,,,,,2025-12-28T18:00:00.000Z,15,15,256925,10915.0,675,3,12,-1050,97,88,,,,42.5,-118.0,-105.0,41.0,41.0,59.0,59.0,13.5,-110,22,25,-13.5,-110,78,75,2025-12-28 10:00:00-08:00,2025-12-27 02:45:26.354219
256925,nfl,Jets,Patriots,127,129,scheduled,,,,,,,,,,,,,,,,,2025-12-28T18:00:00.000Z,15,15,256925,13232.0,675,3,12,-1050,97,88,,,,42.5,-115.0,-108.0,42.0,41.0,58.0,59.0,13.5,-110,24,28,-13.5,-110,76,72,2025-12-28 10:00:00-08:00,2025-12-27 18:15:21.593820
256925,nfl,Jets,Patriots,127,129,scheduled,,,,,,,,,,,,,,,,,2025-12-28T18:00:00.000Z,15,15,256925,14318.0,675,3,11,-1050,97,89,,,,43.0,-110.0,-110.0,42.0,41.0,58.0,59.0,13.5,-110,24,27,-13.5,-110,76,73,2025-12-28 10:00:00-08:00,2025-12-27 22:10:37.549818
256925,nfl,Jets,Patriots,127,129,scheduled,,,,,,,,,,,,,,,,,2025-12-28T18:00:00.000Z,15,15,256925,20689.0,675,4,13,-1050,96,87,,,,42.5,-112.0,-110.0,46.0,44.0,54.0,56.0,13.5,-110,25,28,-13.5,-110,75,72,2025-12-28 10:00:00-08:00,2025-12-28 08:15:12.992681
256925,nfl,Jets,Patriots,127,129,scheduled,,,,,,,,,,,,,,,,,2025-12-28T18:00:00.000Z,15,15,256925,21007.0,675,4,13,-1050,96,87,,,,42.5,-114.0,-110.0,46.0,44.0,54.0,56.0,13.5,-110,25,27,-13.5,-110,75,73,2025-12-28 10:00:00-08:00,2025-12-28 09:11:07.181303
256925,nfl,Jets,Patriots,127,129,scheduled,,,,,,,,,,,,,,,,,2025-12-28T18:00:00.000Z,15,15,256925,21411.0,675,4,14,-1050,96,86,,,,42.5,-112.0,-110.0,47.0,44.0,53.0,56.0,13.5,-110,25,27,-13.5,-110,75,73,2025-12-28 10:00:00-08:00,2025-12-28 10:11:08.388558
256925,nfl,Jets,Patriots,127,129,scheduled,,,,,,,,,,,,,,,,,2025-12-28T18:00:00.000Z,15,15,256925,27818.0,675,4,12,-1050,96,88,,,,42.5,-112.0,-110.0,50.0,46.0,50.0,54.0,13.5,-105,25,28,-13.5,-115,75,72,2025-12-28 10:00:00-08:00,2025-12-28 15:10:53.771829
256925,nfl,Jets,Patriots,127,129,scheduled,,,,,,,,,,,,,,,,,2025-12-28T18:00:00.000Z,15,15,256925,33947.0,675,4,12,-1050,96,88,,,,42.0,-110.0,-110.0,51.0,50.0,49.0,50.0,13.5,-105,25,28,-13.5,-115,75,72,2025-12-28 10:00:00-08:00,2025-12-28 16:12:43.249346
256925,nfl,Jets,Patriots,127,129,scheduled,,,,,,,,,,,,,,,,,2025-12-28T18:00:00.000Z,15,15,256925,44534.0,650,4,12,-1050,96,88,,,,42.0,-110.0,-110.0,51.0,50.0,49.0,50.0,13.5,-110,25,28,-13.5,-110,75,72,2025-12-28 10:00:00-08:00,2025-12-28 17:09:55.421727
256920,nfl,Titans,Saints,135,152,scheduled,,,,,,,,,,,,,,,,,2025-12-28T18:00:00.000Z,15,15,256920,95.0,105,21,9,-125,79,91,,,,39.5,-110.0,-110.0,0.0,0.0,0.0,0.0,1.5,-110,0,0,-1.5,-110,0,0,2025-12-28 10:00:00-08:00,2025-12-17 12:24:30.300038
256920,nfl,Titans,Saints,135,152,scheduled,,,,,,,,,,,,,,,,,2025-12-28T18:00:00.000Z,15,15,256920,95.0,120,17,11,-142,83,89,,,,38.5,-118.0,-102.0,73.0,81.0,27.0,19.0,2.5,-108,0,0,-2.5,-112,0,0,2025-12-28 10:00:00-08:00,2025-12-19 03:52:54.606903
256920,nfl,Titans,Saints,135,152,scheduled,,,,,,,,,,,,,,,,,2025-12-28T18:00:00.000Z,15,15,256920,156.0,119,20,20,-140,80,80,,,,39.0,-111.0,-106.0,82.0,90.0,18.0,10.0,2.5,-109,0,0,-2.5,-111,0,0,2025-12-28 10:00:00-08:00,2025-12-20 18:14:26.237134
256920,nfl,Titans,Saints,135,152,scheduled,,,,,,,,,,,,,,,,,2025-12-28T18:00:00.000Z,15,15,256920,191.0,120,15,19,-141,85,81,,,,39.0,-114.0,-106.0,81.0,90.0,19.0,10.0,2.5,-108,0,0,-2.5,-112,0,0,2025-12-28 10:00:00-08:00,2025-12-21 08:14:10.508155
256920,nfl,Titans,Saints,135,152,scheduled,,,,,,,,,,,,,,,,,2025-12-28T18:00:00.000Z,15,15,256920,196.0,120,16,18,-141,84,82,,,,38.5,-118.0,-106.0,77.0,87.0,23.0,13.0,2.5,-108,0,0,-2.5,-112,0,0,2025-12-28 10:00:00-08:00,2025-12-21 16:12:12.540404
256920,nfl,Titans,Saints,135,152,scheduled,,,,,,,,,,,,,,,,,2025-12-28T18:00:00.000Z,15,15,256920,277.0,125,15,16,-150,85,84,,,,39.5,-110.0,-110.0,76.0,85.0,24.0,15.0,2.5,-105,0,0,-2.5,-115,0,0,2025-12-28 10:00:00-08:00,2025-12-22 00:56:11.807037
256920,nfl,Titans,Saints,135,152,scheduled,,,,,,,,,,,,,,,,,2025-12-28T18:00:00.000Z,15,15,256920,413.0,125,16,17,-152,84,83,,,,39.5,-110.0,-110.0,76.0,83.0,24.0,17.0,2.5,-105,0,0,-2.5,-115,0,0,2025-12-28 10:00:00-08:00,2025-12-22 02:56:09.426305
256920,nfl,Titans,Saints,135,152,scheduled,,,,,,,,,,,,,,,,,2025-12-28T18:00:00.000Z,15,15,256920,474.0,125,17,17,-150,83,83,,,,38.5,-110.0,-115.0,76.0,84.0,24.0,16.0,2.5,-105,0,0,-2.5,-115,0,0,2025-12-28 10:00:00-08:00,2025-12-22 04:01:21.802956
256920,nfl,Titans,Saints,135,152,scheduled,,,,,,,,,,,,,,,,,2025-12-28T18:00:00.000Z,15,15,256920,742.0,125,19,24,-150,81,76,,,,39.5,-105.0,-111.0,77.0,84.0,23.0,16.0,2.5,-105,0,0,-2.5,-115,0,0,2025-12-28 10:00:00-08:00,2025-12-22 06:19:29.669790
256920,nfl,Titans,Saints,135,152,scheduled,,,,,,,,,,,,,,,,,2025-12-28T18:00:00.000Z,15,15,256920,787.0,125,20,35,-150,80,65,,,,39.5,-105.0,-110.0,77.0,85.0,23.0,15.0,2.5,-105,0,0,-2.5,-115,0,0,2025-12-28 10:00:00-08:00,2025-12-22 07:16:43.338798
256920,nfl,Titans,Saints,135,152,scheduled,,,,,,,,,,,,,,,,,2025-12-28T18:00:00.000Z,15,15,256920,903.0,125,21,34,-150,79,66,,,,39.5,-105.0,-115.0,74.0,82.0,26.0,18.0,2.5,-105,79,75,-2.5,-115,21,25,2025-12-28 10:00:00-08:00,2025-12-22 13:28:02.150272
256920,nfl,Titans,Saints,135,152,scheduled,,,,,,,,,,,,,,,,,2025-12-28T18:00:00.000Z,15,15,256920,1105.0,125,21,34,-150,79,66,,,,39.5,-105.0,-110.0,74.0,83.0,26.0,17.0,2.5,-105,79,75,-2.5,-115,21,25,2025-12-28 10:00:00-08:00,2025-12-22 16:14:00.584446
256920,nfl,Titans,Saints,135,152,scheduled,,,,,,,,,,,,,,,,,2025-12-28T18:00:00.000Z,15,15,256920,1327.0,120,24,41,-145,76,59,,,,39.5,-105.0,-111.0,75.0,84.0,25.0,16.0,2.5,-105,74,70,-2.5,-115,26,30,2025-12-28 10:00:00-08:00,2025-12-22 20:12:36.333781
256920,nfl,Titans,Saints,135,152,scheduled,,,,,,,,,,,,,,,,,2025-12-28T18:00:00.000Z,15,15,256920,1549.0,124,25,40,-148,75,60,,,,39.5,-105.0,-111.0,75.0,82.0,25.0,18.0,2.5,-105,71,68,-2.5,-115,29,32,2025-12-28 10:00:00-08:00,2025-12-23 00:53:30.430330
256920,nfl,Titans,Saints,135,152,scheduled,,,,,,,,,,,,,,,,,2025-12-28T18:00:00.000Z,15,15,256920,1913.0,124,26,38,-148,74,62,,,,39.5,-110.0,-110.0,76.0,84.0,24.0,16.0,2.5,-105,68,64,-2.5,-115,32,36,2025-12-28 10:00:00-08:00,2025-12-23 07:16:21.993356
256920,nfl,Titans,Saints,135,152,scheduled,,,,,,,,,,,,,,,,,2025-12-28T18:00:00.000Z,15,15,256920,4670.0,125,30,36,-150,70,64,,,,39.5,-110.0,-110.0,78.0,86.0,22.0,14.0,2.5,-105,56,50,-2.5,-115,44,50,2025-12-28 10:00:00-08:00,2025-12-24 17:09:35.629600
256920,nfl,Titans,Saints,135,152,scheduled,,,,,,,,,,,,,,,,,2025-12-28T18:00:00.000Z,15,15,256920,15125.0,125,26,45,-150,74,55,,,,39.5,-110.0,-110.0,70.0,78.0,30.0,22.0,2.5,-106,48,41,-2.5,-114,52,59,2025-12-28 10:00:00-08:00,2025-12-27 14:10:09.105416
256920,nfl,Titans,Saints,135,152,scheduled,,,,,,,,,,,,,,,,,2025-12-28T18:00:00.000Z,15,15,256920,15635.0,125,26,44,-150,74,56,,,,39.5,-110.0,-110.0,70.0,78.0,30.0,22.0,2.5,-110,48,40,-2.5,-110,52,60,2025-12-28 10:00:00-08:00,2025-12-27 15:10:27.408251
256920,nfl,Titans,Saints,135,152,scheduled,,,,,,,,,,,,,,,,,2025-12-28T18:00:00.000Z,15,15,256920,16095.0,120,26,44,-145,74,56,,,,39.5,-110.0,-110.0,70.0,78.0,30.0,22.0,2.5,-110,48,40,-2.5,-110,52,60,2025-12-28 10:00:00-08:00,2025-12-27 16:12:35.498777
256920,nfl,Titans,Saints,135,152,scheduled,,,,,,,,,,,,,,,,,2025-12-28T18:00:00.000Z,15,15,256920,19427.0,120,26,43,-140,74,57,,,,39.5,-110.0,-110.0,70.0,76.0,30.0,24.0,2.5,-110,49,40,-2.5,-110,51,60,2025-12-28 10:00:00-08:00,2025-12-27 22:10:37.549818
256920,nfl,Titans,Saints,135,152,scheduled,,,,,,,,,,,,,,,,,2025-12-28T18:00:00.000Z,15,15,256920,22542.0,105,27,41,-125,73,59,,,,39.5,-110.0,-110.0,70.0,76.0,30.0,24.0,1.5,-110,47,42,-1.5,-110,53,58,2025-12-28 10:00:00-08:00,2025-12-28 03:06:32.710666
256920,nfl,Titans,Saints,135,152,scheduled,,,,,,,,,,,,,,,,,2025-12-28T18:00:00.000Z,15,15,256920,30711.0,105,28,39,-125,72,61,,,,39.5,-115.0,-105.0,72.0,74.0,28.0,26.0,1.5,-115,46,60,-1.5,-110,54,40,2025-12-28 10:00:00-08:00,2025-12-28 11:09:38.837778
256920,nfl,Titans,Saints,135,152,scheduled,,,,,,,,,,,,,,,,,2025-12-28T18:00:00.000Z,15,15,256920,32907.0,105,28,39,-122,72,61,,,,39.5,-115.0,-105.0,69.0,71.0,31.0,29.0,1.5,-110,46,59,-1.5,-110,54,41,2025-12-28 10:00:00-08:00,2025-12-28 13:23:27.247143
256920,nfl,Titans,Saints,135,152,scheduled,,,,,,,,,,,,,,,,,2025-12-28T18:00:00.000Z,15,15,256920,34826.0,105,28,39,-125,72,61,,,,39.5,-115.0,-105.0,69.0,71.0,31.0,29.0,1.5,-110,46,59,-1.5,-110,54,41,2025-12-28 10:00:00-08:00,2025-12-28 14:10:52.394624
256920,nfl,Titans,Saints,135,152,scheduled,,,,,,,,,,,,,,,,,2025-12-28T18:00:00.000Z,15,15,256920,45806.0,105,29,38,-125,71,62,,,,39.5,-108.0,-112.0,69.0,70.0,31.0,30.0,1.5,-110,46,53,-1.5,-110,54,47,2025-12-28 10:00:00-08:00,2025-12-28 16:12:43.249346
256920,nfl,Titans,Saints,135,152,scheduled,,,,,,,,,,,,,,,,,2025-12-28T18:00:00.000Z,15,15,256920,57484.0,105,29,38,-125,71,62,,,,39.5,-108.0,-112.0,69.0,70.0,31.0,30.0,1.5,-110,46,53,-1.5,-110,54,47,2025-12-28 10:00:00-08:00,2025-12-28 17:09:55.421727
256779,nfl,Giants,Vikings,144,148,scheduled,,,,,,,,,,,,,,,,,2025-12-21T18:00:00.000Z,15,15,256779,4049.0,130,18,16,-155,82,84,,,,43.5,-111.0,-110.0,76.0,77.0,24.0,23.0,3.0,-115,37,32,-3.0,-105,63,68,2025-12-21 10:00:00-08:00,2025-12-17 12:24:30.300038
256779,nfl,Giants,Vikings,144,148,scheduled,,,,,,,,,,,,,,,,,2025-12-21T18:00:00.000Z,15,15,256779,10051.0,130,18,15,-155,82,85,,,,43.5,-110.0,-110.0,55.0,55.0,45.0,45.0,3.0,-115,31,38,-3.0,-105,69,62,2025-12-21 10:00:00-08:00,2025-12-19 00:19:20.491962
256779,nfl,Giants,Vikings,144,148,scheduled,,,,,,,,,,,,,,,,,2025-12-21T18:00:00.000Z,15,15,256779,11243.0,130,18,14,-155,82,86,,,,43.5,-110.0,-110.0,56.0,57.0,44.0,43.0,2.5,-102,31,36,-2.5,-118,69,64,2025-12-21 10:00:00-08:00,2025-12-19 11:10:47.052529
256779,nfl,Giants,Vikings,144,148,scheduled,,,,,,,,,,,,,,,,,2025-12-21T18:00:00.000Z,15,15,256779,11753.0,125,18,14,-150,82,86,,,,43.5,-110.0,-110.0,57.0,58.0,43.0,42.0,2.5,-102,31,36,-2.5,-118,69,64,2025-12-21 10:00:00-08:00,2025-12-19 15:12:12.617456
256779,nfl,Giants,Vikings,144,148,scheduled,,,,,,,,,,,,,,,,,2025-12-21T18:00:00.000Z,15,15,256779,12520.0,125,18,14,-150,82,86,,,,43.5,-105.0,-115.0,57.0,58.0,43.0,42.0,2.5,-102,31,36,-2.5,-118,69,64,2025-12-21 10:00:00-08:00,2025-12-19 18:16:25.986902
256779,nfl,Giants,Vikings,144,148,scheduled,,,,,,,,,,,,,,,,,2025-12-21T18:00:00.000Z,15,15,256779,13055.0,125,18,14,-150,82,86,,,,43.5,-105.0,-112.0,58.0,59.0,42.0,41.0,2.5,-102,31,36,-2.5,-118,69,64,2025-12-21 10:00:00-08:00,2025-12-19 20:12:37.850628
256779,nfl,Giants,Vikings,144,148,scheduled,,,,,,,,,,,,,,,,,2025-12-21T18:00:00.000Z,15,15,256779,13368.0,125,18,14,-150,82,86,,,,43.5,-105.0,-115.0,66.0,68.0,34.0,32.0,2.5,-102,31,36,-2.5,-118,69,64,2025-12-21 10:00:00-08:00,2025-12-19 21:10:53.584146
256779,nfl,Giants,Vikings,144,148,scheduled,,,,,,,,,,,,,,,,,2025-12-21T18:00:00.000Z,15,15,256779,47195.0,125,18,11,-150,82,89,,,,42.5,-104.0,-118.0,68.0,58.0,32.0,42.0,2.5,-102,32,35,-2.5,-118,68,65,2025-12-21 10:00:00-08:00,2025-12-21 16:12:12.540404
256779,nfl,Giants,Vikings,144,148,scheduled,,,,,,,,,,,,,,,,,2025-12-21T18:00:00.000Z,15,15,256779,59276.0,125,18,12,-150,82,88,,,,41.5,-115.0,-111.0,68.0,61.0,32.0,39.0,2.5,-102,33,42,-2.5,-118,67,58,2025-12-21 10:00:00-08:00,2025-12-21 17:09:14.285057
256789,nfl,Dolphins,Bengals,126,128,scheduled,,,,,,,,,,,,,,,,,2025-12-21T18:00:00.000Z,15,15,256789,4089.0,180,36,35,-220,64,65,,,,47.5,-110.0,-110.0,72.0,72.0,28.0,28.0,4.0,-110,47,28,-4.0,-110,53,72,2025-12-21 10:00:00-08:00,2025-12-17 12:24:30.300038
256789,nfl,Dolphins,Bengals,126,128,scheduled,,,,,,,,,,,,,,,,,2025-12-21T18:00:00.000Z,15,15,256789,8486.0,175,29,29,-213,71,71,,,,47.5,-110.0,-110.0,56.0,58.0,44.0,42.0,4.0,-110,46,32,-4.0,-110,54,68,2025-12-21 10:00:00-08:00,2025-12-19 00:19:20.491962
256789,nfl,Dolphins,Bengals,126,128,scheduled,,,,,,,,,,,,,,,,,2025-12-21T18:00:00.000Z,15,15,256789,10824.0,175,26,26,-220,74,74,,,,47.5,-110.0,-110.0,56.0,57.0,44.0,43.0,4.0,-110,42,29,-4.0,-110,58,71,2025-12-21 10:00:00-08:00,2025-12-19 17:11:17.588207
256789,nfl,Dolphins,Bengals,126,128,scheduled,,,,,,,,,,,,,,,,,2025-12-21T18:00:00.000Z,15,15,256789,11379.0,180,25,26,-220,75,74,,,,47.5,-110.0,-110.0,56.0,57.0,44.0,43.0,4.0,-110,42,29,-4.0,-110,58,71,2025-12-21 10:00:00-08:00,2025-12-19 18:16:25.986902
256789,nfl,Dolphins,Bengals,126,128,scheduled,,,,,,,,,,,,,,,,,2025-12-21T18:00:00.000Z,15,15,256789,17761.0,180,22,20,-220,78,80,,,,47.5,-111.0,-110.0,57.0,58.0,43.0,42.0,4.0,-110,48,47,-4.0,-110,52,53,2025-12-21 10:00:00-08:00,2025-12-20 21:09:04.508913
256789,nfl,Dolphins,Bengals,126,128,scheduled,,,,,,,,,,,,,,,,,2025-12-21T18:00:00.000Z,15,15,256789,18190.0,180,22,19,-220,78,81,,,,48.5,-110.0,-110.0,57.0,57.0,43.0,43.0,4.5,-110,48,47,-4.5,-110,52,53,2025-12-21 10:00:00-08:00,2025-12-20 22:10:07.555969
256789,nfl,Dolphins,Bengals,126,128,scheduled,,,,,,,,,,,,,,,,,2025-12-21T18:00:00.000Z,15,15,256789,18463.0,180,22,19,-220,78,81,,,,47.5,-115.0,-111.0,57.0,57.0,43.0,43.0,4.0,-110,48,46,-4.0,-110,52,54,2025-12-21 10:00:00-08:00,2025-12-20 23:10:31.269795
256789,nfl,Dolphins,Bengals,126,128,scheduled,,,,,,,,,,,,,,,,,2025-12-21T18:00:00.000Z,15,15,256789,18831.0,180,22,19,-220,78,81,,,,48.5,-110.0,-110.0,57.0,55.0,43.0,45.0,4.5,-110,47,47,-4.5,-110,53,53,2025-12-21 10:00:00-08:00,2025-12-21 00:57:18.589631
256789,nfl,Dolphins,Bengals,126,128,scheduled,,,,,,,,,,,,,,,,,2025-12-21T18:00:00.000Z,15,15,256789,29272.0,180,21,16,-220,79,84,,,,48.5,-110.0,-110.0,56.0,52.0,44.0,48.0,4.5,-110,42,42,-4.5,-111,58,58,2025-12-21 10:00:00-08:00,2025-12-21 11:09:27.252841
256789,nfl,Dolphins,Bengals,126,128,scheduled,,,,,,,,,,,,,,,,,2025-12-21T18:00:00.000Z,15,15,256789,39364.0,180,21,18,-220,79,82,,,,48.5,-110.0,-110.0,56.0,52.0,44.0,48.0,4.5,-110,42,48,-4.5,-110,58,52,2025-12-21 10:00:00-08:00,2025-12-21 15:10:27.450183
256789,nfl,Dolphins,Bengals,126,128,scheduled,,,,,,,,,,,,,,,,,2025-12-21T18:00:00.000Z,15,15,256789,47043.0,180,21,19,-218,79,81,,,,48.5,-110.0,-110.0,62.0,59.0,38.0,41.0,4.0,-110,41,54,-4.0,-110,59,46,2025-12-21 10:00:00-08:00,2025-12-21 16:12:12.540404
256789,nfl,Dolphins,Bengals,126,128,scheduled,,,,,,,,,,,,,,,,,2025-12-21T18:00:00.000Z,15,15,256789,59428.0,176,20,33,-210,80,67,,,,48.5,-110.0,-110.0,62.0,63.0,38.0,37.0,3.5,-102,40,53,-3.5,-120,60,47,2025-12-21 10:00:00-08:00,2025-12-21 17:09:14.285057
256929,nfl,Falcons,Rams,151,251,scheduled,,,,,,,,,,,,,,,,,2025-12-30T01:15:00.000Z,15,15,256929,141.0,350,1,0,-455,99,100,,,,48.5,-110.0,-110.0,0.0,0.0,0.0,0.0,8.5,-110,0,0,-8.5,-110,0,0,2025-12-29 17:15:00-08:00,2025-12-17 12:24:30.300038
256929,nfl,Falcons,Rams,151,251,scheduled,,,,,,,,,,,,,,,,,2025-12-30T01:15:00.000Z,15,15,256929,166.0,410,2,0,-550,98,100,,,,48.5,-110.0,-110.0,36.0,34.0,64.0,66.0,9.5,-110,0,0,-9.5,-110,0,0,2025-12-29 17:15:00-08:00,2025-12-19 06:17:51.250775
256929,nfl,Falcons,Rams,151,251,scheduled,,,,,,,,,,,,,,,,,2025-12-30T01:15:00.000Z,15,15,256929,196.0,390,3,2,-550,97,98,,,,48.5,-110.0,-110.0,36.0,30.0,64.0,70.0,9.5,-110,0,0,-9.5,-110,0,0,2025-12-29 17:15:00-08:00,2025-12-19 21:10:53.584146
256929,nfl,Falcons,Rams,151,251,scheduled,,,,,,,,,,,,,,,,,2025-12-30T01:15:00.000Z,15,15,256929,196.0,390,4,2,-520,96,98,,,,48.5,-110.0,-110.0,36.0,30.0,64.0,70.0,9.5,-110,0,0,-9.5,-110,0,0,2025-12-29 17:15:00-08:00,2025-12-19 22:11:36.891312
256929,nfl,Falcons,Rams,151,251,scheduled,,,,,,,,,,,,,,,,,2025-12-30T01:15:00.000Z,15,15,256929,232.0,330,3,21,-425,97,79,,,,48.5,-110.0,-110.0,39.0,32.0,61.0,68.0,7.5,-110,0,0,-7.5,-110,0,0,2025-12-29 17:15:00-08:00,2025-12-20 09:10:55.942772
256929,nfl,Falcons,Rams,151,251,scheduled,,,,,,,,,,,,,,,,,2025-12-30T01:15:00.000Z,15,15,256929,429.0,380,3,19,-500,97,81,,,,48.5,-115.0,-105.0,41.0,33.0,59.0,67.0,8.5,-110,0,0,-8.5,-110,0,0,2025-12-29 17:15:00-08:00,2025-12-22 00:56:11.807037
256929,nfl,Falcons,Rams,151,251,scheduled,,,,,,,,,,,,,,,,,2025-12-30T01:15:00.000Z,15,15,256929,610.0,387,3,19,-537,97,81,,,,49.5,-110.0,-110.0,41.0,33.0,59.0,67.0,8.5,-110,0,0,-8.5,-110,0,0,2025-12-29 17:15:00-08:00,2025-12-22 02:56:09.426305
256929,nfl,Falcons,Rams,151,251,scheduled,,,,,,,,,,,,,,,,,2025-12-30T01:15:00.000Z,15,15,256929,646.0,362,3,19,-500,97,81,,,,49.5,-110.0,-110.0,41.0,33.0,59.0,67.0,8.5,-112,0,0,-8.5,-107,0,0,2025-12-29 17:15:00-08:00,2025-12-22 04:01:21.802956
256929,nfl,Falcons,Rams,151,251,scheduled,,,,,,,,,,,,,,,,,2025-12-30T01:15:00.000Z,15,15,256929,1176.0,367,3,15,-500,97,85,,,,49.5,-110.0,-110.0,42.0,35.0,58.0,65.0,8.5,-112,0,0,-8.5,-107,0,0,2025-12-29 17:15:00-08:00,2025-12-22 17:10:51.130712
256929,nfl,Falcons,Rams,151,251,scheduled,,,,,,,,,,,,,,,,,2025-12-30T01:15:00.000Z,15,15,256929,1368.0,355,3,14,-474,97,86,,,,49.5,-110.0,-110.0,42.0,36.0,58.0,64.0,8.5,-115,0,0,-8.5,-105,0,0,2025-12-29 17:15:00-08:00,2025-12-22 20:12:36.333781
256929,nfl,Falcons,Rams,151,251,scheduled,,,,,,,,,,,,,,,,,2025-12-30T01:15:00.000Z,15,15,256929,1403.0,340,3,13,-440,97,87,,,,49.5,-110.0,-110.0,43.0,38.0,57.0,62.0,8.0,-107,0,0,-8.0,-112,0,0,2025-12-29 17:15:00-08:00,2025-12-22 21:10:21.418784
256929,nfl,Falcons,Rams,151,251,scheduled,,,,,,,,,,,,,,,,,2025-12-30T01:15:00.000Z,15,15,256929,1565.0,350,3,13,-440,97,87,,,,49.5,-110.0,-110.0,42.0,34.0,58.0,66.0,8.0,-107,0,0,-8.0,-112,0,0,2025-12-29 17:15:00-08:00,2025-12-23 00:53:30.430330
256929,nfl,Falcons,Rams,151,251,scheduled,,,,,,,,,,,,,,,,,2025-12-30T01:15:00.000Z,15,15,256929,2095.0,350,3,11,-440,97,89,,,,49.5,-110.0,-110.0,46.0,34.0,54.0,66.0,8.5,-115,20,29,-8.5,-105,80,71,2025-12-29 17:15:00-08:00,2025-12-23 14:17:10.922397
256929,nfl,Falcons,Rams,151,251,scheduled,,,,,,,,,,,,,,,,,2025-12-30T01:15:00.000Z,15,15,256929,2276.0,350,3,11,-452,97,89,,,,49.5,-110.0,-110.0,45.0,35.0,55.0,65.0,8.5,-115,20,28,-8.5,-105,80,72,2025-12-29 17:15:00-08:00,2025-12-23 16:14:41.664935
256929,nfl,Falcons,Rams,151,251,scheduled,,,,,,,,,,,,,,,,,2025-12-30T01:15:00.000Z,15,15,256929,2897.0,350,3,10,-450,97,90,,,,49.5,-110.0,-110.0,46.0,35.0,54.0,65.0,8.0,-107,20,24,-8.0,-112,80,76,2025-12-29 17:15:00-08:00,2025-12-23 19:11:23.939282
256929,nfl,Falcons,Rams,151,251,scheduled,,,,,,,,,,,,,,,,,2025-12-30T01:15:00.000Z,15,15,256929,3342.0,350,3,9,-450,97,91,,,,49.5,-111.0,-109.0,46.0,36.0,54.0,64.0,8.0,-107,18,24,-8.0,-112,82,76,2025-12-29 17:15:00-08:00,2025-12-23 22:11:17.550605
256929,nfl,Falcons,Rams,151,251,scheduled,,,,,,,,,,,,,,,,,2025-12-30T01:15:00.000Z,15,15,256929,3624.0,350,3,9,-450,97,91,,,,49.5,-110.0,-108.0,47.0,36.0,53.0,64.0,8.0,-110,18,23,-8.0,-110,82,77,2025-12-29 17:15:00-08:00,2025-12-24 00:52:58.834144
256929,nfl,Falcons,Rams,151,251,scheduled,,,,,,,,,,,,,,,,,2025-12-30T01:15:00.000Z,15,15,256929,9274.0,350,3,5,-450,97,95,,,,49.5,-110.0,-106.0,50.0,41.0,50.0,59.0,8.0,-110,75,74,-8.0,-110,25,26,2025-12-29 17:15:00-08:00,2025-12-26 11:10:23.584512
256929,nfl,Falcons,Rams,151,251,scheduled,,,,,,,,,,,,,,,,,2025-12-30T01:15:00.000Z,15,15,256929,10375.0,350,3,5,-450,97,95,,,,49.5,-115.0,-106.0,50.0,41.0,50.0,59.0,8.0,-110,75,73,-8.0,-110,25,27,2025-12-29 17:15:00-08:00,2025-12-26 20:11:58.806493
256929,nfl,Falcons,Rams,151,251,scheduled,,,,,,,,,,,,,,,,,2025-12-30T01:15:00.000Z,15,15,256929,12944.0,350,3,5,-450,97,95,,,,49.5,-120.0,-106.0,51.0,44.0,49.0,56.0,8.0,-110,71,73,-8.0,-110,29,27,2025-12-29 17:15:00-08:00,2025-12-27 14:10:09.105416
256929,nfl,Falcons,Rams,151,251,scheduled,,,,,,,,,,,,,,,,,2025-12-30T01:15:00.000Z,15,15,256929,18140.0,350,3,5,-450,97,95,,,,49.5,-132.0,-106.0,52.0,48.0,48.0,52.0,8.0,-110,64,67,-8.0,-110,36,33,2025-12-29 17:15:00-08:00,2025-12-28 08:15:12.992681
256929,nfl,Falcons,Rams,151,251,scheduled,,,,,,,,,,,,,,,,,2025-12-30T01:15:00.000Z,15,15,256929,18336.0,350,3,5,-450,97,95,,,,50.0,-110.0,-110.0,52.0,49.0,48.0,51.0,8.0,-110,64,66,-8.0,-110,36,34,2025-12-29 17:15:00-08:00,2025-12-28 10:11:08.388558
256929,nfl,Falcons,Rams,151,251,scheduled,,,,,,,,,,,,,,,,,2025-12-30T01:15:00.000Z,15,15,256929,20078.0,315,3,5,-400,97,95,,,,49.5,-120.0,-120.0,53.0,54.0,47.0,46.0,7.5,-110,62,65,-7.5,-110,38,35,2025-12-29 17:15:00-08:00,2025-12-28 15:10:53.771829
256929,nfl,Falcons,Rams,151,251,scheduled,,,,,,,,,,,,,,,,,2025-12-30T01:15:00.000Z,15,15,256929,21199.0,315,3,5,-400,97,95,,,,49.5,-120.0,-110.0,53.0,54.0,47.0,46.0,7.5,-110,62,65,-7.5,-110,38,35,2025-12-29 17:15:00-08:00,2025-12-28 16:12:43.249346
256929,nfl,Falcons,Rams,151,251,scheduled,,,,,,,,,,,,,,,,,2025-12-30T01:15:00.000Z,15,15,256929,22699.0,315,3,5,-400,97,95,,,,49.5,-120.0,-110.0,53.0,54.0,47.0,46.0,7.5,-115,62,64,-7.5,-105,38,36,2025-12-29 17:15:00-08:00,2025-12-28 17:09:55.421727
256929,nfl,Falcons,Rams,151,251,scheduled,,,,,,,,,,,,,,,,,2025-12-30T01:15:00.000Z,15,15,256929,25495.0,315,3,5,-400,97,95,,,,49.5,-120.0,-106.0,54.0,54.0,46.0,46.0,7.5,-115,61,63,-7.5,-105,39,37,2025-12-29 17:15:00-08:00,2025-12-28 18:16:04.872989
256929,nfl,Falcons,Rams,151,251,scheduled,,,,,,,,,,,,,,,,,2025-12-30T01:15:00.000Z,15,15,256929,27076.0,325,4,5,-425,96,95,,,,49.5,-120.0,-106.0,54.0,52.0,46.0,48.0,7.5,-115,57,59,-7.5,-105,43,41,2025-12-29 17:15:00-08:00,2025-12-28 21:10:03.650143
256929,nfl,Falcons,Rams,151,251,scheduled,,,,,,,,,,,,,,,,,2025-12-30T01:15:00.000Z,15,15,256929,28217.0,325,4,6,-425,96,94,,,,49.5,-120.0,-106.0,54.0,51.0,46.0,49.0,7.5,-110,56,58,-7.5,-110,44,42,2025-12-29 17:15:00-08:00,2025-12-28 22:10:56.332363
256929,nfl,Falcons,Rams,151,251,scheduled,,,,,,,,,,,,,,,,,2025-12-30T01:15:00.000Z,15,15,256929,28611.0,300,4,6,-380,96,94,,,,49.5,-120.0,-106.0,54.0,51.0,46.0,49.0,7.5,-115,54,57,-7.5,-105,46,43,2025-12-29 17:15:00-08:00,2025-12-28 23:10:56.836228
256929,nfl,Falcons,Rams,151,251,scheduled,,,,,,,,,,,,,,,,,2025-12-30T01:15:00.000Z,15,15,256929,29433.0,310,4,6,-380,96,94,,,,49.5,-120.0,-106.0,55.0,51.0,45.0,49.0,7.5,-115,53,55,-7.5,-105,47,45,2025-12-29 17:15:00-08:00,2025-12-29 00:58:37.946408
256929,nfl,Falcons,Rams,151,251,scheduled,,,,,,,,,,,,,,,,,2025-12-30T01:15:00.000Z,15,15,256929,30963.0,300,4,6,-380,96,94,,,,49.5,-120.0,-106.0,55.0,53.0,45.0,47.0,7.5,-115,51,53,-7.5,-105,49,47,2025-12-29 17:15:00-08:00,2025-12-29 03:04:36.525929
256929,nfl,Falcons,Rams,151,251,scheduled,,,,,,,,,,,,,,,,,2025-12-30T01:15:00.000Z,15,15,256929,33442.0,295,5,6,-375,95,94,,,,49.5,-110.0,-110.0,56.0,56.0,44.0,44.0,7.5,-120,50,61,-7.5,-105,50,39,2025-12-29 17:15:00-08:00,2025-12-29 05:20:58.012143
256929,nfl,Falcons,Rams,151,251,scheduled,,,,,,,,,,,,,,,,,2025-12-30T01:15:00.000Z,15,15,256929,35128.0,295,5,6,-370,95,94,,,,49.5,-110.0,-110.0,56.0,56.0,44.0,44.0,7.5,-115,50,61,-7.5,-105,50,39,2025-12-29 17:15:00-08:00,2025-12-29 06:20:42.322318
256929,nfl,Falcons,Rams,151,251,scheduled,,,,,,,,,,,,,,,,,2025-12-30T01:15:00.000Z,15,15,256929,40520.0,295,5,9,-370,95,91,,,,49.5,-110.0,-110.0,57.0,53.0,43.0,47.0,7.5,-120,48,56,-7.5,-102,52,44,2025-12-29 17:15:00-08:00,2025-12-29 13:31:26.405633
256929,nfl,Falcons,Rams,151,251,scheduled,,,,,,,,,,,,,,,,,2025-12-30T01:15:00.000Z,15,15,256929,41394.0,295,5,9,-370,95,91,,,,49.5,-110.0,-108.0,57.0,53.0,43.0,47.0,7.5,-120,48,56,-7.5,-102,52,44,2025-12-29 17:15:00-08:00,2025-12-29 14:13:32.250284
256929,nfl,Falcons,Rams,151,251,scheduled,,,,,,,,,,,,,,,,,2025-12-30T01:15:00.000Z,15,15,256929,44797.0,295,5,9,-370,95,91,,,,49.5,-110.0,-110.0,58.0,54.0,42.0,46.0,7.5,-120,48,57,-7.5,-102,52,43,2025-12-29 17:15:00-08:00,2025-12-29 15:12:59.394836
256929,nfl,Falcons,Rams,151,251,scheduled,,,,,,,,,,,,,,,,,2025-12-30T01:15:00.000Z,15,15,256929,48649.0,295,5,9,-370,95,91,,,,49.5,-110.0,-108.0,58.0,54.0,42.0,46.0,7.5,-120,47,56,-7.5,-102,53,44,2025-12-29 17:15:00-08:00,2025-12-29 16:13:44.953517
256929,nfl,Falcons,Rams,151,251,scheduled,,,,,,,,,,,,,,,,,2025-12-30T01:15:00.000Z,15,15,256929,55056.0,275,5,9,-370,95,91,,,,49.5,-110.0,-108.0,58.0,54.0,42.0,46.0,7.5,-120,47,55,-7.5,-105,53,45,2025-12-29 17:15:00-08:00,2025-12-29 17:10:31.662811
256929,nfl,Falcons,Rams,151,251,scheduled,,,,,,,,,,,,,,,,,2025-12-30T01:15:00.000Z,15,15,256929,69899.0,275,5,7,-370,95,93,,,,49.0,-110.0,-110.0,59.0,56.0,41.0,44.0,7.5,-120,45,53,-7.5,-105,55,47,2025-12-29 17:15:00-08:00,2025-12-29 19:09:35.062004
256929,nfl,Falcons,Rams,151,251,scheduled,,,,,,,,,,,,,,,,,2025-12-30T01:15:00.000Z,15,15,256929,76523.0,275,5,7,-370,95,93,,,,49.0,-110.0,-110.0,59.0,54.0,41.0,46.0,7.5,-120,44,52,-7.5,-102,56,48,2025-12-29 17:15:00-08:00,2025-12-29 20:13:12.257705
256929,nfl,Falcons,Rams,151,251,scheduled,,,,,,,,,,,,,,,,,2025-12-30T01:15:00.000Z,15,15,256929,96677.0,280,6,7,-370,94,93,,,,49.0,-110.0,-110.0,59.0,55.0,41.0,45.0,7.5,-120,43,52,-7.5,-102,57,48,2025-12-29 17:15:00-08:00,2025-12-29 22:11:03.624866
256929,nfl,Falcons,Rams,151,251,scheduled,,,,,,,,,,,,,,,,,2025-12-30T01:15:00.000Z,15,15,256929,114686.0,280,6,8,-355,94,92,,,,49.0,-110.0,-110.0,60.0,57.0,40.0,43.0,7.0,-105,42,44,-7.0,-115,58,56,2025-12-29 17:15:00-08:00,2025-12-29 23:10:56.655569
256929,nfl,Falcons,Rams,151,251,scheduled,,,,,,,,,,,,,,,,,2025-12-30T01:15:00.000Z,15,15,256929,166420.0,295,6,9,-370,94,91,,,,49.0,-110.0,-111.0,62.0,64.0,38.0,36.0,7.5,-118,39,42,-7.5,-102,61,58,2025-12-29 17:15:00-08:00,2025-12-30 00:53:54.752783
256783,nfl,Cowboys,Chargers,140,1325,scheduled,,,,,,,,,,,,,,,,,2025-12-21T18:00:00.000Z,15,15,256783,5790.0,-135,45,32,115,55,68,,,,49.5,-111.0,-110.0,58.0,56.0,42.0,44.0,-2.5,-110,25,30,2.5,-110,75,70,2025-12-21 10:00:00-08:00,2025-12-17 12:24:30.300038
256783,nfl,Cowboys,Chargers,140,1325,scheduled,,,,,,,,,,,,,,,,,2025-12-21T18:00:00.000Z,15,15,256783,10147.0,-130,43,29,110,57,71,,,,49.5,-110.0,-110.0,41.0,44.0,59.0,56.0,-2.0,-110,25,37,2.0,-110,75,63,2025-12-21 10:00:00-08:00,2025-12-19 00:19:20.491962
256783,nfl,Cowboys,Chargers,140,1325,scheduled,,,,,,,,,,,,,,,,,2025-12-21T18:00:00.000Z,15,15,256783,13429.0,-130,42,28,110,58,72,,,,49.5,-112.0,-108.0,44.0,49.0,56.0,51.0,-2.0,-110,27,33,2.0,-110,73,67,2025-12-21 10:00:00-08:00,2025-12-19 18:16:25.986902
256783,nfl,Cowboys,Chargers,140,1325,scheduled,,,,,,,,,,,,,,,,,2025-12-21T18:00:00.000Z,15,15,256783,15514.0,-130,41,27,110,59,73,,,,50.0,-110.0,-110.0,46.0,50.0,54.0,50.0,-2.0,-110,26,32,2.0,-110,74,68,2025-12-21 10:00:00-08:00,2025-12-20 02:27:34.356497
256783,nfl,Cowboys,Chargers,140,1325,scheduled,,,,,,,,,,,,,,,,,2025-12-21T18:00:00.000Z,15,15,256783,18902.0,-130,41,30,110,59,70,,,,50.0,-110.0,-110.0,47.0,52.0,53.0,48.0,-1.5,-115,26,29,1.5,-111,74,71,2025-12-21 10:00:00-08:00,2025-12-20 19:08:11.998619
256783,nfl,Cowboys,Chargers,140,1325,scheduled,,,,,,,,,,,,,,,,,2025-12-21T18:00:00.000Z,15,15,256783,19255.0,-125,42,31,105,58,69,,,,49.5,-132.0,-105.0,47.0,52.0,53.0,48.0,-1.5,-115,26,30,1.5,-105,74,70,2025-12-21 10:00:00-08:00,2025-12-20 20:11:05.307728
256783,nfl,Cowboys,Chargers,140,1325,scheduled,,,,,,,,,,,,,,,,,2025-12-21T18:00:00.000Z,15,15,256783,19785.0,-126,41,32,108,59,68,,,,49.5,-132.0,-105.0,47.0,52.0,53.0,48.0,-1.5,-115,26,29,1.5,-105,74,71,2025-12-21 10:00:00-08:00,2025-12-20 21:09:04.508913
256783,nfl,Cowboys,Chargers,140,1325,scheduled,,,,,,,,,,,,,,,,,2025-12-21T18:00:00.000Z,15,15,256783,20573.0,-125,41,32,105,59,68,,,,49.5,-132.0,-105.0,48.0,53.0,52.0,47.0,-1.5,-112,26,29,1.5,-108,74,71,2025-12-21 10:00:00-08:00,2025-12-20 22:10:07.555969
256783,nfl,Cowboys,Chargers,140,1325,scheduled,,,,,,,,,,,,,,,,,2025-12-21T18:00:00.000Z,15,15,256783,23224.0,-125,41,31,105,59,69,,,,50.0,-110.0,-110.0,48.0,53.0,52.0,47.0,-1.5,-112,26,29,1.5,-108,74,71,2025-12-21 10:00:00-08:00,2025-12-21 02:55:34.435945
256783,nfl,Cowboys,Chargers,140,1325,scheduled,,,,,,,,,,,,,,,,,2025-12-21T18:00:00.000Z,15,15,256783,23910.0,-130,41,31,110,59,69,,,,50.0,-110.0,-110.0,47.0,52.0,53.0,48.0,-1.5,-112,27,29,1.5,-108,73,71,2025-12-21 10:00:00-08:00,2025-12-21 03:56:51.495027
256783,nfl,Cowboys,Chargers,140,1325,scheduled,,,,,,,,,,,,,,,,,2025-12-21T18:00:00.000Z,15,15,256783,29847.0,-125,41,40,105,59,60,,,,50.0,-110.0,-110.0,48.0,56.0,52.0,44.0,-1.5,-112,26,29,1.5,-108,74,71,2025-12-21 10:00:00-08:00,2025-12-21 07:11:14.465117
256783,nfl,Cowboys,Chargers,140,1325,scheduled,,,,,,,,,,,,,,,,,2025-12-21T18:00:00.000Z,15,15,256783,31307.0,-125,41,39,105,59,61,,,,50.0,-110.0,-110.0,48.0,56.0,52.0,44.0,-1.5,-110,27,31,1.5,-110,73,69,2025-12-21 10:00:00-08:00,2025-12-21 08:14:10.508155
256783,nfl,Cowboys,Chargers,140,1325,scheduled,,,,,,,,,,,,,,,,,2025-12-21T18:00:00.000Z,15,15,256783,32291.0,-125,41,38,105,59,62,,,,50.0,-110.0,-110.0,48.0,57.0,52.0,43.0,-1.5,-112,27,33,1.5,-110,73,67,2025-12-21 10:00:00-08:00,2025-12-21 09:11:04.664793
256783,nfl,Cowboys,Chargers,140,1325,scheduled,,,,,,,,,,,,,,,,,2025-12-21T18:00:00.000Z,15,15,256783,32897.0,-125,40,37,105,60,63,,,,50.0,-110.0,-110.0,48.0,57.0,52.0,43.0,-1.5,-111,26,32,1.5,-110,74,68,2025-12-21 10:00:00-08:00,2025-12-21 10:11:04.756194
256783,nfl,Cowboys,Chargers,140,1325,scheduled,,,,,,,,,,,,,,,,,2025-12-21T18:00:00.000Z,15,15,256783,34578.0,-125,40,37,105,60,63,,,,50.0,-110.0,-110.0,49.0,58.0,51.0,42.0,-1.5,-108,26,31,1.5,-112,74,69,2025-12-21 10:00:00-08:00,2025-12-21 12:19:18.964808
256783,nfl,Cowboys,Chargers,140,1325,scheduled,,,,,,,,,,,,,,,,,2025-12-21T18:00:00.000Z,15,15,256783,39273.0,-125,41,40,105,59,60,,,,50.5,-110.0,-110.0,49.0,58.0,51.0,42.0,-1.5,-108,26,29,1.5,-112,74,71,2025-12-21 10:00:00-08:00,2025-12-21 14:10:23.627512
256783,nfl,Cowboys,Chargers,140,1325,scheduled,,,,,,,,,,,,,,,,,2025-12-21T18:00:00.000Z,15,15,256783,44691.0,-116,41,41,-105,59,59,,,,50.5,-110.0,-110.0,49.0,59.0,51.0,41.0,-1.5,-105,26,28,1.5,-115,74,72,2025-12-21 10:00:00-08:00,2025-12-21 15:10:27.450183
256783,nfl,Cowboys,Chargers,140,1325,scheduled,,,,,,,,,,,,,,,,,2025-12-21T18:00:00.000Z,15,15,256783,54924.0,-125,41,45,105,59,55,,,,50.5,-110.0,-110.0,57.0,68.0,43.0,32.0,-1.5,-108,26,28,1.5,-112,74,72,2025-12-21 10:00:00-08:00,2025-12-21 16:12:12.540404
256783,nfl,Cowboys,Chargers,140,1325,scheduled,,,,,,,,,,,,,,,,,2025-12-21T18:00:00.000Z,15,15,256783,71121.0,-122,40,45,102,60,55,,,,50.5,-110.0,-105.0,58.0,71.0,42.0,29.0,-1.5,-108,26,27,1.5,-112,74,73,2025-12-21 10:00:00-08:00,2025-12-21 17:09:14.285057
256780,nfl,Panthers,Buccaneers,150,149,scheduled,,,,,,,,,,,,,,,,,2025-12-21T18:00:00.000Z,15,15,256780,5578.0,130,26,10,-155,74,90,,,,45.5,-110.0,-110.0,79.0,80.0,21.0,20.0,3.0,-112,56,38,-3.0,-108,44,62,2025-12-21 10:00:00-08:00,2025-12-17 12:24:30.300038
256780,nfl,Panthers,Buccaneers,150,149,scheduled,,,,,,,,,,,,,,,,,2025-12-21T18:00:00.000Z,15,15,256780,13288.0,130,28,10,-155,72,90,,,,45.5,-110.0,-110.0,63.0,65.0,37.0,35.0,3.0,-115,57,55,-3.0,-105,43,45,2025-12-21 10:00:00-08:00,2025-12-19 19:10:06.351339
256780,nfl,Panthers,Buccaneers,150,149,scheduled,,,,,,,,,,,,,,,,,2025-12-21T18:00:00.000Z,15,15,256780,34518.0,130,28,17,-155,72,83,,,,45.5,-110.0,-110.0,65.0,67.0,35.0,33.0,3.0,-118,55,45,-3.0,-102,45,55,2025-12-21 10:00:00-08:00,2025-12-21 08:14:10.508155
256780,nfl,Panthers,Buccaneers,150,149,scheduled,,,,,,,,,,,,,,,,,2025-12-21T18:00:00.000Z,15,15,256780,75139.0,130,27,14,-155,73,86,,,,45.0,-110.0,-110.0,70.0,73.0,30.0,27.0,3.0,-118,53,46,-3.0,-104,47,54,2025-12-21 10:00:00-08:00,2025-12-21 17:09:14.285057
256778,nfl,Titans,Chiefs,135,139,scheduled,,,,,,,,,,,,,,,,,2025-12-21T18:00:00.000Z,15,15,256778,3736.0,155,19,47,-190,81,53,,,,37.5,-110.0,-110.0,78.0,76.0,22.0,24.0,3.5,-115,44,55,-3.5,-105,56,45,2025-12-21 10:00:00-08:00,2025-12-17 12:24:30.300038
256778,nfl,Titans,Chiefs,135,139,scheduled,,,,,,,,,,,,,,,,,2025-12-21T18:00:00.000Z,15,15,256778,8532.0,145,22,44,-175,78,56,,,,37.5,-110.0,-110.0,59.0,61.0,41.0,39.0,3.0,-105,52,66,-3.0,-115,48,34,2025-12-21 10:00:00-08:00,2025-12-19 00:19:20.491962
256778,nfl,Titans,Chiefs,135,139,scheduled,,,,,,,,,,,,,,,,,2025-12-21T18:00:00.000Z,15,15,256778,10834.0,145,23,40,-170,77,60,,,,37.5,-110.0,-110.0,61.0,64.0,39.0,36.0,3.0,-110,52,53,-3.0,-110,48,47,2025-12-21 10:00:00-08:00,2025-12-19 20:12:37.850628
256778,nfl,Titans,Chiefs,135,139,scheduled,,,,,,,,,,,,,,,,,2025-12-21T18:00:00.000Z,15,15,256778,11344.0,136,23,40,-161,77,60,,,,37.5,-110.0,-110.0,62.0,64.0,38.0,36.0,3.0,-110,52,52,-3.0,-110,48,48,2025-12-21 10:00:00-08:00,2025-12-19 21:10:53.584146
256778,nfl,Titans,Chiefs,135,139,scheduled,,,,,,,,,,,,,,,,,2025-12-21T18:00:00.000Z,15,15,256778,11586.0,140,23,39,-167,77,61,,,,37.5,-110.0,-110.0,62.0,64.0,38.0,36.0,3.0,-110,53,52,-3.0,-110,47,48,2025-12-21 10:00:00-08:00,2025-12-19 22:11:36.891312
256778,nfl,Titans,Chiefs,135,139,scheduled,,,,,,,,,,,,,,,,,2025-12-21T18:00:00.000Z,15,15,256778,12000.0,136,23,37,-161,77,63,,,,37.5,-110.0,-110.0,62.0,66.0,38.0,34.0,3.0,-110,53,53,-3.0,-110,47,47,2025-12-21 10:00:00-08:00,2025-12-20 00:50:13.160550
256778,nfl,Titans,Chiefs,135,139,scheduled,,,,,,,,,,,,,,,,,2025-12-21T18:00:00.000Z,15,15,256778,12202.0,135,24,37,-161,76,63,,,,37.5,-110.0,-110.0,63.0,66.0,37.0,34.0,3.0,-110,52,54,-3.0,-110,48,46,2025-12-21 10:00:00-08:00,2025-12-20 02:27:34.356497
256778,nfl,Titans,Chiefs,135,139,scheduled,,,,,,,,,,,,,,,,,2025-12-21T18:00:00.000Z,15,15,256778,12334.0,135,24,37,-160,76,63,,,,37.5,-110.0,-110.0,63.0,66.0,37.0,34.0,3.0,-110,52,54,-3.0,-110,48,46,2025-12-21 10:00:00-08:00,2025-12-20 03:43:20.349683
256778,nfl,Titans,Chiefs,135,139,scheduled,,,,,,,,,,,,,,,,,2025-12-21T18:00:00.000Z,15,15,256778,28651.0,125,26,35,-150,74,65,,,,37.5,-110.0,-110.0,66.0,66.0,34.0,34.0,2.5,-105,50,62,-2.5,-115,50,38,2025-12-21 10:00:00-08:00,2025-12-21 14:10:23.627512
256778,nfl,Titans,Chiefs,135,139,scheduled,,,,,,,,,,,,,,,,,2025-12-21T18:00:00.000Z,15,15,256778,32281.0,130,25,35,-155,75,65,,,,37.5,-110.0,-110.0,66.0,66.0,34.0,34.0,3.0,-110,51,62,-3.0,-110,49,38,2025-12-21 10:00:00-08:00,2025-12-21 15:10:27.450183
256778,nfl,Titans,Chiefs,135,139,scheduled,,,,,,,,,,,,,,,,,2025-12-21T18:00:00.000Z,15,15,256778,37527.0,150,25,27,-180,75,73,,,,37.5,-110.0,-110.0,71.0,67.0,29.0,33.0,3.0,-110,51,60,-3.0,-110,49,40,2025-12-21 10:00:00-08:00,2025-12-21 16:12:12.540404
256778,nfl,Titans,Chiefs,135,139,scheduled,,,,,,,,,,,,,,,,,2025-12-21T18:00:00.000Z,15,15,256778,45907.0,150,25,26,-180,75,74,,,,37.5,-110.0,-110.0,71.0,67.0,29.0,33.0,3.0,-110,51,61,-3.0,-110,49,39,2025-12-21 10:00:00-08:00,2025-12-21 17:09:14.285057
256566,nfl,Bears,Packers,143,147,scheduled,,,,,,,,,,,,,,,,,2025-12-21T01:20:00.000Z,15,15,256566,8779.0,-105,43,51,-115,57,49,,,,46.5,-115.0,-110.0,57.0,65.0,43.0,35.0,1.5,-120,65,64,-1.5,-111,35,36,2025-12-20 17:20:00-08:00,2025-12-17 12:24:30.300038
256566,nfl,Bears,Packers,143,147,scheduled,,,,,,,,,,,,,,,,,2025-12-21T01:20:00.000Z,15,15,256566,8916.0,-105,43,51,-115,57,49,,,,46.5,-115.0,-110.0,57.0,65.0,43.0,35.0,1.0,-110,65,64,-1.0,-110,35,36,2025-12-20 17:20:00-08:00,2025-12-17 13:13:26.384576
256566,nfl,Bears,Packers,143,147,scheduled,,,,,,,,,,,,,,,,,2025-12-21T01:20:00.000Z,15,15,256566,14873.0,-110,46,53,-110,54,47,,,,46.5,-115.0,-110.0,52.0,59.0,48.0,41.0,1.0,-118,63,63,-1.0,-102,37,37,2025-12-20 17:20:00-08:00,2025-12-19 00:19:20.491962
256566,nfl,Bears,Packers,143,147,scheduled,,,,,,,,,,,,,,,,,2025-12-21T01:20:00.000Z,15,15,256566,15807.0,-125,47,53,105,53,47,,,,46.5,-110.0,-110.0,52.0,60.0,48.0,40.0,-1.5,-112,62,63,1.5,-110,38,37,2025-12-20 17:20:00-08:00,2025-12-19 02:47:20.234043
256566,nfl,Bears,Packers,143,147,scheduled,,,,,,,,,,,,,,,,,2025-12-21T01:20:00.000Z,15,15,256566,16140.0,-122,47,53,105,53,47,,,,46.5,-110.0,-110.0,52.0,58.0,48.0,42.0,-1.5,-110,61,61,1.5,-110,39,39,2025-12-20 17:20:00-08:00,2025-12-19 04:26:16.163076
256566,nfl,Bears,Packers,143,147,scheduled,,,,,,,,,,,,,,,,,2025-12-21T01:20:00.000Z,15,15,256566,16271.0,-125,47,53,105,53,47,,,,46.5,-110.0,-110.0,52.0,58.0,48.0,42.0,-1.5,-110,61,61,1.5,-110,39,39,2025-12-20 17:20:00-08:00,2025-12-19 05:14:01.826345
256566,nfl,Bears,Packers,143,147,scheduled,,,,,,,,,,,,,,,,,2025-12-21T01:20:00.000Z,15,15,256566,17200.0,-125,47,52,105,53,48,,,,46.5,-110.0,-110.0,53.0,59.0,47.0,41.0,-1.5,-112,58,57,1.5,-108,42,43,2025-12-20 17:20:00-08:00,2025-12-19 09:15:15.245615
256566,nfl,Bears,Packers,143,147,scheduled,,,,,,,,,,,,,,,,,2025-12-21T01:20:00.000Z,15,15,256566,18306.0,-125,47,52,105,53,48,,,,46.5,-111.0,-110.0,53.0,59.0,47.0,41.0,-1.5,-112,57,56,1.5,-108,43,44,2025-12-20 17:20:00-08:00,2025-12-19 15:12:12.617456
256566,nfl,Bears,Packers,143,147,scheduled,,,,,,,,,,,,,,,,,2025-12-21T01:20:00.000Z,15,15,256566,33109.0,-125,51,59,105,49,41,,,,46.5,-111.0,-110.0,56.0,66.0,44.0,34.0,-1.5,-115,50,49,1.5,-108,50,51,2025-12-20 17:20:00-08:00,2025-12-20 13:21:29.357892
256566,nfl,Bears,Packers,143,147,scheduled,,,,,,,,,,,,,,,,,2025-12-21T01:20:00.000Z,15,15,256566,34558.0,-125,51,59,105,49,41,,,,46.5,-111.0,-110.0,56.0,66.0,44.0,34.0,-1.5,-112,50,49,1.5,-108,50,51,2025-12-20 17:20:00-08:00,2025-12-20 14:09:54.845467
256566,nfl,Bears,Packers,143,147,scheduled,,,,,,,,,,,,,,,,,2025-12-21T01:20:00.000Z,15,15,256566,38188.0,-125,51,60,105,49,40,,,,46.5,-110.0,-110.0,56.0,67.0,44.0,33.0,-1.5,-112,49,49,1.5,-108,51,51,2025-12-20 17:20:00-08:00,2025-12-20 15:10:21.018637
256566,nfl,Bears,Packers,143,147,scheduled,,,,,,,,,,,,,,,,,2025-12-21T01:20:00.000Z,15,15,256566,43368.0,-118,51,59,105,49,41,,,,45.5,-110.0,-112.0,56.0,67.0,44.0,33.0,-1.5,-115,49,48,1.5,-115,51,52,2025-12-20 17:20:00-08:00,2025-12-20 16:12:27.934423
256566,nfl,Bears,Packers,143,147,scheduled,,,,,,,,,,,,,,,,,2025-12-21T01:20:00.000Z,15,15,256566,57272.0,-118,52,59,105,48,41,,,,45.5,-110.0,-110.0,57.0,67.0,43.0,33.0,-1.5,-115,48,45,1.5,-115,52,55,2025-12-20 17:20:00-08:00,2025-12-20 18:14:26.237134
256566,nfl,Bears,Packers,143,147,scheduled,,,,,,,,,,,,,,,,,2025-12-21T01:20:00.000Z,15,15,256566,70237.0,-118,52,59,-102,48,41,,,,45.5,-110.0,-110.0,58.0,68.0,42.0,32.0,-1.5,-115,46,42,1.5,-115,54,58,2025-12-20 17:20:00-08:00,2025-12-20 20:11:05.307728
256566,nfl,Bears,Packers,143,147,scheduled,,,,,,,,,,,,,,,,,2025-12-21T01:20:00.000Z,15,15,256566,78244.0,-120,53,64,-102,47,36,,,,45.5,-105.0,-115.0,59.0,67.0,41.0,33.0,-1.5,-115,46,41,1.5,-115,54,59,2025-12-20 17:20:00-08:00,2025-12-20 21:09:04.508913
256566,nfl,Bears,Packers,143,147,scheduled,,,,,,,,,,,,,,,,,2025-12-21T01:20:00.000Z,15,15,256566,88614.0,-120,53,59,-102,47,41,,,,45.5,-110.0,-110.0,59.0,67.0,41.0,33.0,-1.5,-115,45,41,1.5,-115,55,59,2025-12-20 17:20:00-08:00,2025-12-20 22:10:07.555969
256566,nfl,Bears,Packers,143,147,scheduled,,,,,,,,,,,,,,,,,2025-12-21T01:20:00.000Z,15,15,256566,95869.0,-120,53,59,-100,47,41,,,,45.5,-105.0,-115.0,60.0,67.0,40.0,33.0,-1.5,-115,45,41,1.5,-115,55,59,2025-12-20 17:20:00-08:00,2025-12-20 23:10:31.269795
256566,nfl,Bears,Packers,143,147,scheduled,,,,,,,,,,,,,,,,,2025-12-21T01:20:00.000Z,15,15,256566,120876.0,-120,54,64,100,46,36,,,,45.5,-105.0,-115.0,61.0,66.0,39.0,34.0,-1.5,-115,44,40,1.5,-115,56,60,2025-12-20 17:20:00-08:00,2025-12-21 00:57:18.589631
256565,nfl,Commanders,Eagles,145,142,scheduled,,,,,,,,,,,,,,,,,2025-12-20T22:00:00.000Z,15,15,256565,7835.0,240,8,5,-300,92,95,,,,44.5,-110.0,-111.0,9.0,7.0,91.0,93.0,6.5,-110,24,11,-6.5,-110,76,89,2025-12-20 14:00:00-08:00,2025-12-17 12:24:30.300038
256565,nfl,Commanders,Eagles,145,142,scheduled,,,,,,,,,,,,,,,,,2025-12-20T22:00:00.000Z,15,15,256565,16266.0,265,7,6,-330,93,94,,,,44.5,-110.0,-111.0,10.0,9.0,90.0,91.0,7.0,-110,23,13,-7.0,-110,77,87,2025-12-20 14:00:00-08:00,2025-12-19 00:19:20.491962
256565,nfl,Commanders,Eagles,145,142,scheduled,,,,,,,,,,,,,,,,,2025-12-20T22:00:00.000Z,15,15,256565,18286.0,260,7,6,-325,93,94,,,,44.5,-110.0,-111.0,10.0,11.0,90.0,89.0,7.0,-110,22,15,-7.0,-110,78,85,2025-12-20 14:00:00-08:00,2025-12-19 06:17:51.250775
256565,nfl,Commanders,Eagles,145,142,scheduled,,,,,,,,,,,,,,,,,2025-12-20T22:00:00.000Z,15,15,256565,18750.0,260,7,5,-325,93,95,,,,44.5,-110.0,-110.0,10.0,11.0,90.0,89.0,7.0,-110,21,14,-7.0,-110,79,86,2025-12-20 14:00:00-08:00,2025-12-19 08:16:45.684830
256565,nfl,Commanders,Eagles,145,142,scheduled,,,,,,,,,,,,,,,,,2025-12-20T22:00:00.000Z,15,15,256565,18816.0,265,7,6,-330,93,94,,,,44.5,-110.0,-110.0,10.0,11.0,90.0,89.0,7.0,-110,21,14,-7.0,-110,79,86,2025-12-20 14:00:00-08:00,2025-12-19 09:15:15.245615
256565,nfl,Commanders,Eagles,145,142,scheduled,,,,,,,,,,,,,,,,,2025-12-20T22:00:00.000Z,15,15,256565,20462.0,260,7,7,-330,93,93,,,,44.5,-110.0,-110.0,11.0,12.0,89.0,88.0,7.0,-110,21,14,-7.0,-110,79,86,2025-12-20 14:00:00-08:00,2025-12-19 16:14:04.485555
256565,nfl,Commanders,Eagles,145,142,scheduled,,,,,,,,,,,,,,,,,2025-12-20T22:00:00.000Z,15,15,256565,21633.0,275,7,6,-350,93,94,,,,44.5,-110.0,-110.0,11.0,12.0,89.0,88.0,7.0,-110,22,13,-7.0,-110,78,87,2025-12-20 14:00:00-08:00,2025-12-19 18:16:25.986902
256565,nfl,Commanders,Eagles,145,142,scheduled,,,,,,,,,,,,,,,,,2025-12-20T22:00:00.000Z,15,15,256565,22209.0,270,7,6,-340,93,94,,,,44.5,-110.0,-110.0,11.0,12.0,89.0,88.0,7.0,-110,21,13,-7.0,-110,79,87,2025-12-20 14:00:00-08:00,2025-12-19 19:10:06.351339
256565,nfl,Commanders,Eagles,145,142,scheduled,,,,,,,,,,,,,,,,,2025-12-20T22:00:00.000Z,15,15,256565,24339.0,275,7,5,-340,93,95,,,,44.5,-110.0,-110.0,12.0,14.0,88.0,86.0,7.0,-110,21,14,-7.0,-110,79,86,2025-12-20 14:00:00-08:00,2025-12-19 22:11:36.891312
256565,nfl,Commanders,Eagles,145,142,scheduled,,,,,,,,,,,,,,,,,2025-12-20T22:00:00.000Z,15,15,256565,26803.0,270,6,6,-340,94,94,,,,44.5,-110.0,-110.0,13.0,15.0,87.0,85.0,7.0,-110,21,14,-7.0,-110,79,86,2025-12-20 14:00:00-08:00,2025-12-20 02:27:34.356497
256565,nfl,Commanders,Eagles,145,142,scheduled,,,,,,,,,,,,,,,,,2025-12-20T22:00:00.000Z,15,15,256565,33685.0,275,6,6,-340,94,94,,,,44.5,-110.0,-110.0,14.0,17.0,86.0,83.0,7.0,-110,20,16,-7.0,-110,80,84,2025-12-20 14:00:00-08:00,2025-12-20 11:08:56.151841
256565,nfl,Commanders,Eagles,145,142,scheduled,,,,,,,,,,,,,,,,,2025-12-20T22:00:00.000Z,15,15,256565,37511.0,275,6,6,-350,94,94,,,,44.5,-110.0,-110.0,14.0,17.0,86.0,83.0,7.0,-110,20,21,-7.0,-110,80,79,2025-12-20 14:00:00-08:00,2025-12-20 14:09:54.845467
256565,nfl,Commanders,Eagles,145,142,scheduled,,,,,,,,,,,,,,,,,2025-12-20T22:00:00.000Z,15,15,256565,47861.0,275,6,8,-350,94,92,,,,44.5,-110.0,-111.0,15.0,18.0,85.0,82.0,7.0,-110,20,20,-7.0,-110,80,80,2025-12-20 14:00:00-08:00,2025-12-20 16:12:27.934423
256565,nfl,Commanders,Eagles,145,142,scheduled,,,,,,,,,,,,,,,,,2025-12-20T22:00:00.000Z,15,15,256565,56479.0,285,6,8,-370,94,92,,,,44.5,-105.0,-111.0,15.0,18.0,85.0,82.0,7.0,-105,20,21,-7.0,-115,80,79,2025-12-20 14:00:00-08:00,2025-12-20 17:09:01.849382
256565,nfl,Commanders,Eagles,145,142,scheduled,,,,,,,,,,,,,,,,,2025-12-20T22:00:00.000Z,15,15,256565,65067.0,285,6,8,-375,94,92,,,,44.5,-105.0,-111.0,15.0,19.0,85.0,81.0,7.0,-105,20,21,-7.0,-115,80,79,2025-12-20 14:00:00-08:00,2025-12-20 18:14:26.237134
256565,nfl,Commanders,Eagles,145,142,scheduled,,,,,,,,,,,,,,,,,2025-12-20T22:00:00.000Z,15,15,256565,72620.0,300,6,7,-375,94,93,,,,44.5,-105.0,-110.0,16.0,19.0,84.0,81.0,7.0,-105,21,21,-7.0,-115,79,79,2025-12-20 14:00:00-08:00,2025-12-20 19:08:11.998619
256565,nfl,Commanders,Eagles,145,142,scheduled,,,,,,,,,,,,,,,,,2025-12-20T22:00:00.000Z,15,15,256565,80355.0,300,6,7,-385,94,93,,,,44.5,-105.0,-110.0,17.0,20.0,83.0,80.0,7.0,-105,21,22,-7.0,-115,79,78,2025-12-20 14:00:00-08:00,2025-12-20 20:11:05.307728
256565,nfl,Commanders,Eagles,145,142,scheduled,,,,,,,,,,,,,,,,,2025-12-20T22:00:00.000Z,15,15,256565,92457.0,300,6,6,-385,94,94,,,,44.5,-105.0,-110.0,18.0,20.0,82.0,80.0,7.0,-105,21,21,-7.0,-115,79,79,2025-12-20 14:00:00-08:00,2025-12-20 21:09:04.508913
256923,nfl,Raiders,Giants,2045,144,scheduled,,,,,,,,,,,,,,,,,2025-12-28T21:05:00.000Z,15,15,256923,141.0,136,14,1,-162,86,99,,,,43.5,-110.0,-110.0,0.0,0.0,0.0,0.0,3.0,-110,0,0,-3.0,-110,0,0,2025-12-28 13:05:00-08:00,2025-12-17 12:24:30.300038
256923,nfl,Raiders,Giants,2045,144,scheduled,,,,,,,,,,,,,,,,,2025-12-28T21:05:00.000Z,15,15,256923,156.0,140,18,9,-162,82,91,,,,42.5,-112.0,-108.0,54.0,60.0,46.0,40.0,3.0,-110,0,0,-3.0,-110,0,0,2025-12-28 13:05:00-08:00,2025-12-19 09:15:15.245615
256923,nfl,Raiders,Giants,2045,144,scheduled,,,,,,,,,,,,,,,,,2025-12-28T21:05:00.000Z,15,15,256923,156.0,140,16,7,-165,84,93,,,,42.5,-112.0,-108.0,58.0,63.0,42.0,37.0,3.0,-110,0,0,-3.0,-110,0,0,2025-12-28 13:05:00-08:00,2025-12-19 19:10:06.351339
256923,nfl,Raiders,Giants,2045,144,scheduled,,,,,,,,,,,,,,,,,2025-12-28T21:05:00.000Z,15,15,256923,156.0,140,16,7,-166,84,93,,,,42.5,-112.0,-108.0,58.0,64.0,42.0,36.0,3.0,-110,0,0,-3.0,-110,0,0,2025-12-28 13:05:00-08:00,2025-12-19 20:12:37.850628
256923,nfl,Raiders,Giants,2045,144,scheduled,,,,,,,,,,,,,,,,,2025-12-28T21:05:00.000Z,15,15,256923,171.0,140,17,11,-165,83,89,,,,42.5,-112.0,-109.0,65.0,66.0,35.0,34.0,3.0,-110,0,0,-3.0,-110,0,0,2025-12-28 13:05:00-08:00,2025-12-20 22:10:07.555969
256923,nfl,Raiders,Giants,2045,144,scheduled,,,,,,,,,,,,,,,,,2025-12-28T21:05:00.000Z,15,15,256923,181.0,140,18,10,-165,82,90,,,,42.5,-111.0,-109.0,65.0,63.0,35.0,37.0,3.0,-110,0,0,-3.0,-110,0,0,2025-12-28 13:05:00-08:00,2025-12-21 08:14:10.508155
256923,nfl,Raiders,Giants,2045,144,scheduled,,,,,,,,,,,,,,,,,2025-12-28T21:05:00.000Z,15,15,256923,257.0,110,17,7,-130,83,93,,,,43.5,-110.0,-110.0,62.0,60.0,38.0,40.0,1.5,-110,0,0,-1.5,-110,0,0,2025-12-28 13:05:00-08:00,2025-12-22 00:56:11.807037
256923,nfl,Raiders,Giants,2045,144,scheduled,,,,,,,,,,,,,,,,,2025-12-28T21:05:00.000Z,15,15,256923,363.0,105,18,7,-125,82,93,,,,43.5,-110.0,-110.0,62.0,59.0,38.0,41.0,1.5,-111,0,0,-1.5,-110,0,0,2025-12-28 13:05:00-08:00,2025-12-22 02:56:09.426305
256923,nfl,Raiders,Giants,2045,144,scheduled,,,,,,,,,,,,,,,,,2025-12-28T21:05:00.000Z,15,15,256923,408.0,102,19,8,-125,81,92,,,,42.5,-105.0,-115.0,62.0,62.0,38.0,38.0,1.5,-115,0,0,-1.5,-110,0,0,2025-12-28 13:05:00-08:00,2025-12-22 04:01:21.802956
256923,nfl,Raiders,Giants,2045,144,scheduled,,,,,,,,,,,,,,,,,2025-12-28T21:05:00.000Z,15,15,256923,525.0,-100,19,10,-120,81,90,,,,42.5,-105.0,-115.0,63.0,62.0,37.0,38.0,1.5,-115,0,0,-1.5,-110,0,0,2025-12-28 13:05:00-08:00,2025-12-22 05:16:38.931932
256923,nfl,Raiders,Giants,2045,144,scheduled,,,,,,,,,,,,,,,,,2025-12-28T21:05:00.000Z,15,15,256923,605.0,-100,20,38,-120,80,62,,,,42.5,-105.0,-114.0,62.0,61.0,38.0,39.0,1.5,-115,0,0,-1.5,-105,0,0,2025-12-28 13:05:00-08:00,2025-12-22 06:19:29.669790
256923,nfl,Raiders,Giants,2045,144,scheduled,,,,,,,,,,,,,,,,,2025-12-28T21:05:00.000Z,15,15,256923,661.0,-100,21,39,-120,79,61,,,,42.0,-110.0,-110.0,62.0,59.0,38.0,41.0,1.5,-115,0,0,-1.5,-105,0,0,2025-12-28 13:05:00-08:00,2025-12-22 07:16:43.338798
256923,nfl,Raiders,Giants,2045,144,scheduled,,,,,,,,,,,,,,,,,2025-12-28T21:05:00.000Z,15,15,256923,706.0,100,22,40,-120,78,60,,,,42.5,-105.0,-114.0,62.0,56.0,38.0,44.0,1.5,-115,0,0,-1.5,-105,0,0,2025-12-28 13:05:00-08:00,2025-12-22 09:18:27.401072
256923,nfl,Raiders,Giants,2045,144,scheduled,,,,,,,,,,,,,,,,,2025-12-28T21:05:00.000Z,15,15,256923,706.0,-100,22,45,-120,78,55,,,,42.5,-105.0,-114.0,62.0,55.0,38.0,45.0,1.5,-115,0,0,-1.5,-105,0,0,2025-12-28 13:05:00-08:00,2025-12-22 10:13:03.114080
256923,nfl,Raiders,Giants,2045,144,scheduled,,,,,,,,,,,,,,,,,2025-12-28T21:05:00.000Z,15,15,256923,1393.0,-105,22,45,-116,78,55,,,,42.5,-105.0,-114.0,61.0,45.0,39.0,55.0,1.5,-115,0,0,-1.5,-105,0,0,2025-12-28 13:05:00-08:00,2025-12-22 15:12:16.374399
256923,nfl,Raiders,Giants,2045,144,scheduled,,,,,,,,,,,,,,,,,2025-12-28T21:05:00.000Z,15,15,256923,1635.0,-115,23,45,-105,77,55,,,,42.5,-105.0,-114.0,61.0,45.0,39.0,55.0,-1.5,100,0,0,1.5,-120,0,0,2025-12-28 13:05:00-08:00,2025-12-22 16:14:00.584446
256923,nfl,Raiders,Giants,2045,144,scheduled,,,,,,,,,,,,,,,,,2025-12-28T21:05:00.000Z,15,15,256923,1943.0,-115,25,85,-105,75,15,,,,42.0,-110.0,-110.0,62.0,46.0,38.0,54.0,-1.5,-105,71,85,1.5,-115,29,15,2025-12-28 13:05:00-08:00,2025-12-22 18:16:58.565478
256923,nfl,Raiders,Giants,2045,144,scheduled,,,,,,,,,,,,,,,,,2025-12-28T21:05:00.000Z,15,15,256923,1999.0,-116,26,85,-105,74,15,,,,42.0,-110.0,-110.0,62.0,46.0,38.0,54.0,-1.5,-105,69,85,1.5,-115,31,15,2025-12-28 13:05:00-08:00,2025-12-22 19:10:34.794180
256923,nfl,Raiders,Giants,2045,144,scheduled,,,,,,,,,,,,,,,,,2025-12-28T21:05:00.000Z,15,15,256923,2069.0,-116,26,85,-105,74,15,,,,42.0,-110.0,-110.0,62.0,47.0,38.0,53.0,-1.5,-111,68,81,1.5,-111,32,19,2025-12-28 13:05:00-08:00,2025-12-22 20:12:36.333781
256923,nfl,Raiders,Giants,2045,144,scheduled,,,,,,,,,,,,,,,,,2025-12-28T21:05:00.000Z,15,15,256923,2362.0,-120,29,85,-100,71,15,,,,42.0,-110.0,-110.0,65.0,50.0,35.0,50.0,-1.5,-111,62,73,1.5,-111,38,27,2025-12-28 13:05:00-08:00,2025-12-23 00:53:30.430330
256923,nfl,Raiders,Giants,2045,144,scheduled,,,,,,,,,,,,,,,,,2025-12-28T21:05:00.000Z,15,15,256923,2903.0,-120,32,85,-100,68,15,,,,42.0,-110.0,-110.0,68.0,54.0,32.0,46.0,-1.0,-105,50,56,1.0,-115,50,44,2025-12-28 13:05:00-08:00,2025-12-23 14:17:10.922397
256923,nfl,Raiders,Giants,2045,144,scheduled,,,,,,,,,,,,,,,,,2025-12-28T21:05:00.000Z,15,15,256923,2963.0,-120,33,85,-100,67,15,,,,42.0,-110.0,-110.0,68.0,54.0,32.0,46.0,-1.5,-111,51,57,1.5,-111,49,43,2025-12-28 13:05:00-08:00,2025-12-23 15:12:27.858291
256923,nfl,Raiders,Giants,2045,144,scheduled,,,,,,,,,,,,,,,,,2025-12-28T21:05:00.000Z,15,15,256923,3120.0,-125,33,86,105,67,14,,,,41.5,-110.0,-110.0,68.0,54.0,32.0,46.0,-1.5,-110,50,57,1.5,-110,50,43,2025-12-28 13:05:00-08:00,2025-12-23 16:14:41.664935
256923,nfl,Raiders,Giants,2045,144,scheduled,,,,,,,,,,,,,,,,,2025-12-28T21:05:00.000Z,15,15,256923,5336.0,-108,38,81,-112,62,19,,,,41.5,-110.0,-110.0,43.0,55.0,57.0,45.0,1.5,-118,44,56,-1.5,-104,56,44,2025-12-28 13:05:00-08:00,2025-12-24 17:09:35.629600
256923,nfl,Raiders,Giants,2045,144,scheduled,,,,,,,,,,,,,,,,,2025-12-28T21:05:00.000Z,15,15,256923,5795.0,-108,38,79,-112,62,21,,,,41.5,-110.0,-110.0,43.0,53.0,57.0,47.0,1.0,-115,43,52,-1.0,-105,57,48,2025-12-28 13:05:00-08:00,2025-12-24 21:10:22.009660
256923,nfl,Raiders,Giants,2045,144,scheduled,,,,,,,,,,,,,,,,,2025-12-28T21:05:00.000Z,15,15,256923,5972.0,-108,38,78,-112,62,22,,,,41.5,-110.0,-110.0,42.0,53.0,58.0,47.0,1.5,-118,42,52,-1.5,-104,58,48,2025-12-28 13:05:00-08:00,2025-12-24 22:11:26.458784
256923,nfl,Raiders,Giants,2045,144,scheduled,,,,,,,,,,,,,,,,,2025-12-28T21:05:00.000Z,15,15,256923,6043.0,-108,38,78,-112,62,22,,,,41.5,-110.0,-110.0,42.0,53.0,58.0,47.0,1.0,-115,42,51,-1.0,-105,58,49,2025-12-28 13:05:00-08:00,2025-12-24 23:11:00.971821
256923,nfl,Raiders,Giants,2045,144,scheduled,,,,,,,,,,,,,,,,,2025-12-28T21:05:00.000Z,15,15,256923,6305.0,-110,38,78,-111,62,22,,,,41.5,-110.0,-110.0,42.0,50.0,58.0,50.0,1.0,-115,44,50,-1.0,-105,56,50,2025-12-28 13:05:00-08:00,2025-12-25 02:49:59.453329
256923,nfl,Raiders,Giants,2045,144,scheduled,,,,,,,,,,,,,,,,,2025-12-28T21:05:00.000Z,15,15,256923,6396.0,-110,38,78,-110,62,22,,,,41.5,-110.0,-110.0,42.0,51.0,58.0,49.0,1.0,-115,45,49,-1.0,-105,55,51,2025-12-28 13:05:00-08:00,2025-12-25 03:55:25.769626
256923,nfl,Raiders,Giants,2045,144,scheduled,,,,,,,,,,,,,,,,,2025-12-28T21:05:00.000Z,15,15,256923,6689.0,-108,38,77,-112,62,23,,,,41.5,-110.0,-110.0,41.0,47.0,59.0,53.0,1.0,-110,44,47,-1.0,-110,56,53,2025-12-28 13:05:00-08:00,2025-12-25 10:12:22.975712
256923,nfl,Raiders,Giants,2045,144,scheduled,,,,,,,,,,,,,,,,,2025-12-28T21:05:00.000Z,15,15,256923,6780.0,-108,34,70,-112,66,30,,,,41.5,-110.0,-110.0,41.0,48.0,59.0,52.0,1.5,-116,44,47,-1.5,-105,56,53,2025-12-28 13:05:00-08:00,2025-12-25 12:21:09.618433
256923,nfl,Raiders,Giants,2045,144,scheduled,,,,,,,,,,,,,,,,,2025-12-28T21:05:00.000Z,15,15,256923,7305.0,-105,31,64,-115,69,36,,,,41.5,-110.0,-110.0,41.0,47.0,59.0,53.0,1.5,-116,44,45,-1.5,-105,56,55,2025-12-28 13:05:00-08:00,2025-12-25 17:10:18.922147
256923,nfl,Raiders,Giants,2045,144,scheduled,,,,,,,,,,,,,,,,,2025-12-28T21:05:00.000Z,15,15,256923,9865.0,-105,31,53,-115,69,47,,,,41.5,-110.0,-110.0,42.0,56.0,58.0,44.0,1.5,-110,44,43,-1.5,-110,56,57,2025-12-28 13:05:00-08:00,2025-12-26 21:10:14.281340
256923,nfl,Raiders,Giants,2045,144,scheduled,,,,,,,,,,,,,,,,,2025-12-28T21:05:00.000Z,15,15,256923,10137.0,104,31,52,-118,69,48,,,,41.5,-110.0,-110.0,42.0,56.0,58.0,44.0,1.5,-110,44,43,-1.5,-110,56,57,2025-12-28 13:05:00-08:00,2025-12-26 22:11:05.868112
256923,nfl,Raiders,Giants,2045,144,scheduled,,,,,,,,,,,,,,,,,2025-12-28T21:05:00.000Z,15,15,256923,10359.0,-100,31,52,-120,69,48,,,,41.5,-110.0,-110.0,42.0,55.0,58.0,45.0,1.5,-115,44,43,-1.5,-105,56,57,2025-12-28 13:05:00-08:00,2025-12-26 23:11:05.262155
256923,nfl,Raiders,Giants,2045,144,scheduled,,,,,,,,,,,,,,,,,2025-12-28T21:05:00.000Z,15,15,256923,12142.0,115,31,52,-135,69,48,,,,41.5,-110.0,-110.0,42.0,55.0,58.0,45.0,1.5,-115,43,42,-1.5,-105,57,58,2025-12-28 13:05:00-08:00,2025-12-27 02:45:26.354219
256923,nfl,Raiders,Giants,2045,144,scheduled,,,,,,,,,,,,,,,,,2025-12-28T21:05:00.000Z,15,15,256923,12409.0,120,30,53,-142,70,47,,,,41.5,-110.0,-110.0,42.0,55.0,58.0,45.0,2.5,-108,43,41,-2.5,-112,57,59,2025-12-28 13:05:00-08:00,2025-12-27 03:50:46.386921
256923,nfl,Raiders,Giants,2045,144,scheduled,,,,,,,,,,,,,,,,,2025-12-28T21:05:00.000Z,15,15,256923,13464.0,124,31,52,-148,69,48,,,,41.5,-110.0,-110.0,42.0,53.0,58.0,47.0,2.5,-108,44,41,-2.5,-112,56,59,2025-12-28 13:05:00-08:00,2025-12-27 12:20:02.722447
256923,nfl,Raiders,Giants,2045,144,scheduled,,,,,,,,,,,,,,,,,2025-12-28T21:05:00.000Z,15,15,256923,13636.0,122,31,52,-148,69,48,,,,41.5,-110.0,-112.0,43.0,53.0,57.0,47.0,2.5,-105,44,41,-2.5,-115,56,59,2025-12-28 13:05:00-08:00,2025-12-27 13:22:36.153313
256923,nfl,Raiders,Giants,2045,144,scheduled,,,,,,,,,,,,,,,,,2025-12-28T21:05:00.000Z,15,15,256923,15348.0,120,30,52,-145,70,48,,,,41.5,-110.0,-112.0,43.0,52.0,57.0,48.0,2.5,-105,44,41,-2.5,-115,56,59,2025-12-28 13:05:00-08:00,2025-12-27 18:15:21.593820
256923,nfl,Raiders,Giants,2045,144,scheduled,,,,,,,,,,,,,,,,,2025-12-28T21:05:00.000Z,15,15,256923,15686.0,125,30,51,-150,70,49,,,,41.5,-110.0,-112.0,43.0,52.0,57.0,48.0,2.5,-105,45,42,-2.5,-115,55,58,2025-12-28 13:05:00-08:00,2025-12-27 19:08:11.020979
256923,nfl,Raiders,Giants,2045,144,scheduled,,,,,,,,,,,,,,,,,2025-12-28T21:05:00.000Z,15,15,256923,15999.0,120,30,51,-142,70,49,,,,41.5,-110.0,-112.0,43.0,52.0,57.0,48.0,2.5,-105,45,42,-2.5,-115,55,58,2025-12-28 13:05:00-08:00,2025-12-27 20:11:58.147200
256923,nfl,Raiders,Giants,2045,144,scheduled,,,,,,,,,,,,,,,,,2025-12-28T21:05:00.000Z,15,15,256923,18796.0,120,30,48,-142,70,52,,,,41.5,-110.0,-111.0,44.0,51.0,56.0,49.0,2.5,-108,45,42,-2.5,-112,55,58,2025-12-28 13:05:00-08:00,2025-12-28 03:06:32.710666
256923,nfl,Raiders,Giants,2045,144,scheduled,,,,,,,,,,,,,,,,,2025-12-28T21:05:00.000Z,15,15,256923,24304.0,124,29,43,-148,71,57,,,,41.5,-110.0,-111.0,47.0,51.0,53.0,49.0,2.5,-108,46,46,-2.5,-112,54,54,2025-12-28 13:05:00-08:00,2025-12-28 12:20:06.953014
256923,nfl,Raiders,Giants,2045,144,scheduled,,,,,,,,,,,,,,,,,2025-12-28T21:05:00.000Z,15,15,256923,26611.0,124,29,42,-148,71,58,,,,41.5,-110.0,-111.0,46.0,50.0,54.0,50.0,2.5,-105,46,47,-2.5,-115,54,53,2025-12-28 13:05:00-08:00,2025-12-28 14:10:52.394624
256923,nfl,Raiders,Giants,2045,144,scheduled,,,,,,,,,,,,,,,,,2025-12-28T21:05:00.000Z,15,15,256923,29075.0,130,29,41,-155,71,59,,,,41.5,-108.0,-111.0,46.0,50.0,54.0,50.0,2.5,-102,46,48,-2.5,-118,54,52,2025-12-28 13:05:00-08:00,2025-12-28 15:10:53.771829
256923,nfl,Raiders,Giants,2045,144,scheduled,,,,,,,,,,,,,,,,,2025-12-28T21:05:00.000Z,15,15,256923,32705.0,132,29,41,-155,71,59,,,,40.5,-115.0,-110.0,47.0,50.0,53.0,50.0,2.5,-105,46,46,-2.5,-115,54,54,2025-12-28 13:05:00-08:00,2025-12-28 16:12:43.249346
256923,nfl,Raiders,Giants,2045,144,scheduled,,,,,,,,,,,,,,,,,2025-12-28T21:05:00.000Z,15,15,256923,38557.0,135,29,41,-161,71,59,,,,41.0,-105.0,-110.0,47.0,51.0,53.0,49.0,3.0,-112,47,46,-3.0,-108,53,54,2025-12-28 13:05:00-08:00,2025-12-28 17:09:55.421727
256923,nfl,Raiders,Giants,2045,144,scheduled,,,,,,,,,,,,,,,,,2025-12-28T21:05:00.000Z,15,15,256923,48952.0,136,28,40,-161,72,60,,,,40.0,-120.0,-110.0,49.0,52.0,51.0,48.0,3.0,-115,47,47,-3.0,-105,53,53,2025-12-28 13:05:00-08:00,2025-12-28 18:16:04.872989
256923,nfl,Raiders,Giants,2045,144,scheduled,,,,,,,,,,,,,,,,,2025-12-28T21:05:00.000Z,15,15,256923,50749.0,140,28,35,-165,72,65,,,,40.0,-120.0,-110.0,50.0,49.0,50.0,51.0,3.0,-115,48,46,-3.0,-105,52,54,2025-12-28 13:05:00-08:00,2025-12-28 19:08:36.704489
256923,nfl,Raiders,Giants,2045,144,scheduled,,,,,,,,,,,,,,,,,2025-12-28T21:05:00.000Z,15,15,256923,53385.0,136,28,33,-165,72,67,,,,40.0,-120.0,-110.0,51.0,50.0,49.0,50.0,3.0,-115,48,60,-3.0,-105,52,40,2025-12-28 13:05:00-08:00,2025-12-28 20:12:38.642673
256638,nfl,Bills,Ravens,125,131,complete,41.0,40.0,,,,,,,,,,,,,,,2025-09-08T00:20:00.000Z,15,15,256638,256530.0,105,44,12,-124,56,88,,,,51.5,-115.0,-100.0,9.0,42.0,91.0,58.0,1.5,-115,52,34,-1.5,-105,48,66,2025-09-07 17:20:00-07:00,2025-12-17 13:13:26.384576
256704,nfl,Chargers,Steelers,1325,132,complete,25.0,10.0,,,,,,,,,,,,,,,2025-11-10T01:20:00.000Z,15,15,256704,181642.0,-185,61,47,155,39,53,,,,45.5,-110.0,-110.0,81.0,72.0,19.0,28.0,-3.0,-120,39,49,3.0,-100,61,51,2025-11-09 17:20:00-08:00,2025-12-17 13:13:26.384576
256880,nfl,Broncos,Cowboys,136,140,complete,44.0,24.0,,,,,,,,,,,,,,,2025-10-26T20:25:00.000Z,15,15,256880,163982.0,-215,59,28,180,41,72,,,,51.5,-112.0,-110.0,55.0,86.0,45.0,14.0,-3.5,-115,23,21,3.5,-105,77,79,2025-10-26 13:25:00-07:00,2025-12-17 13:13:26.384576
256860,nfl,Vikings,Eagles,148,142,complete,22.0,28.0,,,,,,,,,,,,,,,2025-10-19T17:00:00.000Z,15,15,256860,121906.0,123,16,9,-144,84,91,,,,44.0,-115.0,-110.0,53.0,62.0,47.0,38.0,2.5,-110,35,53,-2.5,-110,65,47,2025-10-19 10:00:00-07:00,2025-12-17 13:13:26.384576
256685,nfl,Saints,Patriots,152,129,complete,19.0,25.0,,,,,,,,,,,,,,,2025-10-12T17:00:00.000Z,15,15,256685,93229.0,152,11,9,-180,89,91,,,,45.5,-118.0,-105.0,52.0,63.0,48.0,37.0,3.5,-118,31,41,-3.5,-102,69,59,2025-10-12 10:00:00-07:00,2025-12-17 13:13:26.384576
256643,nfl,Saints,49ers,152,154,complete,21.0,26.0,,,,,,,,,,,,,,,2025-09-14T17:00:00.000Z,15,15,256643,82016.0,130,9,14,-160,91,86,,,,40.5,-110.0,-114.0,6.0,4.0,94.0,96.0,3.0,-110,67,49,-3.0,-110,33,51,2025-09-14 10:00:00-07:00,2025-12-17 13:13:26.384576
256719,nfl,Texans,Bills,137,125,complete,23.0,19.0,,,,,,,,,,,,,,,2025-11-21T01:15:00.000Z,15,15,256719,205957.0,197,8,16,-240,92,84,,,,44.0,-112.0,-107.0,65.0,65.0,35.0,35.0,4.5,-110,27,34,-4.5,-110,73,66,2025-11-20 17:15:00-08:00,2025-12-17 13:13:26.384576
256873,nfl,Patriots,Browns,129,130,complete,32.0,13.0,,,,,,,,,,,,,,,2025-10-26T17:00:00.000Z,15,15,256873,100827.0,-360,95,95,275,5,5,,,,40.5,-105.0,-115.0,63.0,63.0,37.0,37.0,-7.0,-105,68,63,7.0,-117,32,37,2025-10-26 10:00:00-07:00,2025-12-17 13:13:26.384576
256844,nfl,Ravens,Lions,131,146,complete,30.0,38.0,,,,,,,,,,,,,,,2025-09-23T00:15:00.000Z,15,15,256844,323834.0,-240,89,86,195,11,14,,,,53.5,-120.0,-105.0,20.0,73.0,80.0,27.0,-4.5,-116,66,50,4.5,-103,34,50,2025-09-22 17:15:00-07:00,2025-12-17 13:13:26.384576
256716,nfl,Broncos,Chiefs,136,139,complete,22.0,19.0,,,,,,,,,,,,,,,2025-11-16T21:25:00.000Z,15,15,256716,116685.0,180,14,7,-216,86,93,,,,44.5,-112.0,-110.0,53.0,54.0,47.0,46.0,4.0,-105,46,47,-4.0,-115,54,53,2025-11-16 13:25:00-08:00,2025-12-17 13:13:26.384576
256848,nfl,Buccaneers,Eagles,149,142,complete,25.0,31.0,,,,,,,,,,,,,,,2025-09-28T17:00:00.000Z,15,15,256848,109375.0,160,18,16,-190,82,84,,,,44.5,-102.0,-119.0,37.0,37.0,63.0,63.0,3.5,-116,67,66,-3.5,-103,33,34,2025-09-28 10:00:00-07:00,2025-12-17 13:13:26.384576
256893,nfl,Raiders,Jaguars,2045,134,complete,29.0,30.0,,,,,,,,,,,,,,,2025-11-02T21:05:00.000Z,15,15,256893,81652.0,110,13,24,-130,87,76,,,,43.5,-117.0,-105.0,41.0,35.0,59.0,65.0,2.5,-115,32,58,-2.5,-105,68,42,2025-11-02 13:05:00-08:00,2025-12-17 13:13:26.384576
256705,nfl,Patriots,Jets,129,127,complete,27.0,14.0,,,,,,,,,,,,,,,2025-11-14T01:15:00.000Z,15,15,256705,188705.0,-869,90,68,591,10,32,,,,43.5,-105.0,-103.0,57.0,51.0,43.0,49.0,-12.5,-115,59,62,12.5,-110,41,38,2025-11-13 17:15:00-08:00,2025-12-17 13:13:26.384576
256671,nfl,Bengals,Lions,128,146,complete,24.0,37.0,,,,,,,,,,,,,,,2025-10-05T20:25:00.000Z,15,15,256671,160665.0,425,3,5,-600,97,95,,,,49.5,-106.0,-113.0,33.0,36.0,67.0,64.0,10.0,-111,17,19,-10.0,-108,83,81,2025-10-05 13:25:00-07:00,2025-12-17 13:13:26.384576
256604,nfl,Dolphins,Commanders,126,145,complete,16.0,13.0,,,,,,,,,,,,,,,2025-11-16T14:30:00.000Z,15,15,256604,70934.0,-140,75,81,130,25,19,,,,47.5,-111.0,-109.0,14.0,12.0,86.0,88.0,-2.5,-118,67,57,2.5,-106,33,43,2025-11-16 06:30:00-08:00,2025-12-17 13:13:26.384576
256857,nfl,Cowboys,Packers,140,147,complete,40.0,40.0,,,,,,,,,,,,,,,2025-09-29T00:20:00.000Z,15,15,256857,251334.0,265,10,23,-320,90,77,,,,47.0,-110.0,-110.0,35.0,43.0,65.0,57.0,6.5,-110,23,11,-6.5,-110,77,89,2025-09-28 17:20:00-07:00,2025-12-17 13:13:26.384576
256892,nfl,Rams,Saints,251,152,complete,34.0,10.0,,,,,,,,,,,,,,,2025-11-02T21:05:00.000Z,15,15,256892,74751.0,-1150,98,94,750,2,6,,,,44.5,-110.0,-105.0,63.0,70.0,37.0,30.0,-14.0,-115,77,75,14.0,-105,23,25,2025-11-02 13:05:00-08:00,2025-12-17 13:13:26.384576
256754,nfl,Falcons,Seahawks,151,156,complete,9.0,37.0,,,,,,,,,,,,,,,2025-12-07T18:00:00.000Z,15,15,256754,92007.0,280,5,3,-350,95,97,,,,44.5,-112.0,-110.0,74.0,76.0,26.0,24.0,7.0,-120,21,24,-7.0,100,79,76,2025-12-07 10:00:00-08:00,2025-12-17 13:13:26.384576
256886,nfl,Titans,Chargers,135,1325,complete,20.0,27.0,,,,,,,,,,,,,,,2025-11-02T18:00:00.000Z,15,15,256886,95819.0,430,3,2,-560,97,98,,,,44.5,-110.0,-110.0,73.0,76.0,27.0,24.0,10.0,-108,12,14,-10.0,-112,88,86,2025-11-02 10:00:00-08:00,2025-12-17 13:13:26.384576
256726,nfl,Packers,Vikings,147,148,complete,23.0,6.0,,,,,,,,,,,,,,,2025-11-23T18:00:00.000Z,15,15,256726,76922.0,-290,88,60,235,12,40,,,,41.5,-110.0,-110.0,71.0,71.0,29.0,29.0,-6.5,-106,39,43,6.5,-113,61,57,2025-11-23 10:00:00-08:00,2025-12-17 13:13:26.384576
256649,nfl,Titans,Rams,135,251,complete,19.0,33.0,,,,,,,,,,,,,,,2025-09-14T17:00:00.000Z,15,15,256649,102337.0,200,4,3,-250,96,97,,,,41.5,-109.0,-111.0,10.0,8.0,90.0,92.0,5.5,-115,46,22,-5.5,-105,54,78,2025-09-14 10:00:00-07:00,2025-12-17 13:13:26.384576
256599,nfl,Steelers,Vikings,132,148,complete,24.0,21.0,,,,,,,,,,,,,,,2025-09-28T13:30:00.000Z,15,15,256599,99520.0,126,37,44,-146,63,56,,,,41.0,-110.0,-110.0,41.0,45.0,59.0,55.0,2.5,-105,75,63,-2.5,-115,25,37,2025-09-28 06:30:00-07:00,2025-12-17 13:13:26.384576
256664,nfl,Colts,Raiders,133,2045,complete,40.0,6.0,,,,,,,,,,,,,,,2025-10-05T17:00:00.000Z,15,15,256664,116514.0,-370,95,95,295,5,5,,,,46.5,-112.0,-110.0,46.0,44.0,54.0,56.0,-7.5,-105,69,60,7.5,-115,31,40,2025-10-05 10:00:00-07:00,2025-12-17 13:13:26.384576
256670,nfl,Seahawks,Buccaneers,156,149,complete,35.0,38.0,,,,,,,,,,,,,,,2025-10-05T20:05:00.000Z,15,15,256670,117271.0,-194,71,54,165,29,46,,,,44.5,-115.0,-105.0,48.0,55.0,52.0,45.0,-3.5,-110,33,48,3.5,-112,67,52,2025-10-05 13:05:00-07:00,2025-12-17 13:13:26.384576
256852,nfl,Bills,Saints,125,152,complete,31.0,19.0,,,,,,,,,,,,,,,2025-09-28T17:00:00.000Z,15,15,256852,82132.0,-1500,97,96,800,3,4,,,,48.5,-108.0,-112.0,31.0,34.0,69.0,66.0,-14.5,-110,70,79,14.5,-110,30,21,2025-09-28 10:00:00-07:00,2025-12-17 13:13:26.384576
256631,nfl,Colts,Dolphins,133,126,complete,33.0,8.0,,,,,,,,,,,,,,,2025-09-07T17:00:00.000Z,15,15,256631,118250.0,-115,45,31,108,55,69,,,,47.0,-115.0,-106.0,14.0,19.0,86.0,81.0,-1.5,-108,21,11,1.5,-111,79,89,2025-09-07 10:00:00-07:00,2025-12-17 13:13:26.384576
256872,nfl,Ravens,Bears,131,143,complete,30.0,16.0,,,,,,,,,,,,,,,2025-10-26T17:00:00.000Z,15,15,256872,122804.0,-148,61,50,124,39,50,,,,44.5,-116.0,-105.0,44.0,32.0,56.0,68.0,-2.5,-119,31,24,2.5,-102,69,76,2025-10-26 10:00:00-07:00,2025-12-17 13:13:26.384576
256770,nfl,Rams,Lions,251,146,complete,41.0,34.0,,,,,,,,,,,,,,,2025-12-14T21:25:00.000Z,15,15,256770,114706.0,-245,74,60,205,26,40,,,,54.5,-115.0,-110.0,48.0,58.0,52.0,42.0,-5.5,-115,25,29,5.5,-105,75,71,2025-12-14 13:25:00-08:00,2025-12-17 13:13:26.384576
256668,nfl,Jets,Cowboys,127,140,complete,22.0,37.0,,,,,,,,,,,,,,,2025-10-05T17:00:00.000Z,15,15,256668,141242.0,-130,21,13,110,79,87,,,,47.5,-110.0,-110.0,36.0,55.0,64.0,45.0,-1.5,-115,48,79,1.5,-105,52,21,2025-10-05 10:00:00-07:00,2025-12-17 13:13:26.384576
256748,nfl,Vikings,Commanders,148,145,complete,31.0,0.0,,,,,,,,,,,,,,,2025-12-07T18:00:00.000Z,15,15,256748,75957.0,-115,37,25,-105,63,75,,,,43.5,-118.0,-103.0,65.0,71.0,35.0,29.0,-1.5,-106,31,33,1.5,-114,69,67,2025-12-07 10:00:00-08:00,2025-12-17 13:13:26.384576
256626,nfl,Patriots,Raiders,129,2045,complete,13.0,20.0,,,,,,,,,,,,,,,2025-09-07T17:00:00.000Z,15,15,256626,119740.0,-148,75,56,120,25,44,,,,44.5,-105.0,-115.0,23.0,32.0,77.0,68.0,-2.5,-115,14,16,2.5,-107,86,84,2025-09-07 10:00:00-07:00,2025-12-17 13:13:26.384576
256663,nfl,Panthers,Dolphins,150,126,complete,27.0,24.0,,,,,,,,,,,,,,,2025-10-05T17:00:00.000Z,15,15,256663,98565.0,-102,41,15,-118,59,85,,,,44.5,-104.0,-105.0,51.0,48.0,49.0,52.0,1.5,-115,57,71,-1.5,-105,43,29,2025-10-05 10:00:00-07:00,2025-12-17 13:13:26.384576
256763,nfl,Jaguars,Jets,134,127,complete,48.0,20.0,,,,,,,,,,,,,,,2025-12-14T18:00:00.000Z,15,15,256763,59766.0,-950,94,54,650,6,46,,,,40.5,-105.0,-115.0,70.0,72.0,30.0,28.0,-13.5,-114,57,65,13.5,-105,43,35,2025-12-14 10:00:00-08:00,2025-12-17 13:13:26.384576
256701,nfl,Seahawks,Cardinals,156,153,complete,44.0,22.0,,,,,,,,,,,,,,,2025-11-09T21:05:00.000Z,15,15,256701,106457.0,-360,96,97,285,4,3,,,,44.5,-118.0,-110.0,70.0,71.0,30.0,29.0,-7.5,-105,68,71,7.5,-115,32,29,2025-11-09 13:05:00-08:00,2025-12-17 13:13:26.384576
256882,nfl,Chiefs,Commanders,139,145,complete,28.0,7.0,,,,,,,,,,,,,,,2025-10-28T00:15:00.000Z,15,15,256882,226126.0,-590,94,77,430,6,23,,,,48.0,-110.0,-110.0,67.0,70.0,33.0,30.0,-10.5,-110,69,60,10.5,-110,31,40,2025-10-27 17:15:00-07:00,2025-12-17 13:13:26.384576
256552,nfl,Eagles,Cowboys,142,140,complete,24.0,20.0,,,,,,,,,,,,,,,2025-09-05T00:20:00.000Z,15,15,256552,410525.0,-425,94,73,330,6,27,,,,47.5,-110.0,-110.0,18.0,65.0,82.0,35.0,-8.5,-110,64,72,8.5,-110,36,28,2025-09-04 17:20:00-07:00,2025-12-17 13:13:26.384576
256630,nfl,Jaguars,Panthers,134,150,complete,26.0,10.0,,,,,,,,,,,,,,,2025-09-07T17:00:00.000Z,15,15,256630,120098.0,-220,86,85,184,14,15,,,,45.5,-110.0,-110.0,12.0,20.0,88.0,80.0,-4.5,-110,46,55,4.5,-115,54,45,2025-09-07 10:00:00-07:00,2025-12-17 13:13:26.384576
256682,nfl,Colts,Cardinals,133,153,complete,31.0,27.0,,,,,,,,,,,,,,,2025-10-12T17:00:00.000Z,15,15,256682,100267.0,-450,93,92,350,7,8,,,,46.5,-110.0,-110.0,46.0,63.0,54.0,37.0,-8.5,-108,67,69,8.5,-112,33,31,2025-10-12 10:00:00-07:00,2025-12-17 13:13:26.384576
256644,nfl,Ravens,Browns,131,130,complete,41.0,17.0,,,,,,,,,,,,,,,2025-09-14T17:00:00.000Z,15,15,256644,112702.0,-850,97,98,640,3,2,,,,46.5,-110.0,-110.0,14.0,17.0,86.0,83.0,-12.5,-115,53,81,12.5,-105,47,19,2025-09-14 10:00:00-07:00,2025-12-17 13:13:26.384576
256675,nfl,Giants,Eagles,144,142,complete,34.0,17.0,,,,,,,,,,,,,,,2025-10-10T00:15:00.000Z,15,15,256675,280208.0,325,8,10,-425,92,90,,,,40.5,-118.0,-105.0,64.0,60.0,36.0,40.0,7.5,-114,24,23,-7.5,-105,76,77,2025-10-09 17:15:00-07:00,2025-12-17 13:13:26.384576
256876,nfl,Panthers,Bills,150,125,complete,9.0,40.0,,,,,,,,,,,,,,,2025-10-26T17:00:00.000Z,15,15,256876,126328.0,315,4,3,-395,96,97,,,,47.5,-115.0,-110.0,51.0,67.0,49.0,33.0,7.0,-105,25,31,-7.0,-115,75,69,2025-10-26 10:00:00-07:00,2025-12-17 13:13:26.384576
256652,nfl,Chiefs,Eagles,139,142,complete,17.0,20.0,,,,,,,,,,,,,,,2025-09-14T20:25:00.000Z,15,15,256652,146281.0,106,31,60,-124,69,40,,,,46.5,-116.0,-103.0,10.0,17.0,90.0,83.0,1.5,-107,58,81,-1.5,-112,42,19,2025-09-14 13:25:00-07:00,2025-12-17 13:13:26.384576
256743,nfl,Chargers,Raiders,1325,2045,complete,31.0,14.0,,,,,,,,,,,,,,,2025-11-30T21:25:00.000Z,15,15,256743,82778.0,-562,96,94,400,4,6,,,,40.5,-112.0,-108.0,65.0,65.0,35.0,35.0,-9.5,-115,75,74,9.5,-105,25,26,2025-11-30 13:25:00-08:00,2025-12-17 13:13:26.384576
256850,nfl,Lions,Browns,146,130,complete,34.0,10.0,,,,,,,,,,,,,,,2025-09-28T17:00:00.000Z,15,15,256850,96975.0,-560,97,99,440,3,1,,,,44.5,-107.0,-115.0,33.0,29.0,67.0,71.0,-10.0,-110,51,68,10.0,-110,49,32,2025-09-28 10:00:00-07:00,2025-12-17 13:13:26.384576
256634,nfl,Broncos,Titans,136,135,complete,20.0,12.0,,,,,,,,,,,,,,,2025-09-07T20:05:00.000Z,15,15,256634,120744.0,-500,96,94,370,4,6,,,,42.5,-110.0,-110.0,23.0,34.0,77.0,66.0,-8.5,-115,44,60,8.5,-105,56,40,2025-09-07 13:05:00-07:00,2025-12-17 13:13:26.384576
256708,nfl,Titans,Texans,135,137,complete,13.0,16.0,,,,,,,,,,,,,,,2025-11-16T18:00:00.000Z,15,15,256708,63967.0,207,7,7,-255,93,93,,,,37.5,-104.0,-114.0,71.0,65.0,29.0,35.0,5.5,-113,31,29,-5.5,-107,69,71,2025-11-16 10:00:00-08:00,2025-12-17 13:13:26.384576
256764,nfl,Patriots,Bills,129,125,complete,31.0,35.0,,,,,,,,,,,,,,,2025-12-14T18:00:00.000Z,15,15,256764,136194.0,120,51,31,-142,49,69,,,,49.5,-115.0,-108.0,66.0,69.0,34.0,31.0,2.5,-110,62,57,-2.5,-110,38,43,2025-12-14 10:00:00-08:00,2025-12-17 13:13:26.384576
256730,nfl,Cowboys,Eagles,140,142,complete,24.0,21.0,,,,,,,,,,,,,,,2025-11-23T21:25:00.000Z,15,15,256730,116039.0,135,17,27,-160,83,73,,,,48.0,-110.0,-110.0,59.0,60.0,41.0,40.0,3.0,-115,60,71,-3.0,-105,40,29,2025-11-23 13:25:00-08:00,2025-12-17 13:13:26.384576
256874,nfl,Eagles,Giants,142,144,complete,38.0,20.0,,,,,,,,,,,,,,,2025-10-26T17:00:00.000Z,15,15,256874,122789.0,-390,92,87,300,8,13,,,,43.5,-105.0,-110.0,68.0,75.0,32.0,25.0,-7.5,-105,52,51,7.5,-115,48,49,2025-10-26 10:00:00-07:00,2025-12-17 13:13:26.384576
256861,nfl,Jets,Panthers,127,150,complete,6.0,13.0,,,,,,,,,,,,,,,2025-10-19T17:00:00.000Z,15,15,256861,99070.0,-112,28,35,-108,72,65,,,,39.5,-119.0,-102.0,44.0,35.0,56.0,65.0,-1.5,105,37,43,1.5,-122,63,57,2025-10-19 10:00:00-07:00,2025-12-17 13:13:26.384576
256688,nfl,Commanders,Bears,145,143,complete,24.0,25.0,,,,,,,,,,,,,,,2025-10-14T00:15:00.000Z,15,15,256688,194839.0,-265,85,72,215,15,28,,,,49.0,-110.0,-110.0,31.0,45.0,69.0,55.0,-5.5,-110,46,34,5.5,-110,54,66,2025-10-13 17:15:00-07:00,2025-12-17 13:13:26.384576
256727,nfl,Raiders,Browns,2045,130,complete,10.0,24.0,,,,,,,,,,,,,,,2025-11-23T21:05:00.000Z,15,15,256727,87489.0,-164,54,32,140,46,68,,,,36.5,-102.0,-118.0,70.0,64.0,30.0,36.0,-3.0,-112,19,19,3.0,-107,81,81,2025-11-23 13:05:00-08:00,2025-12-17 13:13:26.384576
256737,nfl,Buccaneers,Cardinals,149,153,complete,20.0,17.0,,,,,,,,,,,,,,,2025-11-30T18:00:00.000Z,15,15,256737,84273.0,-225,88,92,185,12,8,,,,45.5,-109.0,-111.0,54.0,58.0,46.0,42.0,-4.5,-112,65,71,4.5,-108,35,29,2025-11-30 10:00:00-08:00,2025-12-17 13:13:26.384576
256744,nfl,Steelers,Bills,132,125,complete,7.0,26.0,,,,,,,,,,,,,,,2025-11-30T21:25:00.000Z,15,15,256744,115130.0,145,18,18,-173,82,82,,,,44.5,-109.0,-111.0,64.0,70.0,36.0,30.0,3.0,-102,44,44,-3.0,-117,56,56,2025-11-30 13:25:00-08:00,2025-12-17 13:13:26.384576
256878,nfl,Saints,Buccaneers,152,149,complete,3.0,23.0,,,,,,,,,,,,,,,2025-10-26T20:05:00.000Z,15,15,256878,130377.0,180,5,4,-215,95,96,,,,46.0,-110.0,-110.0,42.0,46.0,58.0,54.0,3.5,-110,26,41,-3.5,-110,74,59,2025-10-26 13:05:00-07:00,2025-12-17 13:13:26.384576
256868,nfl,Lions,Buccaneers,146,149,complete,24.0,9.0,,,,,,,,,,,,,,,2025-10-20T23:00:00.000Z,15,15,256868,245826.0,-282,73,55,230,27,45,,,,54.5,-105.0,-114.0,54.0,75.0,46.0,25.0,-6.0,-109,35,59,6.0,-111,65,41,2025-10-20 16:00:00-07:00,2025-12-17 13:13:26.384576
256741,nfl,Titans,Jaguars,135,134,complete,3.0,25.0,,,,,,,,,,,,,,,2025-11-30T18:00:00.000Z,15,15,256741,82511.0,220,7,4,-270,93,96,,,,42.5,-112.0,-110.0,53.0,55.0,47.0,45.0,6.0,-112,34,32,-6.0,-112,66,68,2025-11-30 10:00:00-08:00,2025-12-17 13:13:26.384576
256691,nfl,Browns,Dolphins,130,126,complete,31.0,6.0,,,,,,,,,,,,,,,2025-10-19T17:00:00.000Z,15,15,256691,122910.0,-142,53,53,120,47,47,,,,34.5,-110.0,-110.0,61.0,48.0,39.0,52.0,-2.5,-115,32,24,2.5,-105,68,76,2025-10-19 10:00:00-07:00,2025-12-17 13:13:26.384576
256693,nfl,Broncos,Raiders,136,2045,complete,10.0,7.0,,,,,,,,,,,,,,,2025-11-07T01:15:00.000Z,15,15,256693,222532.0,-470,91,65,360,9,35,,,,42.5,-112.0,-108.0,57.0,73.0,43.0,27.0,-9.5,-105,65,53,9.5,-115,35,47,2025-11-06 17:15:00-08:00,2025-12-17 13:13:26.384576
256883,nfl,Dolphins,Ravens,126,131,complete,6.0,28.0,,,,,,,,,,,,,,,2025-10-31T00:15:00.000Z,15,15,256883,239733.0,360,11,18,-460,89,82,,,,51.5,-105.0,-110.0,66.0,80.0,34.0,20.0,7.5,-104,24,20,-7.5,-118,76,80,2025-10-30 17:15:00-07:00,2025-12-17 13:13:26.384576
256871,nfl,Falcons,Dolphins,151,126,complete,10.0,34.0,,,,,,,,,,,,,,,2025-10-26T17:00:00.000Z,15,15,256871,113045.0,-380,95,95,280,5,5,,,,44.5,-105.0,-115.0,51.0,44.0,49.0,56.0,-7.0,-105,70,47,7.0,-115,30,53,2025-10-26 10:00:00-07:00,2025-12-17 13:13:26.384576
256722,nfl,Ravens,Jets,131,127,complete,23.0,10.0,,,,,,,,,,,,,,,2025-11-23T18:00:00.000Z,15,15,256722,79779.0,-1062,96,96,687,4,4,,,,44.5,-116.0,-103.0,58.0,59.0,42.0,41.0,-14.0,-110,70,68,14.0,-110,30,32,2025-11-23 10:00:00-08:00,2025-12-17 13:13:26.384576
256731,nfl,Rams,Buccaneers,251,149,complete,34.0,7.0,,,,,,,,,,,,,,,2025-11-24T01:20:00.000Z,15,15,256731,164370.0,-357,85,50,280,15,50,,,,50.0,-110.0,-112.0,52.0,74.0,48.0,26.0,-7.5,-110,35,37,7.5,-120,65,63,2025-11-23 17:20:00-08:00,2025-12-17 13:13:26.384576
256598,nfl,Packers,Eagles,147,142,complete,7.0,10.0,,,,,,,,,,,,,,,2025-11-11T01:15:00.000Z,15,15,256598,240000.0,-110,30,25,-110,70,75,,,,45.0,-110.0,-110.0,59.0,67.0,41.0,33.0,-1.0,-105,27,31,1.0,-115,73,69,2025-11-10 17:15:00-08:00,2025-12-17 13:13:26.384576
256856,nfl,Raiders,Bears,2045,143,complete,24.0,25.0,,,,,,,,,,,,,,,2025-09-28T20:25:00.000Z,15,15,256856,106315.0,-126,43,32,108,57,68,,,,47.5,-115.0,-105.0,29.0,43.0,71.0,57.0,-1.5,-110,38,43,1.5,-110,62,57,2025-09-28 13:25:00-07:00,2025-12-17 13:13:26.384576
256855,nfl,Chiefs,Ravens,139,131,complete,37.0,20.0,,,,,,,,,,,,,,,2025-09-28T20:25:00.000Z,15,15,256855,119826.0,125,32,29,-148,68,71,,,,48.5,-117.0,-105.0,32.0,56.0,68.0,44.0,2.5,-102,60,65,-2.5,-119,40,35,2025-09-28 13:25:00-07:00,2025-12-17 13:13:26.384576
256683,nfl,Raiders,Titans,2045,135,complete,20.0,10.0,,,,,,,,,,,,,,,2025-10-12T20:05:00.000Z,15,15,256683,85999.0,-188,77,71,158,23,29,,,,41.5,-108.0,-112.0,62.0,60.0,38.0,40.0,-3.5,-108,44,53,3.5,-112,56,47,2025-10-12 13:05:00-07:00,2025-12-17 13:13:26.384576
256629,nfl,Commanders,Giants,145,144,complete,21.0,6.0,,,,,,,,,,,,,,,2025-09-07T17:00:00.000Z,15,15,256629,142822.0,-288,92,91,230,8,9,,,,45.5,-109.0,-109.0,19.0,24.0,81.0,76.0,-6.5,-105,31,32,6.5,-116,69,68,2025-09-07 10:00:00-07:00,2025-12-17 13:13:26.384576
256835,nfl,Eagles,Rams,142,251,complete,33.0,26.0,,,,,,,,,,,,,,,2025-09-21T17:00:00.000Z,15,15,256835,148684.0,-200,92,89,170,8,11,,,,45.5,-111.0,-112.0,23.0,46.0,77.0,54.0,-3.5,-108,62,45,3.5,-112,38,55,2025-09-21 10:00:00-07:00,2025-12-17 13:13:26.384576
256676,nfl,Panthers,Cowboys,150,140,complete,30.0,27.0,,,,,,,,,,,,,,,2025-10-12T17:00:00.000Z,15,15,256676,127742.0,135,11,11,-160,89,89,,,,47.0,-110.0,-112.0,48.0,50.0,52.0,50.0,3.0,-110,27,49,-3.0,-100,73,51,2025-10-12 10:00:00-07:00,2025-12-17 13:13:26.384576
256653,nfl,Vikings,Falcons,148,151,complete,6.0,22.0,,,,,,,,,,,,,,,2025-09-15T00:20:00.000Z,15,15,256653,236436.0,-170,86,52,145,14,48,,,,44.5,-110.0,-110.0,7.0,9.0,93.0,91.0,-3.5,104,71,22,3.5,-118,29,78,2025-09-14 17:20:00-07:00,2025-12-17 13:13:26.384576
256843,nfl,Giants,Chiefs,144,139,complete,9.0,22.0,,,,,,,,,,,,,,,2025-09-22T00:20:00.000Z,15,15,256843,237915.0,245,7,14,-320,93,86,,,,44.5,-110.0,-110.0,34.0,61.0,66.0,39.0,6.0,-105,43,33,-6.0,-115,57,67,2025-09-21 17:20:00-07:00,2025-12-17 13:13:26.384576
256635,nfl,Seahawks,49ers,156,154,complete,13.0,17.0,,,,,,,,,,,,,,,2025-09-07T20:05:00.000Z,15,15,256635,116145.0,112,21,25,-132,79,75,,,,43.5,-110.0,-110.0,17.0,16.0,83.0,84.0,2.5,-108,67,66,-2.5,-112,33,34,2025-09-07 13:05:00-07:00,2025-12-17 13:13:26.384576
256746,nfl,Patriots,Giants,129,144,complete,33.0,15.0,,,,,,,,,,,,,,,2025-12-02T01:15:00.000Z,15,15,256746,238314.0,-372,89,76,290,11,24,,,,46.5,-110.0,-110.0,60.0,68.0,40.0,32.0,-7.0,-110,53,52,7.0,-105,47,48,2025-12-01 17:15:00-08:00,2025-12-17 13:13:26.384576
256715,nfl,Browns,Ravens,130,131,complete,16.0,23.0,,,,,,,,,,,,,,,2025-11-16T21:25:00.000Z,15,15,256715,98288.0,345,3,1,-450,97,99,,,,37.5,-112.0,-108.0,68.0,61.0,32.0,39.0,7.5,-115,17,20,-7.5,-105,83,80,2025-11-16 13:25:00-08:00,2025-12-17 13:13:26.384576
256771,nfl,Saints,Panthers,152,150,complete,20.0,17.0,,,,,,,,,,,,,,,2025-12-14T21:25:00.000Z,15,15,256771,78527.0,124,14,13,-148,86,87,,,,41.5,-110.0,-110.0,67.0,81.0,33.0,19.0,2.5,-106,31,50,-2.5,-114,69,50,2025-12-14 13:25:00-08:00,2025-12-17 13:13:26.384576
256877,nfl,Bengals,Jets,128,127,complete,38.0,39.0,,,,,,,,,,,,,,,2025-10-26T17:00:00.000Z,15,15,256877,102645.0,-260,94,52,220,6,48,,,,43.5,-115.0,-110.0,53.0,19.0,47.0,81.0,-5.5,-110,74,48,5.5,-110,26,52,2025-10-26 10:00:00-07:00,2025-12-17 13:13:26.384576
256768,nfl,Eagles,Raiders,142,2045,complete,31.0,0.0,,,,,,,,,,,,,,,2025-12-14T18:00:00.000Z,15,15,256768,76038.0,-850,96,64,599,4,36,,,,37.0,-110.0,-110.0,79.0,66.0,21.0,34.0,-12.5,-111,65,67,12.5,-106,35,33,2025-12-14 10:00:00-08:00,2025-12-17 13:13:26.384576
256736,nfl,Browns,49ers,130,154,complete,8.0,26.0,,,,,,,,,,,,,,,2025-11-30T18:00:00.000Z,15,15,256736,115696.0,205,14,13,-250,86,87,,,,35.5,-102.0,-110.0,61.0,54.0,39.0,46.0,5.5,-110,51,46,-5.5,-110,49,54,2025-11-30 10:00:00-08:00,2025-12-17 13:13:26.384576
256712,nfl,Jaguars,Chargers,134,1325,complete,35.0,6.0,,,,,,,,,,,,,,,2025-11-16T18:00:00.000Z,15,15,256712,76119.0,124,11,14,-148,89,86,,,,43.5,-110.0,-110.0,62.0,68.0,38.0,32.0,3.0,-117,29,47,-3.0,-103,71,53,2025-11-16 10:00:00-08:00,2025-12-17 13:13:26.384576
256625,nfl,Chargers,Chiefs,1325,139,complete,27.0,21.0,,,,,,,,,,,,,,,2025-09-06T00:00:00.000Z,15,15,256625,262972.0,145,12,26,-173,88,74,,,,47.5,-110.0,-110.0,11.0,47.0,89.0,53.0,3.0,-104,51,62,-3.0,-118,49,38,2025-09-05 17:00:00-07:00,2025-12-17 13:13:26.384576
256729,nfl,Saints,Falcons,152,151,complete,10.0,24.0,,,,,,,,,,,,,,,2025-11-23T21:25:00.000Z,15,15,256729,78714.0,-122,33,30,102,67,70,,,,41.0,-110.0,-110.0,64.0,72.0,36.0,28.0,-1.5,-112,29,18,1.5,-108,71,82,2025-11-23 13:25:00-08:00,2025-12-17 13:13:26.384576
256854,nfl,49ers,Jaguars,154,134,complete,21.0,26.0,,,,,,,,,,,,,,,2025-09-28T20:05:00.000Z,15,15,256854,88746.0,-172,87,84,144,13,16,,,,45.5,-118.0,-108.0,28.0,27.0,72.0,73.0,-3.5,104,35,39,3.5,-119,65,61,2025-09-28 13:05:00-07:00,2025-12-17 13:13:26.384576
256774,nfl,Seahawks,Colts,156,133,complete,18.0,16.0,,,,,,,,,,,,,,,2025-12-14T21:25:00.000Z,15,15,256774,82723.0,-800,89,35,520,11,65,,,,41.5,-110.0,-110.0,76.0,73.0,24.0,27.0,-12.5,-115,53,42,12.5,-115,47,58,2025-12-14 13:25:00-08:00,2025-12-17 13:13:26.384576
256645,nfl,Cowboys,Giants,140,144,complete,40.0,37.0,,,,,,,,,,,,,,,2025-09-14T17:00:00.000Z,15,15,256645,128373.0,-230,97,97,194,3,3,,,,44.5,-110.0,-112.0,8.0,8.0,92.0,92.0,-4.5,-115,69,89,4.5,-106,31,11,2025-09-14 10:00:00-07:00,2025-12-17 13:13:26.384576
256846,nfl,Giants,Chargers,144,1325,complete,21.0,18.0,,,,,,,,,,,,,,,2025-09-28T17:00:00.000Z,15,15,256846,130569.0,225,7,3,-280,93,97,,,,42.5,-110.0,-110.0,31.0,30.0,69.0,70.0,6.0,-115,37,15,-6.0,-105,63,85,2025-09-28 10:00:00-07:00,2025-12-17 13:13:26.384576
256654,nfl,Texans,Buccaneers,137,149,complete,19.0,20.0,,,,,,,,,,,,,,,2025-09-15T23:00:00.000Z,15,15,256654,205280.0,-144,71,37,130,29,63,,,,42.5,-115.0,-110.0,8.0,17.0,92.0,83.0,-2.5,-120,45,46,2.5,-102,55,54,2025-09-15 16:00:00-07:00,2025-12-17 13:13:26.384576
256662,nfl,Rams,49ers,251,154,complete,23.0,26.0,,,,,,,,,,,,,,,2025-10-03T00:15:00.000Z,15,15,256662,269580.0,-430,91,92,340,9,8,,,,43.5,-115.0,-108.0,42.0,33.0,58.0,67.0,-7.5,-115,58,63,7.5,-105,42,37,2025-10-02 17:15:00-07:00,2025-12-17 13:13:26.384576
256732,nfl,49ers,Panthers,154,150,complete,20.0,9.0,,,,,,,,,,,,,,,2025-11-25T01:15:00.000Z,15,15,256732,191608.0,-375,92,73,310,8,27,,,,49.0,-110.0,-110.0,53.0,68.0,47.0,32.0,-7.5,-105,57,48,7.5,-115,43,52,2025-11-24 17:15:00-08:00,2025-12-17 13:13:26.384576
256669,nfl,Cardinals,Titans,153,135,complete,21.0,22.0,,,,,,,,,,,,,,,2025-10-05T20:05:00.000Z,15,15,256669,94072.0,-420,97,94,330,3,6,,,,41.5,-110.0,-110.0,41.0,36.0,59.0,64.0,-7.5,-110,72,65,7.5,-110,28,35,2025-10-05 13:05:00-07:00,2025-12-17 13:13:26.384576
256875,nfl,Texans,49ers,137,154,complete,26.0,15.0,,,,,,,,,,,,,,,2025-10-26T17:00:00.000Z,15,15,256875,133316.0,-160,27,43,130,73,57,,,,41.5,-105.0,-112.0,61.0,62.0,39.0,38.0,-3.0,-110,20,38,3.0,-110,80,62,2025-10-26 10:00:00-07:00,2025-12-17 13:13:26.384576
256840,nfl,Chargers,Broncos,1325,136,complete,23.0,20.0,,,,,,,,,,,,,,,2025-09-21T20:05:00.000Z,15,15,256840,118235.0,-155,90,94,130,10,6,,,,45.5,-110.0,-107.0,30.0,44.0,70.0,56.0,-2.5,-121,57,60,2.5,-100,43,40,2025-09-21 13:05:00-07:00,2025-12-17 13:13:26.384576
256869,nfl,Seahawks,Texans,156,137,complete,27.0,19.0,,,,,,,,,,,,,,,2025-10-21T02:00:00.000Z,15,15,256869,180658.0,-168,85,89,140,15,11,,,,41.5,-105.0,-110.0,72.0,63.0,28.0,37.0,-3.0,-110,61,54,3.0,-110,39,46,2025-10-20 19:00:00-07:00,2025-12-17 13:13:26.384576
256758,nfl,Bills,Bengals,125,128,complete,39.0,34.0,,,,,,,,,,,,,,,2025-12-07T18:00:00.000Z,15,15,256758,109198.0,-285,80,81,232,20,19,,,,54.5,-112.0,-108.0,55.0,71.0,45.0,29.0,-6.0,-113,32,35,6.0,-106,68,65,2025-12-07 10:00:00-08:00,2025-12-17 13:13:26.384576
256667,nfl,Eagles,Broncos,142,136,complete,17.0,21.0,,,,,,,,,,,,,,,2025-10-05T17:00:00.000Z,15,15,256667,118321.0,-225,94,95,180,6,5,,,,44.5,-105.0,-115.0,56.0,39.0,44.0,61.0,-4.0,-110,60,38,4.0,-110,40,62,2025-10-05 10:00:00-07:00,2025-12-17 13:13:26.384576
256896,nfl,Cowboys,Cardinals,140,153,complete,17.0,27.0,,,,,,,,,,,,,,,2025-11-04T01:15:00.000Z,15,15,256896,222526.0,-175,91,90,145,9,10,,,,53.5,-110.0,-107.0,29.0,66.0,71.0,34.0,-3.5,-112,75,66,3.5,-107,25,34,2025-11-03 17:15:00-08:00,2025-12-17 13:13:26.384576
256706,nfl,Steelers,Bengals,132,128,complete,34.0,12.0,,,,,,,,,,,,,,,2025-11-16T18:00:00.000Z,15,15,256706,102923.0,-245,85,87,205,15,13,,,,47.5,-110.0,-110.0,54.0,54.0,46.0,46.0,-5.5,-110,40,46,5.5,-110,60,54,2025-11-16 10:00:00-08:00,2025-12-17 13:13:26.384576
256842,nfl,49ers,Cardinals,154,153,complete,16.0,15.0,,,,,,,,,,,,,,,2025-09-21T20:25:00.000Z,15,15,256842,94567.0,-125,76,47,105,24,53,,,,44.5,-110.0,-110.0,35.0,50.0,65.0,50.0,-1.5,-110,43,33,1.5,-110,57,67,2025-09-21 13:25:00-07:00,2025-12-17 13:13:26.384576
256647,nfl,Jets,Bills,127,125,complete,10.0,30.0,,,,,,,,,,,,,,,2025-09-14T17:00:00.000Z,15,15,256647,144665.0,225,3,1,-290,97,99,,,,47.5,-102.0,-110.0,14.0,29.0,86.0,71.0,6.0,-109,47,67,-6.0,-111,53,33,2025-09-14 10:00:00-07:00,2025-12-17 13:13:26.384576
256681,nfl,Ravens,Rams,131,251,complete,3.0,17.0,,,,,,,,,,,,,,,2025-10-12T17:00:00.000Z,15,15,256681,102685.0,265,10,4,-320,90,96,,,,43.5,-115.0,-105.0,71.0,54.0,29.0,46.0,6.5,-110,27,16,-6.5,-110,73,84,2025-10-12 10:00:00-07:00,2025-12-17 13:13:26.384576
256677,nfl,Dolphins,Chargers,126,1325,complete,27.0,29.0,,,,,,,,,,,,,,,2025-10-12T17:00:00.000Z,15,15,256677,94123.0,154,12,14,-185,88,86,,,,45.5,-110.0,-110.0,57.0,58.0,43.0,42.0,3.5,-120,41,69,-3.5,-102,59,31,2025-10-12 10:00:00-07:00,2025-12-17 13:13:26.384576
256639,nfl,Bears,Vikings,143,148,complete,24.0,27.0,,,,,,,,,,,,,,,2025-09-09T00:15:00.000Z,15,15,256639,317634.0,-115,32,50,-105,68,50,,,,43.5,-108.0,-112.0,6.0,17.0,94.0,83.0,-1.0,-105,46,81,1.0,-115,54,19,2025-09-08 17:15:00-07:00,2025-12-17 13:13:26.384576
256757,nfl,Cardinals,Rams,153,251,complete,17.0,45.0,,,,,,,,,,,,,,,2025-12-07T21:25:00.000Z,15,15,256757,94350.0,372,3,2,-510,97,98,,,,49.5,-110.0,-110.0,67.0,75.0,33.0,25.0,9.5,-110,23,15,-9.5,-110,77,85,2025-12-07 13:25:00-08:00,2025-12-17 13:13:26.384576
256720,nfl,Titans,Seahawks,135,156,complete,24.0,30.0,,,,,,,,,,,,,,,2025-11-23T18:00:00.000Z,15,15,256720,88473.0,612,4,7,-924,96,93,,,,41.5,-110.0,-110.0,65.0,72.0,35.0,28.0,12.5,-105,19,31,-12.5,-109,81,69,2025-11-23 10:00:00-08:00,2025-12-17 13:13:26.384576
256680,nfl,Steelers,Browns,132,130,complete,23.0,9.0,,,,,,,,,,,,,,,2025-10-12T17:00:00.000Z,15,15,256680,94693.0,-295,90,94,245,10,6,,,,38.0,-110.0,-110.0,62.0,62.0,38.0,38.0,-6.5,-110,57,58,6.5,-110,43,42,2025-10-12 10:00:00-07:00,2025-12-17 13:13:26.384576
256895,nfl,Commanders,Seahawks,145,156,complete,14.0,38.0,,,,,,,,,,,,,,,2025-11-03T01:20:00.000Z,15,15,256895,169949.0,125,15,32,-148,85,68,,,,47.5,-110.0,-110.0,49.0,72.0,51.0,28.0,2.5,100,38,53,-2.5,-120,62,47,2025-11-02 17:20:00-08:00,2025-12-17 13:13:26.384576
256753,nfl,Browns,Titans,130,135,complete,29.0,31.0,,,,,,,,,,,,,,,2025-12-07T18:00:00.000Z,15,15,256753,69540.0,-200,90,92,167,10,8,,,,33.5,-108.0,-112.0,79.0,77.0,21.0,23.0,-4.0,-103,72,75,4.0,-116,28,25,2025-12-07 10:00:00-08:00,2025-12-17 13:13:26.384576
256894,nfl,Bills,Chiefs,125,139,complete,28.0,21.0,,,,,,,,,,,,,,,2025-11-02T21:25:00.000Z,15,15,256894,151022.0,114,43,28,-136,57,72,,,,53.0,-110.0,-110.0,49.0,82.0,51.0,18.0,2.5,-112,67,73,-2.5,-110,33,27,2025-11-02 13:25:00-08:00,2025-12-17 13:13:26.384576
256851,nfl,Texans,Titans,137,135,complete,26.0,0.0,,,,,,,,,,,,,,,2025-09-28T17:00:00.000Z,15,15,256851,77538.0,-420,93,93,320,7,7,,,,39.5,-110.0,-110.0,47.0,38.0,53.0,62.0,-7.5,-105,35,31,7.5,-115,65,69,2025-09-28 10:00:00-07:00,2025-12-17 13:13:26.384576
256567,nfl,Eagles,Bears,142,143,complete,15.0,24.0,,,,,,,,,,,,,,,2025-11-28T20:00:00.000Z,15,15,256567,160685.0,-340,88,77,275,12,23,,,,43.5,-105.0,-115.0,18.0,16.0,82.0,84.0,-7.0,-119,45,49,7.0,-102,55,51,2025-11-28 12:00:00-08:00,2025-12-17 13:13:26.384576
256695,nfl,Bears,Giants,143,144,complete,24.0,20.0,,,,,,,,,,,,,,,2025-11-09T18:00:00.000Z,15,15,256695,95965.0,-219,82,82,180,18,18,,,,44.5,-112.0,-108.0,67.0,62.0,33.0,38.0,-4.5,-110,53,49,4.5,-110,47,51,2025-11-09 10:00:00-08:00,2025-12-17 13:13:26.384576
256725,nfl,Chiefs,Colts,139,133,complete,23.0,20.0,,,,,,,,,,,,,,,2025-11-23T18:00:00.000Z,15,15,256725,133432.0,-225,72,85,186,28,15,,,,50.0,-109.0,-113.0,47.0,50.0,53.0,50.0,-4.5,-106,39,47,4.5,-114,61,53,2025-11-23 10:00:00-08:00,2025-12-17 13:13:26.384576
256739,nfl,Panthers,Rams,150,251,complete,31.0,28.0,,,,,,,,,,,,,,,2025-11-30T18:00:00.000Z,15,15,256739,94597.0,422,5,8,-575,95,92,,,,44.5,-116.0,-105.0,57.0,62.0,43.0,38.0,10.0,-110,33,45,-10.0,-110,67,55,2025-11-30 10:00:00-08:00,2025-12-17 13:13:26.384576
256672,nfl,Chargers,Commanders,1325,145,complete,10.0,27.0,,,,,,,,,,,,,,,2025-10-05T20:25:00.000Z,15,15,256672,111849.0,-164,88,88,140,12,12,,,,48.5,-110.0,-110.0,30.0,26.0,70.0,74.0,-3.0,-111,54,62,3.0,-108,46,38,2025-10-05 13:25:00-07:00,2025-12-17 13:13:26.384576
256749,nfl,Packers,Bears,147,143,complete,28.0,21.0,,,,,,,,,,,,,,,2025-12-07T21:25:00.000Z,15,15,256749,120078.0,-310,73,58,245,27,42,,,,44.5,-105.0,-115.0,72.0,65.0,28.0,35.0,-6.5,-115,28,44,6.5,-105,72,56,2025-12-07 13:25:00-08:00,2025-12-17 13:13:26.384576
256703,nfl,49ers,Rams,154,251,complete,26.0,42.0,,,,,,,,,,,,,,,2025-11-09T21:25:00.000Z,15,15,256703,108496.0,212,18,5,-259,82,95,,,,49.5,-110.0,-110.0,49.0,60.0,51.0,40.0,5.5,-105,52,43,-5.5,-115,48,57,2025-11-09 13:25:00-08:00,2025-12-17 13:13:26.384576
256686,nfl,Chiefs,Lions,139,146,complete,30.0,17.0,,,,,,,,,,,,,,,2025-10-13T00:20:00.000Z,15,15,256686,266157.0,-150,40,36,125,60,64,,,,51.5,-112.0,-112.0,54.0,66.0,46.0,34.0,-2.5,-115,22,30,2.5,-105,78,70,2025-10-12 17:20:00-07:00,2025-12-17 13:13:26.384576
256636,nfl,Rams,Texans,251,137,complete,14.0,9.0,,,,,,,,,,,,,,,2025-09-07T20:25:00.000Z,15,15,256636,113772.0,-168,83,77,142,17,23,,,,43.0,-110.0,-110.0,20.0,24.0,80.0,76.0,-3.0,-115,28,30,3.0,-105,72,70,2025-09-07 13:25:00-07:00,2025-12-17 13:13:26.384576
256655,nfl,Raiders,Chargers,2045,1325,complete,9.0,20.0,,,,,,,,,,,,,,,2025-09-16T02:00:00.000Z,15,15,256655,214186.0,155,10,8,-190,90,92,,,,46.5,-110.0,-110.0,8.0,50.0,92.0,50.0,3.5,-118,49,48,-3.5,-102,51,52,2025-09-15 19:00:00-07:00,2025-12-17 13:13:26.384576
256755,nfl,Ravens,Steelers,131,132,complete,22.0,27.0,,,,,,,,,,,,,,,2025-12-07T18:00:00.000Z,15,15,256755,85000.0,-290,85,81,225,15,19,,,,43.5,-117.0,-105.0,61.0,64.0,39.0,36.0,-5.5,-117,44,41,5.5,-102,56,59,2025-12-07 10:00:00-08:00,2025-12-17 13:13:26.384576
256858,nfl,Dolphins,Jets,126,127,complete,27.0,21.0,,,,,,,,,,,,,,,2025-09-29T23:15:00.000Z,15,15,256858,182813.0,-154,76,66,131,24,34,,,,43.5,-107.0,-110.0,44.0,32.0,56.0,68.0,-2.5,-120,54,51,2.5,-106,46,49,2025-09-29 16:15:00-07:00,2025-12-17 13:13:26.384576
256678,nfl,Jaguars,Seahawks,134,156,complete,12.0,20.0,,,,,,,,,,,,,,,2025-10-12T17:00:00.000Z,15,15,256678,110248.0,-105,45,37,-116,55,63,,,,47.5,-107.0,-110.0,53.0,76.0,47.0,24.0,1.5,-117,42,30,-1.5,-105,58,70,2025-10-12 10:00:00-07:00,2025-12-17 13:13:26.384576
256690,nfl,Chiefs,Raiders,139,2045,complete,31.0,0.0,,,,,,,,,,,,,,,2025-10-19T17:00:00.000Z,15,15,256690,96056.0,-850,95,84,600,5,16,,,,44.5,-110.0,-110.0,44.0,46.0,56.0,54.0,-13.5,-107,52,53,13.5,-112,48,47,2025-10-19 10:00:00-07:00,2025-12-17 13:13:26.384576
256694,nfl,Dolphins,Bills,126,125,complete,30.0,13.0,,,,,,,,,,,,,,,2025-11-09T18:00:00.000Z,15,15,256694,101989.0,350,3,6,-445,97,94,,,,50.0,-110.0,-110.0,50.0,57.0,50.0,43.0,8.5,-114,19,48,-8.5,-106,81,52,2025-11-09 10:00:00-08:00,2025-12-17 13:13:26.384576
256864,nfl,Broncos,Giants,136,144,complete,33.0,32.0,,,,,,,,,,,,,,,2025-10-19T20:05:00.000Z,15,15,256864,130413.0,-430,82,65,330,18,35,,,,40.5,-111.0,-109.0,54.0,60.0,46.0,40.0,-8.0,-115,35,45,8.0,-105,65,55,2025-10-19 13:05:00-07:00,2025-12-17 13:13:26.384576
256661,nfl,Patriots,Steelers,129,132,complete,14.0,21.0,,,,,,,,,,,,,,,2025-09-21T17:00:00.000Z,15,15,256661,100529.0,-104,32,35,-112,68,65,,,,44.5,-106.0,-114.0,26.0,38.0,74.0,62.0,1.5,-114,81,52,-1.5,-110,19,48,2025-09-21 10:00:00-07:00,2025-12-17 13:13:26.384576
256870,nfl,Chargers,Vikings,1325,148,complete,37.0,10.0,,,,,,,,,,,,,,,2025-10-24T00:15:00.000Z,15,15,256870,261795.0,-172,76,67,148,24,33,,,,44.5,-118.0,-106.0,77.0,90.0,23.0,10.0,-3.5,-106,44,39,3.5,-118,56,61,2025-10-23 17:15:00-07:00,2025-12-17 13:13:26.384576
256697,nfl,Jets,Browns,127,130,complete,27.0,20.0,,,,,,,,,,,,,,,2025-11-09T18:00:00.000Z,15,15,256697,73408.0,110,28,16,-130,72,84,,,,37.5,-107.0,-112.0,59.0,53.0,41.0,47.0,2.0,-110,41,65,-2.0,-110,59,35,2025-11-09 10:00:00-08:00,2025-12-17 13:13:26.384576
256700,nfl,Vikings,Ravens,148,131,complete,19.0,27.0,,,,,,,,,,,,,,,2025-11-09T18:00:00.000Z,15,15,256700,108012.0,192,17,9,-232,83,91,,,,48.5,-115.0,-105.0,73.0,87.0,27.0,13.0,4.5,-112,41,38,-4.5,-107,59,62,2025-11-09 10:00:00-08:00,2025-12-17 13:13:26.384576
256713,nfl,Rams,Seahawks,251,156,complete,21.0,19.0,,,,,,,,,,,,,,,2025-11-16T21:05:00.000Z,15,15,256713,111283.0,-180,65,46,150,35,54,,,,49.5,-112.0,-107.0,58.0,75.0,42.0,25.0,-3.0,-120,28,23,3.0,-100,72,77,2025-11-16 13:05:00-08:00,2025-12-17 13:13:26.384576
256641,nfl,Bengals,Jaguars,128,134,complete,31.0,27.0,,,,,,,,,,,,,,,2025-09-14T17:00:00.000Z,15,15,256641,144150.0,-185,92,89,155,8,11,,,,49.5,-105.0,-115.0,10.0,12.0,90.0,88.0,-3.5,-106,52,39,3.5,-113,48,61,2025-09-14 10:00:00-07:00,2025-12-17 13:13:26.384576
256628,nfl,Saints,Cardinals,152,153,complete,13.0,20.0,,,,,,,,,,,,,,,2025-09-07T17:00:00.000Z,15,15,256628,107991.0,205,7,6,-260,93,94,,,,44.5,-105.0,-115.0,22.0,32.0,78.0,68.0,5.5,-111,63,71,-5.5,-108,37,29,2025-09-07 10:00:00-07:00,2025-12-17 13:13:26.384576
256640,nfl,Packers,Commanders,147,145,complete,27.0,18.0,,,,,,,,,,,,,,,2025-09-12T00:15:00.000Z,15,15,256640,297757.0,-180,83,73,150,17,27,,,,48.5,-105.0,-105.0,4.0,29.0,96.0,71.0,-3.0,-115,46,51,3.0,-105,54,49,2025-09-11 17:15:00-07:00,2025-12-17 13:13:26.384576
256707,nfl,Falcons,Panthers,151,150,complete,27.0,30.0,,,,,,,,,,,,,,,2025-11-16T18:00:00.000Z,15,15,256707,78143.0,-225,81,79,182,19,21,,,,42.0,-114.0,-110.0,62.0,57.0,38.0,43.0,-4.0,-114,51,53,4.0,-106,49,47,2025-11-16 10:00:00-08:00,2025-12-17 13:13:26.384576
256696,nfl,Panthers,Saints,150,152,complete,7.0,17.0,,,,,,,,,,,,,,,2025-11-09T18:00:00.000Z,15,15,256696,75735.0,-245,93,96,200,7,4,,,,37.5,-113.0,-108.0,68.0,64.0,32.0,36.0,-5.5,-106,72,76,5.5,-113,28,24,2025-11-09 10:00:00-08:00,2025-12-17 13:13:26.384576
256602,nfl,Jaguars,Rams,134,251,complete,7.0,35.0,,,,,,,,,,,,,,,2025-10-19T13:30:00.000Z,15,15,256602,103453.0,142,26,57,-166,74,43,,,,44.5,-105.0,-115.0,15.0,11.0,85.0,89.0,3.0,-105,63,66,-3.0,-115,37,34,2025-10-19 06:30:00-07:00,2025-12-17 13:13:26.384576
256627,nfl,Browns,Bengals,130,128,complete,16.0,17.0,,,,,,,,,,,,,,,2025-09-07T17:00:00.000Z,15,15,256627,164507.0,185,6,3,-230,94,97,,,,47.5,-115.0,-102.0,9.0,14.0,91.0,86.0,4.5,-106,34,39,-4.5,-114,66,61,2025-09-07 10:00:00-07:00,2025-12-17 13:13:26.384576
256887,nfl,Lions,Vikings,146,148,complete,24.0,27.0,,,,,,,,,,,,,,,2025-11-02T18:00:00.000Z,15,15,256887,142146.0,-500,97,99,400,3,1,,,,47.5,-115.0,-105.0,36.0,52.0,64.0,48.0,-9.5,-113,84,78,9.5,-108,16,22,2025-11-02 10:00:00-08:00,2025-12-17 13:13:26.384576
256837,nfl,Buccaneers,Jets,149,127,complete,29.0,27.0,,,,,,,,,,,,,,,2025-09-21T17:00:00.000Z,15,15,256837,121593.0,-320,97,97,260,3,3,,,,43.5,-105.0,-115.0,19.0,18.0,81.0,82.0,-6.5,-110,45,49,6.5,-110,55,51,2025-09-21 10:00:00-07:00,2025-12-17 13:13:26.384576
256660,nfl,Panthers,Falcons,150,151,complete,30.0,0.0,,,,,,,,,,,,,,,2025-09-21T17:00:00.000Z,15,15,256660,120750.0,185,8,4,-225,92,96,,,,44.0,-110.0,-110.0,18.0,23.0,82.0,77.0,4.5,-110,57,13,-4.5,-110,43,87,2025-09-21 10:00:00-07:00,2025-12-17 13:13:26.384576
256836,nfl,Commanders,Raiders,145,2045,complete,41.0,24.0,,,,,,,,,,,,,,,2025-09-21T17:00:00.000Z,15,15,256836,95758.0,-155,88,75,130,12,25,,,,43.5,-115.0,-110.0,19.0,17.0,81.0,83.0,-3.0,-105,61,39,3.0,-115,39,61,2025-09-21 10:00:00-07:00,2025-12-17 13:13:26.384576
256601,nfl,Jets,Broncos,127,136,complete,11.0,13.0,,,,,,,,,,,,,,,2025-10-12T13:30:00.000Z,15,15,256601,106790.0,300,9,19,-375,91,81,,,,43.5,-110.0,-110.0,51.0,76.0,49.0,24.0,7.0,-115,40,49,-7.0,-105,60,51,2025-10-12 06:30:00-07:00,2025-12-17 13:13:26.384576
256603,nfl,Colts,Falcons,133,151,complete,31.0,25.0,,,,,,,,,,,,,,,2025-11-09T14:30:00.000Z,15,15,256603,88347.0,-270,91,89,220,9,11,,,,48.5,-106.0,-111.0,44.0,57.0,56.0,43.0,-6.5,-106,65,58,6.5,-113,35,42,2025-11-09 06:30:00-08:00,2025-12-17 13:13:26.384576
256648,nfl,Steelers,Seahawks,132,156,complete,17.0,31.0,,,,,,,,,,,,,,,2025-09-14T17:00:00.000Z,15,15,256648,107623.0,-185,89,84,154,11,16,,,,40.5,-111.0,-110.0,12.0,13.0,88.0,87.0,-3.5,-116,58,69,3.5,-105,42,31,2025-09-14 10:00:00-07:00,2025-12-17 13:13:26.384576
256750,nfl,Jaguars,Colts,134,133,complete,36.0,19.0,,,,,,,,,,,,,,,2025-12-07T18:00:00.000Z,15,15,256750,103836.0,118,33,27,-138,67,73,,,,44.5,-116.0,-105.0,68.0,60.0,32.0,40.0,2.5,-108,49,41,-2.5,-112,51,59,2025-12-07 10:00:00-08:00,2025-12-17 13:13:26.384576
256767,nfl,Bears,Browns,143,130,complete,31.0,3.0,,,,,,,,,,,,,,,2025-12-14T18:00:00.000Z,15,15,256767,87080.0,-380,91,61,297,9,39,,,,38.5,-105.0,-115.0,75.0,76.0,25.0,24.0,-7.5,-108,49,45,7.5,-112,51,55,2025-12-14 10:00:00-08:00,2025-12-17 13:13:26.384576
256862,nfl,Titans,Patriots,135,129,complete,13.0,31.0,,,,,,,,,,,,,,,2025-10-19T17:00:00.000Z,15,15,256862,108885.0,240,4,3,-290,96,97,,,,41.5,-107.0,-112.0,40.0,38.0,60.0,62.0,6.5,-115,22,27,-6.5,-106,78,73,2025-10-19 10:00:00-07:00,2025-12-17 13:13:26.384576
256839,nfl,Seahawks,Saints,156,152,complete,44.0,13.0,,,,,,,,,,,,,,,2025-09-21T20:05:00.000Z,15,15,256839,106426.0,-390,96,99,310,4,1,,,,41.5,-111.0,-110.0,50.0,61.0,50.0,39.0,-7.5,-102,59,58,7.5,-118,41,42,2025-09-21 13:05:00-07:00,2025-12-17 13:13:26.384576
256674,nfl,Jaguars,Chiefs,134,139,complete,31.0,28.0,,,,,,,,,,,,,,,2025-10-07T00:15:00.000Z,15,15,256674,278643.0,165,10,8,-202,90,92,,,,45.5,-112.0,-108.0,64.0,65.0,36.0,35.0,3.5,-118,38,45,-3.5,-105,62,55,2025-10-06 17:15:00-07:00,2025-12-17 13:13:26.384576
256884,nfl,Bengals,Bears,128,143,complete,42.0,47.0,,,,,,,,,,,,,,,2025-11-02T18:00:00.000Z,15,15,256884,99166.0,135,39,47,-160,61,53,,,,51.5,-110.0,-110.0,34.0,63.0,66.0,37.0,3.0,-115,58,58,-3.0,-105,42,42,2025-11-02 10:00:00-08:00,2025-12-17 13:13:26.384576
256775,nfl,Cowboys,Vikings,140,148,complete,26.0,34.0,,,,,,,,,,,,,,,2025-12-15T01:20:00.000Z,15,15,256775,134169.0,-250,91,86,200,9,14,,,,47.5,-112.0,-108.0,76.0,80.0,24.0,20.0,-5.0,-107,71,56,5.0,-112,29,44,2025-12-14 17:20:00-08:00,2025-12-17 13:13:26.384576
256692,nfl,Bears,Saints,143,152,complete,26.0,14.0,,,,,,,,,,,,,,,2025-10-19T17:00:00.000Z,15,15,256692,105654.0,-205,90,89,171,10,11,,,,43.5,-110.0,-110.0,37.0,17.0,63.0,83.0,-3.5,-115,49,37,3.5,-105,51,63,2025-10-19 10:00:00-07:00,2025-12-17 13:13:26.384576
256699,nfl,Buccaneers,Patriots,149,129,complete,23.0,28.0,,,,,,,,,,,,,,,2025-11-09T18:00:00.000Z,15,15,256699,113277.0,-150,61,75,127,39,25,,,,48.5,-101.0,-118.0,51.0,65.0,49.0,35.0,-2.5,-120,42,47,2.5,100,58,53,2025-11-09 10:00:00-08:00,2025-12-17 13:13:26.384576
256867,nfl,49ers,Falcons,154,151,complete,20.0,10.0,,,,,,,,,,,,,,,2025-10-20T00:20:00.000Z,15,15,256867,189387.0,-105,58,49,-115,42,51,,,,46.5,-110.0,-110.0,42.0,51.0,58.0,49.0,-0.5,-105,39,30,0.5,-115,61,70,2025-10-19 17:20:00-07:00,2025-12-17 13:13:26.384576
256841,nfl,Bears,Cowboys,143,140,complete,31.0,14.0,,,,,,,,,,,,,,,2025-09-21T20:25:00.000Z,15,15,256841,175579.0,104,23,17,-124,77,83,,,,50.5,-105.0,-110.0,22.0,28.0,78.0,72.0,1.5,-107,55,20,-1.5,-112,45,80,2025-09-21 13:25:00-07:00,2025-12-17 13:13:26.384576
256865,nfl,Cardinals,Packers,153,147,complete,23.0,27.0,,,,,,,,,,,,,,,2025-10-19T20:25:00.000Z,15,15,256865,94643.0,270,6,6,-360,94,94,,,,44.5,-110.0,-115.0,47.0,51.0,53.0,49.0,7.0,-115,37,35,-7.0,-108,63,65,2025-10-19 13:25:00-07:00,2025-12-17 13:13:26.384576
256723,nfl,Bears,Steelers,143,132,complete,31.0,28.0,,,,,,,,,,,,,,,2025-11-23T18:00:00.000Z,15,15,256723,87272.0,-152,61,43,127,39,57,,,,46.5,-112.0,-109.0,53.0,58.0,47.0,42.0,-3.0,-110,41,33,3.0,-110,59,67,2025-11-23 10:00:00-08:00,2025-12-17 13:13:26.384576
256673,nfl,Bills,Patriots,125,129,complete,20.0,23.0,,,,,,,,,,,,,,,2025-10-06T00:20:00.000Z,15,15,256673,244403.0,-430,97,92,325,3,8,,,,48.5,-118.0,-107.0,40.0,78.0,60.0,22.0,-7.5,-110,68,48,7.5,-110,32,52,2025-10-05 17:20:00-07:00,2025-12-17 13:13:26.384576
256769,nfl,Giants,Commanders,144,145,complete,21.0,29.0,,,,,,,,,,,,,,,2025-12-14T18:00:00.000Z,15,15,256769,67884.0,-155,73,80,130,27,20,,,,45.5,-115.0,-105.0,57.0,58.0,43.0,42.0,-2.5,-120,55,55,2.5,100,45,45,2025-12-14 10:00:00-08:00,2025-12-17 13:13:26.384576
256853,nfl,Rams,Colts,251,133,complete,27.0,20.0,,,,,,,,,,,,,,,2025-09-28T20:05:00.000Z,15,15,256853,119230.0,-190,84,77,154,16,23,,,,49.5,-112.0,-108.0,37.0,54.0,63.0,46.0,-3.5,-105,45,46,3.5,-115,55,54,2025-09-28 13:05:00-07:00,2025-12-17 13:13:26.384576
256847,nfl,Patriots,Panthers,129,150,complete,42.0,13.0,,,,,,,,,,,,,,,2025-09-28T17:00:00.000Z,15,15,256847,89978.0,-250,86,78,200,14,22,,,,42.5,-110.0,-110.0,28.0,28.0,72.0,72.0,-5.5,-110,24,32,5.5,-110,76,68,2025-09-28 10:00:00-07:00,2025-12-17 13:13:26.384576
256740,nfl,Jets,Falcons,127,151,complete,27.0,24.0,,,,,,,,,,,,,,,2025-11-30T18:00:00.000Z,15,15,256740,77023.0,138,18,13,-165,82,87,,,,38.5,-115.0,-105.0,57.0,52.0,43.0,48.0,3.0,-110,37,35,-3.0,-110,63,65,2025-11-30 10:00:00-08:00,2025-12-17 13:13:26.384576
256689,nfl,Bengals,Steelers,128,132,complete,33.0,31.0,,,,,,,,,,,,,,,2025-10-17T00:15:00.000Z,15,15,256689,272968.0,205,17,41,-245,83,59,,,,45.0,-108.0,-112.0,50.0,72.0,50.0,28.0,5.5,-110,57,65,-5.5,-110,43,35,2025-10-16 17:15:00-07:00,2025-12-17 13:13:26.384576
256866,nfl,Cowboys,Commanders,140,145,complete,44.0,22.0,,,,,,,,,,,,,,,2025-10-19T20:25:00.000Z,15,15,256866,143443.0,-125,58,70,105,42,30,,,,55.5,-108.0,-112.0,38.0,52.0,62.0,48.0,-1.5,-112,54,60,1.5,-108,46,40,2025-10-19 13:25:00-07:00,2025-12-17 13:13:26.384576
256718,nfl,Raiders,Cowboys,2045,140,complete,16.0,33.0,,,,,,,,,,,,,,,2025-11-18T01:15:00.000Z,15,15,256718,186140.0,164,10,19,-199,90,81,,,,48.5,-108.0,-112.0,50.0,49.0,50.0,51.0,3.5,-110,26,43,-3.5,-110,74,57,2025-11-17 17:15:00-08:00,2025-12-17 13:13:26.384576
256772,nfl,Broncos,Packers,136,147,complete,34.0,26.0,,,,,,,,,,,,,,,2025-12-14T21:25:00.000Z,15,15,256772,94925.0,102,50,17,-122,50,83,,,,42.5,-110.0,-110.0,65.0,67.0,35.0,33.0,1.5,-108,60,59,-1.5,-112,40,41,2025-12-14 13:25:00-08:00,2025-12-17 13:13:26.384576
256747,nfl,Lions,Cowboys,146,140,complete,44.0,30.0,,,,,,,,,,,,,,,2025-12-05T01:15:00.000Z,15,15,256747,261260.0,-185,56,36,155,44,64,,,,55.5,-110.0,-110.0,61.0,67.0,39.0,33.0,-3.5,-110,28,32,3.5,-110,72,68,2025-12-04 17:15:00-08:00,2025-12-17 13:13:26.384576
256881,nfl,Steelers,Packers,132,147,complete,25.0,35.0,,,,,,,,,,,,,,,2025-10-27T00:20:00.000Z,15,15,256881,221330.0,128,38,40,-152,62,60,,,,46.0,-107.0,-112.0,60.0,77.0,40.0,23.0,2.5,-102,64,68,-2.5,-120,36,32,2025-10-26 17:20:00-07:00,2025-12-17 13:13:26.384576
256600,nfl,Browns,Vikings,130,148,complete,17.0,21.0,,,,,,,,,,,,,,,2025-10-05T13:30:00.000Z,15,15,256600,106946.0,160,13,27,-188,87,73,,,,35.5,-110.0,-110.0,64.0,61.0,36.0,39.0,3.5,-118,46,38,-3.5,-104,54,62,2025-10-05 06:30:00-07:00,2025-12-17 13:13:26.384576
256849,nfl,Falcons,Commanders,151,145,complete,34.0,27.0,,,,,,,,,,,,,,,2025-09-28T17:00:00.000Z,15,15,256849,97445.0,-145,36,46,120,64,54,,,,43.5,-110.0,-111.0,38.0,31.0,62.0,69.0,-2.5,-115,19,26,2.5,-106,81,74,2025-09-28 10:00:00-07:00,2025-12-17 13:13:26.384576
256637,nfl,Packers,Lions,147,146,complete,27.0,13.0,,,,,,,,,,,,,,,2025-09-07T20:25:00.000Z,15,15,256637,156464.0,-115,56,29,-105,44,71,,,,48.0,-110.0,-110.0,12.0,34.0,88.0,66.0,-1.5,-105,9,6,1.5,-115,91,94,2025-09-07 13:25:00-07:00,2025-12-17 13:13:26.384576
256698,nfl,Texans,Jaguars,137,134,complete,36.0,29.0,,,,,,,,,,,,,,,2025-11-09T18:00:00.000Z,15,15,256698,71252.0,-111,50,39,-108,50,61,,,,37.5,-114.0,-112.0,69.0,63.0,31.0,37.0,1.5,-120,42,43,-1.5,102,58,57,2025-11-09 10:00:00-08:00,2025-12-17 13:13:26.384576
256724,nfl,Bengals,Patriots,128,129,complete,20.0,26.0,,,,,,,,,,,,,,,2025-11-23T18:00:00.000Z,15,15,256724,127081.0,305,6,5,-395,94,95,,,,50.5,-115.0,-102.0,40.0,54.0,60.0,46.0,7.5,-112,28,28,-7.5,-108,72,72,2025-11-23 10:00:00-08:00,2025-12-17 13:13:26.384576
256838,nfl,Titans,Colts,135,133,complete,20.0,41.0,,,,,,,,,,,,,,,2025-09-21T17:00:00.000Z,15,15,256838,115570.0,210,7,3,-258,93,97,,,,42.5,-110.0,-110.0,31.0,53.0,69.0,47.0,6.0,-110,46,32,-6.0,-110,54,68,2025-09-21 10:00:00-07:00,2025-12-17 13:13:26.384576
256650,nfl,Colts,Broncos,133,136,complete,29.0,28.0,,,,,,,,,,,,,,,2025-09-14T20:05:00.000Z,15,15,256650,110223.0,105,25,31,-125,75,69,,,,43.5,-108.0,-112.0,10.0,8.0,90.0,92.0,1.5,-105,49,55,-1.5,-115,51,45,2025-09-14 13:05:00-07:00,2025-12-17 13:13:26.384576
256742,nfl,Seahawks,Vikings,156,148,complete,26.0,0.0,,,,,,,,,,,,,,,2025-11-30T21:05:00.000Z,15,15,256742,103377.0,-950,94,81,607,6,19,,,,42.5,-110.0,-110.0,62.0,59.0,38.0,41.0,-12.5,-110,59,53,12.5,-110,41,47,2025-11-30 13:05:00-08:00,2025-12-17 13:13:26.384576
256759,nfl,Chiefs,Texans,139,137,complete,10.0,20.0,,,,,,,,,,,,,,,2025-12-08T01:20:00.000Z,15,15,256759,171418.0,-218,77,77,185,23,23,,,,41.5,-109.0,-111.0,75.0,68.0,25.0,32.0,-4.5,-107,45,56,4.5,-112,55,44,2025-12-07 17:20:00-08:00,2025-12-17 13:13:26.384576
256765,nfl,Texans,Cardinals,137,153,complete,40.0,20.0,,,,,,,,,,,,,,,2025-12-14T18:00:00.000Z,15,15,256765,80547.0,-612,95,82,452,5,18,,,,42.5,-108.0,-112.0,66.0,66.0,34.0,34.0,-10.5,-110,59,69,10.5,-110,41,31,2025-12-14 10:00:00-08:00,2025-12-17 13:13:26.384576
256735,nfl,Colts,Texans,133,137,complete,16.0,20.0,,,,,,,,,,,,,,,2025-11-30T18:00:00.000Z,15,15,256735,113313.0,-166,77,61,141,23,39,,,,44.5,-108.0,-112.0,64.0,69.0,36.0,31.0,-3.0,-115,39,22,3.0,-105,61,78,2025-11-30 10:00:00-08:00,2025-12-17 13:13:26.384576
256684,nfl,Packers,Bengals,147,128,complete,27.0,18.0,,,,,,,,,,,,,,,2025-10-12T20:25:00.000Z,15,15,256684,103170.0,-1200,90,53,660,10,47,,,,44.5,-115.0,-105.0,55.0,75.0,45.0,25.0,-14.0,-108,43,40,14.0,-112,57,60,2025-10-12 13:25:00-07:00,2025-12-17 13:13:26.384576
256714,nfl,Cardinals,49ers,153,154,complete,22.0,41.0,,,,,,,,,,,,,,,2025-11-16T21:05:00.000Z,15,15,256714,78886.0,157,8,21,-192,92,79,,,,48.5,-109.0,-111.0,44.0,60.0,56.0,40.0,3.5,-117,34,38,-3.5,-102,66,62,2025-11-16 13:05:00-08:00,2025-12-17 13:13:26.384576
256622,nfl,Cowboys,Chiefs,140,139,complete,31.0,28.0,,,,,,,,,,,,,,,2025-11-27T21:30:00.000Z,15,15,256622,253965.0,154,26,36,-185,74,64,,,,53.5,-107.0,-111.0,25.0,28.0,75.0,72.0,3.5,-115,58,69,-3.5,-105,42,31,2025-11-27 13:30:00-08:00,2025-12-17 13:13:26.384576
256710,nfl,Vikings,Bears,148,143,complete,17.0,19.0,,,,,,,,,,,,,,,2025-11-16T18:00:00.000Z,15,15,256710,97727.0,-152,69,52,127,31,48,,,,47.5,-119.0,-106.0,58.0,55.0,42.0,45.0,-2.5,-120,41,42,2.5,-102,59,58,2025-11-16 10:00:00-08:00,2025-12-17 13:13:26.384576
256760,nfl,Chargers,Eagles,1325,142,complete,22.0,19.0,,,,,,,,,,,,,,,2025-12-09T01:15:00.000Z,15,15,256760,206658.0,100,26,35,-120,74,65,,,,42.0,-112.0,-107.0,84.0,87.0,16.0,13.0,1.5,-115,41,56,-1.5,-105,59,44,2025-12-08 17:15:00-08:00,2025-12-17 13:13:26.384576
256863,nfl,Chargers,Colts,1325,133,complete,24.0,38.0,,,,,,,,,,,,,,,2025-10-19T20:05:00.000Z,15,15,256863,143999.0,-142,44,55,120,56,45,,,,49.0,-110.0,-112.0,43.0,49.0,57.0,51.0,-2.5,-113,22,21,2.5,-106,78,79,2025-10-19 13:05:00-07:00,2025-12-17 13:13:26.384576
256889,nfl,Steelers,Colts,132,133,complete,27.0,20.0,,,,,,,,,,,,,,,2025-11-02T18:00:00.000Z,15,15,256889,135270.0,140,16,18,-168,84,82,,,,51.5,-110.0,-110.0,45.0,72.0,55.0,28.0,3.0,-105,35,63,-3.0,-115,65,37,2025-11-02 10:00:00-08:00,2025-12-17 13:13:26.384576
256745,nfl,Commanders,Broncos,145,136,complete,26.0,27.0,,,,,,,,,,,,,,,2025-12-01T01:20:00.000Z,15,15,256745,158181.0,240,6,14,-300,94,86,,,,43.5,-108.0,-112.0,49.0,48.0,51.0,52.0,6.0,-110,23,23,-6.0,-110,77,77,2025-11-30 17:20:00-08:00,2025-12-17 13:13:26.384576
256751,nfl,Buccaneers,Saints,149,152,complete,20.0,24.0,,,,,,,,,,,,,,,2025-12-07T18:00:00.000Z,15,15,256751,87256.0,-414,97,97,322,3,3,,,,41.5,-112.0,-107.0,68.0,60.0,32.0,40.0,-7.5,-114,77,67,7.5,-106,23,33,2025-12-07 10:00:00-08:00,2025-12-17 13:13:26.384576
256717,nfl,Eagles,Lions,142,146,complete,16.0,9.0,,,,,,,,,,,,,,,2025-11-17T01:20:00.000Z,15,15,256717,182086.0,-141,58,27,120,42,73,,,,46.0,-109.0,-112.0,72.0,74.0,28.0,26.0,-2.5,-110,27,30,2.5,-110,73,70,2025-11-16 17:20:00-08:00,2025-12-17 13:13:26.384576
256709,nfl,Giants,Packers,144,147,complete,20.0,27.0,,,,,,,,,,,,,,,2025-11-16T18:00:00.000Z,15,15,256709,87630.0,312,7,7,-394,93,93,,,,42.5,-105.0,-115.0,69.0,65.0,31.0,35.0,7.5,-108,28,27,-7.5,-112,72,73,2025-11-16 10:00:00-08:00,2025-12-17 13:13:26.384576
256665,nfl,Saints,Giants,152,144,complete,26.0,14.0,,,,,,,,,,,,,,,2025-10-05T17:00:00.000Z,15,15,256665,122804.0,-134,41,26,116,59,74,,,,41.5,-115.0,-105.0,63.0,59.0,37.0,41.0,-2.5,-110,23,22,2.5,-110,77,78,2025-10-05 10:00:00-07:00,2025-12-17 13:13:26.384576
256845,nfl,Cardinals,Seahawks,153,156,complete,20.0,23.0,,,,,,,,,,,,,,,2025-09-26T00:15:00.000Z,15,15,256845,274594.0,102,27,28,-120,73,72,,,,43.5,-120.0,-110.0,50.0,53.0,50.0,47.0,1.5,-110,31,34,-1.5,-120,69,66,2025-09-25 17:15:00-07:00,2025-12-17 13:13:26.384576
256687,nfl,Falcons,Bills,151,125,complete,24.0,14.0,,,,,,,,,,,,,,,2025-10-13T23:15:00.000Z,15,15,256687,210379.0,169,7,8,-202,93,92,,,,49.5,-114.0,-110.0,39.0,48.0,61.0,52.0,3.5,-105,32,58,-3.5,-115,68,42,2025-10-13 16:15:00-07:00,2025-12-17 13:13:26.384576
256658,nfl,Jaguars,Texans,134,137,complete,17.0,10.0,,,,,,,,,,,,,,,2025-09-21T17:00:00.000Z,15,15,256658,117700.0,-120,57,41,-100,43,59,,,,42.5,-115.0,-106.0,26.0,46.0,74.0,54.0,-1.5,-105,45,14,1.5,-115,55,86,2025-09-21 10:00:00-07:00,2025-12-17 13:13:26.384576
256656,nfl,Bills,Dolphins,125,126,complete,31.0,21.0,,,,,,,,,,,,,,,2025-09-19T00:15:00.000Z,15,15,256656,297025.0,-800,96,97,550,4,3,,,,50.5,-110.0,-110.0,20.0,73.0,80.0,27.0,-11.5,-105,71,49,11.5,-115,29,51,2025-09-18 17:15:00-07:00,2025-12-17 13:13:26.384576
256773,nfl,49ers,Titans,154,135,complete,37.0,24.0,,,,,,,,,,,,,,,2025-12-14T21:25:00.000Z,15,15,256773,67753.0,-900,97,77,610,3,23,,,,44.5,-112.0,-115.0,65.0,74.0,35.0,26.0,-12.5,-112,76,79,12.5,-108,24,21,2025-12-14 13:25:00-08:00,2025-12-17 13:13:26.384576
256890,nfl,Giants,49ers,144,154,complete,24.0,34.0,,,,,,,,,,,,,,,2025-11-02T18:00:00.000Z,15,15,256890,92552.0,124,18,24,-146,82,76,,,,47.5,-112.0,-109.0,43.0,44.0,57.0,56.0,2.5,-105,42,52,-2.5,-115,58,48,2025-11-02 10:00:00-08:00,2025-12-17 13:13:26.384576
256632,nfl,Jets,Steelers,127,132,complete,32.0,34.0,,,,,,,,,,,,,,,2025-09-07T17:00:00.000Z,15,15,256632,120951.0,140,15,1,-162,85,99,,,,38.0,-110.0,-110.0,37.0,29.0,63.0,71.0,3.0,-110,48,46,-3.0,-110,52,54,2025-09-07 10:00:00-07:00,2025-12-17 13:13:26.384576
256702,nfl,Commanders,Lions,145,146,complete,22.0,44.0,,,,,,,,,,,,,,,2025-11-09T21:25:00.000Z,15,15,256702,135487.0,360,3,2,-467,97,98,,,,49.5,-108.0,-112.0,43.0,42.0,57.0,58.0,8.5,-108,13,21,-8.5,-112,87,79,2025-11-09 13:25:00-08:00,2025-12-17 13:13:26.384576
256633,nfl,Falcons,Buccaneers,151,149,complete,20.0,23.0,,,,,,,,,,,,,,,2025-09-07T17:00:00.000Z,15,15,256633,150214.0,-108,34,8,-110,66,92,,,,47.5,-110.0,-110.0,16.0,30.0,84.0,70.0,1.5,-117,70,75,-1.5,-109,30,25,2025-09-07 10:00:00-07:00,2025-12-17 13:13:26.384576
256761,nfl,Buccaneers,Falcons,149,151,complete,28.0,29.0,,,,,,,,,,,,,,,2025-12-12T01:15:00.000Z,15,15,256761,193027.0,-285,87,78,230,13,22,,,,43.5,-110.0,-110.0,66.0,67.0,34.0,33.0,-6.0,-112,64,68,6.0,-108,36,32,2025-12-11 17:15:00-08:00,2025-12-17 13:13:26.384576
256762,nfl,Chiefs,Chargers,139,1325,complete,13.0,16.0,,,,,,,,,,,,,,,2025-12-14T18:00:00.000Z,15,15,256762,107512.0,-277,72,84,222,28,16,,,,41.5,-110.0,-108.0,71.0,71.0,29.0,29.0,-5.5,-120,29,31,5.5,-101,71,69,2025-12-14 10:00:00-08:00,2025-12-17 13:13:26.384576
256646,nfl,Lions,Bears,146,143,complete,52.0,21.0,,,,,,,,,,,,,,,2025-09-14T17:00:00.000Z,15,15,256646,126879.0,-295,96,96,240,4,4,,,,46.5,-102.0,-115.0,7.0,6.0,93.0,94.0,-6.5,-110,45,88,6.5,-110,55,12,2025-09-14 10:00:00-07:00,2025-12-17 13:13:26.384576
256651,nfl,Cardinals,Panthers,153,150,complete,27.0,22.0,,,,,,,,,,,,,,,2025-09-14T20:05:00.000Z,15,15,256651,106341.0,-310,97,96,265,3,4,,,,45.5,-110.0,-110.0,9.0,27.0,91.0,73.0,-7.0,-110,33,44,7.0,-110,67,56,2025-09-14 13:05:00-07:00,2025-12-17 13:13:26.384576
256738,nfl,Dolphins,Saints,126,152,complete,21.0,17.0,,,,,,,,,,,,,,,2025-11-30T18:00:00.000Z,15,15,256738,82516.0,-259,91,93,207,9,7,,,,41.5,-110.0,-110.0,58.0,56.0,42.0,44.0,-5.5,-110,71,72,5.5,-110,29,28,2025-11-30 10:00:00-08:00,2025-12-17 13:13:26.384576
256659,nfl,Vikings,Bengals,148,128,complete,48.0,10.0,,,,,,,,,,,,,,,2025-09-21T17:00:00.000Z,15,15,256659,121926.0,-166,67,74,142,33,26,,,,42.5,-114.0,-108.0,28.0,33.0,72.0,67.0,-3.0,-115,37,43,3.0,-105,63,57,2025-09-21 10:00:00-07:00,2025-12-17 13:13:26.384576
256711,nfl,Bills,Buccaneers,125,149,complete,44.0,32.0,,,,,,,,,,,,,,,2025-11-16T18:00:00.000Z,15,15,256711,99378.0,-305,85,90,245,15,10,,,,46.5,-110.0,-110.0,61.0,71.0,39.0,29.0,-6.5,-110,37,54,6.5,-110,63,46,2025-11-16 10:00:00-08:00,2025-12-17 13:13:26.384576
256642,nfl,Dolphins,Patriots,126,129,complete,27.0,33.0,,,,,,,,,,,,,,,2025-09-14T17:00:00.000Z,15,15,256642,118589.0,-132,72,48,110,28,52,,,,43.5,-108.0,-111.0,8.0,8.0,92.0,92.0,-2.5,-107,52,32,2.5,-115,48,68,2025-09-14 10:00:00-07:00,2025-12-17 13:13:26.384576
256888,nfl,Packers,Panthers,147,150,complete,13.0,16.0,,,,,,,,,,,,,,,2025-11-02T18:00:00.000Z,15,15,256888,87898.0,-1000,96,91,625,4,9,,,,43.5,-106.0,-111.0,68.0,60.0,32.0,40.0,-12.5,-116,67,71,12.5,-103,33,29,2025-11-02 10:00:00-08:00,2025-12-17 13:13:26.384576
256879,nfl,Colts,Titans,133,135,complete,38.0,14.0,,,,,,,,,,,,,,,2025-10-26T20:25:00.000Z,15,15,256879,111117.0,-1600,96,90,900,4,10,,,,48.0,-110.0,-110.0,54.0,71.0,46.0,29.0,-14.5,-114,74,67,14.5,-106,26,33,2025-10-26 13:25:00-07:00,2025-12-17 13:13:26.384576
256657,nfl,Browns,Packers,130,147,complete,13.0,10.0,,,,,,,,,,,,,,,2025-09-21T17:00:00.000Z,15,15,256657,166748.0,350,2,0,-450,98,100,,,,40.5,-113.0,-106.0,31.0,27.0,69.0,73.0,7.5,-114,46,56,-7.5,-105,54,44,2025-09-21 10:00:00-07:00,2025-12-17 13:13:26.384576
256859,nfl,Broncos,Bengals,136,128,complete,28.0,3.0,,,,,,,,,,,,,,,2025-09-30T00:15:00.000Z,15,15,256859,204679.0,-450,93,64,350,7,36,,,,44.5,-110.0,-110.0,42.0,47.0,58.0,53.0,-7.5,-112,68,72,7.5,-108,32,28,2025-09-29 17:15:00-07:00,2025-12-17 13:13:26.384576
256776,nfl,Steelers,Dolphins,132,126,complete,28.0,15.0,,,,,,,,,,,,,,,2025-12-16T01:15:00.000Z,15,15,256776,184348.0,-185,80,63,147,20,37,,,,43.5,-107.0,-117.0,68.0,71.0,32.0,29.0,-3.5,-105,50,45,3.5,-121,50,55,2025-12-15 17:15:00-08:00,2025-12-17 13:13:26.384576
256734,nfl,Ravens,Bengals,131,128,complete,14.0,32.0,,,,,,,,,,,,,,,2025-11-28T01:20:00.000Z,15,15,256734,251673.0,-375,84,67,302,16,33,,,,52.5,-105.0,-115.0,54.0,57.0,46.0,43.0,-7.0,-120,38,40,7.0,100,62,60,2025-11-27 17:20:00-08:00,2025-12-17 13:13:26.384576
256733,nfl,Lions,Packers,146,147,complete,24.0,31.0,,,,,,,,,,,,,,,2025-11-27T18:00:00.000Z,15,15,256733,236279.0,-164,77,83,132,23,17,,,,47.5,-120.0,-110.0,52.0,60.0,48.0,40.0,-2.5,-125,57,48,2.5,-105,43,52,2025-11-27 10:00:00-08:00,2025-12-17 13:13:26.384576
256728,nfl,Cardinals,Jaguars,153,134,complete,24.0,27.0,,,,,,,,,,,,,,,2025-11-23T21:05:00.000Z,15,15,256728,94840.0,114,22,23,-134,78,77,,,,47.5,-107.0,-112.0,44.0,54.0,56.0,46.0,2.5,-120,47,72,-2.5,-100,53,28,2025-11-23 13:05:00-08:00,2025-12-17 13:13:26.384576
256679,nfl,Buccaneers,49ers,149,154,complete,30.0,19.0,,,,,,,,,,,,,,,2025-10-12T20:25:00.000Z,15,15,256679,116458.0,-190,76,68,160,24,32,,,,47.0,-110.0,-110.0,54.0,59.0,46.0,41.0,-3.5,-110,44,30,3.5,-110,56,70,2025-10-12 13:25:00-07:00,2025-12-17 13:13:26.384576
256752,nfl,Jets,Dolphins,127,126,complete,10.0,34.0,,,,,,,,,,,,,,,2025-12-07T18:00:00.000Z,15,15,256752,76765.0,124,20,13,-148,80,87,,,,41.5,-109.0,-111.0,71.0,64.0,29.0,36.0,2.5,-105,39,46,-2.5,-115,61,54,2025-12-07 10:00:00-08:00,2025-12-17 13:13:26.384576
256885,nfl,Patriots,Falcons,129,151,complete,24.0,23.0,,,,,,,,,,,,,,,2025-11-02T18:00:00.000Z,15,15,256885,115458.0,-250,92,96,205,8,4,,,,45.5,-110.0,-111.0,57.0,65.0,43.0,35.0,-5.5,-110,68,51,5.5,-112,32,49,2025-11-02 10:00:00-08:00,2025-12-17 13:13:26.384576
256756,nfl,Raiders,Broncos,2045,136,complete,17.0,24.0,,,,,,,,,,,,,,,2025-12-07T21:05:00.000Z,15,15,256756,79754.0,360,4,5,-465,96,95,,,,40.5,-105.0,-114.0,70.0,75.0,30.0,25.0,8.5,-115,21,21,-8.5,-105,79,79,2025-12-07 13:05:00-08:00,2025-12-17 13:13:26.384576
256766,nfl,Bengals,Ravens,128,131,complete,0.0,24.0,,,,,,,,,,,,,,,2025-12-14T18:00:00.000Z,15,15,256766,126394.0,138,49,51,-163,51,49,,,,51.5,-110.0,-110.0,64.0,75.0,36.0,25.0,3.0,-106,72,66,-3.0,-118,28,34,2025-12-14 10:00:00-08:00,2025-12-17 13:13:26.384576
256721,nfl,Lions,Giants,146,144,complete,34.0,27.0,,,,,,,,,,,,,,,2025-11-23T18:00:00.000Z,15,15,256721,115474.0,-1100,96,72,724,4,28,,,,50.5,-122.0,-108.0,40.0,60.0,60.0,40.0,-14.0,-120,76,88,14.0,100,24,12,2025-11-23 10:00:00-08:00,2025-12-17 13:13:26.384576
256666,nfl,Ravens,Texans,131,137,complete,10.0,44.0,,,,,,,,,,,,,,,2025-10-05T17:00:00.000Z,15,15,256666,91962.0,120,61,59,-142,39,41,,,,41.5,-110.0,-110.0,51.0,49.0,49.0,51.0,2.5,-108,72,72,-2.5,-112,28,28,2025-10-05 10:00:00-07:00,2025-12-17 13:13:26.384576
256936,nfl,Bengals,Browns,128,130,scheduled,,,,,,,,,,,,,,,,,2026-01-04T18:00:00.000Z,15,15,256936,50.0,-410,0,0,310,0,0,,,,43.5,-110.0,-110.0,0.0,0.0,0.0,0.0,-8.5,-110,0,0,8.5,-110,0,0,2026-01-04 10:00:00-08:00,2025-12-23 09:16:17.536168
256936,nfl,Bengals,Browns,128,130,scheduled,,,,,,,,,,,,,,,,,2026-01-04T18:00:00.000Z,15,15,256936,186.0,-350,0,0,275,0,0,,,,44.5,-110.0,-110.0,0.0,0.0,0.0,0.0,-7.0,-107,0,0,7.0,-112,0,0,2026-01-04 10:00:00-08:00,2025-12-29 00:58:37.946408
256936,nfl,Bengals,Browns,128,130,scheduled,,,,,,,,,,,,,,,,,2026-01-04T18:00:00.000Z,15,15,256936,287.0,-360,87,80,285,13,20,,,,44.5,-107.0,-110.0,0.0,0.0,0.0,0.0,-7.0,-112,0,0,7.0,-107,0,0,2026-01-04 10:00:00-08:00,2025-12-29 03:04:36.525929
256936,nfl,Bengals,Browns,128,130,scheduled,,,,,,,,,,,,,,,,,2026-01-04T18:00:00.000Z,15,15,256936,499.0,-360,88,72,285,12,28,,,,44.5,-109.0,-111.0,0.0,0.0,0.0,0.0,-7.5,-112,0,0,7.5,-107,0,0,2026-01-04 10:00:00-08:00,2025-12-29 06:20:42.322318
256936,nfl,Bengals,Browns,128,130,scheduled,,,,,,,,,,,,,,,,,2026-01-04T18:00:00.000Z,15,15,256936,595.0,-360,88,74,285,12,26,,,,44.5,-108.0,-112.0,55.0,59.0,45.0,41.0,-7.0,-115,0,0,7.0,-105,0,0,2026-01-04 10:00:00-08:00,2025-12-29 09:20:27.955615
256936,nfl,Bengals,Browns,128,130,scheduled,,,,,,,,,,,,,,,,,2026-01-04T18:00:00.000Z,15,15,256936,651.0,-360,89,76,285,11,24,,,,44.5,-110.0,-111.0,55.0,61.0,45.0,39.0,-7.0,-115,0,0,7.0,-105,0,0,2026-01-04 10:00:00-08:00,2025-12-29 12:22:47.110663
256936,nfl,Bengals,Browns,128,130,scheduled,,,,,,,,,,,,,,,,,2026-01-04T18:00:00.000Z,15,15,256936,706.0,-360,90,78,285,10,22,,,,44.5,-110.0,-111.0,55.0,59.0,45.0,41.0,-7.5,-110,0,0,7.5,-110,0,0,2026-01-04 10:00:00-08:00,2025-12-29 13:31:26.405633
256936,nfl,Bengals,Browns,128,130,scheduled,,,,,,,,,,,,,,,,,2026-01-04T18:00:00.000Z,15,15,256936,1019.0,-385,90,76,300,10,24,,,,44.5,-110.0,-110.0,55.0,61.0,45.0,39.0,-7.5,-110,56,60,7.5,-110,44,40,2026-01-04 10:00:00-08:00,2025-12-29 19:09:35.062004
256936,nfl,Bengals,Browns,128,130,scheduled,,,,,,,,,,,,,,,,,2026-01-04T18:00:00.000Z,15,15,256936,3125.0,-400,86,66,310,14,34,,,,44.5,-110.0,-110.0,56.0,59.0,44.0,41.0,-7.5,-110,53,45,7.5,-110,47,55,2026-01-04 10:00:00-08:00,2025-12-30 16:14:46.330090
256936,nfl,Bengals,Browns,128,130,scheduled,,,,,,,,,,,,,,,,,2026-01-04T18:00:00.000Z,15,15,256936,4649.0,-385,87,57,300,13,43,,,,44.5,-110.0,-110.0,61.0,59.0,39.0,41.0,-7.5,-110,53,49,7.5,-110,47,51,2026-01-04 10:00:00-08:00,2025-12-31 15:12:09.192562
256936,nfl,Bengals,Browns,128,130,scheduled,,,,,,,,,,,,,,,,,2026-01-04T18:00:00.000Z,15,15,256936,5376.0,-395,87,60,300,13,40,,,,44.5,-110.0,-110.0,63.0,61.0,37.0,39.0,-7.5,-110,54,53,7.5,-110,46,47,2026-01-04 10:00:00-08:00,2025-12-31 23:11:13.765634
256936,nfl,Bengals,Browns,128,130,scheduled,,,,,,,,,,,,,,,,,2026-01-04T18:00:00.000Z,15,15,256936,5568.0,-400,87,61,310,13,39,,,,44.5,-110.0,-110.0,63.0,61.0,37.0,39.0,-7.5,-110,54,53,7.5,-110,46,47,2026-01-04 10:00:00-08:00,2026-01-01 01:00:24.309318
256936,nfl,Bengals,Browns,128,130,scheduled,,,,,,,,,,,,,,,,,2026-01-04T18:00:00.000Z,15,15,256936,6013.0,-375,87,63,300,13,37,,,,44.5,-110.0,-110.0,66.0,63.0,34.0,37.0,-7.5,-110,54,59,7.5,-110,46,41,2026-01-04 10:00:00-08:00,2026-01-01 15:12:11.013114
256936,nfl,Bengals,Browns,128,130,scheduled,,,,,,,,,,,,,,,,,2026-01-04T18:00:00.000Z,15,15,256936,10955.0,-400,88,65,310,12,35,,,,44.5,-110.0,-110.0,64.0,61.0,36.0,39.0,-7.5,-110,54,62,7.5,-110,46,38,2026-01-04 10:00:00-08:00,2026-01-02 23:11:09.331885
256936,nfl,Bengals,Browns,128,130,scheduled,,,,,,,,,,,,,,,,,2026-01-04T18:00:00.000Z,15,15,256936,17064.0,-400,88,66,300,12,34,,,,44.5,-110.0,-110.0,64.0,63.0,36.0,37.0,-7.5,-110,55,62,7.5,-110,45,38,2026-01-04 10:00:00-08:00,2026-01-03 20:12:08.391760
256936,nfl,Bengals,Browns,128,130,scheduled,,,,,,,,,,,,,,,,,2026-01-04T18:00:00.000Z,15,15,256936,18412.0,-400,88,66,310,12,34,,,,44.5,-115.0,-111.0,64.0,63.0,36.0,37.0,-7.5,-110,55,62,7.5,-110,45,38,2026-01-04 10:00:00-08:00,2026-01-03 23:11:09.036377
256936,nfl,Bengals,Browns,128,130,scheduled,,,,,,,,,,,,,,,,,2026-01-04T18:00:00.000Z,15,15,256936,19296.0,-400,88,67,300,12,33,,,,45.0,-110.0,-120.0,64.0,63.0,36.0,37.0,-7.5,-110,55,62,7.5,-110,45,38,2026-01-04 10:00:00-08:00,2026-01-04 01:00:46.546153
256936,nfl,Bengals,Browns,128,130,scheduled,,,,,,,,,,,,,,,,,2026-01-04T18:00:00.000Z,15,15,256936,20487.0,-400,88,68,310,12,32,,,,45.5,-110.0,-110.0,64.0,63.0,36.0,37.0,-7.5,-110,55,62,7.5,-110,45,38,2026-01-04 10:00:00-08:00,2026-01-04 03:09:39.992128
256936,nfl,Bengals,Browns,128,130,scheduled,,,,,,,,,,,,,,,,,2026-01-04T18:00:00.000Z,15,15,256936,24880.0,-400,88,68,310,12,32,,,,45.5,-110.0,-110.0,62.0,63.0,38.0,37.0,-7.5,-111,55,64,7.5,-110,45,36,2026-01-04 10:00:00-08:00,2026-01-04 07:13:55.481528
256936,nfl,Bengals,Browns,128,130,scheduled,,,,,,,,,,,,,,,,,2026-01-04T18:00:00.000Z,15,15,256936,25662.0,-400,88,73,310,12,27,,,,45.5,-110.0,-110.0,61.0,61.0,39.0,39.0,-7.5,-115,56,65,7.5,-110,44,35,2026-01-04 10:00:00-08:00,2026-01-04 08:15:29.779351
256936,nfl,Bengals,Browns,128,130,scheduled,,,,,,,,,,,,,,,,,2026-01-04T18:00:00.000Z,15,15,256936,26010.0,-400,88,72,310,12,28,,,,45.5,-110.0,-110.0,61.0,61.0,39.0,39.0,-7.5,-110,56,64,7.5,-110,44,36,2026-01-04 10:00:00-08:00,2026-01-04 09:11:09.010425
256936,nfl,Bengals,Browns,128,130,scheduled,,,,,,,,,,,,,,,,,2026-01-04T18:00:00.000Z,15,15,256936,28595.0,-400,88,72,310,12,28,,,,45.5,-110.0,-110.0,59.0,62.0,41.0,38.0,-7.5,-115,56,66,7.5,-105,44,34,2026-01-04 10:00:00-08:00,2026-01-04 13:24:09.053402
256936,nfl,Bengals,Browns,128,130,scheduled,,,,,,,,,,,,,,,,,2026-01-04T18:00:00.000Z,15,15,256936,30307.0,-400,88,72,310,12,28,,,,46.0,-110.0,-110.0,59.0,62.0,41.0,38.0,-7.5,-115,56,66,7.5,-105,44,34,2026-01-04 10:00:00-08:00,2026-01-04 14:10:40.811639
256936,nfl,Bengals,Browns,128,130,scheduled,,,,,,,,,,,,,,,,,2026-01-04T18:00:00.000Z,15,15,256936,39894.0,-455,88,73,350,12,27,,,,46.0,-110.0,-110.0,56.0,59.0,44.0,41.0,-8.5,-110,57,69,8.5,-110,43,31,2026-01-04 10:00:00-08:00,2026-01-04 16:12:42.814121
256936,nfl,Bengals,Browns,128,130,scheduled,,,,,,,,,,,,,,,,,2026-01-04T18:00:00.000Z,15,15,256936,50381.0,-455,88,73,350,12,27,,,,46.5,-110.0,-110.0,55.0,62.0,45.0,38.0,-9.5,-110,56,69,9.5,-110,44,31,2026-01-04 10:00:00-08:00,2026-01-04 17:09:51.083935
256940,nfl,Bears,Lions,143,146,scheduled,,,,,,,,,,,,,,,,,2026-01-04T18:00:00.000Z,15,15,256940,65.0,105,0,0,-125,0,0,,,,,,,,,,,1.5,-110,0,0,-1.5,-110,0,0,2026-01-04 10:00:00-08:00,2025-12-23 09:16:17.536168
256940,nfl,Bears,Lions,143,146,scheduled,,,,,,,,,,,,,,,,,2026-01-04T18:00:00.000Z,15,15,256940,65.0,105,0,0,-125,0,0,,,,,,,,,,,1.5,-110,0,0,-1.5,-110,0,0,2026-01-04 10:00:00-08:00,2025-12-23 10:13:06.210150
256940,nfl,Bears,Lions,143,146,scheduled,,,,,,,,,,,,,,,,,2026-01-04T18:00:00.000Z,15,15,256940,65.0,105,0,0,-125,0,0,,,,,,,,,,,1.5,-110,0,0,-1.5,-110,0,0,2026-01-04 10:00:00-08:00,2025-12-23 11:11:08.784743
256940,nfl,Bears,Lions,143,146,scheduled,,,,,,,,,,,,,,,,,2026-01-04T18:00:00.000Z,15,15,256940,65.0,105,0,0,-125,0,0,,,,,,,,,,,1.5,-110,0,0,-1.5,-110,0,0,2026-01-04 10:00:00-08:00,2025-12-23 12:22:14.612235
256940,nfl,Bears,Lions,143,146,scheduled,,,,,,,,,,,,,,,,,2026-01-04T18:00:00.000Z,15,15,256940,65.0,105,0,0,-125,0,0,,,,,,,,,,,1.5,-110,0,0,-1.5,-110,0,0,2026-01-04 10:00:00-08:00,2025-12-23 13:29:59.424423
256940,nfl,Bears,Lions,143,146,scheduled,,,,,,,,,,,,,,,,,2026-01-04T18:00:00.000Z,15,15,256940,65.0,105,0,0,-125,0,0,,,,,,,,,,,1.5,-110,0,0,-1.5,-110,0,0,2026-01-04 10:00:00-08:00,2025-12-23 14:17:10.922397
256940,nfl,Bears,Lions,143,146,scheduled,,,,,,,,,,,,,,,,,2026-01-04T18:00:00.000Z,15,15,256940,65.0,105,0,0,-125,0,0,,,,,,,,,,,1.5,-110,0,0,-1.5,-110,0,0,2026-01-04 10:00:00-08:00,2025-12-23 15:12:27.858291
256940,nfl,Bears,Lions,143,146,scheduled,,,,,,,,,,,,,,,,,2026-01-04T18:00:00.000Z,15,15,256940,65.0,105,0,0,-125,0,0,,,,,,,,,,,1.5,-110,0,0,-1.5,-110,0,0,2026-01-04 10:00:00-08:00,2025-12-23 16:14:41.664935
256940,nfl,Bears,Lions,143,146,scheduled,,,,,,,,,,,,,,,,,2026-01-04T18:00:00.000Z,15,15,256940,65.0,105,0,0,-125,0,0,,,,,,,,,,,1.5,-110,0,0,-1.5,-110,0,0,2026-01-04 10:00:00-08:00,2025-12-23 17:12:43.843165
256940,nfl,Bears,Lions,143,146,scheduled,,,,,,,,,,,,,,,,,2026-01-04T18:00:00.000Z,15,15,256940,65.0,105,0,0,-125,0,0,,,,,,,,,,,1.5,-110,0,0,-1.5,-110,0,0,2026-01-04 10:00:00-08:00,2025-12-23 18:17:16.120344
256940,nfl,Bears,Lions,143,146,scheduled,,,,,,,,,,,,,,,,,2026-01-04T18:00:00.000Z,15,15,256940,65.0,105,0,0,-125,0,0,,,,,,,,,,,1.5,-110,0,0,-1.5,-110,0,0,2026-01-04 10:00:00-08:00,2025-12-23 19:11:23.939282
256940,nfl,Bears,Lions,143,146,scheduled,,,,,,,,,,,,,,,,,2026-01-04T18:00:00.000Z,15,15,256940,75.0,105,0,0,-125,0,0,,,,,,,,,,,1.5,-110,0,0,-1.5,-110,0,0,2026-01-04 10:00:00-08:00,2025-12-23 20:12:13.745210
256940,nfl,Bears,Lions,143,146,scheduled,,,,,,,,,,,,,,,,,2026-01-04T18:00:00.000Z,15,15,256940,75.0,105,0,0,-125,0,0,,,,,,,,,,,1.5,-110,0,0,-1.5,-110,0,0,2026-01-04 10:00:00-08:00,2025-12-23 21:11:08.246482
256940,nfl,Bears,Lions,143,146,scheduled,,,,,,,,,,,,,,,,,2026-01-04T18:00:00.000Z,15,15,256940,75.0,105,0,0,-125,0,0,,,,,,,,,,,1.5,-110,0,0,-1.5,-110,0,0,2026-01-04 10:00:00-08:00,2025-12-23 22:11:17.550605
256940,nfl,Bears,Lions,143,146,scheduled,,,,,,,,,,,,,,,,,2026-01-04T18:00:00.000Z,15,15,256940,75.0,105,0,0,-125,0,0,,,,,,,,,,,1.5,-110,0,0,-1.5,-110,0,0,2026-01-04 10:00:00-08:00,2025-12-23 23:10:50.690018
256940,nfl,Bears,Lions,143,146,scheduled,,,,,,,,,,,,,,,,,2026-01-04T18:00:00.000Z,15,15,256940,75.0,105,0,0,-125,0,0,,,,,,,,,,,1.5,-110,0,0,-1.5,-110,0,0,2026-01-04 10:00:00-08:00,2025-12-24 00:52:58.834144
256940,nfl,Bears,Lions,143,146,scheduled,,,,,,,,,,,,,,,,,2026-01-04T18:00:00.000Z,15,15,256940,75.0,105,0,0,-125,0,0,,,,,,,,,,,1.5,-110,0,0,-1.5,-110,0,0,2026-01-04 10:00:00-08:00,2025-12-24 02:46:48.175308
256940,nfl,Bears,Lions,143,146,scheduled,,,,,,,,,,,,,,,,,2026-01-04T18:00:00.000Z,15,15,256940,75.0,105,0,0,-125,0,0,,,,,,,,,,,1.5,-110,0,0,-1.5,-110,0,0,2026-01-04 10:00:00-08:00,2025-12-24 03:53:02.193110
256940,nfl,Bears,Lions,143,146,scheduled,,,,,,,,,,,,,,,,,2026-01-04T18:00:00.000Z,15,15,256940,80.0,105,0,0,-125,0,0,,,,,,,,,,,1.5,-110,0,0,-1.5,-110,0,0,2026-01-04 10:00:00-08:00,2025-12-24 04:27:48.634138
256940,nfl,Bears,Lions,143,146,scheduled,,,,,,,,,,,,,,,,,2026-01-04T18:00:00.000Z,15,15,256940,80.0,105,0,0,-125,0,0,,,,,,,,,,,1.5,-110,0,0,-1.5,-110,0,0,2026-01-04 10:00:00-08:00,2025-12-24 05:16:27.029426
256940,nfl,Bears,Lions,143,146,scheduled,,,,,,,,,,,,,,,,,2026-01-04T18:00:00.000Z,15,15,256940,80.0,105,0,0,-125,0,0,,,,,,,,,,,1.5,-110,0,0,-1.5,-110,0,0,2026-01-04 10:00:00-08:00,2025-12-24 06:18:42.194536
256940,nfl,Bears,Lions,143,146,scheduled,,,,,,,,,,,,,,,,,2026-01-04T18:00:00.000Z,15,15,256940,80.0,105,0,0,-125,0,0,,,,,,,,,,,1.5,-110,0,0,-1.5,-110,0,0,2026-01-04 10:00:00-08:00,2025-12-24 07:16:13.001894
256940,nfl,Bears,Lions,143,146,scheduled,,,,,,,,,,,,,,,,,2026-01-04T18:00:00.000Z,15,15,256940,80.0,105,0,0,-125,0,0,,,,,,,,,,,1.5,-110,0,0,-1.5,-110,0,0,2026-01-04 10:00:00-08:00,2025-12-24 08:16:53.707714
256940,nfl,Bears,Lions,143,146,scheduled,,,,,,,,,,,,,,,,,2026-01-04T18:00:00.000Z,15,15,256940,80.0,105,0,0,-125,0,0,,,,,,,,,,,1.5,-110,0,0,-1.5,-110,0,0,2026-01-04 10:00:00-08:00,2025-12-24 09:15:53.198968
256940,nfl,Bears,Lions,143,146,scheduled,,,,,,,,,,,,,,,,,2026-01-04T18:00:00.000Z,15,15,256940,80.0,105,0,0,-125,0,0,,,,,,,,,,,1.5,-110,0,0,-1.5,-110,0,0,2026-01-04 10:00:00-08:00,2025-12-24 10:12:23.413696
256940,nfl,Bears,Lions,143,146,scheduled,,,,,,,,,,,,,,,,,2026-01-04T18:00:00.000Z,15,15,256940,80.0,105,0,0,-125,0,0,,,,,,,,,,,1.5,-110,0,0,-1.5,-110,0,0,2026-01-04 10:00:00-08:00,2025-12-24 11:11:18.376556
256940,nfl,Bears,Lions,143,146,scheduled,,,,,,,,,,,,,,,,,2026-01-04T18:00:00.000Z,15,15,256940,80.0,105,0,0,-125,0,0,,,,,,,,,,,1.5,-110,0,0,-1.5,-110,0,0,2026-01-04 10:00:00-08:00,2025-12-24 12:21:25.497297
256940,nfl,Bears,Lions,143,146,scheduled,,,,,,,,,,,,,,,,,2026-01-04T18:00:00.000Z,15,15,256940,80.0,105,0,0,-125,0,0,,,,,,,,,,,1.5,-110,0,0,-1.5,-110,0,0,2026-01-04 10:00:00-08:00,2025-12-24 13:26:08.977180
256940,nfl,Bears,Lions,143,146,scheduled,,,,,,,,,,,,,,,,,2026-01-04T18:00:00.000Z,15,15,256940,80.0,105,0,0,-125,0,0,,,,,,,,,,,1.5,-110,0,0,-1.5,-110,0,0,2026-01-04 10:00:00-08:00,2025-12-24 14:10:57.708914
256940,nfl,Bears,Lions,143,146,scheduled,,,,,,,,,,,,,,,,,2026-01-04T18:00:00.000Z,15,15,256940,80.0,105,0,0,-125,0,0,,,,,,,,,,,1.5,-110,0,0,-1.5,-110,0,0,2026-01-04 10:00:00-08:00,2025-12-24 15:12:04.492652
256940,nfl,Bears,Lions,143,146,scheduled,,,,,,,,,,,,,,,,,2026-01-04T18:00:00.000Z,15,15,256940,80.0,105,0,0,-125,0,0,,,,,,,,,,,1.5,-110,0,0,-1.5,-110,0,0,2026-01-04 10:00:00-08:00,2025-12-24 16:14:09.792023
256940,nfl,Bears,Lions,143,146,scheduled,,,,,,,,,,,,,,,,,2026-01-04T18:00:00.000Z,15,15,256940,80.0,105,0,0,-125,0,0,,,,,,,,,,,1.5,-110,0,0,-1.5,-110,0,0,2026-01-04 10:00:00-08:00,2025-12-24 17:09:35.629600
256940,nfl,Bears,Lions,143,146,scheduled,,,,,,,,,,,,,,,,,2026-01-04T18:00:00.000Z,15,15,256940,80.0,105,0,0,-125,0,0,,,,,,,,,,,1.5,-110,0,0,-1.5,-110,0,0,2026-01-04 10:00:00-08:00,2025-12-24 18:16:30.988985
256940,nfl,Bears,Lions,143,146,scheduled,,,,,,,,,,,,,,,,,2026-01-04T18:00:00.000Z,15,15,256940,80.0,105,0,0,-125,0,0,,,,,,,,,,,1.5,-110,0,0,-1.5,-110,0,0,2026-01-04 10:00:00-08:00,2025-12-24 19:09:17.008378
256940,nfl,Bears,Lions,143,146,scheduled,,,,,,,,,,,,,,,,,2026-01-04T18:00:00.000Z,15,15,256940,80.0,105,0,0,-125,0,0,,,,,,,,,,,1.5,-110,0,0,-1.5,-110,0,0,2026-01-04 10:00:00-08:00,2025-12-24 20:12:20.802607
256940,nfl,Bears,Lions,143,146,scheduled,,,,,,,,,,,,,,,,,2026-01-04T18:00:00.000Z,15,15,256940,80.0,105,0,0,-125,0,0,,,,,,,,,,,1.5,-110,0,0,-1.5,-110,0,0,2026-01-04 10:00:00-08:00,2025-12-24 21:10:22.009660
256940,nfl,Bears,Lions,143,146,scheduled,,,,,,,,,,,,,,,,,2026-01-04T18:00:00.000Z,15,15,256940,80.0,105,0,0,-125,0,0,,,,,,,,,,,1.5,-110,0,0,-1.5,-110,0,0,2026-01-04 10:00:00-08:00,2025-12-24 22:11:26.458784
256940,nfl,Bears,Lions,143,146,scheduled,,,,,,,,,,,,,,,,,2026-01-04T18:00:00.000Z,15,15,256940,80.0,105,0,0,-125,0,0,,,,,,,,,,,1.5,-110,0,0,-1.5,-110,0,0,2026-01-04 10:00:00-08:00,2025-12-24 23:11:00.971821
256940,nfl,Bears,Lions,143,146,scheduled,,,,,,,,,,,,,,,,,2026-01-04T18:00:00.000Z,15,15,256940,80.0,105,0,0,-125,0,0,,,,,,,,,,,1.5,-110,0,0,-1.5,-110,0,0,2026-01-04 10:00:00-08:00,2025-12-25 00:53:33.419107
256940,nfl,Bears,Lions,143,146,scheduled,,,,,,,,,,,,,,,,,2026-01-04T18:00:00.000Z,15,15,256940,80.0,105,0,0,-125,0,0,,,,,,,,,,,1.5,-110,0,0,-1.5,-110,0,0,2026-01-04 10:00:00-08:00,2025-12-25 02:49:59.453329
256940,nfl,Bears,Lions,143,146,scheduled,,,,,,,,,,,,,,,,,2026-01-04T18:00:00.000Z,15,15,256940,80.0,105,0,0,-125,0,0,,,,,,,,,,,1.5,-110,0,0,-1.5,-110,0,0,2026-01-04 10:00:00-08:00,2025-12-25 03:55:25.769626
256940,nfl,Bears,Lions,143,146,scheduled,,,,,,,,,,,,,,,,,2026-01-04T18:00:00.000Z,15,15,256940,80.0,105,0,0,-125,0,0,,,,,,,,,,,1.5,-110,0,0,-1.5,-110,0,0,2026-01-04 10:00:00-08:00,2025-12-25 04:29:42.325008
256940,nfl,Bears,Lions,143,146,scheduled,,,,,,,,,,,,,,,,,2026-01-04T18:00:00.000Z,15,15,256940,80.0,105,0,0,-125,0,0,,,,,,,,,,,1.5,-110,0,0,-1.5,-110,0,0,2026-01-04 10:00:00-08:00,2025-12-25 05:15:49.857201
256940,nfl,Bears,Lions,143,146,scheduled,,,,,,,,,,,,,,,,,2026-01-04T18:00:00.000Z,15,15,256940,80.0,105,0,0,-125,0,0,,,,,,,,,,,1.5,-110,0,0,-1.5,-110,0,0,2026-01-04 10:00:00-08:00,2025-12-25 06:18:13.825718
256940,nfl,Bears,Lions,143,146,scheduled,,,,,,,,,,,,,,,,,2026-01-04T18:00:00.000Z,15,15,256940,80.0,105,0,0,-125,0,0,,,,,,,,,,,1.5,-110,0,0,-1.5,-110,0,0,2026-01-04 10:00:00-08:00,2025-12-25 07:14:23.068338
256940,nfl,Bears,Lions,143,146,scheduled,,,,,,,,,,,,,,,,,2026-01-04T18:00:00.000Z,15,15,256940,80.0,105,0,0,-125,0,0,,,,,,,,,,,1.5,-110,0,0,-1.5,-110,0,0,2026-01-04 10:00:00-08:00,2025-12-25 08:16:00.715753
256940,nfl,Bears,Lions,143,146,scheduled,,,,,,,,,,,,,,,,,2026-01-04T18:00:00.000Z,15,15,256940,80.0,105,0,0,-125,0,0,,,,,,,,,,,1.5,-110,0,0,-1.5,-110,0,0,2026-01-04 10:00:00-08:00,2025-12-25 09:14:06.366333
256940,nfl,Bears,Lions,143,146,scheduled,,,,,,,,,,,,,,,,,2026-01-04T18:00:00.000Z,15,15,256940,80.0,105,0,0,-125,0,0,,,,,,,,,,,1.5,-110,0,0,-1.5,-110,0,0,2026-01-04 10:00:00-08:00,2025-12-25 10:12:22.975712
256940,nfl,Bears,Lions,143,146,scheduled,,,,,,,,,,,,,,,,,2026-01-04T18:00:00.000Z,15,15,256940,80.0,105,0,0,-125,0,0,,,,,,,,,,,1.5,-110,0,0,-1.5,-110,0,0,2026-01-04 10:00:00-08:00,2025-12-25 11:09:49.247669
256940,nfl,Bears,Lions,143,146,scheduled,,,,,,,,,,,,,,,,,2026-01-04T18:00:00.000Z,15,15,256940,80.0,105,0,0,-125,0,0,,,,,,,,,,,1.5,-110,0,0,-1.5,-110,0,0,2026-01-04 10:00:00-08:00,2025-12-25 12:21:09.618433
256940,nfl,Bears,Lions,143,146,scheduled,,,,,,,,,,,,,,,,,2026-01-04T18:00:00.000Z,15,15,256940,80.0,105,0,0,-125,0,0,,,,,,,,,,,1.5,-110,0,0,-1.5,-110,0,0,2026-01-04 10:00:00-08:00,2025-12-25 13:26:08.213227
256940,nfl,Bears,Lions,143,146,scheduled,,,,,,,,,,,,,,,,,2026-01-04T18:00:00.000Z,15,15,256940,80.0,105,0,0,-125,0,0,,,,,,,,,,,1.5,-110,0,0,-1.5,-110,0,0,2026-01-04 10:00:00-08:00,2025-12-25 14:11:00.973101
256940,nfl,Bears,Lions,143,146,scheduled,,,,,,,,,,,,,,,,,2026-01-04T18:00:00.000Z,15,15,256940,80.0,105,0,0,-125,0,0,,,,,,,,,,,1.5,-110,0,0,-1.5,-110,0,0,2026-01-04 10:00:00-08:00,2025-12-25 15:11:35.479757
256940,nfl,Bears,Lions,143,146,scheduled,,,,,,,,,,,,,,,,,2026-01-04T18:00:00.000Z,15,15,256940,80.0,105,0,0,-125,0,0,,,,,,,,,,,1.5,-110,0,0,-1.5,-110,0,0,2026-01-04 10:00:00-08:00,2025-12-25 16:14:02.305277
256940,nfl,Bears,Lions,143,146,scheduled,,,,,,,,,,,,,,,,,2026-01-04T18:00:00.000Z,15,15,256940,80.0,105,0,0,-125,0,0,,,,,,,,,,,1.5,-110,0,0,-1.5,-110,0,0,2026-01-04 10:00:00-08:00,2025-12-25 17:10:18.922147
256940,nfl,Bears,Lions,143,146,scheduled,,,,,,,,,,,,,,,,,2026-01-04T18:00:00.000Z,15,15,256940,80.0,105,0,0,-125,0,0,,,,,,,,,,,1.5,-110,0,0,-1.5,-110,0,0,2026-01-04 10:00:00-08:00,2025-12-25 18:16:04.653155
256940,nfl,Bears,Lions,143,146,scheduled,,,,,,,,,,,,,,,,,2026-01-04T18:00:00.000Z,15,15,256940,80.0,105,0,0,-125,0,0,,,,,,,,,,,1.5,-110,0,0,-1.5,-110,0,0,2026-01-04 10:00:00-08:00,2025-12-25 19:08:44.595749
256940,nfl,Bears,Lions,143,146,scheduled,,,,,,,,,,,,,,,,,2026-01-04T18:00:00.000Z,15,15,256940,80.0,105,0,0,-125,0,0,,,,,,,,,,,1.5,-110,0,0,-1.5,-110,0,0,2026-01-04 10:00:00-08:00,2025-12-25 20:12:42.476949
256940,nfl,Bears,Lions,143,146,scheduled,,,,,,,,,,,,,,,,,2026-01-04T18:00:00.000Z,15,15,256940,80.0,105,0,0,-125,0,0,,,,,,,,,,,1.5,-110,0,0,-1.5,-110,0,0,2026-01-04 10:00:00-08:00,2025-12-25 21:10:37.126469
256940,nfl,Bears,Lions,143,146,scheduled,,,,,,,,,,,,,,,,,2026-01-04T18:00:00.000Z,15,15,256940,90.0,105,0,0,-125,0,0,,,,,,,,,,,1.5,-110,0,0,-1.5,-110,0,0,2026-01-04 10:00:00-08:00,2025-12-25 22:10:55.114350
256940,nfl,Bears,Lions,143,146,scheduled,,,,,,,,,,,,,,,,,2026-01-04T18:00:00.000Z,15,15,256940,90.0,105,0,0,-125,0,0,,,,,,,,,,,1.5,-110,0,0,-1.5,-110,0,0,2026-01-04 10:00:00-08:00,2025-12-25 23:10:56.421975
256940,nfl,Bears,Lions,143,146,scheduled,,,,,,,,,,,,,,,,,2026-01-04T18:00:00.000Z,15,15,256940,90.0,105,0,0,-125,0,0,,,,,,,,,,,1.5,-110,0,0,-1.5,-110,0,0,2026-01-04 10:00:00-08:00,2025-12-26 00:53:48.245895
256940,nfl,Bears,Lions,143,146,scheduled,,,,,,,,,,,,,,,,,2026-01-04T18:00:00.000Z,15,15,256940,95.0,105,0,0,-125,0,0,,,,,,,,,,,1.5,-110,0,0,-1.5,-110,0,0,2026-01-04 10:00:00-08:00,2025-12-26 02:48:12.653569
256940,nfl,Bears,Lions,143,146,scheduled,,,,,,,,,,,,,,,,,2026-01-04T18:00:00.000Z,15,15,256940,95.0,105,0,0,-125,0,0,,,,,,,,,,,1.5,-110,0,0,-1.5,-110,0,0,2026-01-04 10:00:00-08:00,2025-12-26 03:53:11.217020
256940,nfl,Bears,Lions,143,146,scheduled,,,,,,,,,,,,,,,,,2026-01-04T18:00:00.000Z,15,15,256940,100.0,105,0,0,-125,0,0,,,,,,,,,,,1.5,-110,0,0,-1.5,-110,0,0,2026-01-04 10:00:00-08:00,2025-12-26 04:26:57.166699
256940,nfl,Bears,Lions,143,146,scheduled,,,,,,,,,,,,,,,,,2026-01-04T18:00:00.000Z,15,15,256940,111.0,105,0,0,-125,0,0,,,,,,,,,,,1.5,-110,0,0,-1.5,-110,0,0,2026-01-04 10:00:00-08:00,2025-12-26 05:14:05.661706
256940,nfl,Bears,Lions,143,146,scheduled,,,,,,,,,,,,,,,,,2026-01-04T18:00:00.000Z,15,15,256940,111.0,105,0,0,-125,0,0,,,,,,,,,,,1.5,-110,0,0,-1.5,-110,0,0,2026-01-04 10:00:00-08:00,2025-12-26 06:18:19.629052
256940,nfl,Bears,Lions,143,146,scheduled,,,,,,,,,,,,,,,,,2026-01-04T18:00:00.000Z,15,15,256940,111.0,105,0,0,-125,0,0,,,,,,,,,,,1.5,-110,0,0,-1.5,-110,0,0,2026-01-04 10:00:00-08:00,2025-12-26 07:14:32.775070
256940,nfl,Bears,Lions,143,146,scheduled,,,,,,,,,,,,,,,,,2026-01-04T18:00:00.000Z,15,15,256940,111.0,105,0,0,-125,0,0,,,,,,,,,,,1.5,-110,0,0,-1.5,-110,0,0,2026-01-04 10:00:00-08:00,2025-12-26 08:15:33.156915
256940,nfl,Bears,Lions,143,146,scheduled,,,,,,,,,,,,,,,,,2026-01-04T18:00:00.000Z,15,15,256940,111.0,105,0,0,-125,0,0,,,,,,,,,,,1.5,-110,0,0,-1.5,-110,0,0,2026-01-04 10:00:00-08:00,2025-12-26 09:13:32.561712
256940,nfl,Bears,Lions,143,146,scheduled,,,,,,,,,,,,,,,,,2026-01-04T18:00:00.000Z,15,15,256940,111.0,105,0,0,-125,0,0,,,,,,,,,,,1.5,-110,0,0,-1.5,-110,0,0,2026-01-04 10:00:00-08:00,2025-12-26 10:12:21.713290
256940,nfl,Bears,Lions,143,146,scheduled,,,,,,,,,,,,,,,,,2026-01-04T18:00:00.000Z,15,15,256940,111.0,105,0,0,-125,0,0,,,,,,,,,,,1.5,-110,0,0,-1.5,-110,0,0,2026-01-04 10:00:00-08:00,2025-12-26 11:10:23.584512
256940,nfl,Bears,Lions,143,146,scheduled,,,,,,,,,,,,,,,,,2026-01-04T18:00:00.000Z,15,15,256940,111.0,105,0,0,-125,0,0,,,,,,,,,,,1.5,-110,0,0,-1.5,-110,0,0,2026-01-04 10:00:00-08:00,2025-12-26 12:21:19.110492
256940,nfl,Bears,Lions,143,146,scheduled,,,,,,,,,,,,,,,,,2026-01-04T18:00:00.000Z,15,15,256940,121.0,105,0,0,-125,0,0,,,,,,,,,,,1.5,-110,0,0,-1.5,-110,0,0,2026-01-04 10:00:00-08:00,2025-12-26 13:26:42.595417
256940,nfl,Bears,Lions,143,146,scheduled,,,,,,,,,,,,,,,,,2026-01-04T18:00:00.000Z,15,15,256940,121.0,105,0,0,-125,0,0,,,,,,,,,,,1.5,-110,0,0,-1.5,-110,0,0,2026-01-04 10:00:00-08:00,2025-12-26 14:11:25.597287
256940,nfl,Bears,Lions,143,146,scheduled,,,,,,,,,,,,,,,,,2026-01-04T18:00:00.000Z,15,15,256940,121.0,105,0,0,-125,0,0,,,,,,,,,,,1.5,-110,0,0,-1.5,-110,0,0,2026-01-04 10:00:00-08:00,2025-12-26 15:11:28.582506
256940,nfl,Bears,Lions,143,146,scheduled,,,,,,,,,,,,,,,,,2026-01-04T18:00:00.000Z,15,15,256940,121.0,105,0,0,-125,0,0,,,,,,,,,,,1.5,-110,0,0,-1.5,-110,0,0,2026-01-04 10:00:00-08:00,2025-12-26 16:13:09.764832
256940,nfl,Bears,Lions,143,146,scheduled,,,,,,,,,,,,,,,,,2026-01-04T18:00:00.000Z,15,15,256940,121.0,105,0,0,-125,0,0,,,,,,,,,,,1.5,-110,0,0,-1.5,-110,0,0,2026-01-04 10:00:00-08:00,2025-12-26 17:09:41.955264
256940,nfl,Bears,Lions,143,146,scheduled,,,,,,,,,,,,,,,,,2026-01-04T18:00:00.000Z,15,15,256940,121.0,105,0,0,-125,0,0,,,,,,,,,,,1.5,-110,0,0,-1.5,-110,0,0,2026-01-04 10:00:00-08:00,2025-12-26 18:16:46.153208
256940,nfl,Bears,Lions,143,146,scheduled,,,,,,,,,,,,,,,,,2026-01-04T18:00:00.000Z,15,15,256940,121.0,105,0,0,-125,0,0,,,,,,,,,,,1.5,-110,0,0,-1.5,-110,0,0,2026-01-04 10:00:00-08:00,2025-12-26 19:09:19.395442
256940,nfl,Bears,Lions,143,146,scheduled,,,,,,,,,,,,,,,,,2026-01-04T18:00:00.000Z,15,15,256940,126.0,105,0,0,-125,0,0,,,,,,,,,,,1.5,-110,0,0,-1.5,-110,0,0,2026-01-04 10:00:00-08:00,2025-12-26 20:11:58.806493
256940,nfl,Bears,Lions,143,146,scheduled,,,,,,,,,,,,,,,,,2026-01-04T18:00:00.000Z,15,15,256940,126.0,105,0,0,-125,0,0,,,,,,,,,,,1.5,-110,0,0,-1.5,-110,0,0,2026-01-04 10:00:00-08:00,2025-12-26 21:10:14.281340
256940,nfl,Bears,Lions,143,146,scheduled,,,,,,,,,,,,,,,,,2026-01-04T18:00:00.000Z,15,15,256940,126.0,105,0,0,-125,0,0,,,,,,,,,,,1.5,-110,0,0,-1.5,-110,0,0,2026-01-04 10:00:00-08:00,2025-12-26 22:11:05.868112
256940,nfl,Bears,Lions,143,146,scheduled,,,,,,,,,,,,,,,,,2026-01-04T18:00:00.000Z,15,15,256940,126.0,105,0,0,-125,0,0,,,,,,,,,,,1.5,-110,0,0,-1.5,-110,0,0,2026-01-04 10:00:00-08:00,2025-12-26 23:11:05.262155
256940,nfl,Bears,Lions,143,146,scheduled,,,,,,,,,,,,,,,,,2026-01-04T18:00:00.000Z,15,15,256940,126.0,105,0,0,-125,0,0,,,,,,,,,,,1.5,-110,0,0,-1.5,-110,0,0,2026-01-04 10:00:00-08:00,2025-12-27 00:52:09.619620
256940,nfl,Bears,Lions,143,146,scheduled,,,,,,,,,,,,,,,,,2026-01-04T18:00:00.000Z,15,15,256940,126.0,105,0,0,-125,0,0,,,,,,,,,,,1.5,-110,0,0,-1.5,-110,0,0,2026-01-04 10:00:00-08:00,2025-12-27 02:45:26.354219
256940,nfl,Bears,Lions,143,146,scheduled,,,,,,,,,,,,,,,,,2026-01-04T18:00:00.000Z,15,15,256940,126.0,105,0,0,-125,0,0,,,,,,,,,,,1.5,-110,0,0,-1.5,-110,0,0,2026-01-04 10:00:00-08:00,2025-12-27 03:50:46.386921
256940,nfl,Bears,Lions,143,146,scheduled,,,,,,,,,,,,,,,,,2026-01-04T18:00:00.000Z,15,15,256940,126.0,105,0,0,-125,0,0,,,,,,,,,,,1.5,-110,0,0,-1.5,-110,0,0,2026-01-04 10:00:00-08:00,2025-12-27 04:23:57.433834
256940,nfl,Bears,Lions,143,146,scheduled,,,,,,,,,,,,,,,,,2026-01-04T18:00:00.000Z,15,15,256940,126.0,105,0,0,-125,0,0,,,,,,,,,,,1.5,-110,0,0,-1.5,-110,0,0,2026-01-04 10:00:00-08:00,2025-12-27 05:12:59.384988
256940,nfl,Bears,Lions,143,146,scheduled,,,,,,,,,,,,,,,,,2026-01-04T18:00:00.000Z,15,15,256940,126.0,105,0,0,-125,0,0,,,,,,,,,,,1.5,-110,0,0,-1.5,-110,0,0,2026-01-04 10:00:00-08:00,2025-12-27 06:16:57.481674
256940,nfl,Bears,Lions,143,146,scheduled,,,,,,,,,,,,,,,,,2026-01-04T18:00:00.000Z,15,15,256940,126.0,105,0,0,-125,0,0,,,,,,,,,,,1.5,-110,0,0,-1.5,-110,0,0,2026-01-04 10:00:00-08:00,2025-12-27 07:11:15.600789
256940,nfl,Bears,Lions,143,146,scheduled,,,,,,,,,,,,,,,,,2026-01-04T18:00:00.000Z,15,15,256940,126.0,105,0,0,-125,0,0,,,,,,,,,,,1.5,-110,0,0,-1.5,-110,0,0,2026-01-04 10:00:00-08:00,2025-12-27 08:14:18.684212
256940,nfl,Bears,Lions,143,146,scheduled,,,,,,,,,,,,,,,,,2026-01-04T18:00:00.000Z,15,15,256940,126.0,105,0,0,-125,0,0,,,,,,,,,,,1.5,-110,0,0,-1.5,-110,0,0,2026-01-04 10:00:00-08:00,2025-12-27 09:11:28.628963
256940,nfl,Bears,Lions,143,146,scheduled,,,,,,,,,,,,,,,,,2026-01-04T18:00:00.000Z,15,15,256940,126.0,105,0,0,-125,0,0,,,,,,,,,,,1.5,-110,0,0,-1.5,-110,0,0,2026-01-04 10:00:00-08:00,2025-12-27 10:10:55.349865
256940,nfl,Bears,Lions,143,146,scheduled,,,,,,,,,,,,,,,,,2026-01-04T18:00:00.000Z,15,15,256940,126.0,105,0,0,-125,0,0,,,,,,,,,,,1.5,-110,0,0,-1.5,-110,0,0,2026-01-04 10:00:00-08:00,2025-12-27 11:09:08.371334
256940,nfl,Bears,Lions,143,146,scheduled,,,,,,,,,,,,,,,,,2026-01-04T18:00:00.000Z,15,15,256940,126.0,105,0,0,-125,0,0,,,,,,,,,,,1.5,-110,0,0,-1.5,-110,0,0,2026-01-04 10:00:00-08:00,2025-12-27 12:20:02.722447
256940,nfl,Bears,Lions,143,146,scheduled,,,,,,,,,,,,,,,,,2026-01-04T18:00:00.000Z,15,15,256940,126.0,105,0,0,-125,0,0,,,,,,,,,,,1.5,-110,0,0,-1.5,-110,0,0,2026-01-04 10:00:00-08:00,2025-12-27 13:22:36.153313
256940,nfl,Bears,Lions,143,146,scheduled,,,,,,,,,,,,,,,,,2026-01-04T18:00:00.000Z,15,15,256940,126.0,105,0,0,-125,0,0,,,,,,,,,,,1.5,-110,0,0,-1.5,-110,0,0,2026-01-04 10:00:00-08:00,2025-12-27 14:10:09.105416
256940,nfl,Bears,Lions,143,146,scheduled,,,,,,,,,,,,,,,,,2026-01-04T18:00:00.000Z,15,15,256940,126.0,105,0,0,-125,0,0,,,,,,,,,,,1.5,-110,0,0,-1.5,-110,0,0,2026-01-04 10:00:00-08:00,2025-12-27 15:10:27.408251
256940,nfl,Bears,Lions,143,146,scheduled,,,,,,,,,,,,,,,,,2026-01-04T18:00:00.000Z,15,15,256940,126.0,105,0,0,-125,0,0,,,,,,,,,,,1.5,-110,0,0,-1.5,-110,0,0,2026-01-04 10:00:00-08:00,2025-12-27 16:12:35.498777
256940,nfl,Bears,Lions,143,146,scheduled,,,,,,,,,,,,,,,,,2026-01-04T18:00:00.000Z,15,15,256940,126.0,105,0,0,-125,0,0,,,,,,,,,,,1.5,-110,0,0,-1.5,-110,0,0,2026-01-04 10:00:00-08:00,2025-12-27 17:09:24.679173
256940,nfl,Bears,Lions,143,146,scheduled,,,,,,,,,,,,,,,,,2026-01-04T18:00:00.000Z,15,15,256940,136.0,105,0,0,-125,0,0,,,,,,,,,,,1.5,-110,0,0,-1.5,-110,0,0,2026-01-04 10:00:00-08:00,2025-12-27 18:15:21.593820
256940,nfl,Bears,Lions,143,146,scheduled,,,,,,,,,,,,,,,,,2026-01-04T18:00:00.000Z,15,15,256940,136.0,105,0,0,-125,0,0,,,,,,,,,,,1.5,-110,0,0,-1.5,-110,0,0,2026-01-04 10:00:00-08:00,2025-12-27 19:08:11.020979
256940,nfl,Bears,Lions,143,146,scheduled,,,,,,,,,,,,,,,,,2026-01-04T18:00:00.000Z,15,15,256940,136.0,105,0,0,-125,0,0,,,,,,,,,,,1.5,-110,0,0,-1.5,-110,0,0,2026-01-04 10:00:00-08:00,2025-12-27 20:11:58.147200
256940,nfl,Bears,Lions,143,146,scheduled,,,,,,,,,,,,,,,,,2026-01-04T18:00:00.000Z,15,15,256940,136.0,105,0,0,-125,0,0,,,,,,,,,,,1.5,-110,0,0,-1.5,-110,0,0,2026-01-04 10:00:00-08:00,2025-12-27 21:09:16.490123
256940,nfl,Bears,Lions,143,146,scheduled,,,,,,,,,,,,,,,,,2026-01-04T18:00:00.000Z,15,15,256940,136.0,105,0,0,-125,0,0,,,,,,,,,,,1.5,-110,0,0,-1.5,-110,0,0,2026-01-04 10:00:00-08:00,2025-12-27 22:10:37.549818
256940,nfl,Bears,Lions,143,146,scheduled,,,,,,,,,,,,,,,,,2026-01-04T18:00:00.000Z,15,15,256940,136.0,105,0,0,-125,0,0,,,,,,,,,,,1.5,-110,0,0,-1.5,-110,0,0,2026-01-04 10:00:00-08:00,2025-12-27 23:10:56.507855
256940,nfl,Bears,Lions,143,146,scheduled,,,,,,,,,,,,,,,,,2026-01-04T18:00:00.000Z,15,15,256940,136.0,105,0,0,-125,0,0,,,,,,,,,,,1.5,-110,0,0,-1.5,-110,0,0,2026-01-04 10:00:00-08:00,2025-12-28 01:00:23.835801
256940,nfl,Bears,Lions,143,146,scheduled,,,,,,,,,,,,,,,,,2026-01-04T18:00:00.000Z,15,15,256940,136.0,105,0,0,-125,0,0,,,,,,,,,,,1.5,-110,0,0,-1.5,-110,0,0,2026-01-04 10:00:00-08:00,2025-12-28 03:06:32.710666
256940,nfl,Bears,Lions,143,146,scheduled,,,,,,,,,,,,,,,,,2026-01-04T18:00:00.000Z,15,15,256940,136.0,105,0,0,-125,0,0,,,,,,,,,,,1.5,-110,0,0,-1.5,-110,0,0,2026-01-04 10:00:00-08:00,2025-12-28 04:37:04.226145
256940,nfl,Bears,Lions,143,146,scheduled,,,,,,,,,,,,,,,,,2026-01-04T18:00:00.000Z,15,15,256940,136.0,105,0,0,-125,0,0,,,,,,,,,,,1.5,-110,0,0,-1.5,-110,0,0,2026-01-04 10:00:00-08:00,2025-12-28 05:16:17.294985
256940,nfl,Bears,Lions,143,146,scheduled,,,,,,,,,,,,,,,,,2026-01-04T18:00:00.000Z,15,15,256940,141.0,105,0,0,-125,0,0,,,,,,,,,,,1.5,-110,0,0,-1.5,-110,0,0,2026-01-04 10:00:00-08:00,2025-12-28 06:17:08.821207
256940,nfl,Bears,Lions,143,146,scheduled,,,,,,,,,,,,,,,,,2026-01-04T18:00:00.000Z,15,15,256940,161.0,105,0,0,-125,0,0,,,,,,,,,,,1.5,-110,0,0,-1.5,-110,0,0,2026-01-04 10:00:00-08:00,2025-12-28 07:12:39.376726
256940,nfl,Bears,Lions,143,146,scheduled,,,,,,,,,,,,,,,,,2026-01-04T18:00:00.000Z,15,15,256940,161.0,105,0,0,-125,0,0,,,,,,,,,,,1.5,-110,0,0,-1.5,-110,0,0,2026-01-04 10:00:00-08:00,2025-12-28 08:15:12.992681
256940,nfl,Bears,Lions,143,146,scheduled,,,,,,,,,,,,,,,,,2026-01-04T18:00:00.000Z,15,15,256940,166.0,105,0,0,-125,0,0,,,,,,,,,,,1.5,-110,0,0,-1.5,-110,0,0,2026-01-04 10:00:00-08:00,2025-12-28 09:11:07.181303
256940,nfl,Bears,Lions,143,146,scheduled,,,,,,,,,,,,,,,,,2026-01-04T18:00:00.000Z,15,15,256940,166.0,105,0,0,-125,0,0,,,,,,,,,,,1.5,-110,0,0,-1.5,-110,0,0,2026-01-04 10:00:00-08:00,2025-12-28 10:11:08.388558
256940,nfl,Bears,Lions,143,146,scheduled,,,,,,,,,,,,,,,,,2026-01-04T18:00:00.000Z,15,15,256940,166.0,105,0,0,-125,0,0,,,,,,,,,,,1.5,-110,0,0,-1.5,-110,0,0,2026-01-04 10:00:00-08:00,2025-12-28 11:09:38.837778
256940,nfl,Bears,Lions,143,146,scheduled,,,,,,,,,,,,,,,,,2026-01-04T18:00:00.000Z,15,15,256940,166.0,105,0,0,-125,0,0,,,,,,,,,,,1.5,-110,0,0,-1.5,-110,0,0,2026-01-04 10:00:00-08:00,2025-12-28 12:20:06.953014
256940,nfl,Bears,Lions,143,146,scheduled,,,,,,,,,,,,,,,,,2026-01-04T18:00:00.000Z,15,15,256940,166.0,105,0,0,-125,0,0,,,,,,,,,,,1.5,-110,0,0,-1.5,-110,0,0,2026-01-04 10:00:00-08:00,2025-12-28 13:23:27.247143
256940,nfl,Bears,Lions,143,146,scheduled,,,,,,,,,,,,,,,,,2026-01-04T18:00:00.000Z,15,15,256940,166.0,105,0,0,-125,0,0,,,,,,,,,,,1.5,-110,0,0,-1.5,-110,0,0,2026-01-04 10:00:00-08:00,2025-12-28 14:10:52.394624
256940,nfl,Bears,Lions,143,146,scheduled,,,,,,,,,,,,,,,,,2026-01-04T18:00:00.000Z,15,15,256940,166.0,105,0,0,-125,0,0,,,,,,,,,,,1.5,-110,0,0,-1.5,-110,0,0,2026-01-04 10:00:00-08:00,2025-12-28 15:10:53.771829
256940,nfl,Bears,Lions,143,146,scheduled,,,,,,,,,,,,,,,,,2026-01-04T18:00:00.000Z,15,15,256940,166.0,105,0,0,-125,0,0,,,,,,,,,,,1.5,-110,0,0,-1.5,-110,0,0,2026-01-04 10:00:00-08:00,2025-12-28 16:12:43.249346
256940,nfl,Bears,Lions,143,146,scheduled,,,,,,,,,,,,,,,,,2026-01-04T18:00:00.000Z,15,15,256940,166.0,105,0,0,-125,0,0,,,,,,,,,,,1.5,-110,0,0,-1.5,-110,0,0,2026-01-04 10:00:00-08:00,2025-12-28 17:09:55.421727
256940,nfl,Bears,Lions,143,146,scheduled,,,,,,,,,,,,,,,,,2026-01-04T18:00:00.000Z,15,15,256940,166.0,105,0,0,-125,0,0,,,,,,,,,,,1.5,-110,0,0,-1.5,-110,0,0,2026-01-04 10:00:00-08:00,2025-12-28 18:16:04.872989
256940,nfl,Bears,Lions,143,146,scheduled,,,,,,,,,,,,,,,,,2026-01-04T18:00:00.000Z,15,15,256940,166.0,105,0,0,-125,0,0,,,,,,,,,,,1.5,-110,0,0,-1.5,-110,0,0,2026-01-04 10:00:00-08:00,2025-12-28 19:08:36.704489
256940,nfl,Bears,Lions,143,146,scheduled,,,,,,,,,,,,,,,,,2026-01-04T18:00:00.000Z,15,15,256940,171.0,105,0,0,-125,0,0,,,,,,,,,,,1.5,-110,0,0,-1.5,-110,0,0,2026-01-04 10:00:00-08:00,2025-12-28 20:12:38.642673
256940,nfl,Bears,Lions,143,146,scheduled,,,,,,,,,,,,,,,,,2026-01-04T18:00:00.000Z,15,15,256940,171.0,105,0,0,-125,0,0,,,,,,,,,,,1.5,-110,0,0,-1.5,-110,0,0,2026-01-04 10:00:00-08:00,2025-12-28 21:10:03.650143
256940,nfl,Bears,Lions,143,146,scheduled,,,,,,,,,,,,,,,,,2026-01-04T18:00:00.000Z,15,15,256940,176.0,105,0,0,-125,0,0,,,,,,,,,,,1.5,-110,0,0,-1.5,-110,0,0,2026-01-04 10:00:00-08:00,2025-12-28 22:10:56.332363
256940,nfl,Bears,Lions,143,146,scheduled,,,,,,,,,,,,,,,,,2026-01-04T18:00:00.000Z,15,15,256940,212.0,105,0,0,-125,0,0,,,,,,,,,,,1.5,-110,0,0,-1.5,-110,0,0,2026-01-04 10:00:00-08:00,2025-12-28 23:10:56.836228
256940,nfl,Bears,Lions,143,146,scheduled,,,,,,,,,,,,,,,,,2026-01-04T18:00:00.000Z,15,15,256940,232.0,-125,0,0,105,0,0,,,,49.5,-110.0,-118.0,0.0,0.0,0.0,0.0,-1.5,-105,0,0,1.5,-115,0,0,2026-01-04 10:00:00-08:00,2025-12-29 00:58:37.946408
256940,nfl,Bears,Lions,143,146,scheduled,,,,,,,,,,,,,,,,,2026-01-04T18:00:00.000Z,15,15,256940,277.0,-130,0,0,110,0,0,,,,49.5,-110.0,-118.0,0.0,0.0,0.0,0.0,-1.5,-105,0,0,1.5,-115,0,0,2026-01-04 10:00:00-08:00,2025-12-29 03:04:36.525929
256940,nfl,Bears,Lions,143,146,scheduled,,,,,,,,,,,,,,,,,2026-01-04T18:00:00.000Z,15,15,256940,333.0,-130,0,0,110,0,0,,,,49.5,-110.0,-110.0,0.0,0.0,0.0,0.0,-1.5,-110,0,0,1.5,-110,0,0,2026-01-04 10:00:00-08:00,2025-12-29 04:40:36.159199
256940,nfl,Bears,Lions,143,146,scheduled,,,,,,,,,,,,,,,,,2026-01-04T18:00:00.000Z,15,15,256940,439.0,-125,0,0,105,0,0,,,,49.5,-110.0,-110.0,0.0,0.0,0.0,0.0,-1.5,-110,0,0,1.5,-110,0,0,2026-01-04 10:00:00-08:00,2025-12-29 05:20:58.012143
256940,nfl,Bears,Lions,143,146,scheduled,,,,,,,,,,,,,,,,,2026-01-04T18:00:00.000Z,15,15,256940,499.0,-142,0,0,120,0,0,,,,49.5,-110.0,-110.0,0.0,0.0,0.0,0.0,-2.0,-110,0,0,2.0,-110,0,0,2026-01-04 10:00:00-08:00,2025-12-29 06:20:42.322318
256940,nfl,Bears,Lions,143,146,scheduled,,,,,,,,,,,,,,,,,2026-01-04T21:25:00.000Z,15,15,256940,575.0,-142,0,0,120,0,0,,,,49.5,-110.0,-110.0,0.0,0.0,0.0,0.0,-2.5,-110,0,0,2.5,-110,0,0,2026-01-04 13:25:00-08:00,2025-12-29 07:18:06.242072
256940,nfl,Bears,Lions,143,146,scheduled,,,,,,,,,,,,,,,,,2026-01-04T21:25:00.000Z,15,15,256940,626.0,-142,78,83,120,22,17,,,,49.5,-110.0,-110.0,0.0,0.0,0.0,0.0,-2.5,-111,0,0,2.5,-110,0,0,2026-01-04 13:25:00-08:00,2025-12-29 10:14:08.841334
256940,nfl,Bears,Lions,143,146,scheduled,,,,,,,,,,,,,,,,,2026-01-04T21:25:00.000Z,15,15,256940,797.0,-142,77,71,120,23,29,,,,49.5,-110.0,-110.0,50.0,51.0,50.0,49.0,-2.5,-110,0,0,2.5,-110,0,0,2026-01-04 13:25:00-08:00,2025-12-29 15:12:59.394836
256940,nfl,Bears,Lions,143,146,scheduled,,,,,,,,,,,,,,,,,2026-01-04T21:25:00.000Z,15,15,256940,863.0,-142,77,70,124,23,30,,,,50.5,-110.0,-110.0,52.0,53.0,48.0,47.0,-2.5,-110,0,0,2.5,-110,0,0,2026-01-04 13:25:00-08:00,2025-12-29 16:13:44.953517
256940,nfl,Bears,Lions,143,146,scheduled,,,,,,,,,,,,,,,,,2026-01-04T21:25:00.000Z,15,15,256940,1029.0,-140,77,70,115,23,30,,,,50.5,-110.0,-110.0,52.0,52.0,48.0,48.0,-2.5,-110,0,0,2.5,-110,0,0,2026-01-04 13:25:00-08:00,2025-12-29 19:09:35.062004
256940,nfl,Bears,Lions,143,146,scheduled,,,,,,,,,,,,,,,,,2026-01-04T21:25:00.000Z,15,15,256940,2034.0,-150,73,57,125,27,43,,,,50.5,-110.0,-110.0,51.0,49.0,49.0,51.0,-2.5,-111,54,78,2.5,-110,46,22,2026-01-04 13:25:00-08:00,2025-12-30 17:13:28.843030
256940,nfl,Bears,Lions,143,146,scheduled,,,,,,,,,,,,,,,,,2026-01-04T21:25:00.000Z,15,15,256940,2186.0,-155,73,58,130,27,42,,,,50.5,-110.0,-110.0,50.0,48.0,50.0,52.0,-3.0,-105,54,78,3.0,-115,46,22,2026-01-04 13:25:00-08:00,2025-12-30 18:17:29.935641
256940,nfl,Bears,Lions,143,146,scheduled,,,,,,,,,,,,,,,,,2026-01-04T21:25:00.000Z,15,15,256940,2292.0,-160,73,58,135,27,42,,,,50.5,-110.0,-110.0,51.0,48.0,49.0,52.0,-3.0,-105,54,77,3.0,-115,46,23,2026-01-04 13:25:00-08:00,2025-12-30 20:12:39.710261
256940,nfl,Bears,Lions,143,146,scheduled,,,,,,,,,,,,,,,,,2026-01-04T21:25:00.000Z,15,15,256940,3392.0,-160,74,62,135,26,38,,,,50.5,-110.0,-110.0,49.0,47.0,51.0,53.0,-3.0,-102,57,61,3.0,-118,43,39,2026-01-04 13:25:00-08:00,2025-12-31 15:12:09.192562
256940,nfl,Bears,Lions,143,146,scheduled,,,,,,,,,,,,,,,,,2026-01-04T21:25:00.000Z,15,15,256940,6533.0,-160,75,66,135,25,34,,,,50.5,-111.0,-110.0,64.0,68.0,36.0,32.0,-3.0,-102,54,59,3.0,-118,46,41,2026-01-04 13:25:00-08:00,2026-01-02 16:13:38.267933
256940,nfl,Bears,Lions,143,146,scheduled,,,,,,,,,,,,,,,,,2026-01-04T21:25:00.000Z,15,15,256940,7512.0,-162,75,66,136,25,34,,,,50.5,-111.0,-110.0,68.0,74.0,32.0,26.0,-3.0,-102,55,59,3.0,-118,45,41,2026-01-04 13:25:00-08:00,2026-01-02 21:09:11.431241
256940,nfl,Bears,Lions,143,146,scheduled,,,,,,,,,,,,,,,,,2026-01-04T21:25:00.000Z,15,15,256940,9380.0,-162,75,67,136,25,33,,,,50.5,-111.0,-110.0,68.0,73.0,32.0,27.0,-3.0,-105,54,60,3.0,-115,46,40,2026-01-04 13:25:00-08:00,2026-01-03 02:44:40.753351
256940,nfl,Bears,Lions,143,146,scheduled,,,,,,,,,,,,,,,,,2026-01-04T21:25:00.000Z,15,15,256940,12374.0,-167,75,59,142,25,41,,,,50.5,-111.0,-110.0,68.0,73.0,32.0,27.0,-3.0,-115,53,59,3.0,-105,47,41,2026-01-04 13:25:00-08:00,2026-01-03 18:15:34.550120
256940,nfl,Bears,Lions,143,146,scheduled,,,,,,,,,,,,,,,,,2026-01-04T21:25:00.000Z,15,15,256940,13091.0,-170,75,60,142,25,40,,,,50.5,-111.0,-110.0,68.0,71.0,32.0,29.0,-3.0,-115,53,63,3.0,-105,47,37,2026-01-04 13:25:00-08:00,2026-01-03 20:12:08.391760
256940,nfl,Bears,Lions,143,146,scheduled,,,,,,,,,,,,,,,,,2026-01-04T21:25:00.000Z,15,15,256940,14191.0,-170,75,60,145,25,40,,,,50.5,-111.0,-110.0,67.0,71.0,33.0,29.0,-3.0,-115,52,62,3.0,-105,48,38,2026-01-04 13:25:00-08:00,2026-01-03 23:11:09.036377
256940,nfl,Bears,Lions,143,146,scheduled,,,,,,,,,,,,,,,,,2026-01-04T21:25:00.000Z,15,15,256940,14833.0,-190,75,61,155,25,39,,,,50.5,-115.0,-110.0,66.0,70.0,34.0,30.0,-3.5,-110,52,62,3.5,-110,48,38,2026-01-04 13:25:00-08:00,2026-01-04 01:00:46.546153
256940,nfl,Bears,Lions,143,146,scheduled,,,,,,,,,,,,,,,,,2026-01-04T21:25:00.000Z,15,15,256940,21780.0,-190,74,70,155,26,30,,,,50.5,-110.0,-110.0,64.0,68.0,36.0,32.0,-3.5,-110,49,58,3.5,-110,51,42,2026-01-04 13:25:00-08:00,2026-01-04 13:24:09.053402
256940,nfl,Bears,Lions,143,146,scheduled,,,,,,,,,,,,,,,,,2026-01-04T21:25:00.000Z,15,15,256940,29878.0,-210,75,71,170,25,29,,,,50.5,-110.0,-110.0,64.0,69.0,36.0,31.0,-4.0,-110,48,56,4.0,-110,52,44,2026-01-04 13:25:00-08:00,2026-01-04 16:12:42.814121
256940,nfl,Bears,Lions,143,146,scheduled,,,,,,,,,,,,,,,,,2026-01-04T21:25:00.000Z,15,15,256940,37395.0,-210,75,71,170,25,29,,,,51.5,-112.0,-108.0,60.0,62.0,40.0,38.0,-4.5,-105,47,54,4.5,-115,53,46,2026-01-04 13:25:00-08:00,2026-01-04 17:09:51.083935
256940,nfl,Bears,Lions,143,146,scheduled,,,,,,,,,,,,,,,,,2026-01-04T21:25:00.000Z,15,15,256940,70298.0,-190,74,69,155,26,31,,,,51.5,-105.0,-112.0,60.0,63.0,40.0,37.0,-3.5,-106,42,48,3.5,-115,58,52,2026-01-04 13:25:00-08:00,2026-01-04 21:10:16.803707
256934,nfl,Steelers,Ravens,132,131,scheduled,,,,,,,,,,,,,,,,,2026-01-04T18:00:00.000Z,15,15,256934,136.0,180,0,0,-218,0,0,,,,,,,,,,,4.5,-110,0,0,-4.5,-110,0,0,2026-01-04 10:00:00-08:00,2025-12-23 09:16:17.536168
256934,nfl,Steelers,Ravens,132,131,scheduled,,,,,,,,,,,,,,,,,2026-01-04T18:00:00.000Z,15,15,256934,136.0,180,0,0,-218,0,0,,,,,,,,,,,4.5,-110,0,0,-4.5,-110,0,0,2026-01-04 10:00:00-08:00,2025-12-23 10:13:06.210150
256934,nfl,Steelers,Ravens,132,131,scheduled,,,,,,,,,,,,,,,,,2026-01-04T18:00:00.000Z,15,15,256934,136.0,180,0,0,-218,0,0,,,,,,,,,,,4.5,-110,0,0,-4.5,-110,0,0,2026-01-04 10:00:00-08:00,2025-12-23 11:11:08.784743
256934,nfl,Steelers,Ravens,132,131,scheduled,,,,,,,,,,,,,,,,,2026-01-04T18:00:00.000Z,15,15,256934,136.0,180,0,0,-218,0,0,,,,,,,,,,,4.5,-110,0,0,-4.5,-110,0,0,2026-01-04 10:00:00-08:00,2025-12-23 12:22:14.612235
256934,nfl,Steelers,Ravens,132,131,scheduled,,,,,,,,,,,,,,,,,2026-01-04T18:00:00.000Z,15,15,256934,136.0,180,0,0,-218,0,0,,,,,,,,,,,4.5,-110,0,0,-4.5,-110,0,0,2026-01-04 10:00:00-08:00,2025-12-23 13:29:59.424423
256934,nfl,Steelers,Ravens,132,131,scheduled,,,,,,,,,,,,,,,,,2026-01-04T18:00:00.000Z,15,15,256934,136.0,180,0,0,-218,0,0,,,,,,,,,,,4.5,-110,0,0,-4.5,-110,0,0,2026-01-04 10:00:00-08:00,2025-12-23 14:17:10.922397
256934,nfl,Steelers,Ravens,132,131,scheduled,,,,,,,,,,,,,,,,,2026-01-04T18:00:00.000Z,15,15,256934,136.0,180,0,0,-218,0,0,,,,,,,,,,,4.5,-110,0,0,-4.5,-110,0,0,2026-01-04 10:00:00-08:00,2025-12-23 15:12:27.858291
256934,nfl,Steelers,Ravens,132,131,scheduled,,,,,,,,,,,,,,,,,2026-01-04T18:00:00.000Z,15,15,256934,136.0,180,0,0,-218,0,0,,,,,,,,,,,4.5,-110,0,0,-4.5,-110,0,0,2026-01-04 10:00:00-08:00,2025-12-23 16:14:41.664935
256934,nfl,Steelers,Ravens,132,131,scheduled,,,,,,,,,,,,,,,,,2026-01-04T18:00:00.000Z,15,15,256934,136.0,180,0,0,-218,0,0,,,,,,,,,,,4.5,-110,0,0,-4.5,-110,0,0,2026-01-04 10:00:00-08:00,2025-12-23 17:12:43.843165
256934,nfl,Steelers,Ravens,132,131,scheduled,,,,,,,,,,,,,,,,,2026-01-04T18:00:00.000Z,15,15,256934,136.0,180,0,0,-218,0,0,,,,,,,,,,,4.5,-110,0,0,-4.5,-110,0,0,2026-01-04 10:00:00-08:00,2025-12-23 18:17:16.120344
256934,nfl,Steelers,Ravens,132,131,scheduled,,,,,,,,,,,,,,,,,2026-01-04T18:00:00.000Z,15,15,256934,136.0,180,0,0,-218,0,0,,,,,,,,,,,4.5,-110,0,0,-4.5,-110,0,0,2026-01-04 10:00:00-08:00,2025-12-23 19:11:23.939282
256934,nfl,Steelers,Ravens,132,131,scheduled,,,,,,,,,,,,,,,,,2026-01-04T18:00:00.000Z,15,15,256934,136.0,180,0,0,-218,0,0,,,,,,,,,,,4.5,-110,0,0,-4.5,-110,0,0,2026-01-04 10:00:00-08:00,2025-12-23 20:12:13.745210
256934,nfl,Steelers,Ravens,132,131,scheduled,,,,,,,,,,,,,,,,,2026-01-04T18:00:00.000Z,15,15,256934,136.0,180,0,0,-218,0,0,,,,,,,,,,,4.5,-110,0,0,-4.5,-110,0,0,2026-01-04 10:00:00-08:00,2025-12-23 21:11:08.246482
256934,nfl,Steelers,Ravens,132,131,scheduled,,,,,,,,,,,,,,,,,2026-01-04T18:00:00.000Z,15,15,256934,136.0,180,0,0,-218,0,0,,,,,,,,,,,4.5,-110,0,0,-4.5,-110,0,0,2026-01-04 10:00:00-08:00,2025-12-23 22:11:17.550605
256934,nfl,Steelers,Ravens,132,131,scheduled,,,,,,,,,,,,,,,,,2026-01-04T18:00:00.000Z,15,15,256934,136.0,180,0,0,-218,0,0,,,,,,,,,,,4.5,-110,0,0,-4.5,-110,0,0,2026-01-04 10:00:00-08:00,2025-12-23 23:10:50.690018
256934,nfl,Steelers,Ravens,132,131,scheduled,,,,,,,,,,,,,,,,,2026-01-04T18:00:00.000Z,15,15,256934,146.0,180,0,0,-218,0,0,,,,,,,,,,,4.5,-110,0,0,-4.5,-110,0,0,2026-01-04 10:00:00-08:00,2025-12-24 00:52:58.834144
256934,nfl,Steelers,Ravens,132,131,scheduled,,,,,,,,,,,,,,,,,2026-01-04T18:00:00.000Z,15,15,256934,146.0,180,0,0,-218,0,0,,,,,,,,,,,4.5,-110,0,0,-4.5,-110,0,0,2026-01-04 10:00:00-08:00,2025-12-24 02:46:48.175308
256934,nfl,Steelers,Ravens,132,131,scheduled,,,,,,,,,,,,,,,,,2026-01-04T18:00:00.000Z,15,15,256934,146.0,180,0,0,-218,0,0,,,,,,,,,,,4.5,-110,0,0,-4.5,-110,0,0,2026-01-04 10:00:00-08:00,2025-12-24 03:53:02.193110
256934,nfl,Steelers,Ravens,132,131,scheduled,,,,,,,,,,,,,,,,,2026-01-04T18:00:00.000Z,15,15,256934,146.0,180,0,0,-218,0,0,,,,,,,,,,,4.5,-110,0,0,-4.5,-110,0,0,2026-01-04 10:00:00-08:00,2025-12-24 04:27:48.634138
256934,nfl,Steelers,Ravens,132,131,scheduled,,,,,,,,,,,,,,,,,2026-01-04T18:00:00.000Z,15,15,256934,146.0,180,0,0,-218,0,0,,,,,,,,,,,4.5,-110,0,0,-4.5,-110,0,0,2026-01-04 10:00:00-08:00,2025-12-24 05:16:27.029426
256934,nfl,Steelers,Ravens,132,131,scheduled,,,,,,,,,,,,,,,,,2026-01-04T18:00:00.000Z,15,15,256934,146.0,180,0,0,-218,0,0,,,,,,,,,,,4.5,-110,0,0,-4.5,-110,0,0,2026-01-04 10:00:00-08:00,2025-12-24 06:18:42.194536
256934,nfl,Steelers,Ravens,132,131,scheduled,,,,,,,,,,,,,,,,,2026-01-04T18:00:00.000Z,15,15,256934,146.0,180,0,0,-218,0,0,,,,,,,,,,,4.5,-110,0,0,-4.5,-110,0,0,2026-01-04 10:00:00-08:00,2025-12-24 07:16:13.001894
256934,nfl,Steelers,Ravens,132,131,scheduled,,,,,,,,,,,,,,,,,2026-01-04T18:00:00.000Z,15,15,256934,146.0,180,0,0,-218,0,0,,,,,,,,,,,4.5,-110,0,0,-4.5,-110,0,0,2026-01-04 10:00:00-08:00,2025-12-24 08:16:53.707714
256934,nfl,Steelers,Ravens,132,131,scheduled,,,,,,,,,,,,,,,,,2026-01-04T18:00:00.000Z,15,15,256934,146.0,180,0,0,-218,0,0,,,,,,,,,,,4.5,-110,0,0,-4.5,-110,0,0,2026-01-04 10:00:00-08:00,2025-12-24 09:15:53.198968
256934,nfl,Steelers,Ravens,132,131,scheduled,,,,,,,,,,,,,,,,,2026-01-04T18:00:00.000Z,15,15,256934,146.0,180,0,0,-218,0,0,,,,,,,,,,,4.5,-110,0,0,-4.5,-110,0,0,2026-01-04 10:00:00-08:00,2025-12-24 10:12:23.413696
256934,nfl,Steelers,Ravens,132,131,scheduled,,,,,,,,,,,,,,,,,2026-01-04T18:00:00.000Z,15,15,256934,146.0,180,0,0,-218,0,0,,,,,,,,,,,4.5,-110,0,0,-4.5,-110,0,0,2026-01-04 10:00:00-08:00,2025-12-24 11:11:18.376556
256934,nfl,Steelers,Ravens,132,131,scheduled,,,,,,,,,,,,,,,,,2026-01-04T18:00:00.000Z,15,15,256934,146.0,180,0,0,-218,0,0,,,,,,,,,,,4.5,-110,0,0,-4.5,-110,0,0,2026-01-04 10:00:00-08:00,2025-12-24 12:21:25.497297
256934,nfl,Steelers,Ravens,132,131,scheduled,,,,,,,,,,,,,,,,,2026-01-04T18:00:00.000Z,15,15,256934,146.0,180,0,0,-218,0,0,,,,,,,,,,,4.5,-110,0,0,-4.5,-110,0,0,2026-01-04 10:00:00-08:00,2025-12-24 13:26:08.977180
256934,nfl,Steelers,Ravens,132,131,scheduled,,,,,,,,,,,,,,,,,2026-01-04T18:00:00.000Z,15,15,256934,146.0,180,0,0,-218,0,0,,,,,,,,,,,4.5,-110,0,0,-4.5,-110,0,0,2026-01-04 10:00:00-08:00,2025-12-24 14:10:57.708914
256934,nfl,Steelers,Ravens,132,131,scheduled,,,,,,,,,,,,,,,,,2026-01-04T18:00:00.000Z,15,15,256934,146.0,180,0,0,-218,0,0,,,,,,,,,,,4.5,-110,0,0,-4.5,-110,0,0,2026-01-04 10:00:00-08:00,2025-12-24 15:12:04.492652
256934,nfl,Steelers,Ravens,132,131,scheduled,,,,,,,,,,,,,,,,,2026-01-04T18:00:00.000Z,15,15,256934,146.0,180,0,0,-218,0,0,,,,,,,,,,,4.5,-110,0,0,-4.5,-110,0,0,2026-01-04 10:00:00-08:00,2025-12-24 16:14:09.792023
256934,nfl,Steelers,Ravens,132,131,scheduled,,,,,,,,,,,,,,,,,2026-01-04T18:00:00.000Z,15,15,256934,146.0,180,0,0,-218,0,0,,,,,,,,,,,4.5,-110,0,0,-4.5,-110,0,0,2026-01-04 10:00:00-08:00,2025-12-24 17:09:35.629600
256934,nfl,Steelers,Ravens,132,131,scheduled,,,,,,,,,,,,,,,,,2026-01-04T18:00:00.000Z,15,15,256934,146.0,180,0,0,-218,0,0,,,,,,,,,,,4.5,-110,0,0,-4.5,-110,0,0,2026-01-04 10:00:00-08:00,2025-12-24 18:16:30.988985
256934,nfl,Steelers,Ravens,132,131,scheduled,,,,,,,,,,,,,,,,,2026-01-04T18:00:00.000Z,15,15,256934,146.0,180,0,0,-218,0,0,,,,,,,,,,,4.5,-110,0,0,-4.5,-110,0,0,2026-01-04 10:00:00-08:00,2025-12-24 19:09:17.008378
256934,nfl,Steelers,Ravens,132,131,scheduled,,,,,,,,,,,,,,,,,2026-01-04T18:00:00.000Z,15,15,256934,146.0,180,0,0,-218,0,0,,,,,,,,,,,4.5,-110,0,0,-4.5,-110,0,0,2026-01-04 10:00:00-08:00,2025-12-24 20:12:20.802607
256934,nfl,Steelers,Ravens,132,131,scheduled,,,,,,,,,,,,,,,,,2026-01-04T18:00:00.000Z,15,15,256934,146.0,180,0,0,-218,0,0,,,,,,,,,,,4.5,-110,0,0,-4.5,-110,0,0,2026-01-04 10:00:00-08:00,2025-12-24 21:10:22.009660
256934,nfl,Steelers,Ravens,132,131,scheduled,,,,,,,,,,,,,,,,,2026-01-04T18:00:00.000Z,15,15,256934,146.0,180,0,0,-218,0,0,,,,,,,,,,,4.5,-110,0,0,-4.5,-110,0,0,2026-01-04 10:00:00-08:00,2025-12-24 22:11:26.458784
256934,nfl,Steelers,Ravens,132,131,scheduled,,,,,,,,,,,,,,,,,2026-01-04T18:00:00.000Z,15,15,256934,146.0,180,0,0,-218,0,0,,,,,,,,,,,4.5,-110,0,0,-4.5,-110,0,0,2026-01-04 10:00:00-08:00,2025-12-24 23:11:00.971821
256934,nfl,Steelers,Ravens,132,131,scheduled,,,,,,,,,,,,,,,,,2026-01-04T18:00:00.000Z,15,15,256934,146.0,180,0,0,-218,0,0,,,,,,,,,,,4.5,-110,0,0,-4.5,-110,0,0,2026-01-04 10:00:00-08:00,2025-12-25 00:53:33.419107
256934,nfl,Steelers,Ravens,132,131,scheduled,,,,,,,,,,,,,,,,,2026-01-04T18:00:00.000Z,15,15,256934,146.0,180,0,0,-218,0,0,,,,,,,,,,,4.5,-110,0,0,-4.5,-110,0,0,2026-01-04 10:00:00-08:00,2025-12-25 02:49:59.453329
256934,nfl,Steelers,Ravens,132,131,scheduled,,,,,,,,,,,,,,,,,2026-01-04T18:00:00.000Z,15,15,256934,146.0,180,0,0,-218,0,0,,,,,,,,,,,4.5,-110,0,0,-4.5,-110,0,0,2026-01-04 10:00:00-08:00,2025-12-25 03:55:25.769626
256934,nfl,Steelers,Ravens,132,131,scheduled,,,,,,,,,,,,,,,,,2026-01-04T18:00:00.000Z,15,15,256934,146.0,180,0,0,-218,0,0,,,,,,,,,,,4.5,-110,0,0,-4.5,-110,0,0,2026-01-04 10:00:00-08:00,2025-12-25 04:29:42.325008
256934,nfl,Steelers,Ravens,132,131,scheduled,,,,,,,,,,,,,,,,,2026-01-04T18:00:00.000Z,15,15,256934,146.0,180,0,0,-218,0,0,,,,,,,,,,,4.5,-110,0,0,-4.5,-110,0,0,2026-01-04 10:00:00-08:00,2025-12-25 05:15:49.857201
256934,nfl,Steelers,Ravens,132,131,scheduled,,,,,,,,,,,,,,,,,2026-01-04T18:00:00.000Z,15,15,256934,146.0,180,0,0,-218,0,0,,,,,,,,,,,4.5,-110,0,0,-4.5,-110,0,0,2026-01-04 10:00:00-08:00,2025-12-25 06:18:13.825718
256934,nfl,Steelers,Ravens,132,131,scheduled,,,,,,,,,,,,,,,,,2026-01-04T18:00:00.000Z,15,15,256934,146.0,180,0,0,-218,0,0,,,,,,,,,,,4.5,-110,0,0,-4.5,-110,0,0,2026-01-04 10:00:00-08:00,2025-12-25 07:14:23.068338
256934,nfl,Steelers,Ravens,132,131,scheduled,,,,,,,,,,,,,,,,,2026-01-04T18:00:00.000Z,15,15,256934,146.0,180,0,0,-218,0,0,,,,,,,,,,,4.5,-110,0,0,-4.5,-110,0,0,2026-01-04 10:00:00-08:00,2025-12-25 08:16:00.715753
256934,nfl,Steelers,Ravens,132,131,scheduled,,,,,,,,,,,,,,,,,2026-01-04T18:00:00.000Z,15,15,256934,146.0,180,0,0,-218,0,0,,,,,,,,,,,4.5,-110,0,0,-4.5,-110,0,0,2026-01-04 10:00:00-08:00,2025-12-25 09:14:06.366333
256934,nfl,Steelers,Ravens,132,131,scheduled,,,,,,,,,,,,,,,,,2026-01-04T18:00:00.000Z,15,15,256934,146.0,180,0,0,-218,0,0,,,,,,,,,,,4.5,-110,0,0,-4.5,-110,0,0,2026-01-04 10:00:00-08:00,2025-12-25 10:12:22.975712
256934,nfl,Steelers,Ravens,132,131,scheduled,,,,,,,,,,,,,,,,,2026-01-04T18:00:00.000Z,15,15,256934,146.0,180,0,0,-218,0,0,,,,,,,,,,,4.5,-110,0,0,-4.5,-110,0,0,2026-01-04 10:00:00-08:00,2025-12-25 11:09:49.247669
256934,nfl,Steelers,Ravens,132,131,scheduled,,,,,,,,,,,,,,,,,2026-01-04T18:00:00.000Z,15,15,256934,146.0,180,0,0,-218,0,0,,,,,,,,,,,4.5,-110,0,0,-4.5,-110,0,0,2026-01-04 10:00:00-08:00,2025-12-25 12:21:09.618433
256934,nfl,Steelers,Ravens,132,131,scheduled,,,,,,,,,,,,,,,,,2026-01-04T18:00:00.000Z,15,15,256934,146.0,180,0,0,-218,0,0,,,,,,,,,,,4.5,-110,0,0,-4.5,-110,0,0,2026-01-04 10:00:00-08:00,2025-12-25 13:26:08.213227
256934,nfl,Steelers,Ravens,132,131,scheduled,,,,,,,,,,,,,,,,,2026-01-04T18:00:00.000Z,15,15,256934,146.0,180,0,0,-218,0,0,,,,,,,,,,,4.5,-110,0,0,-4.5,-110,0,0,2026-01-04 10:00:00-08:00,2025-12-25 14:11:00.973101
256934,nfl,Steelers,Ravens,132,131,scheduled,,,,,,,,,,,,,,,,,2026-01-04T18:00:00.000Z,15,15,256934,146.0,180,0,0,-218,0,0,,,,,,,,,,,4.5,-110,0,0,-4.5,-110,0,0,2026-01-04 10:00:00-08:00,2025-12-25 15:11:35.479757
256934,nfl,Steelers,Ravens,132,131,scheduled,,,,,,,,,,,,,,,,,2026-01-04T18:00:00.000Z,15,15,256934,146.0,180,0,0,-218,0,0,,,,,,,,,,,4.5,-110,0,0,-4.5,-110,0,0,2026-01-04 10:00:00-08:00,2025-12-25 16:14:02.305277
256934,nfl,Steelers,Ravens,132,131,scheduled,,,,,,,,,,,,,,,,,2026-01-04T18:00:00.000Z,15,15,256934,146.0,180,0,0,-218,0,0,,,,,,,,,,,4.5,-110,0,0,-4.5,-110,0,0,2026-01-04 10:00:00-08:00,2025-12-25 17:10:18.922147
256934,nfl,Steelers,Ravens,132,131,scheduled,,,,,,,,,,,,,,,,,2026-01-04T18:00:00.000Z,15,15,256934,146.0,180,0,0,-218,0,0,,,,,,,,,,,4.5,-110,0,0,-4.5,-110,0,0,2026-01-04 10:00:00-08:00,2025-12-25 18:16:04.653155
256934,nfl,Steelers,Ravens,132,131,scheduled,,,,,,,,,,,,,,,,,2026-01-04T18:00:00.000Z,15,15,256934,146.0,180,0,0,-218,0,0,,,,,,,,,,,4.5,-110,0,0,-4.5,-110,0,0,2026-01-04 10:00:00-08:00,2025-12-25 19:08:44.595749
256934,nfl,Steelers,Ravens,132,131,scheduled,,,,,,,,,,,,,,,,,2026-01-04T18:00:00.000Z,15,15,256934,146.0,180,0,0,-218,0,0,,,,,,,,,,,4.5,-110,0,0,-4.5,-110,0,0,2026-01-04 10:00:00-08:00,2025-12-25 20:12:42.476949
256934,nfl,Steelers,Ravens,132,131,scheduled,,,,,,,,,,,,,,,,,2026-01-04T18:00:00.000Z,15,15,256934,146.0,180,0,0,-218,0,0,,,,,,,,,,,4.5,-110,0,0,-4.5,-110,0,0,2026-01-04 10:00:00-08:00,2025-12-25 21:10:37.126469
256934,nfl,Steelers,Ravens,132,131,scheduled,,,,,,,,,,,,,,,,,2026-01-04T18:00:00.000Z,15,15,256934,146.0,180,0,0,-218,0,0,,,,,,,,,,,4.5,-110,0,0,-4.5,-110,0,0,2026-01-04 10:00:00-08:00,2025-12-25 22:10:55.114350
256934,nfl,Steelers,Ravens,132,131,scheduled,,,,,,,,,,,,,,,,,2026-01-04T18:00:00.000Z,15,15,256934,146.0,180,0,0,-218,0,0,,,,,,,,,,,4.5,-110,0,0,-4.5,-110,0,0,2026-01-04 10:00:00-08:00,2025-12-25 23:10:56.421975
256934,nfl,Steelers,Ravens,132,131,scheduled,,,,,,,,,,,,,,,,,2026-01-04T18:00:00.000Z,15,15,256934,146.0,180,0,0,-218,0,0,,,,,,,,,,,4.5,-110,0,0,-4.5,-110,0,0,2026-01-04 10:00:00-08:00,2025-12-26 00:53:48.245895
256934,nfl,Steelers,Ravens,132,131,scheduled,,,,,,,,,,,,,,,,,2026-01-04T18:00:00.000Z,15,15,256934,146.0,180,0,0,-218,0,0,,,,,,,,,,,4.5,-110,0,0,-4.5,-110,0,0,2026-01-04 10:00:00-08:00,2025-12-26 02:48:12.653569
256934,nfl,Steelers,Ravens,132,131,scheduled,,,,,,,,,,,,,,,,,2026-01-04T18:00:00.000Z,15,15,256934,146.0,180,0,0,-218,0,0,,,,,,,,,,,4.5,-110,0,0,-4.5,-110,0,0,2026-01-04 10:00:00-08:00,2025-12-26 03:53:11.217020
256934,nfl,Steelers,Ravens,132,131,scheduled,,,,,,,,,,,,,,,,,2026-01-04T18:00:00.000Z,15,15,256934,151.0,180,0,0,-218,0,0,,,,,,,,,,,4.5,-110,0,0,-4.5,-110,0,0,2026-01-04 10:00:00-08:00,2025-12-26 04:26:57.166699
256934,nfl,Steelers,Ravens,132,131,scheduled,,,,,,,,,,,,,,,,,2026-01-04T18:00:00.000Z,15,15,256934,166.0,180,0,0,-218,0,0,,,,,,,,,,,4.5,-110,0,0,-4.5,-110,0,0,2026-01-04 10:00:00-08:00,2025-12-26 05:14:05.661706
256934,nfl,Steelers,Ravens,132,131,scheduled,,,,,,,,,,,,,,,,,2026-01-04T18:00:00.000Z,15,15,256934,166.0,180,0,0,-218,0,0,,,,,,,,,,,4.5,-110,0,0,-4.5,-110,0,0,2026-01-04 10:00:00-08:00,2025-12-26 06:18:19.629052
256934,nfl,Steelers,Ravens,132,131,scheduled,,,,,,,,,,,,,,,,,2026-01-04T18:00:00.000Z,15,15,256934,166.0,180,0,0,-218,0,0,,,,,,,,,,,4.5,-110,0,0,-4.5,-110,0,0,2026-01-04 10:00:00-08:00,2025-12-26 07:14:32.775070
256934,nfl,Steelers,Ravens,132,131,scheduled,,,,,,,,,,,,,,,,,2026-01-04T18:00:00.000Z,15,15,256934,166.0,180,0,0,-218,0,0,,,,,,,,,,,4.5,-110,0,0,-4.5,-110,0,0,2026-01-04 10:00:00-08:00,2025-12-26 08:15:33.156915
256934,nfl,Steelers,Ravens,132,131,scheduled,,,,,,,,,,,,,,,,,2026-01-04T18:00:00.000Z,15,15,256934,166.0,180,0,0,-218,0,0,,,,,,,,,,,4.5,-110,0,0,-4.5,-110,0,0,2026-01-04 10:00:00-08:00,2025-12-26 09:13:32.561712
256934,nfl,Steelers,Ravens,132,131,scheduled,,,,,,,,,,,,,,,,,2026-01-04T18:00:00.000Z,15,15,256934,166.0,180,0,0,-218,0,0,,,,,,,,,,,4.5,-110,0,0,-4.5,-110,0,0,2026-01-04 10:00:00-08:00,2025-12-26 10:12:21.713290
256934,nfl,Steelers,Ravens,132,131,scheduled,,,,,,,,,,,,,,,,,2026-01-04T18:00:00.000Z,15,15,256934,166.0,180,0,0,-218,0,0,,,,,,,,,,,4.5,-110,0,0,-4.5,-110,0,0,2026-01-04 10:00:00-08:00,2025-12-26 11:10:23.584512
256934,nfl,Steelers,Ravens,132,131,scheduled,,,,,,,,,,,,,,,,,2026-01-04T18:00:00.000Z,15,15,256934,166.0,180,0,0,-218,0,0,,,,,,,,,,,4.5,-110,0,0,-4.5,-110,0,0,2026-01-04 10:00:00-08:00,2025-12-26 12:21:19.110492
256934,nfl,Steelers,Ravens,132,131,scheduled,,,,,,,,,,,,,,,,,2026-01-04T18:00:00.000Z,15,15,256934,171.0,180,0,0,-218,0,0,,,,,,,,,,,4.5,-110,0,0,-4.5,-110,0,0,2026-01-04 10:00:00-08:00,2025-12-26 13:26:42.595417
256934,nfl,Steelers,Ravens,132,131,scheduled,,,,,,,,,,,,,,,,,2026-01-04T18:00:00.000Z,15,15,256934,171.0,180,0,0,-218,0,0,,,,,,,,,,,4.5,-110,0,0,-4.5,-110,0,0,2026-01-04 10:00:00-08:00,2025-12-26 14:11:25.597287
256934,nfl,Steelers,Ravens,132,131,scheduled,,,,,,,,,,,,,,,,,2026-01-04T18:00:00.000Z,15,15,256934,171.0,180,0,0,-218,0,0,,,,,,,,,,,4.5,-110,0,0,-4.5,-110,0,0,2026-01-04 10:00:00-08:00,2025-12-26 15:11:28.582506
256934,nfl,Steelers,Ravens,132,131,scheduled,,,,,,,,,,,,,,,,,2026-01-04T18:00:00.000Z,15,15,256934,171.0,180,0,0,-218,0,0,,,,,,,,,,,4.5,-110,0,0,-4.5,-110,0,0,2026-01-04 10:00:00-08:00,2025-12-26 16:13:09.764832
256934,nfl,Steelers,Ravens,132,131,scheduled,,,,,,,,,,,,,,,,,2026-01-04T18:00:00.000Z,15,15,256934,171.0,180,0,0,-218,0,0,,,,,,,,,,,4.5,-110,0,0,-4.5,-110,0,0,2026-01-04 10:00:00-08:00,2025-12-26 17:09:41.955264
256934,nfl,Steelers,Ravens,132,131,scheduled,,,,,,,,,,,,,,,,,2026-01-04T18:00:00.000Z,15,15,256934,171.0,180,0,0,-218,0,0,,,,,,,,,,,4.5,-110,0,0,-4.5,-110,0,0,2026-01-04 10:00:00-08:00,2025-12-26 18:16:46.153208
256934,nfl,Steelers,Ravens,132,131,scheduled,,,,,,,,,,,,,,,,,2026-01-04T18:00:00.000Z,15,15,256934,171.0,180,0,0,-218,0,0,,,,,,,,,,,4.5,-110,0,0,-4.5,-110,0,0,2026-01-04 10:00:00-08:00,2025-12-26 19:09:19.395442
256934,nfl,Steelers,Ravens,132,131,scheduled,,,,,,,,,,,,,,,,,2026-01-04T18:00:00.000Z,15,15,256934,171.0,180,0,0,-218,0,0,,,,,,,,,,,4.5,-110,0,0,-4.5,-110,0,0,2026-01-04 10:00:00-08:00,2025-12-26 20:11:58.806493
256934,nfl,Steelers,Ravens,132,131,scheduled,,,,,,,,,,,,,,,,,2026-01-04T18:00:00.000Z,15,15,256934,171.0,180,0,0,-218,0,0,,,,,,,,,,,4.5,-110,0,0,-4.5,-110,0,0,2026-01-04 10:00:00-08:00,2025-12-26 21:10:14.281340
256934,nfl,Steelers,Ravens,132,131,scheduled,,,,,,,,,,,,,,,,,2026-01-04T18:00:00.000Z,15,15,256934,171.0,180,0,0,-218,0,0,,,,,,,,,,,4.5,-110,0,0,-4.5,-110,0,0,2026-01-04 10:00:00-08:00,2025-12-26 22:11:05.868112
256934,nfl,Steelers,Ravens,132,131,scheduled,,,,,,,,,,,,,,,,,2026-01-04T18:00:00.000Z,15,15,256934,171.0,180,0,0,-218,0,0,,,,,,,,,,,4.5,-110,0,0,-4.5,-110,0,0,2026-01-04 10:00:00-08:00,2025-12-26 23:11:05.262155
256934,nfl,Steelers,Ravens,132,131,scheduled,,,,,,,,,,,,,,,,,2026-01-04T18:00:00.000Z,15,15,256934,171.0,180,0,0,-218,0,0,,,,,,,,,,,4.5,-110,0,0,-4.5,-110,0,0,2026-01-04 10:00:00-08:00,2025-12-27 00:52:09.619620
256934,nfl,Steelers,Ravens,132,131,scheduled,,,,,,,,,,,,,,,,,2026-01-04T18:00:00.000Z,15,15,256934,171.0,180,0,0,-218,0,0,,,,,,,,,,,4.5,-110,0,0,-4.5,-110,0,0,2026-01-04 10:00:00-08:00,2025-12-27 02:45:26.354219
256934,nfl,Steelers,Ravens,132,131,scheduled,,,,,,,,,,,,,,,,,2026-01-04T18:00:00.000Z,15,15,256934,171.0,180,0,0,-218,0,0,,,,,,,,,,,4.5,-110,0,0,-4.5,-110,0,0,2026-01-04 10:00:00-08:00,2025-12-27 03:50:46.386921
256934,nfl,Steelers,Ravens,132,131,scheduled,,,,,,,,,,,,,,,,,2026-01-04T18:00:00.000Z,15,15,256934,171.0,180,0,0,-218,0,0,,,,,,,,,,,4.5,-110,0,0,-4.5,-110,0,0,2026-01-04 10:00:00-08:00,2025-12-27 04:23:57.433834
256934,nfl,Steelers,Ravens,132,131,scheduled,,,,,,,,,,,,,,,,,2026-01-04T18:00:00.000Z,15,15,256934,171.0,180,0,0,-218,0,0,,,,,,,,,,,4.5,-110,0,0,-4.5,-110,0,0,2026-01-04 10:00:00-08:00,2025-12-27 05:12:59.384988
256934,nfl,Steelers,Ravens,132,131,scheduled,,,,,,,,,,,,,,,,,2026-01-04T18:00:00.000Z,15,15,256934,171.0,180,0,0,-218,0,0,,,,,,,,,,,4.5,-110,0,0,-4.5,-110,0,0,2026-01-04 10:00:00-08:00,2025-12-27 06:16:57.481674
256934,nfl,Steelers,Ravens,132,131,scheduled,,,,,,,,,,,,,,,,,2026-01-04T18:00:00.000Z,15,15,256934,171.0,180,0,0,-218,0,0,,,,,,,,,,,4.5,-110,0,0,-4.5,-110,0,0,2026-01-04 10:00:00-08:00,2025-12-27 07:11:15.600789
256934,nfl,Steelers,Ravens,132,131,scheduled,,,,,,,,,,,,,,,,,2026-01-04T18:00:00.000Z,15,15,256934,171.0,180,0,0,-218,0,0,,,,,,,,,,,4.5,-110,0,0,-4.5,-110,0,0,2026-01-04 10:00:00-08:00,2025-12-27 08:14:18.684212
256934,nfl,Steelers,Ravens,132,131,scheduled,,,,,,,,,,,,,,,,,2026-01-04T18:00:00.000Z,15,15,256934,171.0,180,0,0,-218,0,0,,,,,,,,,,,4.5,-110,0,0,-4.5,-110,0,0,2026-01-04 10:00:00-08:00,2025-12-27 09:11:28.628963
256934,nfl,Steelers,Ravens,132,131,scheduled,,,,,,,,,,,,,,,,,2026-01-04T18:00:00.000Z,15,15,256934,171.0,180,0,0,-218,0,0,,,,,,,,,,,4.5,-110,0,0,-4.5,-110,0,0,2026-01-04 10:00:00-08:00,2025-12-27 10:10:55.349865
256934,nfl,Steelers,Ravens,132,131,scheduled,,,,,,,,,,,,,,,,,2026-01-04T18:00:00.000Z,15,15,256934,171.0,180,0,0,-218,0,0,,,,,,,,,,,4.5,-110,0,0,-4.5,-110,0,0,2026-01-04 10:00:00-08:00,2025-12-27 11:09:08.371334
256934,nfl,Steelers,Ravens,132,131,scheduled,,,,,,,,,,,,,,,,,2026-01-04T18:00:00.000Z,15,15,256934,171.0,180,0,0,-218,0,0,,,,,,,,,,,4.5,-110,0,0,-4.5,-110,0,0,2026-01-04 10:00:00-08:00,2025-12-27 12:20:02.722447
256934,nfl,Steelers,Ravens,132,131,scheduled,,,,,,,,,,,,,,,,,2026-01-04T18:00:00.000Z,15,15,256934,171.0,180,0,0,-218,0,0,,,,,,,,,,,4.5,-110,0,0,-4.5,-110,0,0,2026-01-04 10:00:00-08:00,2025-12-27 13:22:36.153313
256934,nfl,Steelers,Ravens,132,131,scheduled,,,,,,,,,,,,,,,,,2026-01-04T18:00:00.000Z,15,15,256934,171.0,180,0,0,-218,0,0,,,,,,,,,,,4.5,-110,0,0,-4.5,-110,0,0,2026-01-04 10:00:00-08:00,2025-12-27 14:10:09.105416
256934,nfl,Steelers,Ravens,132,131,scheduled,,,,,,,,,,,,,,,,,2026-01-04T18:00:00.000Z,15,15,256934,171.0,180,0,0,-218,0,0,,,,,,,,,,,4.5,-110,0,0,-4.5,-110,0,0,2026-01-04 10:00:00-08:00,2025-12-27 15:10:27.408251
256934,nfl,Steelers,Ravens,132,131,scheduled,,,,,,,,,,,,,,,,,2026-01-04T18:00:00.000Z,15,15,256934,171.0,180,0,0,-218,0,0,,,,,,,,,,,4.5,-110,0,0,-4.5,-110,0,0,2026-01-04 10:00:00-08:00,2025-12-27 16:12:35.498777
256934,nfl,Steelers,Ravens,132,131,scheduled,,,,,,,,,,,,,,,,,2026-01-04T18:00:00.000Z,15,15,256934,171.0,180,0,0,-218,0,0,,,,,,,,,,,4.5,-110,0,0,-4.5,-110,0,0,2026-01-04 10:00:00-08:00,2025-12-27 17:09:24.679173
256934,nfl,Steelers,Ravens,132,131,scheduled,,,,,,,,,,,,,,,,,2026-01-04T18:00:00.000Z,15,15,256934,171.0,180,0,0,-218,0,0,,,,,,,,,,,4.5,-110,0,0,-4.5,-110,0,0,2026-01-04 10:00:00-08:00,2025-12-27 18:15:21.593820
256934,nfl,Steelers,Ravens,132,131,scheduled,,,,,,,,,,,,,,,,,2026-01-04T18:00:00.000Z,15,15,256934,171.0,180,0,0,-218,0,0,,,,,,,,,,,4.5,-110,0,0,-4.5,-110,0,0,2026-01-04 10:00:00-08:00,2025-12-27 19:08:11.020979
256934,nfl,Steelers,Ravens,132,131,scheduled,,,,,,,,,,,,,,,,,2026-01-04T18:00:00.000Z,15,15,256934,171.0,180,0,0,-218,0,0,,,,,,,,,,,4.5,-110,0,0,-4.5,-110,0,0,2026-01-04 10:00:00-08:00,2025-12-27 20:11:58.147200
256934,nfl,Steelers,Ravens,132,131,scheduled,,,,,,,,,,,,,,,,,2026-01-04T18:00:00.000Z,15,15,256934,171.0,180,0,0,-218,0,0,,,,,,,,,,,4.5,-110,0,0,-4.5,-110,0,0,2026-01-04 10:00:00-08:00,2025-12-27 21:09:16.490123
256934,nfl,Steelers,Ravens,132,131,scheduled,,,,,,,,,,,,,,,,,2026-01-04T18:00:00.000Z,15,15,256934,171.0,180,0,0,-218,0,0,,,,,,,,,,,4.5,-110,0,0,-4.5,-110,0,0,2026-01-04 10:00:00-08:00,2025-12-27 22:10:37.549818
256934,nfl,Steelers,Ravens,132,131,scheduled,,,,,,,,,,,,,,,,,2026-01-04T18:00:00.000Z,15,15,256934,171.0,180,0,0,-218,0,0,,,,,,,,,,,4.5,-110,0,0,-4.5,-110,0,0,2026-01-04 10:00:00-08:00,2025-12-27 23:10:56.507855
256934,nfl,Steelers,Ravens,132,131,scheduled,,,,,,,,,,,,,,,,,2026-01-04T18:00:00.000Z,15,15,256934,171.0,180,0,0,-218,0,0,,,,,,,,,,,4.5,-110,0,0,-4.5,-110,0,0,2026-01-04 10:00:00-08:00,2025-12-28 01:00:23.835801
256934,nfl,Steelers,Ravens,132,131,scheduled,,,,,,,,,,,,,,,,,2026-01-04T18:00:00.000Z,15,15,256934,181.0,180,0,0,-218,0,0,,,,,,,,,,,4.5,-110,0,0,-4.5,-110,0,0,2026-01-04 10:00:00-08:00,2025-12-28 03:06:32.710666
256934,nfl,Steelers,Ravens,132,131,scheduled,,,,,,,,,,,,,,,,,2026-01-04T18:00:00.000Z,15,15,256934,181.0,180,0,0,-218,0,0,,,,,,,,,,,4.5,-110,0,0,-4.5,-110,0,0,2026-01-04 10:00:00-08:00,2025-12-28 04:37:04.226145
256934,nfl,Steelers,Ravens,132,131,scheduled,,,,,,,,,,,,,,,,,2026-01-04T18:00:00.000Z,15,15,256934,181.0,180,0,0,-218,0,0,,,,,,,,,,,4.5,-110,0,0,-4.5,-110,0,0,2026-01-04 10:00:00-08:00,2025-12-28 05:16:17.294985
256934,nfl,Steelers,Ravens,132,131,scheduled,,,,,,,,,,,,,,,,,2026-01-04T18:00:00.000Z,15,15,256934,191.0,180,0,0,-218,0,0,,,,,,,,,,,4.5,-110,0,0,-4.5,-110,0,0,2026-01-04 10:00:00-08:00,2025-12-28 06:17:08.821207
256934,nfl,Steelers,Ravens,132,131,scheduled,,,,,,,,,,,,,,,,,2026-01-04T18:00:00.000Z,15,15,256934,201.0,180,0,0,-218,0,0,,,,,,,,,,,4.5,-110,0,0,-4.5,-110,0,0,2026-01-04 10:00:00-08:00,2025-12-28 07:12:39.376726
256934,nfl,Steelers,Ravens,132,131,scheduled,,,,,,,,,,,,,,,,,2026-01-04T18:00:00.000Z,15,15,256934,201.0,180,0,0,-218,0,0,,,,,,,,,,,4.5,-110,0,0,-4.5,-110,0,0,2026-01-04 10:00:00-08:00,2025-12-28 08:15:12.992681
256934,nfl,Steelers,Ravens,132,131,scheduled,,,,,,,,,,,,,,,,,2026-01-04T18:00:00.000Z,15,15,256934,212.0,180,0,0,-218,0,0,,,,,,,,,,,4.5,-110,0,0,-4.5,-110,0,0,2026-01-04 10:00:00-08:00,2025-12-28 09:11:07.181303
256934,nfl,Steelers,Ravens,132,131,scheduled,,,,,,,,,,,,,,,,,2026-01-04T18:00:00.000Z,15,15,256934,212.0,180,0,0,-218,0,0,,,,,,,,,,,4.5,-110,0,0,-4.5,-110,0,0,2026-01-04 10:00:00-08:00,2025-12-28 10:11:08.388558
256934,nfl,Steelers,Ravens,132,131,scheduled,,,,,,,,,,,,,,,,,2026-01-04T18:00:00.000Z,15,15,256934,212.0,180,0,0,-218,0,0,,,,,,,,,,,4.5,-110,0,0,-4.5,-110,0,0,2026-01-04 10:00:00-08:00,2025-12-28 11:09:38.837778
256934,nfl,Steelers,Ravens,132,131,scheduled,,,,,,,,,,,,,,,,,2026-01-04T18:00:00.000Z,15,15,256934,212.0,180,0,0,-218,0,0,,,,,,,,,,,4.5,-110,0,0,-4.5,-110,0,0,2026-01-04 10:00:00-08:00,2025-12-28 12:20:06.953014
256934,nfl,Steelers,Ravens,132,131,scheduled,,,,,,,,,,,,,,,,,2026-01-04T18:00:00.000Z,15,15,256934,217.0,180,0,0,-218,0,0,,,,,,,,,,,4.5,-110,0,0,-4.5,-110,0,0,2026-01-04 10:00:00-08:00,2025-12-28 13:23:27.247143
256934,nfl,Steelers,Ravens,132,131,scheduled,,,,,,,,,,,,,,,,,2026-01-04T18:00:00.000Z,15,15,256934,217.0,180,0,0,-218,0,0,,,,,,,,,,,4.5,-110,0,0,-4.5,-110,0,0,2026-01-04 10:00:00-08:00,2025-12-28 14:10:52.394624
256934,nfl,Steelers,Ravens,132,131,scheduled,,,,,,,,,,,,,,,,,2026-01-04T18:00:00.000Z,15,15,256934,217.0,180,0,0,-218,0,0,,,,,,,,,,,4.5,-110,0,0,-4.5,-110,0,0,2026-01-04 10:00:00-08:00,2025-12-28 15:10:53.771829
256934,nfl,Steelers,Ravens,132,131,scheduled,,,,,,,,,,,,,,,,,2026-01-04T18:00:00.000Z,15,15,256934,217.0,180,0,0,-218,0,0,,,,,,,,,,,4.5,-110,0,0,-4.5,-110,0,0,2026-01-04 10:00:00-08:00,2025-12-28 16:12:43.249346
256934,nfl,Steelers,Ravens,132,131,scheduled,,,,,,,,,,,,,,,,,2026-01-04T18:00:00.000Z,15,15,256934,217.0,180,0,0,-218,0,0,,,,,,,,,,,4.5,-110,0,0,-4.5,-110,0,0,2026-01-04 10:00:00-08:00,2025-12-28 17:09:55.421727
256934,nfl,Steelers,Ravens,132,131,scheduled,,,,,,,,,,,,,,,,,2026-01-04T18:00:00.000Z,15,15,256934,217.0,180,0,0,-218,0,0,,,,,,,,,,,4.5,-110,0,0,-4.5,-110,0,0,2026-01-04 10:00:00-08:00,2025-12-28 18:16:04.872989
256934,nfl,Steelers,Ravens,132,131,scheduled,,,,,,,,,,,,,,,,,2026-01-04T18:00:00.000Z,15,15,256934,222.0,180,0,0,-218,0,0,,,,,,,,,,,4.5,-110,0,0,-4.5,-110,0,0,2026-01-04 10:00:00-08:00,2025-12-28 19:08:36.704489
256934,nfl,Steelers,Ravens,132,131,scheduled,,,,,,,,,,,,,,,,,2026-01-04T18:00:00.000Z,15,15,256934,222.0,180,0,0,-218,0,0,,,,,,,,,,,4.5,-110,0,0,-4.5,-110,0,0,2026-01-04 10:00:00-08:00,2025-12-28 20:12:38.642673
256934,nfl,Steelers,Ravens,132,131,scheduled,,,,,,,,,,,,,,,,,2026-01-04T18:00:00.000Z,15,15,256934,282.0,180,0,0,-218,0,0,,,,,,,,,,,4.5,-110,0,0,-4.5,-110,0,0,2026-01-04 10:00:00-08:00,2025-12-28 21:10:03.650143
256934,nfl,Steelers,Ravens,132,131,scheduled,,,,,,,,,,,,,,,,,2026-01-04T18:00:00.000Z,15,15,256934,398.0,135,0,0,-160,0,0,,,,43.5,-105.0,-110.0,0.0,0.0,0.0,0.0,3.0,-105,0,0,-3.0,-115,0,0,2026-01-04 10:00:00-08:00,2025-12-28 22:10:56.332363
256934,nfl,Steelers,Ravens,132,131,scheduled,,,,,,,,,,,,,,,,,2026-01-04T18:00:00.000Z,15,15,256934,555.0,140,0,0,-160,0,0,,,,43.5,-105.0,-115.0,0.0,0.0,0.0,0.0,3.0,-105,0,0,-3.0,-115,0,0,2026-01-04 10:00:00-08:00,2025-12-28 23:10:56.836228
256934,nfl,Steelers,Ravens,132,131,scheduled,,,,,,,,,,,,,,,,,2026-01-04T18:00:00.000Z,15,15,256934,752.0,140,22,9,-167,78,91,,,,42.5,-107.0,-115.0,0.0,0.0,0.0,0.0,3.0,-105,0,0,-3.0,-115,0,0,2026-01-04 10:00:00-08:00,2025-12-29 00:58:37.946408
256934,nfl,Steelers,Ravens,132,131,scheduled,,,,,,,,,,,,,,,,,2026-01-04T18:00:00.000Z,15,15,256934,1045.0,140,25,8,-167,75,92,,,,42.5,-110.0,-110.0,0.0,0.0,0.0,0.0,3.0,-105,0,0,-3.0,-115,0,0,2026-01-04 10:00:00-08:00,2025-12-29 03:04:36.525929
256934,nfl,Steelers,Ravens,132,131,scheduled,,,,,,,,,,,,,,,,,2026-01-04T18:00:00.000Z,15,15,256934,1661.0,140,28,12,-167,72,88,,,,42.5,-105.0,-110.0,59.0,48.0,41.0,52.0,3.0,-105,0,0,-3.0,-115,0,0,2026-01-04 10:00:00-08:00,2025-12-29 04:40:36.159199
256934,nfl,Steelers,Ravens,132,131,scheduled,,,,,,,,,,,,,,,,,2026-01-04T18:00:00.000Z,15,15,256934,1979.0,150,28,17,-180,72,83,,,,42.5,-105.0,-110.0,61.0,52.0,39.0,48.0,3.5,-115,0,0,-3.5,-105,0,0,2026-01-04 10:00:00-08:00,2025-12-29 05:20:58.012143
256934,nfl,Steelers,Ravens,132,131,scheduled,,,,,,,,,,,,,,,,,2026-01-05T01:20:00.000Z,15,15,256934,2403.0,150,28,18,-180,72,82,,,,41.5,-110.0,-112.0,61.0,54.0,39.0,46.0,3.5,-120,0,0,-3.5,105,0,0,2026-01-04 17:20:00-08:00,2025-12-29 07:18:06.242072
256934,nfl,Steelers,Ravens,132,131,scheduled,,,,,,,,,,,,,,,,,2026-01-05T01:20:00.000Z,15,15,256934,2483.0,150,28,17,-180,72,83,,,,41.5,-110.0,-110.0,61.0,44.0,39.0,56.0,3.5,-120,32,38,-3.5,105,68,62,2026-01-04 17:20:00-08:00,2025-12-29 08:18:19.189375
256934,nfl,Steelers,Ravens,132,131,scheduled,,,,,,,,,,,,,,,,,2026-01-05T01:20:00.000Z,15,15,256934,2554.0,150,27,17,-180,73,83,,,,41.5,-105.0,-100.0,62.0,53.0,38.0,47.0,3.5,-120,34,37,-3.5,105,66,63,2026-01-04 17:20:00-08:00,2025-12-29 10:14:08.841334
256934,nfl,Steelers,Ravens,132,131,scheduled,,,,,,,,,,,,,,,,,2026-01-05T01:20:00.000Z,15,15,256934,3256.0,150,29,19,-180,71,81,,,,41.5,-105.0,-115.0,68.0,62.0,32.0,38.0,3.5,-120,38,36,-3.5,105,62,64,2026-01-04 17:20:00-08:00,2025-12-29 15:12:59.394836
256934,nfl,Steelers,Ravens,132,131,scheduled,,,,,,,,,,,,,,,,,2026-01-05T01:20:00.000Z,15,15,256934,4099.0,145,29,17,-180,71,83,,,,41.5,-105.0,-100.0,67.0,60.0,33.0,40.0,3.5,-115,40,27,-3.5,-105,60,73,2026-01-04 17:20:00-08:00,2025-12-29 19:09:35.062004
256934,nfl,Steelers,Ravens,132,131,scheduled,,,,,,,,,,,,,,,,,2026-01-05T01:20:00.000Z,15,15,256934,4210.0,145,29,13,-180,71,87,,,,41.0,-120.0,-110.0,68.0,61.0,32.0,39.0,3.5,-115,42,31,-3.5,-105,58,69,2026-01-04 17:20:00-08:00,2025-12-29 20:13:12.257705
256934,nfl,Steelers,Ravens,132,131,scheduled,,,,,,,,,,,,,,,,,2026-01-05T01:20:00.000Z,15,15,256934,4523.0,152,29,14,-180,71,86,,,,41.5,-105.0,-100.0,70.0,65.0,30.0,35.0,3.5,-115,43,30,-3.5,-105,57,70,2026-01-04 17:20:00-08:00,2025-12-29 23:10:56.655569
256934,nfl,Steelers,Ravens,132,131,scheduled,,,,,,,,,,,,,,,,,2026-01-05T01:20:00.000Z,15,15,256934,4786.0,160,29,20,-192,71,80,,,,41.0,-110.0,-110.0,70.0,68.0,30.0,32.0,3.5,-115,42,32,-3.5,-105,58,68,2026-01-04 17:20:00-08:00,2025-12-30 00:53:54.752783
256934,nfl,Steelers,Ravens,132,131,scheduled,,,,,,,,,,,,,,,,,2026-01-05T01:20:00.000Z,15,15,256934,5735.0,160,31,24,-192,69,76,,,,41.5,-100.0,-115.0,68.0,71.0,32.0,29.0,3.5,-115,44,34,-3.5,-105,56,66,2026-01-04 17:20:00-08:00,2025-12-30 12:22:15.314614
256934,nfl,Steelers,Ravens,132,131,scheduled,,,,,,,,,,,,,,,,,2026-01-05T01:20:00.000Z,15,15,256934,7083.0,160,30,24,-192,70,76,,,,41.0,-110.0,-110.0,69.0,72.0,31.0,28.0,3.5,-115,44,34,-3.5,-105,56,66,2026-01-04 17:20:00-08:00,2025-12-30 19:10:27.022932
256934,nfl,Steelers,Ravens,132,131,scheduled,,,,,,,,,,,,,,,,,2026-01-05T01:20:00.000Z,15,15,256934,7557.0,160,30,24,-192,70,76,,,,40.5,-132.0,-110.0,70.0,71.0,30.0,29.0,3.5,-115,44,34,-3.5,-105,56,66,2026-01-04 17:20:00-08:00,2025-12-30 21:11:19.391681
256934,nfl,Steelers,Ravens,132,131,scheduled,,,,,,,,,,,,,,,,,2026-01-05T01:20:00.000Z,15,15,256934,7694.0,160,30,24,-192,70,76,,,,40.5,-120.0,-111.0,70.0,71.0,30.0,29.0,3.5,-115,44,36,-3.5,-105,56,64,2026-01-04 17:20:00-08:00,2025-12-30 22:10:46.681998
256934,nfl,Steelers,Ravens,132,131,scheduled,,,,,,,,,,,,,,,,,2026-01-05T01:20:00.000Z,15,15,256934,8254.0,155,29,24,-185,71,76,,,,40.5,-115.0,-110.0,70.0,72.0,30.0,28.0,3.5,-115,42,36,-3.5,-105,58,64,2026-01-04 17:20:00-08:00,2025-12-31 00:55:22.465968
256934,nfl,Steelers,Ravens,132,131,scheduled,,,,,,,,,,,,,,,,,2026-01-05T01:20:00.000Z,15,15,256934,9592.0,160,29,28,-190,71,72,,,,40.5,-114.0,-110.0,72.0,72.0,28.0,28.0,3.5,-115,43,37,-3.5,-105,57,63,2026-01-04 17:20:00-08:00,2025-12-31 15:12:09.192562
256934,nfl,Steelers,Ravens,132,131,scheduled,,,,,,,,,,,,,,,,,2026-01-05T01:20:00.000Z,15,15,256934,9789.0,160,29,28,-192,71,72,,,,40.5,-112.0,-110.0,73.0,68.0,27.0,32.0,3.5,-115,44,37,-3.5,-105,56,63,2026-01-04 17:20:00-08:00,2025-12-31 16:14:19.663126
256934,nfl,Steelers,Ravens,132,131,scheduled,,,,,,,,,,,,,,,,,2026-01-05T01:20:00.000Z,15,15,256934,11026.0,155,29,27,-192,71,73,,,,40.5,-112.0,-110.0,73.0,69.0,27.0,31.0,3.5,-115,46,39,-3.5,-105,54,61,2026-01-04 17:20:00-08:00,2025-12-31 21:10:28.679305
256934,nfl,Steelers,Ravens,132,131,scheduled,,,,,,,,,,,,,,,,,2026-01-05T01:20:00.000Z,15,15,256934,11748.0,155,28,25,-185,72,75,,,,40.5,-112.0,-111.0,74.0,71.0,26.0,29.0,3.5,-115,47,53,-3.5,-105,53,47,2026-01-04 17:20:00-08:00,2026-01-01 01:00:24.309318
256934,nfl,Steelers,Ravens,132,131,scheduled,,,,,,,,,,,,,,,,,2026-01-05T01:20:00.000Z,15,15,256934,13626.0,160,28,30,-190,72,70,,,,40.5,-112.0,-111.0,75.0,73.0,25.0,27.0,3.5,-115,50,52,-3.5,-105,50,48,2026-01-04 17:20:00-08:00,2026-01-01 20:13:10.714914
256934,nfl,Steelers,Ravens,132,131,scheduled,,,,,,,,,,,,,,,,,2026-01-05T01:20:00.000Z,15,15,256934,13904.0,155,28,30,-185,72,70,,,,40.5,-112.0,-111.0,75.0,73.0,25.0,27.0,3.5,-115,50,52,-3.5,-105,50,48,2026-01-04 17:20:00-08:00,2026-01-01 21:10:51.329680
256934,nfl,Steelers,Ravens,132,131,scheduled,,,,,,,,,,,,,,,,,2026-01-05T01:20:00.000Z,15,15,256934,14106.0,160,28,30,-192,72,70,,,,40.5,-112.0,-111.0,75.0,73.0,25.0,27.0,3.5,-115,50,50,-3.5,-105,50,50,2026-01-04 17:20:00-08:00,2026-01-01 22:11:03.132367
256934,nfl,Steelers,Ravens,132,131,scheduled,,,,,,,,,,,,,,,,,2026-01-05T01:20:00.000Z,15,15,256934,14313.0,155,28,30,-185,72,70,,,,40.5,-112.0,-111.0,75.0,73.0,25.0,27.0,3.5,-115,50,51,-3.5,-105,50,49,2026-01-04 17:20:00-08:00,2026-01-01 23:11:14.966269
256934,nfl,Steelers,Ravens,132,131,scheduled,,,,,,,,,,,,,,,,,2026-01-05T01:20:00.000Z,15,15,256934,16812.0,160,28,29,-185,72,71,,,,41.0,-120.0,-110.0,74.0,70.0,26.0,30.0,3.5,-115,51,52,-3.5,-105,49,48,2026-01-04 17:20:00-08:00,2026-01-02 17:10:25.511078
256934,nfl,Steelers,Ravens,132,131,scheduled,,,,,,,,,,,,,,,,,2026-01-05T01:20:00.000Z,15,15,256934,17458.0,165,28,29,-200,72,71,,,,41.0,-120.0,-110.0,74.0,70.0,26.0,30.0,3.5,-115,51,52,-3.5,-105,49,48,2026-01-04 17:20:00-08:00,2026-01-02 18:16:46.925150
256934,nfl,Steelers,Ravens,132,131,scheduled,,,,,,,,,,,,,,,,,2026-01-05T01:20:00.000Z,15,15,256934,19881.0,180,28,31,-218,72,69,,,,40.5,-118.0,-111.0,74.0,70.0,26.0,30.0,4.0,-110,52,53,-4.0,-110,48,47,2026-01-04 17:20:00-08:00,2026-01-02 22:11:25.806878
256934,nfl,Steelers,Ravens,132,131,scheduled,,,,,,,,,,,,,,,,,2026-01-05T01:20:00.000Z,15,15,256934,20517.0,180,28,31,-220,72,69,,,,40.5,-118.0,-105.0,74.0,70.0,26.0,30.0,4.0,-110,52,53,-4.0,-110,48,47,2026-01-04 17:20:00-08:00,2026-01-02 23:11:09.331885
256934,nfl,Steelers,Ravens,132,131,scheduled,,,,,,,,,,,,,,,,,2026-01-05T01:20:00.000Z,15,15,256934,21588.0,180,29,31,-222,71,69,,,,40.5,-120.0,-111.0,74.0,70.0,26.0,30.0,4.0,-110,55,56,-4.0,-110,45,44,2026-01-04 17:20:00-08:00,2026-01-03 00:51:34.138365
256934,nfl,Steelers,Ravens,132,131,scheduled,,,,,,,,,,,,,,,,,2026-01-05T01:20:00.000Z,15,15,256934,22234.0,180,28,31,-220,72,69,,,,41.0,-110.0,-110.0,74.0,70.0,26.0,30.0,4.0,-110,55,56,-4.0,-110,45,44,2026-01-04 17:20:00-08:00,2026-01-03 02:44:40.753351
256934,nfl,Steelers,Ravens,132,131,scheduled,,,,,,,,,,,,,,,,,2026-01-05T01:20:00.000Z,15,15,256934,22729.0,180,28,31,-220,72,69,,,,41.5,-105.0,-110.0,74.0,70.0,26.0,30.0,4.0,-110,55,56,-4.0,-110,45,44,2026-01-04 17:20:00-08:00,2026-01-03 03:50:16.458144
256934,nfl,Steelers,Ravens,132,131,scheduled,,,,,,,,,,,,,,,,,2026-01-05T01:20:00.000Z,15,15,256934,24763.0,175,29,35,-210,71,65,,,,41.5,-110.0,-110.0,73.0,69.0,27.0,31.0,4.0,-110,56,58,-4.0,-110,44,42,2026-01-04 17:20:00-08:00,2026-01-03 13:23:08.742797
256934,nfl,Steelers,Ravens,132,131,scheduled,,,,,,,,,,,,,,,,,2026-01-05T01:20:00.000Z,15,15,256934,26207.0,175,29,35,-210,71,65,,,,41.5,-105.0,-110.0,74.0,69.0,26.0,31.0,3.5,-102,56,58,-3.5,-118,44,42,2026-01-04 17:20:00-08:00,2026-01-03 16:12:51.505589
256934,nfl,Steelers,Ravens,132,131,scheduled,,,,,,,,,,,,,,,,,2026-01-05T01:20:00.000Z,15,15,256934,28570.0,175,29,34,-210,71,66,,,,40.5,-118.0,-105.0,74.0,69.0,26.0,31.0,3.5,-108,56,59,-3.5,-112,44,41,2026-01-04 17:20:00-08:00,2026-01-03 19:08:23.831758
256934,nfl,Steelers,Ravens,132,131,scheduled,,,,,,,,,,,,,,,,,2026-01-05T01:20:00.000Z,15,15,256934,29191.0,175,29,34,-210,71,66,,,,40.5,-115.0,-110.0,73.0,69.0,27.0,31.0,3.5,-102,57,58,-3.5,-118,43,42,2026-01-04 17:20:00-08:00,2026-01-03 20:12:08.391760
256934,nfl,Steelers,Ravens,132,131,scheduled,,,,,,,,,,,,,,,,,2026-01-05T01:20:00.000Z,15,15,256934,44660.0,166,29,25,-200,71,75,,,,40.5,-110.0,-110.0,70.0,67.0,30.0,33.0,3.5,-108,58,54,-3.5,-112,42,46,2026-01-04 17:20:00-08:00,2026-01-04 15:10:26.127149
256934,nfl,Steelers,Ravens,132,131,scheduled,,,,,,,,,,,,,,,,,2026-01-05T01:20:00.000Z,15,15,256934,50128.0,160,29,25,-190,71,75,,,,41.5,-110.0,-110.0,70.0,67.0,30.0,33.0,3.5,-115,58,55,-3.5,-105,42,45,2026-01-04 17:20:00-08:00,2026-01-04 16:12:42.814121
256934,nfl,Steelers,Ravens,132,131,scheduled,,,,,,,,,,,,,,,,,2026-01-05T01:20:00.000Z,15,15,256934,57444.0,160,29,26,-190,71,74,,,,41.5,-110.0,-110.0,70.0,70.0,30.0,30.0,3.5,-114,58,56,-3.5,-106,42,44,2026-01-04 17:20:00-08:00,2026-01-04 17:09:51.083935
256934,nfl,Steelers,Ravens,132,131,scheduled,,,,,,,,,,,,,,,,,2026-01-05T01:20:00.000Z,15,15,256934,70550.0,160,29,26,-192,71,74,,,,41.5,-110.0,-110.0,70.0,69.0,30.0,31.0,3.5,-110,58,56,-3.5,-111,42,44,2026-01-04 17:20:00-08:00,2026-01-04 18:15:39.047415
256934,nfl,Steelers,Ravens,132,131,scheduled,,,,,,,,,,,,,,,,,2026-01-05T01:20:00.000Z,15,15,256934,72984.0,160,29,26,-192,71,74,,,,41.5,-110.0,-110.0,69.0,68.0,31.0,32.0,3.5,-110,58,56,-3.5,-112,42,44,2026-01-04 17:20:00-08:00,2026-01-04 19:08:28.425991
256934,nfl,Steelers,Ravens,132,131,scheduled,,,,,,,,,,,,,,,,,2026-01-05T01:20:00.000Z,15,15,256934,75523.0,160,29,26,-192,71,74,,,,41.5,-110.0,-110.0,69.0,67.0,31.0,33.0,3.5,-108,58,56,-3.5,-112,42,44,2026-01-04 17:20:00-08:00,2026-01-04 20:12:50.856414
256934,nfl,Steelers,Ravens,132,131,scheduled,,,,,,,,,,,,,,,,,2026-01-05T01:20:00.000Z,15,15,256934,79603.0,160,28,26,-192,72,74,,,,41.5,-110.0,-110.0,70.0,68.0,30.0,32.0,3.5,-110,58,56,-3.5,-112,42,44,2026-01-04 17:20:00-08:00,2026-01-04 21:10:16.803707
256934,nfl,Steelers,Ravens,132,131,scheduled,,,,,,,,,,,,,,,,,2026-01-05T01:20:00.000Z,15,15,256934,86534.0,165,28,27,-200,72,73,,,,41.5,-110.0,-110.0,70.0,68.0,30.0,32.0,3.5,-110,58,57,-3.5,-112,42,43,2026-01-04 17:20:00-08:00,2026-01-04 22:11:20.071588
256934,nfl,Steelers,Ravens,132,131,scheduled,,,,,,,,,,,,,,,,,2026-01-05T01:20:00.000Z,15,15,256934,127904.0,185,29,26,-225,71,74,,,,41.5,-111.0,-112.0,71.0,72.0,29.0,28.0,4.5,-110,57,56,-4.5,-110,43,44,2026-01-04 17:20:00-08:00,2026-01-05 00:59:40.718176
256930,nfl,49ers,Seahawks,154,156,scheduled,,,,,,,,,,,,,,,,,2026-01-04T18:00:00.000Z,15,15,256930,80.0,-218,0,0,180,0,0,,,,44.5,-115.0,-105.0,0.0,0.0,0.0,0.0,-4.5,-110,0,0,4.5,-110,0,0,2026-01-04 10:00:00-08:00,2025-12-23 09:16:17.536168
256930,nfl,49ers,Seahawks,154,156,scheduled,,,,,,,,,,,,,,,,,2026-01-04T18:00:00.000Z,15,15,256930,237.0,-157,63,42,130,37,58,,,,46.5,-112.0,-104.0,9.0,4.0,91.0,96.0,-3.0,-106,29,24,3.0,-115,71,76,2026-01-04 10:00:00-08:00,2025-12-28 17:09:55.421727
256930,nfl,49ers,Seahawks,154,156,scheduled,,,,,,,,,,,,,,,,,2026-01-04T18:00:00.000Z,15,15,256930,338.0,-116,63,42,-106,37,58,,,,48.5,-132.0,-100.0,9.0,4.0,91.0,96.0,-1.5,-102,29,35,1.5,-120,71,65,2026-01-04 10:00:00-08:00,2025-12-29 00:58:37.946408
256930,nfl,49ers,Seahawks,154,156,scheduled,,,,,,,,,,,,,,,,,2026-01-04T18:00:00.000Z,15,15,256930,474.0,-110,63,42,-106,37,58,,,,49.5,-110.0,-110.0,9.0,4.0,91.0,96.0,-1.0,-110,29,35,1.0,-110,71,65,2026-01-04 10:00:00-08:00,2025-12-29 04:40:36.159199
256930,nfl,49ers,Seahawks,154,156,scheduled,,,,,,,,,,,,,,,,,2026-01-04T18:00:00.000Z,15,15,256930,772.0,-110,63,42,-106,37,58,,,,49.5,-110.0,-110.0,9.0,4.0,91.0,96.0,-1.5,-102,29,35,1.5,-120,71,65,2026-01-04 10:00:00-08:00,2025-12-29 05:20:58.012143
256930,nfl,49ers,Seahawks,154,156,scheduled,,,,,,,,,,,,,,,,,2026-01-04T18:00:00.000Z,15,15,256930,1019.0,-115,63,42,-105,37,58,,,,49.5,-110.0,-110.0,9.0,4.0,91.0,96.0,-1.5,102,29,35,1.5,-120,71,65,2026-01-04 10:00:00-08:00,2025-12-29 07:18:06.242072
256930,nfl,49ers,Seahawks,154,156,scheduled,,,,,,,,,,,,,,,,,2026-01-04T18:00:00.000Z,15,15,256930,1105.0,-115,62,51,-105,38,49,,,,49.5,-110.0,-110.0,9.0,4.0,91.0,96.0,-1.5,-102,31,34,1.5,-120,69,66,2026-01-04 10:00:00-08:00,2025-12-29 10:14:08.841334
256930,nfl,49ers,Seahawks,154,156,scheduled,,,,,,,,,,,,,,,,,2026-01-04T18:00:00.000Z,15,15,256930,1181.0,-115,60,38,-105,40,62,,,,49.5,-110.0,-110.0,10.0,5.0,90.0,95.0,-1.5,102,33,48,1.5,-120,67,52,2026-01-04 10:00:00-08:00,2025-12-29 12:22:47.110663
256930,nfl,49ers,Seahawks,154,156,scheduled,,,,,,,,,,,,,,,,,2026-01-04T18:00:00.000Z,15,15,256930,1302.0,-110,60,38,-110,40,62,,,,49.5,-108.0,-110.0,10.0,5.0,90.0,95.0,-1.5,102,34,48,1.5,-120,66,52,2026-01-04 10:00:00-08:00,2025-12-29 13:31:26.405633
256930,nfl,49ers,Seahawks,154,156,scheduled,,,,,,,,,,,,,,,,,2026-01-04T01:00:00.000Z,15,15,256930,1509.0,-115,59,41,-105,41,59,,,,49.5,-110.0,-110.0,10.0,5.0,90.0,95.0,-1.5,-102,35,44,1.5,-120,65,56,2026-01-03 17:00:00-08:00,2025-12-29 15:12:59.394836
256930,nfl,49ers,Seahawks,154,156,scheduled,,,,,,,,,,,,,,,,,2026-01-04T01:00:00.000Z,15,15,256930,1681.0,-110,59,45,-110,41,55,,,,49.5,-112.0,-108.0,11.0,6.0,89.0,94.0,-1.0,-105,34,46,1.0,-115,66,54,2026-01-03 17:00:00-08:00,2025-12-29 16:13:44.953517
256930,nfl,49ers,Seahawks,154,156,scheduled,,,,,,,,,,,,,,,,,2026-01-04T01:00:00.000Z,15,15,256930,1918.0,100,59,46,-120,41,54,,,,49.5,-110.0,-110.0,11.0,6.0,89.0,94.0,1.5,-115,35,48,-1.5,-105,65,52,2026-01-03 17:00:00-08:00,2025-12-29 17:10:31.662811
256930,nfl,49ers,Seahawks,154,156,scheduled,,,,,,,,,,,,,,,,,2026-01-04T01:00:00.000Z,15,15,256930,2160.0,100,59,49,-120,41,51,,,,49.5,-112.0,-108.0,11.0,6.0,89.0,94.0,1.5,-115,36,49,-1.5,-105,64,51,2026-01-03 17:00:00-08:00,2025-12-29 18:17:44.504113
256930,nfl,49ers,Seahawks,154,156,scheduled,,,,,,,,,,,,,,,,,2026-01-04T01:00:00.000Z,15,15,256930,2337.0,100,59,53,-120,41,47,,,,49.5,-112.0,-108.0,11.0,6.0,89.0,94.0,1.5,-110,38,51,-1.5,-110,62,49,2026-01-03 17:00:00-08:00,2025-12-29 19:09:35.062004
256930,nfl,49ers,Seahawks,154,156,scheduled,,,,,,,,,,,,,,,,,2026-01-04T01:00:00.000Z,15,15,256930,2519.0,100,58,49,-120,42,51,,,,49.5,-111.0,-110.0,12.0,7.0,88.0,93.0,1.5,-110,41,49,-1.5,-110,59,51,2026-01-03 17:00:00-08:00,2025-12-29 20:13:12.257705
256930,nfl,49ers,Seahawks,154,156,scheduled,,,,,,,,,,,,,,,,,2026-01-04T01:00:00.000Z,15,15,256930,6452.0,-100,56,63,-120,44,37,,,,49.5,-111.0,-110.0,17.0,13.0,83.0,87.0,1.5,-110,52,58,-1.5,-110,48,42,2026-01-03 17:00:00-08:00,2025-12-30 17:13:28.843030
256930,nfl,49ers,Seahawks,154,156,scheduled,,,,,,,,,,,,,,,,,2026-01-04T01:00:00.000Z,15,15,256930,6896.0,-102,56,62,-120,44,38,,,,49.5,-111.0,-110.0,17.0,13.0,83.0,87.0,1.5,-110,52,58,-1.5,-110,48,42,2026-01-03 17:00:00-08:00,2025-12-30 18:17:29.935641
256930,nfl,49ers,Seahawks,154,156,scheduled,,,,,,,,,,,,,,,,,2026-01-04T01:00:00.000Z,15,15,256930,7148.0,102,56,63,-120,44,37,,,,49.5,-110.0,-110.0,18.0,14.0,82.0,86.0,1.5,-110,52,52,-1.5,-110,48,48,2026-01-03 17:00:00-08:00,2025-12-30 19:10:27.022932
256930,nfl,49ers,Seahawks,154,156,scheduled,,,,,,,,,,,,,,,,,2026-01-04T01:00:00.000Z,15,15,256930,7603.0,-100,56,63,-120,44,37,,,,49.5,-110.0,-110.0,18.0,15.0,82.0,85.0,1.5,-110,53,52,-1.5,-110,47,48,2026-01-03 17:00:00-08:00,2025-12-30 21:11:19.391681
256930,nfl,49ers,Seahawks,154,156,scheduled,,,,,,,,,,,,,,,,,2026-01-04T01:00:00.000Z,15,15,256930,10718.0,100,56,69,-120,44,31,,,,48.5,-110.0,-110.0,22.0,19.0,78.0,81.0,1.5,-110,60,64,-1.5,-110,40,36,2026-01-03 17:00:00-08:00,2025-12-31 16:14:19.663126
256930,nfl,49ers,Seahawks,154,156,scheduled,,,,,,,,,,,,,,,,,2026-01-04T01:00:00.000Z,15,15,256930,11001.0,100,56,69,-120,44,31,,,,48.5,-105.0,-110.0,22.0,19.0,78.0,81.0,1.5,-110,60,64,-1.5,-110,40,36,2026-01-03 17:00:00-08:00,2025-12-31 17:10:07.591669
256930,nfl,49ers,Seahawks,154,156,scheduled,,,,,,,,,,,,,,,,,2026-01-04T01:00:00.000Z,15,15,256930,11369.0,100,56,69,-120,44,31,,,,48.0,-110.0,-110.0,23.0,20.0,77.0,80.0,1.5,-110,60,64,-1.5,-110,40,36,2026-01-03 17:00:00-08:00,2025-12-31 18:16:35.681938
256930,nfl,49ers,Seahawks,154,156,scheduled,,,,,,,,,,,,,,,,,2026-01-04T01:00:00.000Z,15,15,256930,14070.0,100,55,59,-120,45,41,,,,47.5,-120.0,-111.0,30.0,28.0,70.0,72.0,1.5,-110,64,67,-1.5,-110,36,33,2026-01-03 17:00:00-08:00,2026-01-01 15:12:11.013114
256930,nfl,49ers,Seahawks,154,156,scheduled,,,,,,,,,,,,,,,,,2026-01-04T01:00:00.000Z,15,15,256930,14358.0,100,55,59,-120,45,41,,,,47.5,-112.0,-110.0,31.0,28.0,69.0,72.0,1.5,-110,64,67,-1.5,-110,36,33,2026-01-03 17:00:00-08:00,2026-01-01 16:14:26.066742
256930,nfl,49ers,Seahawks,154,156,scheduled,,,,,,,,,,,,,,,,,2026-01-04T01:00:00.000Z,15,15,256930,15136.0,-102,55,58,-120,45,42,,,,47.5,-111.0,-110.0,31.0,29.0,69.0,71.0,1.5,-110,64,67,-1.5,-110,36,33,2026-01-03 17:00:00-08:00,2026-01-01 18:17:02.794481
256930,nfl,49ers,Seahawks,154,156,scheduled,,,,,,,,,,,,,,,,,2026-01-04T01:00:00.000Z,15,15,256930,15494.0,-100,55,58,-120,45,42,,,,47.5,-110.0,-110.0,32.0,29.0,68.0,71.0,1.5,-110,64,67,-1.5,-110,36,33,2026-01-03 17:00:00-08:00,2026-01-01 19:09:57.350420
256930,nfl,49ers,Seahawks,154,156,scheduled,,,,,,,,,,,,,,,,,2026-01-04T01:00:00.000Z,15,15,256930,15812.0,-102,55,58,-120,45,42,,,,47.5,-110.0,-110.0,32.0,30.0,68.0,70.0,1.5,-110,64,67,-1.5,-110,36,33,2026-01-03 17:00:00-08:00,2026-01-01 20:13:10.714914
256930,nfl,49ers,Seahawks,154,156,scheduled,,,,,,,,,,,,,,,,,2026-01-04T01:00:00.000Z,15,15,256930,17640.0,102,54,57,-120,46,43,,,,47.5,-110.0,-110.0,35.0,33.0,65.0,67.0,1.5,-110,65,65,-1.5,-110,35,35,2026-01-03 17:00:00-08:00,2026-01-02 00:55:15.659977
256930,nfl,49ers,Seahawks,154,156,scheduled,,,,,,,,,,,,,,,,,2026-01-04T01:00:00.000Z,15,15,256930,19922.0,-102,54,59,-120,46,41,,,,47.5,-110.0,-110.0,37.0,34.0,63.0,66.0,1.5,-110,65,61,-1.5,-110,35,39,2026-01-03 17:00:00-08:00,2026-01-02 12:21:14.212721
256930,nfl,49ers,Seahawks,154,156,scheduled,,,,,,,,,,,,,,,,,2026-01-04T01:00:00.000Z,15,15,256930,20028.0,-102,54,59,-120,46,41,,,,47.5,-111.0,-110.0,37.0,35.0,63.0,65.0,1.5,-110,66,60,-1.5,-110,34,40,2026-01-03 17:00:00-08:00,2026-01-02 13:26:46.962269
256930,nfl,49ers,Seahawks,154,156,scheduled,,,,,,,,,,,,,,,,,2026-01-04T01:00:00.000Z,15,15,256930,20245.0,-100,54,59,-120,46,41,,,,47.5,-111.0,-110.0,37.0,35.0,63.0,65.0,1.5,-110,66,60,-1.5,-110,34,40,2026-01-03 17:00:00-08:00,2026-01-02 14:12:14.413288
256930,nfl,49ers,Seahawks,154,156,scheduled,,,,,,,,,,,,,,,,,2026-01-04T01:00:00.000Z,15,15,256930,21179.0,105,54,59,-125,46,41,,,,47.5,-112.0,-110.0,38.0,36.0,62.0,64.0,1.5,-105,65,61,-1.5,-115,35,39,2026-01-03 17:00:00-08:00,2026-01-02 16:13:38.267933
256930,nfl,49ers,Seahawks,154,156,scheduled,,,,,,,,,,,,,,,,,2026-01-04T01:00:00.000Z,15,15,256930,23451.0,105,54,59,-125,46,41,,,,47.5,-112.0,-110.0,38.0,36.0,62.0,64.0,1.5,-110,66,61,-1.5,-111,34,39,2026-01-03 17:00:00-08:00,2026-01-02 18:16:46.925150
256930,nfl,49ers,Seahawks,154,156,scheduled,,,,,,,,,,,,,,,,,2026-01-04T01:00:00.000Z,15,15,256930,25142.0,110,54,59,-130,46,41,,,,47.5,-112.0,-110.0,39.0,37.0,61.0,63.0,1.5,-108,65,62,-1.5,-112,35,38,2026-01-03 17:00:00-08:00,2026-01-02 20:12:30.566155
256930,nfl,49ers,Seahawks,154,156,scheduled,,,,,,,,,,,,,,,,,2026-01-04T01:00:00.000Z,15,15,256930,26253.0,110,54,59,-130,46,41,,,,47.5,-112.0,-110.0,39.0,37.0,61.0,63.0,2.5,-110,66,62,-2.5,-110,34,38,2026-01-03 17:00:00-08:00,2026-01-02 21:09:11.431241
256930,nfl,49ers,Seahawks,154,156,scheduled,,,,,,,,,,,,,,,,,2026-01-04T01:00:00.000Z,15,15,256930,27273.0,115,54,57,-135,46,43,,,,47.5,-112.0,-110.0,39.0,38.0,61.0,62.0,2.5,-110,66,62,-2.5,-110,34,38,2026-01-03 17:00:00-08:00,2026-01-02 22:11:25.806878
256930,nfl,49ers,Seahawks,154,156,scheduled,,,,,,,,,,,,,,,,,2026-01-04T01:00:00.000Z,15,15,256930,30307.0,116,53,56,-136,47,44,,,,47.5,-112.0,-110.0,41.0,39.0,59.0,61.0,2.5,-110,66,62,-2.5,-110,34,38,2026-01-03 17:00:00-08:00,2026-01-03 00:51:34.138365
256930,nfl,49ers,Seahawks,154,156,scheduled,,,,,,,,,,,,,,,,,2026-01-04T01:00:00.000Z,15,15,256930,31589.0,120,52,56,-140,48,44,,,,47.5,-112.0,-110.0,42.0,39.0,58.0,61.0,2.5,-110,66,62,-2.5,-110,34,38,2026-01-03 17:00:00-08:00,2026-01-03 02:44:40.753351
256930,nfl,49ers,Seahawks,154,156,scheduled,,,,,,,,,,,,,,,,,2026-01-04T01:00:00.000Z,15,15,256930,32968.0,120,52,58,-141,48,42,,,,47.5,-112.0,-110.0,42.0,40.0,58.0,60.0,2.5,-110,66,63,-2.5,-110,34,37,2026-01-03 17:00:00-08:00,2026-01-03 03:50:16.458144
256930,nfl,49ers,Seahawks,154,156,scheduled,,,,,,,,,,,,,,,,,2026-01-04T01:00:00.000Z,15,15,256930,34553.0,124,52,58,-146,48,42,,,,47.5,-112.0,-110.0,43.0,40.0,57.0,60.0,2.5,-110,66,63,-2.5,-110,34,37,2026-01-03 17:00:00-08:00,2026-01-03 05:12:54.336480
256930,nfl,49ers,Seahawks,154,156,scheduled,,,,,,,,,,,,,,,,,2026-01-04T01:00:00.000Z,15,15,256930,36648.0,124,52,58,-148,48,42,,,,47.5,-112.0,-110.0,43.0,41.0,57.0,59.0,2.5,-110,66,63,-2.5,-110,34,37,2026-01-03 17:00:00-08:00,2026-01-03 06:17:21.320703
256930,nfl,49ers,Seahawks,154,156,scheduled,,,,,,,,,,,,,,,,,2026-01-04T01:00:00.000Z,15,15,256930,62962.0,124,52,57,-148,48,43,,,,47.5,-115.0,-110.0,48.0,43.0,52.0,57.0,2.5,-110,68,68,-2.5,-110,32,32,2026-01-03 17:00:00-08:00,2026-01-03 17:09:37.224216
256930,nfl,49ers,Seahawks,154,156,scheduled,,,,,,,,,,,,,,,,,2026-01-04T01:00:00.000Z,15,15,256930,80047.0,124,52,56,-148,48,44,,,,47.5,-110.0,-110.0,49.0,45.0,51.0,55.0,2.5,-105,68,68,-2.5,-115,32,32,2026-01-03 17:00:00-08:00,2026-01-03 19:08:23.831758
256930,nfl,49ers,Seahawks,154,156,scheduled,0.0,0.0,,,,,,,,,,,,,,,2026-01-04T01:00:00.000Z,15,15,256930,196298.0,130,49,60,-155,51,40,,,,48.0,-110.0,-110.0,57.0,52.0,43.0,48.0,2.5,100,69,69,-2.5,-120,31,31,2026-01-03 17:00:00-08:00,2026-01-04 01:00:46.546153
256938,nfl,Eagles,Commanders,142,145,scheduled,,,,,,,,,,,,,,,,,2026-01-04T18:00:00.000Z,15,15,256938,65.0,-218,0,0,180,0,0,,,,,,,,,,,-4.5,-110,0,0,4.5,-110,0,0,2026-01-04 10:00:00-08:00,2025-12-23 09:16:17.536168
256938,nfl,Eagles,Commanders,142,145,scheduled,,,,,,,,,,,,,,,,,2026-01-04T18:00:00.000Z,15,15,256938,65.0,-218,0,0,180,0,0,,,,,,,,,,,-4.5,-110,0,0,4.5,-110,0,0,2026-01-04 10:00:00-08:00,2025-12-23 10:13:06.210150
256938,nfl,Eagles,Commanders,142,145,scheduled,,,,,,,,,,,,,,,,,2026-01-04T18:00:00.000Z,15,15,256938,65.0,-218,0,0,180,0,0,,,,,,,,,,,-4.5,-110,0,0,4.5,-110,0,0,2026-01-04 10:00:00-08:00,2025-12-23 11:11:08.784743
256938,nfl,Eagles,Commanders,142,145,scheduled,,,,,,,,,,,,,,,,,2026-01-04T18:00:00.000Z,15,15,256938,65.0,-218,0,0,180,0,0,,,,,,,,,,,-4.5,-110,0,0,4.5,-110,0,0,2026-01-04 10:00:00-08:00,2025-12-23 12:22:14.612235
256938,nfl,Eagles,Commanders,142,145,scheduled,,,,,,,,,,,,,,,,,2026-01-04T18:00:00.000Z,15,15,256938,65.0,-218,0,0,180,0,0,,,,,,,,,,,-4.5,-110,0,0,4.5,-110,0,0,2026-01-04 10:00:00-08:00,2025-12-23 13:29:59.424423
256938,nfl,Eagles,Commanders,142,145,scheduled,,,,,,,,,,,,,,,,,2026-01-04T18:00:00.000Z,15,15,256938,65.0,-218,0,0,180,0,0,,,,,,,,,,,-4.5,-110,0,0,4.5,-110,0,0,2026-01-04 10:00:00-08:00,2025-12-23 14:17:10.922397
256938,nfl,Eagles,Commanders,142,145,scheduled,,,,,,,,,,,,,,,,,2026-01-04T18:00:00.000Z,15,15,256938,65.0,-218,0,0,180,0,0,,,,,,,,,,,-4.5,-110,0,0,4.5,-110,0,0,2026-01-04 10:00:00-08:00,2025-12-23 15:12:27.858291
256938,nfl,Eagles,Commanders,142,145,scheduled,,,,,,,,,,,,,,,,,2026-01-04T18:00:00.000Z,15,15,256938,75.0,-218,0,0,180,0,0,,,,,,,,,,,-4.5,-110,0,0,4.5,-110,0,0,2026-01-04 10:00:00-08:00,2025-12-23 16:14:41.664935
256938,nfl,Eagles,Commanders,142,145,scheduled,,,,,,,,,,,,,,,,,2026-01-04T18:00:00.000Z,15,15,256938,75.0,-218,0,0,180,0,0,,,,,,,,,,,-4.5,-110,0,0,4.5,-110,0,0,2026-01-04 10:00:00-08:00,2025-12-23 17:12:43.843165
256938,nfl,Eagles,Commanders,142,145,scheduled,,,,,,,,,,,,,,,,,2026-01-04T18:00:00.000Z,15,15,256938,75.0,-218,0,0,180,0,0,,,,,,,,,,,-4.5,-110,0,0,4.5,-110,0,0,2026-01-04 10:00:00-08:00,2025-12-23 18:17:16.120344
256938,nfl,Eagles,Commanders,142,145,scheduled,,,,,,,,,,,,,,,,,2026-01-04T18:00:00.000Z,15,15,256938,75.0,-218,0,0,180,0,0,,,,,,,,,,,-4.5,-110,0,0,4.5,-110,0,0,2026-01-04 10:00:00-08:00,2025-12-23 19:11:23.939282
256938,nfl,Eagles,Commanders,142,145,scheduled,,,,,,,,,,,,,,,,,2026-01-04T18:00:00.000Z,15,15,256938,75.0,-218,0,0,180,0,0,,,,,,,,,,,-4.5,-110,0,0,4.5,-110,0,0,2026-01-04 10:00:00-08:00,2025-12-23 20:12:13.745210
256938,nfl,Eagles,Commanders,142,145,scheduled,,,,,,,,,,,,,,,,,2026-01-04T18:00:00.000Z,15,15,256938,75.0,-218,0,0,180,0,0,,,,,,,,,,,-4.5,-110,0,0,4.5,-110,0,0,2026-01-04 10:00:00-08:00,2025-12-23 21:11:08.246482
256938,nfl,Eagles,Commanders,142,145,scheduled,,,,,,,,,,,,,,,,,2026-01-04T18:00:00.000Z,15,15,256938,75.0,-218,0,0,180,0,0,,,,,,,,,,,-4.5,-110,0,0,4.5,-110,0,0,2026-01-04 10:00:00-08:00,2025-12-23 22:11:17.550605
256938,nfl,Eagles,Commanders,142,145,scheduled,,,,,,,,,,,,,,,,,2026-01-04T18:00:00.000Z,15,15,256938,75.0,-218,0,0,180,0,0,,,,,,,,,,,-4.5,-110,0,0,4.5,-110,0,0,2026-01-04 10:00:00-08:00,2025-12-23 23:10:50.690018
256938,nfl,Eagles,Commanders,142,145,scheduled,,,,,,,,,,,,,,,,,2026-01-04T18:00:00.000Z,15,15,256938,75.0,-218,0,0,180,0,0,,,,,,,,,,,-4.5,-110,0,0,4.5,-110,0,0,2026-01-04 10:00:00-08:00,2025-12-24 00:52:58.834144
256938,nfl,Eagles,Commanders,142,145,scheduled,,,,,,,,,,,,,,,,,2026-01-04T18:00:00.000Z,15,15,256938,75.0,-218,0,0,180,0,0,,,,,,,,,,,-4.5,-110,0,0,4.5,-110,0,0,2026-01-04 10:00:00-08:00,2025-12-24 02:46:48.175308
256938,nfl,Eagles,Commanders,142,145,scheduled,,,,,,,,,,,,,,,,,2026-01-04T18:00:00.000Z,15,15,256938,75.0,-218,0,0,180,0,0,,,,,,,,,,,-4.5,-110,0,0,4.5,-110,0,0,2026-01-04 10:00:00-08:00,2025-12-24 03:53:02.193110
256938,nfl,Eagles,Commanders,142,145,scheduled,,,,,,,,,,,,,,,,,2026-01-04T18:00:00.000Z,15,15,256938,75.0,-218,0,0,180,0,0,,,,,,,,,,,-4.5,-110,0,0,4.5,-110,0,0,2026-01-04 10:00:00-08:00,2025-12-24 04:27:48.634138
256938,nfl,Eagles,Commanders,142,145,scheduled,,,,,,,,,,,,,,,,,2026-01-04T18:00:00.000Z,15,15,256938,75.0,-218,0,0,180,0,0,,,,,,,,,,,-4.5,-110,0,0,4.5,-110,0,0,2026-01-04 10:00:00-08:00,2025-12-24 05:16:27.029426
256938,nfl,Eagles,Commanders,142,145,scheduled,,,,,,,,,,,,,,,,,2026-01-04T18:00:00.000Z,15,15,256938,75.0,-218,0,0,180,0,0,,,,,,,,,,,-4.5,-110,0,0,4.5,-110,0,0,2026-01-04 10:00:00-08:00,2025-12-24 06:18:42.194536
256938,nfl,Eagles,Commanders,142,145,scheduled,,,,,,,,,,,,,,,,,2026-01-04T18:00:00.000Z,15,15,256938,75.0,-218,0,0,180,0,0,,,,,,,,,,,-4.5,-110,0,0,4.5,-110,0,0,2026-01-04 10:00:00-08:00,2025-12-24 07:16:13.001894
256938,nfl,Eagles,Commanders,142,145,scheduled,,,,,,,,,,,,,,,,,2026-01-04T18:00:00.000Z,15,15,256938,75.0,-218,0,0,180,0,0,,,,,,,,,,,-4.5,-110,0,0,4.5,-110,0,0,2026-01-04 10:00:00-08:00,2025-12-24 08:16:53.707714
256938,nfl,Eagles,Commanders,142,145,scheduled,,,,,,,,,,,,,,,,,2026-01-04T18:00:00.000Z,15,15,256938,75.0,-218,0,0,180,0,0,,,,,,,,,,,-4.5,-110,0,0,4.5,-110,0,0,2026-01-04 10:00:00-08:00,2025-12-24 09:15:53.198968
256938,nfl,Eagles,Commanders,142,145,scheduled,,,,,,,,,,,,,,,,,2026-01-04T18:00:00.000Z,15,15,256938,75.0,-218,0,0,180,0,0,,,,,,,,,,,-4.5,-110,0,0,4.5,-110,0,0,2026-01-04 10:00:00-08:00,2025-12-24 10:12:23.413696
256938,nfl,Eagles,Commanders,142,145,scheduled,,,,,,,,,,,,,,,,,2026-01-04T18:00:00.000Z,15,15,256938,75.0,-218,0,0,180,0,0,,,,,,,,,,,-4.5,-110,0,0,4.5,-110,0,0,2026-01-04 10:00:00-08:00,2025-12-24 11:11:18.376556
256938,nfl,Eagles,Commanders,142,145,scheduled,,,,,,,,,,,,,,,,,2026-01-04T18:00:00.000Z,15,15,256938,75.0,-218,0,0,180,0,0,,,,,,,,,,,-4.5,-110,0,0,4.5,-110,0,0,2026-01-04 10:00:00-08:00,2025-12-24 12:21:25.497297
256938,nfl,Eagles,Commanders,142,145,scheduled,,,,,,,,,,,,,,,,,2026-01-04T18:00:00.000Z,15,15,256938,75.0,-218,0,0,180,0,0,,,,,,,,,,,-4.5,-110,0,0,4.5,-110,0,0,2026-01-04 10:00:00-08:00,2025-12-24 13:26:08.977180
256938,nfl,Eagles,Commanders,142,145,scheduled,,,,,,,,,,,,,,,,,2026-01-04T18:00:00.000Z,15,15,256938,75.0,-218,0,0,180,0,0,,,,,,,,,,,-4.5,-110,0,0,4.5,-110,0,0,2026-01-04 10:00:00-08:00,2025-12-24 14:10:57.708914
256938,nfl,Eagles,Commanders,142,145,scheduled,,,,,,,,,,,,,,,,,2026-01-04T18:00:00.000Z,15,15,256938,75.0,-218,0,0,180,0,0,,,,,,,,,,,-4.5,-110,0,0,4.5,-110,0,0,2026-01-04 10:00:00-08:00,2025-12-24 15:12:04.492652
256938,nfl,Eagles,Commanders,142,145,scheduled,,,,,,,,,,,,,,,,,2026-01-04T18:00:00.000Z,15,15,256938,75.0,-218,0,0,180,0,0,,,,,,,,,,,-4.5,-110,0,0,4.5,-110,0,0,2026-01-04 10:00:00-08:00,2025-12-24 16:14:09.792023
256938,nfl,Eagles,Commanders,142,145,scheduled,,,,,,,,,,,,,,,,,2026-01-04T18:00:00.000Z,15,15,256938,75.0,-218,0,0,180,0,0,,,,,,,,,,,-4.5,-110,0,0,4.5,-110,0,0,2026-01-04 10:00:00-08:00,2025-12-24 17:09:35.629600
256938,nfl,Eagles,Commanders,142,145,scheduled,,,,,,,,,,,,,,,,,2026-01-04T18:00:00.000Z,15,15,256938,75.0,-218,0,0,180,0,0,,,,,,,,,,,-4.5,-110,0,0,4.5,-110,0,0,2026-01-04 10:00:00-08:00,2025-12-24 18:16:30.988985
256938,nfl,Eagles,Commanders,142,145,scheduled,,,,,,,,,,,,,,,,,2026-01-04T18:00:00.000Z,15,15,256938,75.0,-218,0,0,180,0,0,,,,,,,,,,,-4.5,-110,0,0,4.5,-110,0,0,2026-01-04 10:00:00-08:00,2025-12-24 19:09:17.008378
256938,nfl,Eagles,Commanders,142,145,scheduled,,,,,,,,,,,,,,,,,2026-01-04T18:00:00.000Z,15,15,256938,75.0,-218,0,0,180,0,0,,,,,,,,,,,-4.5,-110,0,0,4.5,-110,0,0,2026-01-04 10:00:00-08:00,2025-12-24 20:12:20.802607
256938,nfl,Eagles,Commanders,142,145,scheduled,,,,,,,,,,,,,,,,,2026-01-04T18:00:00.000Z,15,15,256938,75.0,-218,0,0,180,0,0,,,,,,,,,,,-4.5,-110,0,0,4.5,-110,0,0,2026-01-04 10:00:00-08:00,2025-12-24 21:10:22.009660
256938,nfl,Eagles,Commanders,142,145,scheduled,,,,,,,,,,,,,,,,,2026-01-04T18:00:00.000Z,15,15,256938,75.0,-218,0,0,180,0,0,,,,,,,,,,,-4.5,-110,0,0,4.5,-110,0,0,2026-01-04 10:00:00-08:00,2025-12-24 22:11:26.458784
256938,nfl,Eagles,Commanders,142,145,scheduled,,,,,,,,,,,,,,,,,2026-01-04T18:00:00.000Z,15,15,256938,75.0,-218,0,0,180,0,0,,,,,,,,,,,-4.5,-110,0,0,4.5,-110,0,0,2026-01-04 10:00:00-08:00,2025-12-24 23:11:00.971821
256938,nfl,Eagles,Commanders,142,145,scheduled,,,,,,,,,,,,,,,,,2026-01-04T18:00:00.000Z,15,15,256938,75.0,-218,0,0,180,0,0,,,,,,,,,,,-4.5,-110,0,0,4.5,-110,0,0,2026-01-04 10:00:00-08:00,2025-12-25 00:53:33.419107
256938,nfl,Eagles,Commanders,142,145,scheduled,,,,,,,,,,,,,,,,,2026-01-04T18:00:00.000Z,15,15,256938,75.0,-218,0,0,180,0,0,,,,,,,,,,,-4.5,-110,0,0,4.5,-110,0,0,2026-01-04 10:00:00-08:00,2025-12-25 02:49:59.453329
256938,nfl,Eagles,Commanders,142,145,scheduled,,,,,,,,,,,,,,,,,2026-01-04T18:00:00.000Z,15,15,256938,75.0,-218,0,0,180,0,0,,,,,,,,,,,-4.5,-110,0,0,4.5,-110,0,0,2026-01-04 10:00:00-08:00,2025-12-25 03:55:25.769626
256938,nfl,Eagles,Commanders,142,145,scheduled,,,,,,,,,,,,,,,,,2026-01-04T18:00:00.000Z,15,15,256938,75.0,-218,0,0,180,0,0,,,,,,,,,,,-4.5,-110,0,0,4.5,-110,0,0,2026-01-04 10:00:00-08:00,2025-12-25 04:29:42.325008
256938,nfl,Eagles,Commanders,142,145,scheduled,,,,,,,,,,,,,,,,,2026-01-04T18:00:00.000Z,15,15,256938,75.0,-218,0,0,180,0,0,,,,,,,,,,,-4.5,-110,0,0,4.5,-110,0,0,2026-01-04 10:00:00-08:00,2025-12-25 05:15:49.857201
256938,nfl,Eagles,Commanders,142,145,scheduled,,,,,,,,,,,,,,,,,2026-01-04T18:00:00.000Z,15,15,256938,75.0,-218,0,0,180,0,0,,,,,,,,,,,-4.5,-110,0,0,4.5,-110,0,0,2026-01-04 10:00:00-08:00,2025-12-25 06:18:13.825718
256938,nfl,Eagles,Commanders,142,145,scheduled,,,,,,,,,,,,,,,,,2026-01-04T18:00:00.000Z,15,15,256938,75.0,-218,0,0,180,0,0,,,,,,,,,,,-4.5,-110,0,0,4.5,-110,0,0,2026-01-04 10:00:00-08:00,2025-12-25 07:14:23.068338
256938,nfl,Eagles,Commanders,142,145,scheduled,,,,,,,,,,,,,,,,,2026-01-04T18:00:00.000Z,15,15,256938,75.0,-218,0,0,180,0,0,,,,,,,,,,,-4.5,-110,0,0,4.5,-110,0,0,2026-01-04 10:00:00-08:00,2025-12-25 08:16:00.715753
256938,nfl,Eagles,Commanders,142,145,scheduled,,,,,,,,,,,,,,,,,2026-01-04T18:00:00.000Z,15,15,256938,75.0,-218,0,0,180,0,0,,,,,,,,,,,-4.5,-110,0,0,4.5,-110,0,0,2026-01-04 10:00:00-08:00,2025-12-25 09:14:06.366333
256938,nfl,Eagles,Commanders,142,145,scheduled,,,,,,,,,,,,,,,,,2026-01-04T18:00:00.000Z,15,15,256938,75.0,-218,0,0,180,0,0,,,,,,,,,,,-4.5,-110,0,0,4.5,-110,0,0,2026-01-04 10:00:00-08:00,2025-12-25 10:12:22.975712
256938,nfl,Eagles,Commanders,142,145,scheduled,,,,,,,,,,,,,,,,,2026-01-04T18:00:00.000Z,15,15,256938,75.0,-218,0,0,180,0,0,,,,,,,,,,,-4.5,-110,0,0,4.5,-110,0,0,2026-01-04 10:00:00-08:00,2025-12-25 11:09:49.247669
256938,nfl,Eagles,Commanders,142,145,scheduled,,,,,,,,,,,,,,,,,2026-01-04T18:00:00.000Z,15,15,256938,75.0,-218,0,0,180,0,0,,,,,,,,,,,-4.5,-110,0,0,4.5,-110,0,0,2026-01-04 10:00:00-08:00,2025-12-25 12:21:09.618433
256938,nfl,Eagles,Commanders,142,145,scheduled,,,,,,,,,,,,,,,,,2026-01-04T18:00:00.000Z,15,15,256938,75.0,-218,0,0,180,0,0,,,,,,,,,,,-4.5,-110,0,0,4.5,-110,0,0,2026-01-04 10:00:00-08:00,2025-12-25 13:26:08.213227
256938,nfl,Eagles,Commanders,142,145,scheduled,,,,,,,,,,,,,,,,,2026-01-04T18:00:00.000Z,15,15,256938,75.0,-218,0,0,180,0,0,,,,,,,,,,,-4.5,-110,0,0,4.5,-110,0,0,2026-01-04 10:00:00-08:00,2025-12-25 14:11:00.973101
256938,nfl,Eagles,Commanders,142,145,scheduled,,,,,,,,,,,,,,,,,2026-01-04T18:00:00.000Z,15,15,256938,75.0,-218,0,0,180,0,0,,,,,,,,,,,-4.5,-110,0,0,4.5,-110,0,0,2026-01-04 10:00:00-08:00,2025-12-25 15:11:35.479757
256938,nfl,Eagles,Commanders,142,145,scheduled,,,,,,,,,,,,,,,,,2026-01-04T18:00:00.000Z,15,15,256938,75.0,-218,0,0,180,0,0,,,,,,,,,,,-4.5,-110,0,0,4.5,-110,0,0,2026-01-04 10:00:00-08:00,2025-12-25 16:14:02.305277
256938,nfl,Eagles,Commanders,142,145,scheduled,,,,,,,,,,,,,,,,,2026-01-04T18:00:00.000Z,15,15,256938,75.0,-218,0,0,180,0,0,,,,,,,,,,,-4.5,-110,0,0,4.5,-110,0,0,2026-01-04 10:00:00-08:00,2025-12-25 17:10:18.922147
256938,nfl,Eagles,Commanders,142,145,scheduled,,,,,,,,,,,,,,,,,2026-01-04T18:00:00.000Z,15,15,256938,75.0,-218,0,0,180,0,0,,,,,,,,,,,-4.5,-110,0,0,4.5,-110,0,0,2026-01-04 10:00:00-08:00,2025-12-25 18:16:04.653155
256938,nfl,Eagles,Commanders,142,145,scheduled,,,,,,,,,,,,,,,,,2026-01-04T18:00:00.000Z,15,15,256938,75.0,-218,0,0,180,0,0,,,,,,,,,,,-4.5,-110,0,0,4.5,-110,0,0,2026-01-04 10:00:00-08:00,2025-12-25 19:08:44.595749
256938,nfl,Eagles,Commanders,142,145,scheduled,,,,,,,,,,,,,,,,,2026-01-04T18:00:00.000Z,15,15,256938,75.0,-218,0,0,180,0,0,,,,,,,,,,,-4.5,-110,0,0,4.5,-110,0,0,2026-01-04 10:00:00-08:00,2025-12-25 20:12:42.476949
256938,nfl,Eagles,Commanders,142,145,scheduled,,,,,,,,,,,,,,,,,2026-01-04T18:00:00.000Z,15,15,256938,75.0,-218,0,0,180,0,0,,,,,,,,,,,-4.5,-110,0,0,4.5,-110,0,0,2026-01-04 10:00:00-08:00,2025-12-25 21:10:37.126469
256938,nfl,Eagles,Commanders,142,145,scheduled,,,,,,,,,,,,,,,,,2026-01-04T18:00:00.000Z,15,15,256938,80.0,-218,0,0,180,0,0,,,,,,,,,,,-4.5,-110,0,0,4.5,-110,0,0,2026-01-04 10:00:00-08:00,2025-12-25 22:10:55.114350
256938,nfl,Eagles,Commanders,142,145,scheduled,,,,,,,,,,,,,,,,,2026-01-04T18:00:00.000Z,15,15,256938,80.0,-218,0,0,180,0,0,,,,,,,,,,,-4.5,-110,0,0,4.5,-110,0,0,2026-01-04 10:00:00-08:00,2025-12-25 23:10:56.421975
256938,nfl,Eagles,Commanders,142,145,scheduled,,,,,,,,,,,,,,,,,2026-01-04T18:00:00.000Z,15,15,256938,80.0,-218,0,0,180,0,0,,,,,,,,,,,-4.5,-110,0,0,4.5,-110,0,0,2026-01-04 10:00:00-08:00,2025-12-26 00:53:48.245895
256938,nfl,Eagles,Commanders,142,145,scheduled,,,,,,,,,,,,,,,,,2026-01-04T18:00:00.000Z,15,15,256938,80.0,-218,0,0,180,0,0,,,,,,,,,,,-4.5,-110,0,0,4.5,-110,0,0,2026-01-04 10:00:00-08:00,2025-12-26 02:48:12.653569
256938,nfl,Eagles,Commanders,142,145,scheduled,,,,,,,,,,,,,,,,,2026-01-04T18:00:00.000Z,15,15,256938,80.0,-218,0,0,180,0,0,,,,,,,,,,,-4.5,-110,0,0,4.5,-110,0,0,2026-01-04 10:00:00-08:00,2025-12-26 03:53:11.217020
256938,nfl,Eagles,Commanders,142,145,scheduled,,,,,,,,,,,,,,,,,2026-01-04T18:00:00.000Z,15,15,256938,80.0,-218,0,0,180,0,0,,,,,,,,,,,-4.5,-110,0,0,4.5,-110,0,0,2026-01-04 10:00:00-08:00,2025-12-26 04:26:57.166699
256938,nfl,Eagles,Commanders,142,145,scheduled,,,,,,,,,,,,,,,,,2026-01-04T18:00:00.000Z,15,15,256938,85.0,-218,0,0,180,0,0,,,,,,,,,,,-4.5,-110,0,0,4.5,-110,0,0,2026-01-04 10:00:00-08:00,2025-12-26 05:14:05.661706
256938,nfl,Eagles,Commanders,142,145,scheduled,,,,,,,,,,,,,,,,,2026-01-04T18:00:00.000Z,15,15,256938,85.0,-218,0,0,180,0,0,,,,,,,,,,,-4.5,-110,0,0,4.5,-110,0,0,2026-01-04 10:00:00-08:00,2025-12-26 06:18:19.629052
256938,nfl,Eagles,Commanders,142,145,scheduled,,,,,,,,,,,,,,,,,2026-01-04T18:00:00.000Z,15,15,256938,85.0,-218,0,0,180,0,0,,,,,,,,,,,-4.5,-110,0,0,4.5,-110,0,0,2026-01-04 10:00:00-08:00,2025-12-26 07:14:32.775070
256938,nfl,Eagles,Commanders,142,145,scheduled,,,,,,,,,,,,,,,,,2026-01-04T18:00:00.000Z,15,15,256938,85.0,-218,0,0,180,0,0,,,,,,,,,,,-4.5,-110,0,0,4.5,-110,0,0,2026-01-04 10:00:00-08:00,2025-12-26 08:15:33.156915
256938,nfl,Eagles,Commanders,142,145,scheduled,,,,,,,,,,,,,,,,,2026-01-04T18:00:00.000Z,15,15,256938,85.0,-218,0,0,180,0,0,,,,,,,,,,,-4.5,-110,0,0,4.5,-110,0,0,2026-01-04 10:00:00-08:00,2025-12-26 09:13:32.561712
256938,nfl,Eagles,Commanders,142,145,scheduled,,,,,,,,,,,,,,,,,2026-01-04T18:00:00.000Z,15,15,256938,85.0,-218,0,0,180,0,0,,,,,,,,,,,-4.5,-110,0,0,4.5,-110,0,0,2026-01-04 10:00:00-08:00,2025-12-26 10:12:21.713290
256938,nfl,Eagles,Commanders,142,145,scheduled,,,,,,,,,,,,,,,,,2026-01-04T18:00:00.000Z,15,15,256938,85.0,-218,0,0,180,0,0,,,,,,,,,,,-4.5,-110,0,0,4.5,-110,0,0,2026-01-04 10:00:00-08:00,2025-12-26 11:10:23.584512
256938,nfl,Eagles,Commanders,142,145,scheduled,,,,,,,,,,,,,,,,,2026-01-04T18:00:00.000Z,15,15,256938,85.0,-218,0,0,180,0,0,,,,,,,,,,,-4.5,-110,0,0,4.5,-110,0,0,2026-01-04 10:00:00-08:00,2025-12-26 12:21:19.110492
256938,nfl,Eagles,Commanders,142,145,scheduled,,,,,,,,,,,,,,,,,2026-01-04T18:00:00.000Z,15,15,256938,90.0,-218,0,0,180,0,0,,,,,,,,,,,-4.5,-110,0,0,4.5,-110,0,0,2026-01-04 10:00:00-08:00,2025-12-26 13:26:42.595417
256938,nfl,Eagles,Commanders,142,145,scheduled,,,,,,,,,,,,,,,,,2026-01-04T18:00:00.000Z,15,15,256938,90.0,-218,0,0,180,0,0,,,,,,,,,,,-4.5,-110,0,0,4.5,-110,0,0,2026-01-04 10:00:00-08:00,2025-12-26 14:11:25.597287
256938,nfl,Eagles,Commanders,142,145,scheduled,,,,,,,,,,,,,,,,,2026-01-04T18:00:00.000Z,15,15,256938,90.0,-218,0,0,180,0,0,,,,,,,,,,,-4.5,-110,0,0,4.5,-110,0,0,2026-01-04 10:00:00-08:00,2025-12-26 15:11:28.582506
256938,nfl,Eagles,Commanders,142,145,scheduled,,,,,,,,,,,,,,,,,2026-01-04T18:00:00.000Z,15,15,256938,90.0,-218,0,0,180,0,0,,,,,,,,,,,-4.5,-110,0,0,4.5,-110,0,0,2026-01-04 10:00:00-08:00,2025-12-26 16:13:09.764832
256938,nfl,Eagles,Commanders,142,145,scheduled,,,,,,,,,,,,,,,,,2026-01-04T18:00:00.000Z,15,15,256938,90.0,-218,0,0,180,0,0,,,,,,,,,,,-4.5,-110,0,0,4.5,-110,0,0,2026-01-04 10:00:00-08:00,2025-12-26 17:09:41.955264
256938,nfl,Eagles,Commanders,142,145,scheduled,,,,,,,,,,,,,,,,,2026-01-04T18:00:00.000Z,15,15,256938,90.0,-218,0,0,180,0,0,,,,,,,,,,,-4.5,-110,0,0,4.5,-110,0,0,2026-01-04 10:00:00-08:00,2025-12-26 18:16:46.153208
256938,nfl,Eagles,Commanders,142,145,scheduled,,,,,,,,,,,,,,,,,2026-01-04T18:00:00.000Z,15,15,256938,90.0,-218,0,0,180,0,0,,,,,,,,,,,-4.5,-110,0,0,4.5,-110,0,0,2026-01-04 10:00:00-08:00,2025-12-26 19:09:19.395442
256938,nfl,Eagles,Commanders,142,145,scheduled,,,,,,,,,,,,,,,,,2026-01-04T18:00:00.000Z,15,15,256938,106.0,-218,0,0,180,0,0,,,,,,,,,,,-4.5,-110,0,0,4.5,-110,0,0,2026-01-04 10:00:00-08:00,2025-12-26 20:11:58.806493
256938,nfl,Eagles,Commanders,142,145,scheduled,,,,,,,,,,,,,,,,,2026-01-04T18:00:00.000Z,15,15,256938,106.0,-218,0,0,180,0,0,,,,,,,,,,,-4.5,-110,0,0,4.5,-110,0,0,2026-01-04 10:00:00-08:00,2025-12-26 21:10:14.281340
256938,nfl,Eagles,Commanders,142,145,scheduled,,,,,,,,,,,,,,,,,2026-01-04T18:00:00.000Z,15,15,256938,106.0,-218,0,0,180,0,0,,,,,,,,,,,-4.5,-110,0,0,4.5,-110,0,0,2026-01-04 10:00:00-08:00,2025-12-26 22:11:05.868112
256938,nfl,Eagles,Commanders,142,145,scheduled,,,,,,,,,,,,,,,,,2026-01-04T18:00:00.000Z,15,15,256938,106.0,-218,0,0,180,0,0,,,,,,,,,,,-4.5,-110,0,0,4.5,-110,0,0,2026-01-04 10:00:00-08:00,2025-12-26 23:11:05.262155
256938,nfl,Eagles,Commanders,142,145,scheduled,,,,,,,,,,,,,,,,,2026-01-04T18:00:00.000Z,15,15,256938,106.0,-218,0,0,180,0,0,,,,,,,,,,,-4.5,-110,0,0,4.5,-110,0,0,2026-01-04 10:00:00-08:00,2025-12-27 00:52:09.619620
256938,nfl,Eagles,Commanders,142,145,scheduled,,,,,,,,,,,,,,,,,2026-01-04T18:00:00.000Z,15,15,256938,106.0,-218,0,0,180,0,0,,,,,,,,,,,-4.5,-110,0,0,4.5,-110,0,0,2026-01-04 10:00:00-08:00,2025-12-27 02:45:26.354219
256938,nfl,Eagles,Commanders,142,145,scheduled,,,,,,,,,,,,,,,,,2026-01-04T18:00:00.000Z,15,15,256938,106.0,-218,0,0,180,0,0,,,,,,,,,,,-4.5,-110,0,0,4.5,-110,0,0,2026-01-04 10:00:00-08:00,2025-12-27 03:50:46.386921
256938,nfl,Eagles,Commanders,142,145,scheduled,,,,,,,,,,,,,,,,,2026-01-04T18:00:00.000Z,15,15,256938,106.0,-218,0,0,180,0,0,,,,,,,,,,,-4.5,-110,0,0,4.5,-110,0,0,2026-01-04 10:00:00-08:00,2025-12-27 04:23:57.433834
256938,nfl,Eagles,Commanders,142,145,scheduled,,,,,,,,,,,,,,,,,2026-01-04T18:00:00.000Z,15,15,256938,106.0,-218,0,0,180,0,0,,,,,,,,,,,-4.5,-110,0,0,4.5,-110,0,0,2026-01-04 10:00:00-08:00,2025-12-27 05:12:59.384988
256938,nfl,Eagles,Commanders,142,145,scheduled,,,,,,,,,,,,,,,,,2026-01-04T18:00:00.000Z,15,15,256938,106.0,-218,0,0,180,0,0,,,,,,,,,,,-4.5,-110,0,0,4.5,-110,0,0,2026-01-04 10:00:00-08:00,2025-12-27 06:16:57.481674
256938,nfl,Eagles,Commanders,142,145,scheduled,,,,,,,,,,,,,,,,,2026-01-04T18:00:00.000Z,15,15,256938,106.0,-218,0,0,180,0,0,,,,,,,,,,,-4.5,-110,0,0,4.5,-110,0,0,2026-01-04 10:00:00-08:00,2025-12-27 07:11:15.600789
256938,nfl,Eagles,Commanders,142,145,scheduled,,,,,,,,,,,,,,,,,2026-01-04T18:00:00.000Z,15,15,256938,106.0,-218,0,0,180,0,0,,,,,,,,,,,-4.5,-110,0,0,4.5,-110,0,0,2026-01-04 10:00:00-08:00,2025-12-27 08:14:18.684212
256938,nfl,Eagles,Commanders,142,145,scheduled,,,,,,,,,,,,,,,,,2026-01-04T18:00:00.000Z,15,15,256938,106.0,-218,0,0,180,0,0,,,,,,,,,,,-4.5,-110,0,0,4.5,-110,0,0,2026-01-04 10:00:00-08:00,2025-12-27 09:11:28.628963
256938,nfl,Eagles,Commanders,142,145,scheduled,,,,,,,,,,,,,,,,,2026-01-04T18:00:00.000Z,15,15,256938,106.0,-218,0,0,180,0,0,,,,,,,,,,,-4.5,-110,0,0,4.5,-110,0,0,2026-01-04 10:00:00-08:00,2025-12-27 10:10:55.349865
256938,nfl,Eagles,Commanders,142,145,scheduled,,,,,,,,,,,,,,,,,2026-01-04T18:00:00.000Z,15,15,256938,106.0,-218,0,0,180,0,0,,,,,,,,,,,-4.5,-110,0,0,4.5,-110,0,0,2026-01-04 10:00:00-08:00,2025-12-27 11:09:08.371334
256938,nfl,Eagles,Commanders,142,145,scheduled,,,,,,,,,,,,,,,,,2026-01-04T18:00:00.000Z,15,15,256938,106.0,-218,0,0,180,0,0,,,,,,,,,,,-4.5,-110,0,0,4.5,-110,0,0,2026-01-04 10:00:00-08:00,2025-12-27 12:20:02.722447
256938,nfl,Eagles,Commanders,142,145,scheduled,,,,,,,,,,,,,,,,,2026-01-04T18:00:00.000Z,15,15,256938,106.0,-218,0,0,180,0,0,,,,,,,,,,,-4.5,-110,0,0,4.5,-110,0,0,2026-01-04 10:00:00-08:00,2025-12-27 13:22:36.153313
256938,nfl,Eagles,Commanders,142,145,scheduled,,,,,,,,,,,,,,,,,2026-01-04T18:00:00.000Z,15,15,256938,106.0,-218,0,0,180,0,0,,,,,,,,,,,-4.5,-110,0,0,4.5,-110,0,0,2026-01-04 10:00:00-08:00,2025-12-27 14:10:09.105416
256938,nfl,Eagles,Commanders,142,145,scheduled,,,,,,,,,,,,,,,,,2026-01-04T18:00:00.000Z,15,15,256938,106.0,-218,0,0,180,0,0,,,,,,,,,,,-4.5,-110,0,0,4.5,-110,0,0,2026-01-04 10:00:00-08:00,2025-12-27 15:10:27.408251
256938,nfl,Eagles,Commanders,142,145,scheduled,,,,,,,,,,,,,,,,,2026-01-04T18:00:00.000Z,15,15,256938,106.0,-218,0,0,180,0,0,,,,,,,,,,,-4.5,-110,0,0,4.5,-110,0,0,2026-01-04 10:00:00-08:00,2025-12-27 16:12:35.498777
256938,nfl,Eagles,Commanders,142,145,scheduled,,,,,,,,,,,,,,,,,2026-01-04T18:00:00.000Z,15,15,256938,106.0,-218,0,0,180,0,0,,,,,,,,,,,-4.5,-110,0,0,4.5,-110,0,0,2026-01-04 10:00:00-08:00,2025-12-27 17:09:24.679173
256938,nfl,Eagles,Commanders,142,145,scheduled,,,,,,,,,,,,,,,,,2026-01-04T18:00:00.000Z,15,15,256938,106.0,-218,0,0,180,0,0,,,,,,,,,,,-4.5,-110,0,0,4.5,-110,0,0,2026-01-04 10:00:00-08:00,2025-12-27 18:15:21.593820
256938,nfl,Eagles,Commanders,142,145,scheduled,,,,,,,,,,,,,,,,,2026-01-04T18:00:00.000Z,15,15,256938,106.0,-218,0,0,180,0,0,,,,,,,,,,,-4.5,-110,0,0,4.5,-110,0,0,2026-01-04 10:00:00-08:00,2025-12-27 19:08:11.020979
256938,nfl,Eagles,Commanders,142,145,scheduled,,,,,,,,,,,,,,,,,2026-01-04T18:00:00.000Z,15,15,256938,106.0,-218,0,0,180,0,0,,,,,,,,,,,-4.5,-110,0,0,4.5,-110,0,0,2026-01-04 10:00:00-08:00,2025-12-27 20:11:58.147200
256938,nfl,Eagles,Commanders,142,145,scheduled,,,,,,,,,,,,,,,,,2026-01-04T18:00:00.000Z,15,15,256938,106.0,-218,0,0,180,0,0,,,,,,,,,,,-4.5,-110,0,0,4.5,-110,0,0,2026-01-04 10:00:00-08:00,2025-12-27 21:09:16.490123
256938,nfl,Eagles,Commanders,142,145,scheduled,,,,,,,,,,,,,,,,,2026-01-04T18:00:00.000Z,15,15,256938,106.0,-218,0,0,180,0,0,,,,,,,,,,,-4.5,-110,0,0,4.5,-110,0,0,2026-01-04 10:00:00-08:00,2025-12-27 22:10:37.549818
256938,nfl,Eagles,Commanders,142,145,scheduled,,,,,,,,,,,,,,,,,2026-01-04T18:00:00.000Z,15,15,256938,106.0,-218,0,0,180,0,0,,,,,,,,,,,-4.5,-110,0,0,4.5,-110,0,0,2026-01-04 10:00:00-08:00,2025-12-27 23:10:56.507855
256938,nfl,Eagles,Commanders,142,145,scheduled,,,,,,,,,,,,,,,,,2026-01-04T18:00:00.000Z,15,15,256938,106.0,-218,0,0,180,0,0,,,,,,,,,,,-4.5,-110,0,0,4.5,-110,0,0,2026-01-04 10:00:00-08:00,2025-12-28 01:00:23.835801
256938,nfl,Eagles,Commanders,142,145,scheduled,,,,,,,,,,,,,,,,,2026-01-04T18:00:00.000Z,15,15,256938,106.0,-218,0,0,180,0,0,,,,,,,,,,,-4.5,-110,0,0,4.5,-110,0,0,2026-01-04 10:00:00-08:00,2025-12-28 03:06:32.710666
256938,nfl,Eagles,Commanders,142,145,scheduled,,,,,,,,,,,,,,,,,2026-01-04T18:00:00.000Z,15,15,256938,106.0,-218,0,0,180,0,0,,,,,,,,,,,-4.5,-110,0,0,4.5,-110,0,0,2026-01-04 10:00:00-08:00,2025-12-28 04:37:04.226145
256938,nfl,Eagles,Commanders,142,145,scheduled,,,,,,,,,,,,,,,,,2026-01-04T18:00:00.000Z,15,15,256938,111.0,-218,0,0,180,0,0,,,,,,,,,,,-4.5,-110,0,0,4.5,-110,0,0,2026-01-04 10:00:00-08:00,2025-12-28 05:16:17.294985
256938,nfl,Eagles,Commanders,142,145,scheduled,,,,,,,,,,,,,,,,,2026-01-04T18:00:00.000Z,15,15,256938,111.0,-218,0,0,180,0,0,,,,,,,,,,,-4.5,-110,0,0,4.5,-110,0,0,2026-01-04 10:00:00-08:00,2025-12-28 06:17:08.821207
256938,nfl,Eagles,Commanders,142,145,scheduled,,,,,,,,,,,,,,,,,2026-01-04T18:00:00.000Z,15,15,256938,131.0,-218,0,0,180,0,0,,,,,,,,,,,-4.5,-110,0,0,4.5,-110,0,0,2026-01-04 10:00:00-08:00,2025-12-28 07:12:39.376726
256938,nfl,Eagles,Commanders,142,145,scheduled,,,,,,,,,,,,,,,,,2026-01-04T18:00:00.000Z,15,15,256938,131.0,-218,0,0,180,0,0,,,,,,,,,,,-4.5,-110,0,0,4.5,-110,0,0,2026-01-04 10:00:00-08:00,2025-12-28 08:15:12.992681
256938,nfl,Eagles,Commanders,142,145,scheduled,,,,,,,,,,,,,,,,,2026-01-04T18:00:00.000Z,15,15,256938,131.0,-218,0,0,180,0,0,,,,,,,,,,,-4.5,-110,0,0,4.5,-110,0,0,2026-01-04 10:00:00-08:00,2025-12-28 09:11:07.181303
256938,nfl,Eagles,Commanders,142,145,scheduled,,,,,,,,,,,,,,,,,2026-01-04T18:00:00.000Z,15,15,256938,131.0,-218,0,0,180,0,0,,,,,,,,,,,-4.5,-110,0,0,4.5,-110,0,0,2026-01-04 10:00:00-08:00,2025-12-28 10:11:08.388558
256938,nfl,Eagles,Commanders,142,145,scheduled,,,,,,,,,,,,,,,,,2026-01-04T18:00:00.000Z,15,15,256938,131.0,-218,0,0,180,0,0,,,,,,,,,,,-4.5,-110,0,0,4.5,-110,0,0,2026-01-04 10:00:00-08:00,2025-12-28 11:09:38.837778
256938,nfl,Eagles,Commanders,142,145,scheduled,,,,,,,,,,,,,,,,,2026-01-04T18:00:00.000Z,15,15,256938,131.0,-218,0,0,180,0,0,,,,,,,,,,,-4.5,-110,0,0,4.5,-110,0,0,2026-01-04 10:00:00-08:00,2025-12-28 12:20:06.953014
256938,nfl,Eagles,Commanders,142,145,scheduled,,,,,,,,,,,,,,,,,2026-01-04T18:00:00.000Z,15,15,256938,131.0,-218,0,0,180,0,0,,,,,,,,,,,-4.5,-110,0,0,4.5,-110,0,0,2026-01-04 10:00:00-08:00,2025-12-28 13:23:27.247143
256938,nfl,Eagles,Commanders,142,145,scheduled,,,,,,,,,,,,,,,,,2026-01-04T18:00:00.000Z,15,15,256938,141.0,-218,0,0,180,0,0,,,,,,,,,,,-4.5,-110,0,0,4.5,-110,0,0,2026-01-04 10:00:00-08:00,2025-12-28 14:10:52.394624
256938,nfl,Eagles,Commanders,142,145,scheduled,,,,,,,,,,,,,,,,,2026-01-04T18:00:00.000Z,15,15,256938,141.0,-218,0,0,180,0,0,,,,,,,,,,,-4.5,-110,0,0,4.5,-110,0,0,2026-01-04 10:00:00-08:00,2025-12-28 15:10:53.771829
256938,nfl,Eagles,Commanders,142,145,scheduled,,,,,,,,,,,,,,,,,2026-01-04T18:00:00.000Z,15,15,256938,141.0,-218,0,0,180,0,0,,,,,,,,,,,-4.5,-110,0,0,4.5,-110,0,0,2026-01-04 10:00:00-08:00,2025-12-28 16:12:43.249346
256938,nfl,Eagles,Commanders,142,145,scheduled,,,,,,,,,,,,,,,,,2026-01-04T18:00:00.000Z,15,15,256938,141.0,-218,0,0,180,0,0,,,,,,,,,,,-4.5,-110,0,0,4.5,-110,0,0,2026-01-04 10:00:00-08:00,2025-12-28 17:09:55.421727
256938,nfl,Eagles,Commanders,142,145,scheduled,,,,,,,,,,,,,,,,,2026-01-04T18:00:00.000Z,15,15,256938,141.0,-218,0,0,180,0,0,,,,,,,,,,,-4.5,-110,0,0,4.5,-110,0,0,2026-01-04 10:00:00-08:00,2025-12-28 18:16:04.872989
256938,nfl,Eagles,Commanders,142,145,scheduled,,,,,,,,,,,,,,,,,2026-01-04T18:00:00.000Z,15,15,256938,141.0,-218,0,0,180,0,0,,,,,,,,,,,-4.5,-110,0,0,4.5,-110,0,0,2026-01-04 10:00:00-08:00,2025-12-28 19:08:36.704489
256938,nfl,Eagles,Commanders,142,145,scheduled,,,,,,,,,,,,,,,,,2026-01-04T18:00:00.000Z,15,15,256938,151.0,-218,0,0,180,0,0,,,,,,,,,,,-4.5,-110,0,0,4.5,-110,0,0,2026-01-04 10:00:00-08:00,2025-12-28 20:12:38.642673
256938,nfl,Eagles,Commanders,142,145,scheduled,,,,,,,,,,,,,,,,,2026-01-04T18:00:00.000Z,15,15,256938,151.0,-218,0,0,180,0,0,,,,,,,,,,,-4.5,-110,0,0,4.5,-110,0,0,2026-01-04 10:00:00-08:00,2025-12-28 21:10:03.650143
256938,nfl,Eagles,Commanders,142,145,scheduled,,,,,,,,,,,,,,,,,2026-01-04T18:00:00.000Z,15,15,256938,156.0,-218,0,0,180,0,0,,,,,,,,,,,-4.5,-110,0,0,4.5,-110,0,0,2026-01-04 10:00:00-08:00,2025-12-28 22:10:56.332363
256938,nfl,Eagles,Commanders,142,145,scheduled,,,,,,,,,,,,,,,,,2026-01-04T18:00:00.000Z,15,15,256938,186.0,-218,0,0,180,0,0,,,,,,,,,,,-4.5,-110,0,0,4.5,-110,0,0,2026-01-04 10:00:00-08:00,2025-12-28 23:10:56.836228
256938,nfl,Eagles,Commanders,142,145,scheduled,,,,,,,,,,,,,,,,,2026-01-04T18:00:00.000Z,15,15,256938,201.0,-218,0,0,180,0,0,,,,,,,,,,,-4.5,-110,0,0,4.5,-110,0,0,2026-01-04 10:00:00-08:00,2025-12-29 00:58:37.946408
256938,nfl,Eagles,Commanders,142,145,scheduled,,,,,,,,,,,,,,,,,2026-01-04T18:00:00.000Z,15,15,256938,237.0,-218,0,0,180,0,0,,,,,,,,,,,-4.5,-110,0,0,4.5,-110,0,0,2026-01-04 10:00:00-08:00,2025-12-29 03:04:36.525929
256938,nfl,Eagles,Commanders,142,145,scheduled,,,,,,,,,,,,,,,,,2026-01-04T18:00:00.000Z,15,15,256938,257.0,-350,93,76,280,7,24,,,,42.5,-110.0,-110.0,0.0,0.0,0.0,0.0,-7.5,-106,0,0,7.5,-113,0,0,2026-01-04 10:00:00-08:00,2025-12-29 04:40:36.159199
256938,nfl,Eagles,Commanders,142,145,scheduled,,,,,,,,,,,,,,,,,2026-01-04T18:00:00.000Z,15,15,256938,313.0,-350,94,89,280,6,11,,,,42.5,-107.0,-110.0,0.0,0.0,0.0,0.0,-7.5,-106,0,0,7.5,-113,0,0,2026-01-04 10:00:00-08:00,2025-12-29 05:20:58.012143
256938,nfl,Eagles,Commanders,142,145,scheduled,,,,,,,,,,,,,,,,,2026-01-04T18:00:00.000Z,15,15,256938,388.0,-410,94,89,320,6,11,,,,42.5,-105.0,-115.0,0.0,0.0,0.0,0.0,-8.5,-105,0,0,8.5,-115,0,0,2026-01-04 10:00:00-08:00,2025-12-29 06:20:42.322318
256938,nfl,Eagles,Commanders,142,145,scheduled,,,,,,,,,,,,,,,,,2026-01-04T21:25:00.000Z,15,15,256938,444.0,-410,94,91,320,6,9,,,,42.5,-105.0,-115.0,0.0,0.0,0.0,0.0,-8.5,-106,0,0,8.5,-114,0,0,2026-01-04 13:25:00-08:00,2025-12-29 08:18:19.189375
256938,nfl,Eagles,Commanders,142,145,scheduled,,,,,,,,,,,,,,,,,2026-01-04T21:25:00.000Z,15,15,256938,459.0,-410,95,91,320,5,9,,,,42.5,-105.0,-115.0,0.0,0.0,0.0,0.0,-8.5,-106,0,0,8.5,-115,0,0,2026-01-04 13:25:00-08:00,2025-12-29 09:20:27.955615
256938,nfl,Eagles,Commanders,142,145,scheduled,,,,,,,,,,,,,,,,,2026-01-04T21:25:00.000Z,15,15,256938,479.0,-405,96,92,310,4,8,,,,42.5,-105.0,-110.0,53.0,50.0,47.0,50.0,-8.0,-110,0,0,8.0,-110,0,0,2026-01-04 13:25:00-08:00,2025-12-29 11:11:26.034516
256938,nfl,Eagles,Commanders,142,145,scheduled,,,,,,,,,,,,,,,,,2026-01-04T21:25:00.000Z,15,15,256938,721.0,-400,97,94,310,3,6,,,,42.5,-105.0,-110.0,58.0,61.0,42.0,39.0,-8.0,-110,0,0,8.0,-110,0,0,2026-01-04 13:25:00-08:00,2025-12-29 16:13:44.953517
256938,nfl,Eagles,Commanders,142,145,scheduled,,,,,,,,,,,,,,,,,2026-01-04T21:25:00.000Z,15,15,256938,777.0,-390,97,93,310,3,7,,,,42.5,-105.0,-110.0,58.0,61.0,42.0,39.0,-8.0,-110,0,0,8.0,-110,0,0,2026-01-04 13:25:00-08:00,2025-12-29 17:10:31.662811
256938,nfl,Eagles,Commanders,142,145,scheduled,,,,,,,,,,,,,,,,,2026-01-04T21:25:00.000Z,15,15,256938,833.0,-390,97,93,310,3,7,,,,42.5,-105.0,-110.0,58.0,61.0,42.0,39.0,-8.5,-110,75,80,8.5,-110,25,20,2026-01-04 13:25:00-08:00,2025-12-29 18:17:44.504113
256938,nfl,Eagles,Commanders,142,145,scheduled,,,,,,,,,,,,,,,,,2026-01-04T21:25:00.000Z,15,15,256938,888.0,-390,97,93,315,3,7,,,,42.5,-105.0,-110.0,59.0,62.0,41.0,38.0,-8.5,-110,74,79,8.5,-120,26,21,2026-01-04 13:25:00-08:00,2025-12-29 19:09:35.062004
256938,nfl,Eagles,Commanders,142,145,scheduled,,,,,,,,,,,,,,,,,2026-01-04T21:25:00.000Z,15,15,256938,969.0,-390,97,93,315,3,7,,,,42.5,-105.0,-115.0,60.0,63.0,40.0,37.0,-8.5,-110,76,80,8.5,-120,24,20,2026-01-04 13:25:00-08:00,2025-12-29 20:13:12.257705
256938,nfl,Eagles,Commanders,142,145,scheduled,,,,,,,,,,,,,,,,,2026-01-04T21:25:00.000Z,15,15,256938,1019.0,-400,97,93,310,3,7,,,,41.5,-110.0,-110.0,61.0,64.0,39.0,36.0,-8.0,-110,72,76,8.0,-118,28,24,2026-01-04 13:25:00-08:00,2025-12-29 21:10:23.476398
256938,nfl,Eagles,Commanders,142,145,scheduled,,,,,,,,,,,,,,,,,2026-01-04T21:25:00.000Z,15,15,256938,1075.0,-350,97,94,275,3,6,,,,41.5,-110.0,-110.0,62.0,64.0,38.0,36.0,-7.5,-110,71,76,7.5,-110,29,24,2026-01-04 13:25:00-08:00,2025-12-29 22:11:03.624866
256938,nfl,Eagles,Commanders,142,145,scheduled,,,,,,,,,,,,,,,,,2026-01-04T21:25:00.000Z,15,15,256938,1277.0,-350,97,58,275,3,42,,,,41.0,-110.0,-110.0,64.0,69.0,36.0,31.0,-7.5,-110,71,77,7.5,-110,29,23,2026-01-04 13:25:00-08:00,2025-12-30 00:53:54.752783
256938,nfl,Eagles,Commanders,142,145,scheduled,,,,,,,,,,,,,,,,,2026-01-04T21:25:00.000Z,15,15,256938,1691.0,-323,95,72,260,5,28,,,,41.0,-110.0,-110.0,67.0,74.0,33.0,26.0,-7.0,-110,69,81,7.0,-110,31,19,2026-01-04 13:25:00-08:00,2025-12-30 14:12:17.805102
256938,nfl,Eagles,Commanders,142,145,scheduled,,,,,,,,,,,,,,,,,2026-01-04T21:25:00.000Z,15,15,256938,1913.0,-323,96,73,265,4,27,,,,41.0,-110.0,-110.0,69.0,76.0,31.0,24.0,-7.0,-110,68,70,7.0,-110,32,30,2026-01-04 13:25:00-08:00,2025-12-30 18:17:29.935641
256938,nfl,Eagles,Commanders,142,145,scheduled,,,,,,,,,,,,,,,,,2026-01-04T21:25:00.000Z,15,15,256938,2701.0,-230,96,78,190,4,22,,,,41.0,-110.0,-110.0,67.0,73.0,33.0,27.0,-7.0,-110,72,77,7.0,-110,28,23,2026-01-04 13:25:00-08:00,2025-12-31 15:12:09.192562
256938,nfl,Eagles,Commanders,142,145,scheduled,,,,,,,,,,,,,,,,,2026-01-04T21:25:00.000Z,15,15,256938,2908.0,-192,96,78,160,4,22,,,,39.0,-110.0,-110.0,67.0,72.0,33.0,28.0,-3.5,-115,72,77,3.5,-105,28,23,2026-01-04 13:25:00-08:00,2025-12-31 16:14:19.663126
256938,nfl,Eagles,Commanders,142,145,scheduled,,,,,,,,,,,,,,,,,2026-01-04T21:25:00.000Z,15,15,256938,2993.0,-190,96,74,160,4,26,,,,39.0,-110.0,-110.0,67.0,72.0,33.0,28.0,-3.5,-114,70,70,3.5,-106,30,30,2026-01-04 13:25:00-08:00,2025-12-31 17:10:07.591669
256938,nfl,Eagles,Commanders,142,145,scheduled,,,,,,,,,,,,,,,,,2026-01-04T21:25:00.000Z,15,15,256938,3069.0,-200,96,74,165,4,26,,,,39.0,-110.0,-110.0,67.0,72.0,33.0,28.0,-4.0,-110,70,72,4.0,-110,30,28,2026-01-04 13:25:00-08:00,2025-12-31 18:16:35.681938
256938,nfl,Eagles,Commanders,142,145,scheduled,,,,,,,,,,,,,,,,,2026-01-04T21:25:00.000Z,15,15,256938,3175.0,-192,96,75,164,4,25,,,,39.0,-110.0,-110.0,68.0,72.0,32.0,28.0,-4.0,-110,70,71,4.0,-110,30,29,2026-01-04 13:25:00-08:00,2025-12-31 19:09:10.678017
256938,nfl,Eagles,Commanders,142,145,scheduled,,,,,,,,,,,,,,,,,2026-01-04T21:25:00.000Z,15,15,256938,3261.0,-200,96,75,165,4,25,,,,39.0,-110.0,-110.0,68.0,72.0,32.0,28.0,-4.0,-110,71,72,4.0,-110,29,28,2026-01-04 13:25:00-08:00,2025-12-31 21:10:28.679305
256938,nfl,Eagles,Commanders,142,145,scheduled,,,,,,,,,,,,,,,,,2026-01-04T21:25:00.000Z,15,15,256938,4962.0,-205,95,81,168,5,19,,,,39.0,-110.0,-110.0,74.0,77.0,26.0,23.0,-4.0,-110,76,68,4.0,-110,24,32,2026-01-04 13:25:00-08:00,2026-01-02 17:10:25.511078
256938,nfl,Eagles,Commanders,142,145,scheduled,,,,,,,,,,,,,,,,,2026-01-04T21:25:00.000Z,15,15,256938,5068.0,-210,95,81,175,5,19,,,,39.0,-110.0,-110.0,74.0,77.0,26.0,23.0,-4.0,-110,76,68,4.0,-110,24,32,2026-01-04 13:25:00-08:00,2026-01-02 18:16:46.925150
256938,nfl,Eagles,Commanders,142,145,scheduled,,,,,,,,,,,,,,,,,2026-01-04T21:25:00.000Z,15,15,256938,10763.0,-222,94,82,180,6,18,,,,39.0,-110.0,-110.0,76.0,78.0,24.0,22.0,-4.5,-110,74,71,4.5,-110,26,29,2026-01-04 13:25:00-08:00,2026-01-03 23:11:09.036377
256938,nfl,Eagles,Commanders,142,145,scheduled,,,,,,,,,,,,,,,,,2026-01-04T21:25:00.000Z,15,15,256938,11369.0,-230,94,83,195,6,17,,,,39.0,-110.0,-110.0,76.0,78.0,24.0,22.0,-4.5,-110,73,70,4.5,-110,27,30,2026-01-04 13:25:00-08:00,2026-01-04 01:00:46.546153
256938,nfl,Eagles,Commanders,142,145,scheduled,,,,,,,,,,,,,,,,,2026-01-04T21:25:00.000Z,15,15,256938,12222.0,-230,94,83,190,6,17,,,,39.0,-110.0,-110.0,76.0,79.0,24.0,21.0,-4.5,-110,73,69,4.5,-110,27,31,2026-01-04 13:25:00-08:00,2026-01-04 03:09:39.992128
256938,nfl,Eagles,Commanders,142,145,scheduled,,,,,,,,,,,,,,,,,2026-01-04T21:25:00.000Z,15,15,256938,14893.0,-230,94,83,185,6,17,,,,38.5,-120.0,-111.0,75.0,77.0,25.0,23.0,-4.5,-110,73,67,4.5,-110,27,33,2026-01-04 13:25:00-08:00,2026-01-04 07:13:55.481528
256938,nfl,Eagles,Commanders,142,145,scheduled,,,,,,,,,,,,,,,,,2026-01-04T21:25:00.000Z,15,15,256938,15368.0,-227,94,83,185,6,17,,,,38.5,-112.0,-111.0,75.0,77.0,25.0,23.0,-4.5,-110,73,69,4.5,-110,27,31,2026-01-04 13:25:00-08:00,2026-01-04 08:15:29.779351
256938,nfl,Eagles,Commanders,142,145,scheduled,,,,,,,,,,,,,,,,,2026-01-04T21:25:00.000Z,15,15,256938,15640.0,-230,94,84,185,6,16,,,,38.5,-120.0,-111.0,75.0,77.0,25.0,23.0,-4.5,-110,73,69,4.5,-110,27,31,2026-01-04 13:25:00-08:00,2026-01-04 09:11:09.010425
256938,nfl,Eagles,Commanders,142,145,scheduled,,,,,,,,,,,,,,,,,2026-01-04T21:25:00.000Z,15,15,256938,16211.0,-227,94,84,185,6,16,,,,38.5,-112.0,-111.0,75.0,76.0,25.0,24.0,-4.5,-110,72,69,4.5,-110,28,31,2026-01-04 13:25:00-08:00,2026-01-04 11:09:39.769549
256938,nfl,Eagles,Commanders,142,145,scheduled,,,,,,,,,,,,,,,,,2026-01-04T21:25:00.000Z,15,15,256938,22370.0,-190,94,86,154,6,14,,,,38.5,-111.0,-110.0,75.0,73.0,25.0,27.0,-3.5,-102,71,70,3.5,-118,29,30,2026-01-04 13:25:00-08:00,2026-01-04 16:12:42.814121
256938,nfl,Eagles,Commanders,142,145,scheduled,,,,,,,,,,,,,,,,,2026-01-04T21:25:00.000Z,15,15,256938,36734.0,-175,94,88,145,6,12,,,,38.5,-111.0,-110.0,75.0,73.0,25.0,27.0,-3.5,-102,70,68,3.5,-118,30,32,2026-01-04 13:25:00-08:00,2026-01-04 18:15:39.047415
256938,nfl,Eagles,Commanders,142,145,scheduled,,,,,,,,,,,,,,,,,2026-01-04T21:25:00.000Z,15,15,256938,40813.0,-175,93,89,150,7,11,,,,38.5,-111.0,-110.0,75.0,75.0,25.0,25.0,-3.0,-115,70,66,3.0,-105,30,34,2026-01-04 13:25:00-08:00,2026-01-04 20:12:50.856414
256938,nfl,Eagles,Commanders,142,145,scheduled,,,,,,,,,,,,,,,,,2026-01-04T21:25:00.000Z,15,15,256938,47059.0,-175,93,89,150,7,11,,,,38.5,-112.0,-110.0,75.0,75.0,25.0,25.0,-3.0,-115,70,66,3.0,-105,30,34,2026-01-04 13:25:00-08:00,2026-01-04 21:10:16.803707
256943,nfl,Jaguars,Titans,134,135,scheduled,,,,,,,,,,,,,,,,,2026-01-04T18:00:00.000Z,15,15,256943,50.0,-218,0,0,180,0,0,,,,43.5,-110.0,-110.0,0.0,0.0,0.0,0.0,-4.5,-110,0,0,4.5,-110,0,0,2026-01-04 10:00:00-08:00,2025-12-23 09:16:17.536168
256943,nfl,Jaguars,Titans,134,135,scheduled,,,,,,,,,,,,,,,,,2026-01-04T18:00:00.000Z,15,15,256943,242.0,-700,0,0,475,0,0,,,,45.0,-110.0,-114.0,0.0,0.0,0.0,0.0,-10.5,-107,0,0,10.5,-112,0,0,2026-01-04 10:00:00-08:00,2025-12-29 00:58:37.946408
256943,nfl,Jaguars,Titans,134,135,scheduled,,,,,,,,,,,,,,,,,2026-01-04T18:00:00.000Z,15,15,256943,333.0,-700,93,92,500,7,8,,,,46.0,-112.0,-112.0,0.0,0.0,0.0,0.0,-10.5,-112,0,0,10.5,-108,0,0,2026-01-04 10:00:00-08:00,2025-12-29 03:04:36.525929
256943,nfl,Jaguars,Titans,134,135,scheduled,,,,,,,,,,,,,,,,,2026-01-04T18:00:00.000Z,15,15,256943,575.0,-700,94,96,500,6,4,,,,46.5,-105.0,-115.0,0.0,0.0,0.0,0.0,-10.5,-112,0,0,10.5,-108,0,0,2026-01-04 10:00:00-08:00,2025-12-29 04:40:36.159199
256943,nfl,Jaguars,Titans,134,135,scheduled,,,,,,,,,,,,,,,,,2026-01-04T18:00:00.000Z,15,15,256943,848.0,-700,94,94,500,6,6,,,,47.0,-111.0,-112.0,0.0,0.0,0.0,0.0,-10.5,-112,0,0,10.5,-108,0,0,2026-01-04 10:00:00-08:00,2025-12-29 06:20:42.322318
256943,nfl,Jaguars,Titans,134,135,scheduled,,,,,,,,,,,,,,,,,2026-01-04T18:00:00.000Z,15,15,256943,1004.0,-700,94,96,500,6,4,,,,46.5,-116.0,-115.0,53.0,57.0,47.0,43.0,-10.5,-112,0,0,10.5,-108,0,0,2026-01-04 10:00:00-08:00,2025-12-29 09:20:27.955615
256943,nfl,Jaguars,Titans,134,135,scheduled,,,,,,,,,,,,,,,,,2026-01-04T18:00:00.000Z,15,15,256943,1100.0,-700,95,96,500,5,4,,,,47.0,-110.0,-110.0,52.0,57.0,48.0,43.0,-10.5,-112,0,0,10.5,-108,0,0,2026-01-04 10:00:00-08:00,2025-12-29 12:22:47.110663
256943,nfl,Jaguars,Titans,134,135,scheduled,,,,,,,,,,,,,,,,,2026-01-04T18:00:00.000Z,15,15,256943,1171.0,-700,95,96,500,5,4,,,,46.5,-115.0,-105.0,52.0,55.0,48.0,45.0,-10.5,-112,0,0,10.5,-108,0,0,2026-01-04 10:00:00-08:00,2025-12-29 13:31:26.405633
256943,nfl,Jaguars,Titans,134,135,scheduled,,,,,,,,,,,,,,,,,2026-01-04T18:00:00.000Z,15,15,256943,1307.0,-833,95,95,575,5,5,,,,47.5,-112.0,-108.0,53.0,63.0,47.0,37.0,-11.5,-112,71,88,11.5,-108,29,12,2026-01-04 10:00:00-08:00,2025-12-29 15:12:59.394836
256943,nfl,Jaguars,Titans,134,135,scheduled,,,,,,,,,,,,,,,,,2026-01-04T18:00:00.000Z,15,15,256943,1428.0,-820,95,92,540,5,8,,,,47.5,-110.0,-110.0,54.0,64.0,46.0,36.0,-11.5,-112,71,90,11.5,-108,29,10,2026-01-04 10:00:00-08:00,2025-12-29 16:13:44.953517
256943,nfl,Jaguars,Titans,134,135,scheduled,,,,,,,,,,,,,,,,,2026-01-04T18:00:00.000Z,15,15,256943,1580.0,-820,95,92,540,5,8,,,,47.5,-110.0,-110.0,53.0,63.0,47.0,37.0,-11.5,-110,70,91,11.5,-110,30,9,2026-01-04 10:00:00-08:00,2025-12-29 17:10:31.662811
256943,nfl,Jaguars,Titans,134,135,scheduled,,,,,,,,,,,,,,,,,2026-01-04T18:00:00.000Z,15,15,256943,1696.0,-820,95,92,540,5,8,,,,47.5,-110.0,-110.0,52.0,60.0,48.0,40.0,-12.0,-110,69,91,12.0,-110,31,9,2026-01-04 10:00:00-08:00,2025-12-29 18:17:44.504113
256943,nfl,Jaguars,Titans,134,135,scheduled,,,,,,,,,,,,,,,,,2026-01-04T18:00:00.000Z,15,15,256943,1787.0,-820,95,92,540,5,8,,,,47.5,-110.0,-110.0,53.0,60.0,47.0,40.0,-12.5,-105,68,92,12.5,-115,32,8,2026-01-04 10:00:00-08:00,2025-12-29 19:09:35.062004
256943,nfl,Jaguars,Titans,134,135,scheduled,,,,,,,,,,,,,,,,,2026-01-04T18:00:00.000Z,15,15,256943,1847.0,-820,95,92,525,5,8,,,,47.5,-110.0,-110.0,54.0,59.0,46.0,41.0,-12.5,-105,70,92,12.5,-115,30,8,2026-01-04 10:00:00-08:00,2025-12-29 20:13:12.257705
256943,nfl,Jaguars,Titans,134,135,scheduled,,,,,,,,,,,,,,,,,2026-01-04T18:00:00.000Z,15,15,256943,1974.0,-820,95,85,525,5,15,,,,47.5,-110.0,-110.0,52.0,56.0,48.0,44.0,-12.0,-110,67,87,12.0,-110,33,13,2026-01-04 10:00:00-08:00,2025-12-29 22:11:03.624866
256943,nfl,Jaguars,Titans,134,135,scheduled,,,,,,,,,,,,,,,,,2026-01-04T18:00:00.000Z,15,15,256943,2019.0,-820,96,86,525,4,14,,,,47.5,-110.0,-110.0,51.0,55.0,49.0,45.0,-12.5,-108,68,86,12.5,-112,32,14,2026-01-04 10:00:00-08:00,2025-12-29 23:10:56.655569
256943,nfl,Jaguars,Titans,134,135,scheduled,,,,,,,,,,,,,,,,,2026-01-04T18:00:00.000Z,15,15,256943,2075.0,-820,96,86,540,4,14,,,,47.5,-110.0,-110.0,50.0,53.0,50.0,47.0,-12.5,-108,66,86,12.5,-112,34,14,2026-01-04 10:00:00-08:00,2025-12-30 00:53:54.752783
256943,nfl,Jaguars,Titans,134,135,scheduled,,,,,,,,,,,,,,,,,2026-01-04T18:00:00.000Z,15,15,256943,3099.0,-770,95,80,540,5,20,,,,47.5,-110.0,-110.0,50.0,60.0,50.0,40.0,-12.5,-111,63,61,12.5,-110,37,39,2026-01-04 10:00:00-08:00,2025-12-30 18:17:29.935641
256943,nfl,Jaguars,Titans,134,135,scheduled,,,,,,,,,,,,,,,,,2026-01-04T18:00:00.000Z,15,15,256943,3231.0,-770,95,81,550,5,19,,,,47.5,-110.0,-110.0,51.0,59.0,49.0,41.0,-12.5,-110,64,58,12.5,-110,36,42,2026-01-04 10:00:00-08:00,2025-12-30 21:11:19.391681
256943,nfl,Jaguars,Titans,134,135,scheduled,,,,,,,,,,,,,,,,,2026-01-04T18:00:00.000Z,15,15,256943,4765.0,-770,96,88,525,4,12,,,,47.5,-110.0,-110.0,53.0,59.0,47.0,41.0,-12.5,-110,63,63,12.5,-110,37,37,2026-01-04 10:00:00-08:00,2025-12-31 22:11:38.372698
256943,nfl,Jaguars,Titans,134,135,scheduled,,,,,,,,,,,,,,,,,2026-01-04T18:00:00.000Z,15,15,256943,4957.0,-769,96,86,525,4,14,,,,47.5,-110.0,-110.0,55.0,60.0,45.0,40.0,-12.5,-110,63,63,12.5,-110,37,37,2026-01-04 10:00:00-08:00,2026-01-01 01:00:24.309318
256943,nfl,Jaguars,Titans,134,135,scheduled,,,,,,,,,,,,,,,,,2026-01-04T18:00:00.000Z,15,15,256943,5563.0,-769,96,87,525,4,13,,,,47.5,-110.0,-110.0,58.0,61.0,42.0,39.0,-12.5,-110,64,67,12.5,-111,36,33,2026-01-04 10:00:00-08:00,2026-01-01 16:14:26.066742
256943,nfl,Jaguars,Titans,134,135,scheduled,,,,,,,,,,,,,,,,,2026-01-04T18:00:00.000Z,15,15,256943,5705.0,-800,96,86,550,4,14,,,,47.5,-110.0,-110.0,58.0,61.0,42.0,39.0,-12.5,-111,64,66,12.5,-110,36,34,2026-01-04 10:00:00-08:00,2026-01-01 17:11:45.660441
256943,nfl,Jaguars,Titans,134,135,scheduled,,,,,,,,,,,,,,,,,2026-01-04T18:00:00.000Z,15,15,256943,5977.0,-800,96,86,590,4,14,,,,47.5,-110.0,-110.0,58.0,61.0,42.0,39.0,-13.0,-110,64,65,13.0,-110,36,35,2026-01-04 10:00:00-08:00,2026-01-01 19:09:57.350420
256943,nfl,Jaguars,Titans,134,135,scheduled,,,,,,,,,,,,,,,,,2026-01-04T18:00:00.000Z,15,15,256943,6093.0,-900,96,86,600,4,14,,,,47.5,-110.0,-110.0,58.0,61.0,42.0,39.0,-13.0,-110,63,65,13.0,-110,37,35,2026-01-04 10:00:00-08:00,2026-01-01 20:13:10.714914
256943,nfl,Jaguars,Titans,134,135,scheduled,,,,,,,,,,,,,,,,,2026-01-04T18:00:00.000Z,15,15,256943,6240.0,-900,96,86,600,4,14,,,,47.5,-110.0,-110.0,58.0,61.0,42.0,39.0,-13.5,-111,59,60,13.5,-110,41,40,2026-01-04 10:00:00-08:00,2026-01-01 21:10:51.329680
256943,nfl,Jaguars,Titans,134,135,scheduled,,,,,,,,,,,,,,,,,2026-01-04T18:00:00.000Z,15,15,256943,7088.0,-800,96,85,590,4,15,,,,47.5,-110.0,-110.0,57.0,58.0,43.0,42.0,-13.5,-111,60,60,13.5,-110,40,40,2026-01-04 10:00:00-08:00,2026-01-02 06:18:56.964982
256943,nfl,Jaguars,Titans,134,135,scheduled,,,,,,,,,,,,,,,,,2026-01-04T18:00:00.000Z,15,15,256943,7254.0,-850,96,85,590,4,15,,,,47.5,-110.0,-110.0,57.0,58.0,43.0,42.0,-13.5,-111,60,60,13.5,-110,40,40,2026-01-04 10:00:00-08:00,2026-01-02 12:21:14.212721
256943,nfl,Jaguars,Titans,134,135,scheduled,,,,,,,,,,,,,,,,,2026-01-04T18:00:00.000Z,15,15,256943,8002.0,-850,96,81,550,4,19,,,,47.5,-110.0,-110.0,57.0,59.0,43.0,41.0,-13.5,-111,59,61,13.5,-110,41,39,2026-01-04 10:00:00-08:00,2026-01-02 18:16:46.925150
256943,nfl,Jaguars,Titans,134,135,scheduled,,,,,,,,,,,,,,,,,2026-01-04T18:00:00.000Z,15,15,256943,12742.0,-800,96,80,550,4,20,,,,47.5,-110.0,-110.0,59.0,58.0,41.0,42.0,-13.5,-111,60,65,13.5,-110,40,35,2026-01-04 10:00:00-08:00,2026-01-03 18:15:34.550120
256943,nfl,Jaguars,Titans,134,135,scheduled,,,,,,,,,,,,,,,,,2026-01-04T18:00:00.000Z,15,15,256943,23198.0,-800,95,82,575,5,18,,,,47.5,-110.0,-110.0,57.0,59.0,43.0,41.0,-13.5,-112,61,68,13.5,-108,39,32,2026-01-04 10:00:00-08:00,2026-01-04 13:24:09.053402
256943,nfl,Jaguars,Titans,134,135,scheduled,,,,,,,,,,,,,,,,,2026-01-04T18:00:00.000Z,15,15,256943,24339.0,-800,95,82,575,5,18,,,,47.5,-110.0,-110.0,57.0,59.0,43.0,41.0,-13.5,-110,61,68,13.5,-110,39,32,2026-01-04 10:00:00-08:00,2026-01-04 14:10:40.811639
256943,nfl,Jaguars,Titans,134,135,scheduled,,,,,,,,,,,,,,,,,2026-01-04T18:00:00.000Z,15,15,256943,27020.0,-800,95,82,575,5,18,,,,47.5,-110.0,-111.0,57.0,59.0,43.0,41.0,-13.5,-110,61,68,13.5,-110,39,32,2026-01-04 10:00:00-08:00,2026-01-04 15:10:26.127149
256943,nfl,Jaguars,Titans,134,135,scheduled,,,,,,,,,,,,,,,,,2026-01-04T18:00:00.000Z,15,15,256943,32160.0,-800,95,84,590,5,16,,,,46.5,-115.0,-110.0,54.0,60.0,46.0,40.0,-13.5,-110,61,67,13.5,-110,39,33,2026-01-04 10:00:00-08:00,2026-01-04 16:12:42.814121
256943,nfl,Jaguars,Titans,134,135,scheduled,,,,,,,,,,,,,,,,,2026-01-04T18:00:00.000Z,15,15,256943,41823.0,-800,95,83,575,5,17,,,,46.5,-110.0,-112.0,53.0,60.0,47.0,40.0,-13.5,-110,61,68,13.5,-111,39,32,2026-01-04 10:00:00-08:00,2026-01-04 17:09:51.083935
256944,nfl,Patriots,Dolphins,129,126,scheduled,,,,,,,,,,,,,,,,,2026-01-04T18:00:00.000Z,15,15,256944,65.0,-135,0,0,114,0,0,,,,,,,,,,,-2.5,-110,0,0,2.5,-110,0,0,2026-01-04 10:00:00-08:00,2025-12-23 09:16:17.536168
256944,nfl,Patriots,Dolphins,129,126,scheduled,,,,,,,,,,,,,,,,,2026-01-04T18:00:00.000Z,15,15,256944,65.0,-135,0,0,114,0,0,,,,,,,,,,,-2.5,-110,0,0,2.5,-110,0,0,2026-01-04 10:00:00-08:00,2025-12-23 10:13:06.210150
256944,nfl,Patriots,Dolphins,129,126,scheduled,,,,,,,,,,,,,,,,,2026-01-04T18:00:00.000Z,15,15,256944,65.0,-135,0,0,114,0,0,,,,,,,,,,,-2.5,-110,0,0,2.5,-110,0,0,2026-01-04 10:00:00-08:00,2025-12-23 11:11:08.784743
256944,nfl,Patriots,Dolphins,129,126,scheduled,,,,,,,,,,,,,,,,,2026-01-04T18:00:00.000Z,15,15,256944,65.0,-135,0,0,114,0,0,,,,,,,,,,,-2.5,-110,0,0,2.5,-110,0,0,2026-01-04 10:00:00-08:00,2025-12-23 12:22:14.612235
256944,nfl,Patriots,Dolphins,129,126,scheduled,,,,,,,,,,,,,,,,,2026-01-04T18:00:00.000Z,15,15,256944,65.0,-135,0,0,114,0,0,,,,,,,,,,,-2.5,-110,0,0,2.5,-110,0,0,2026-01-04 10:00:00-08:00,2025-12-23 13:29:59.424423
256944,nfl,Patriots,Dolphins,129,126,scheduled,,,,,,,,,,,,,,,,,2026-01-04T18:00:00.000Z,15,15,256944,65.0,-135,0,0,114,0,0,,,,,,,,,,,-2.5,-110,0,0,2.5,-110,0,0,2026-01-04 10:00:00-08:00,2025-12-23 14:17:10.922397
256944,nfl,Patriots,Dolphins,129,126,scheduled,,,,,,,,,,,,,,,,,2026-01-04T18:00:00.000Z,15,15,256944,65.0,-135,0,0,114,0,0,,,,,,,,,,,-2.5,-110,0,0,2.5,-110,0,0,2026-01-04 10:00:00-08:00,2025-12-23 15:12:27.858291
256944,nfl,Patriots,Dolphins,129,126,scheduled,,,,,,,,,,,,,,,,,2026-01-04T18:00:00.000Z,15,15,256944,80.0,-135,0,0,114,0,0,,,,,,,,,,,-2.5,-110,0,0,2.5,-110,0,0,2026-01-04 10:00:00-08:00,2025-12-23 16:14:41.664935
256944,nfl,Patriots,Dolphins,129,126,scheduled,,,,,,,,,,,,,,,,,2026-01-04T18:00:00.000Z,15,15,256944,80.0,-135,0,0,114,0,0,,,,,,,,,,,-2.5,-110,0,0,2.5,-110,0,0,2026-01-04 10:00:00-08:00,2025-12-23 17:12:43.843165
256944,nfl,Patriots,Dolphins,129,126,scheduled,,,,,,,,,,,,,,,,,2026-01-04T18:00:00.000Z,15,15,256944,80.0,-135,0,0,114,0,0,,,,,,,,,,,-2.5,-110,0,0,2.5,-110,0,0,2026-01-04 10:00:00-08:00,2025-12-23 18:17:16.120344
256944,nfl,Patriots,Dolphins,129,126,scheduled,,,,,,,,,,,,,,,,,2026-01-04T18:00:00.000Z,15,15,256944,80.0,-135,0,0,114,0,0,,,,,,,,,,,-2.5,-110,0,0,2.5,-110,0,0,2026-01-04 10:00:00-08:00,2025-12-23 19:11:23.939282
256944,nfl,Patriots,Dolphins,129,126,scheduled,,,,,,,,,,,,,,,,,2026-01-04T18:00:00.000Z,15,15,256944,85.0,-135,0,0,114,0,0,,,,,,,,,,,-2.5,-110,0,0,2.5,-110,0,0,2026-01-04 10:00:00-08:00,2025-12-23 20:12:13.745210
256944,nfl,Patriots,Dolphins,129,126,scheduled,,,,,,,,,,,,,,,,,2026-01-04T18:00:00.000Z,15,15,256944,85.0,-135,0,0,114,0,0,,,,,,,,,,,-2.5,-110,0,0,2.5,-110,0,0,2026-01-04 10:00:00-08:00,2025-12-23 21:11:08.246482
256944,nfl,Patriots,Dolphins,129,126,scheduled,,,,,,,,,,,,,,,,,2026-01-04T18:00:00.000Z,15,15,256944,85.0,-135,0,0,114,0,0,,,,,,,,,,,-2.5,-110,0,0,2.5,-110,0,0,2026-01-04 10:00:00-08:00,2025-12-23 22:11:17.550605
256944,nfl,Patriots,Dolphins,129,126,scheduled,,,,,,,,,,,,,,,,,2026-01-04T18:00:00.000Z,15,15,256944,85.0,-135,0,0,114,0,0,,,,,,,,,,,-2.5,-110,0,0,2.5,-110,0,0,2026-01-04 10:00:00-08:00,2025-12-23 23:10:50.690018
256944,nfl,Patriots,Dolphins,129,126,scheduled,,,,,,,,,,,,,,,,,2026-01-04T18:00:00.000Z,15,15,256944,95.0,-135,0,0,114,0,0,,,,,,,,,,,-2.5,-110,0,0,2.5,-110,0,0,2026-01-04 10:00:00-08:00,2025-12-24 00:52:58.834144
256944,nfl,Patriots,Dolphins,129,126,scheduled,,,,,,,,,,,,,,,,,2026-01-04T18:00:00.000Z,15,15,256944,95.0,-135,0,0,114,0,0,,,,,,,,,,,-2.5,-110,0,0,2.5,-110,0,0,2026-01-04 10:00:00-08:00,2025-12-24 02:46:48.175308
256944,nfl,Patriots,Dolphins,129,126,scheduled,,,,,,,,,,,,,,,,,2026-01-04T18:00:00.000Z,15,15,256944,95.0,-135,0,0,114,0,0,,,,,,,,,,,-2.5,-110,0,0,2.5,-110,0,0,2026-01-04 10:00:00-08:00,2025-12-24 03:53:02.193110
256944,nfl,Patriots,Dolphins,129,126,scheduled,,,,,,,,,,,,,,,,,2026-01-04T18:00:00.000Z,15,15,256944,95.0,-135,0,0,114,0,0,,,,,,,,,,,-2.5,-110,0,0,2.5,-110,0,0,2026-01-04 10:00:00-08:00,2025-12-24 04:27:48.634138
256944,nfl,Patriots,Dolphins,129,126,scheduled,,,,,,,,,,,,,,,,,2026-01-04T18:00:00.000Z,15,15,256944,95.0,-135,0,0,114,0,0,,,,,,,,,,,-2.5,-110,0,0,2.5,-110,0,0,2026-01-04 10:00:00-08:00,2025-12-24 05:16:27.029426
256944,nfl,Patriots,Dolphins,129,126,scheduled,,,,,,,,,,,,,,,,,2026-01-04T18:00:00.000Z,15,15,256944,95.0,-135,0,0,114,0,0,,,,,,,,,,,-2.5,-110,0,0,2.5,-110,0,0,2026-01-04 10:00:00-08:00,2025-12-24 06:18:42.194536
256944,nfl,Patriots,Dolphins,129,126,scheduled,,,,,,,,,,,,,,,,,2026-01-04T18:00:00.000Z,15,15,256944,95.0,-135,0,0,114,0,0,,,,,,,,,,,-2.5,-110,0,0,2.5,-110,0,0,2026-01-04 10:00:00-08:00,2025-12-24 07:16:13.001894
256944,nfl,Patriots,Dolphins,129,126,scheduled,,,,,,,,,,,,,,,,,2026-01-04T18:00:00.000Z,15,15,256944,95.0,-135,0,0,114,0,0,,,,,,,,,,,-2.5,-110,0,0,2.5,-110,0,0,2026-01-04 10:00:00-08:00,2025-12-24 08:16:53.707714
256944,nfl,Patriots,Dolphins,129,126,scheduled,,,,,,,,,,,,,,,,,2026-01-04T18:00:00.000Z,15,15,256944,95.0,-135,0,0,114,0,0,,,,,,,,,,,-2.5,-110,0,0,2.5,-110,0,0,2026-01-04 10:00:00-08:00,2025-12-24 09:15:53.198968
256944,nfl,Patriots,Dolphins,129,126,scheduled,,,,,,,,,,,,,,,,,2026-01-04T18:00:00.000Z,15,15,256944,95.0,-135,0,0,114,0,0,,,,,,,,,,,-2.5,-110,0,0,2.5,-110,0,0,2026-01-04 10:00:00-08:00,2025-12-24 10:12:23.413696
256944,nfl,Patriots,Dolphins,129,126,scheduled,,,,,,,,,,,,,,,,,2026-01-04T18:00:00.000Z,15,15,256944,95.0,-135,0,0,114,0,0,,,,,,,,,,,-2.5,-110,0,0,2.5,-110,0,0,2026-01-04 10:00:00-08:00,2025-12-24 11:11:18.376556
256944,nfl,Patriots,Dolphins,129,126,scheduled,,,,,,,,,,,,,,,,,2026-01-04T18:00:00.000Z,15,15,256944,95.0,-135,0,0,114,0,0,,,,,,,,,,,-2.5,-110,0,0,2.5,-110,0,0,2026-01-04 10:00:00-08:00,2025-12-24 12:21:25.497297
256944,nfl,Patriots,Dolphins,129,126,scheduled,,,,,,,,,,,,,,,,,2026-01-04T18:00:00.000Z,15,15,256944,95.0,-135,0,0,114,0,0,,,,,,,,,,,-2.5,-110,0,0,2.5,-110,0,0,2026-01-04 10:00:00-08:00,2025-12-24 13:26:08.977180
256944,nfl,Patriots,Dolphins,129,126,scheduled,,,,,,,,,,,,,,,,,2026-01-04T18:00:00.000Z,15,15,256944,95.0,-135,0,0,114,0,0,,,,,,,,,,,-2.5,-110,0,0,2.5,-110,0,0,2026-01-04 10:00:00-08:00,2025-12-24 14:10:57.708914
256944,nfl,Patriots,Dolphins,129,126,scheduled,,,,,,,,,,,,,,,,,2026-01-04T18:00:00.000Z,15,15,256944,95.0,-135,0,0,114,0,0,,,,,,,,,,,-2.5,-110,0,0,2.5,-110,0,0,2026-01-04 10:00:00-08:00,2025-12-24 15:12:04.492652
256944,nfl,Patriots,Dolphins,129,126,scheduled,,,,,,,,,,,,,,,,,2026-01-04T18:00:00.000Z,15,15,256944,95.0,-135,0,0,114,0,0,,,,,,,,,,,-2.5,-110,0,0,2.5,-110,0,0,2026-01-04 10:00:00-08:00,2025-12-24 16:14:09.792023
256944,nfl,Patriots,Dolphins,129,126,scheduled,,,,,,,,,,,,,,,,,2026-01-04T18:00:00.000Z,15,15,256944,95.0,-135,0,0,114,0,0,,,,,,,,,,,-2.5,-110,0,0,2.5,-110,0,0,2026-01-04 10:00:00-08:00,2025-12-24 17:09:35.629600
256944,nfl,Patriots,Dolphins,129,126,scheduled,,,,,,,,,,,,,,,,,2026-01-04T18:00:00.000Z,15,15,256944,95.0,-135,0,0,114,0,0,,,,,,,,,,,-2.5,-110,0,0,2.5,-110,0,0,2026-01-04 10:00:00-08:00,2025-12-24 18:16:30.988985
256944,nfl,Patriots,Dolphins,129,126,scheduled,,,,,,,,,,,,,,,,,2026-01-04T18:00:00.000Z,15,15,256944,95.0,-135,0,0,114,0,0,,,,,,,,,,,-2.5,-110,0,0,2.5,-110,0,0,2026-01-04 10:00:00-08:00,2025-12-24 19:09:17.008378
256944,nfl,Patriots,Dolphins,129,126,scheduled,,,,,,,,,,,,,,,,,2026-01-04T18:00:00.000Z,15,15,256944,95.0,-135,0,0,114,0,0,,,,,,,,,,,-2.5,-110,0,0,2.5,-110,0,0,2026-01-04 10:00:00-08:00,2025-12-24 20:12:20.802607
256944,nfl,Patriots,Dolphins,129,126,scheduled,,,,,,,,,,,,,,,,,2026-01-04T18:00:00.000Z,15,15,256944,95.0,-135,0,0,114,0,0,,,,,,,,,,,-2.5,-110,0,0,2.5,-110,0,0,2026-01-04 10:00:00-08:00,2025-12-24 21:10:22.009660
256944,nfl,Patriots,Dolphins,129,126,scheduled,,,,,,,,,,,,,,,,,2026-01-04T18:00:00.000Z,15,15,256944,95.0,-135,0,0,114,0,0,,,,,,,,,,,-2.5,-110,0,0,2.5,-110,0,0,2026-01-04 10:00:00-08:00,2025-12-24 22:11:26.458784
256944,nfl,Patriots,Dolphins,129,126,scheduled,,,,,,,,,,,,,,,,,2026-01-04T18:00:00.000Z,15,15,256944,95.0,-135,0,0,114,0,0,,,,,,,,,,,-2.5,-110,0,0,2.5,-110,0,0,2026-01-04 10:00:00-08:00,2025-12-24 23:11:00.971821
256944,nfl,Patriots,Dolphins,129,126,scheduled,,,,,,,,,,,,,,,,,2026-01-04T18:00:00.000Z,15,15,256944,95.0,-135,0,0,114,0,0,,,,,,,,,,,-2.5,-110,0,0,2.5,-110,0,0,2026-01-04 10:00:00-08:00,2025-12-25 00:53:33.419107
256944,nfl,Patriots,Dolphins,129,126,scheduled,,,,,,,,,,,,,,,,,2026-01-04T18:00:00.000Z,15,15,256944,95.0,-135,0,0,114,0,0,,,,,,,,,,,-2.5,-110,0,0,2.5,-110,0,0,2026-01-04 10:00:00-08:00,2025-12-25 02:49:59.453329
256944,nfl,Patriots,Dolphins,129,126,scheduled,,,,,,,,,,,,,,,,,2026-01-04T18:00:00.000Z,15,15,256944,95.0,-135,0,0,114,0,0,,,,,,,,,,,-2.5,-110,0,0,2.5,-110,0,0,2026-01-04 10:00:00-08:00,2025-12-25 03:55:25.769626
256944,nfl,Patriots,Dolphins,129,126,scheduled,,,,,,,,,,,,,,,,,2026-01-04T18:00:00.000Z,15,15,256944,95.0,-135,0,0,114,0,0,,,,,,,,,,,-2.5,-110,0,0,2.5,-110,0,0,2026-01-04 10:00:00-08:00,2025-12-25 04:29:42.325008
256944,nfl,Patriots,Dolphins,129,126,scheduled,,,,,,,,,,,,,,,,,2026-01-04T18:00:00.000Z,15,15,256944,95.0,-135,0,0,114,0,0,,,,,,,,,,,-2.5,-110,0,0,2.5,-110,0,0,2026-01-04 10:00:00-08:00,2025-12-25 05:15:49.857201
256944,nfl,Patriots,Dolphins,129,126,scheduled,,,,,,,,,,,,,,,,,2026-01-04T18:00:00.000Z,15,15,256944,100.0,-135,0,0,114,0,0,,,,,,,,,,,-2.5,-110,0,0,2.5,-110,0,0,2026-01-04 10:00:00-08:00,2025-12-25 06:18:13.825718
256944,nfl,Patriots,Dolphins,129,126,scheduled,,,,,,,,,,,,,,,,,2026-01-04T18:00:00.000Z,15,15,256944,100.0,-135,0,0,114,0,0,,,,,,,,,,,-2.5,-110,0,0,2.5,-110,0,0,2026-01-04 10:00:00-08:00,2025-12-25 07:14:23.068338
256944,nfl,Patriots,Dolphins,129,126,scheduled,,,,,,,,,,,,,,,,,2026-01-04T18:00:00.000Z,15,15,256944,100.0,-135,0,0,114,0,0,,,,,,,,,,,-2.5,-110,0,0,2.5,-110,0,0,2026-01-04 10:00:00-08:00,2025-12-25 08:16:00.715753
256944,nfl,Patriots,Dolphins,129,126,scheduled,,,,,,,,,,,,,,,,,2026-01-04T18:00:00.000Z,15,15,256944,100.0,-135,0,0,114,0,0,,,,,,,,,,,-2.5,-110,0,0,2.5,-110,0,0,2026-01-04 10:00:00-08:00,2025-12-25 09:14:06.366333
256944,nfl,Patriots,Dolphins,129,126,scheduled,,,,,,,,,,,,,,,,,2026-01-04T18:00:00.000Z,15,15,256944,100.0,-135,0,0,114,0,0,,,,,,,,,,,-2.5,-110,0,0,2.5,-110,0,0,2026-01-04 10:00:00-08:00,2025-12-25 10:12:22.975712
256944,nfl,Patriots,Dolphins,129,126,scheduled,,,,,,,,,,,,,,,,,2026-01-04T18:00:00.000Z,15,15,256944,106.0,-135,0,0,114,0,0,,,,,,,,,,,-2.5,-110,0,0,2.5,-110,0,0,2026-01-04 10:00:00-08:00,2025-12-25 11:09:49.247669
256944,nfl,Patriots,Dolphins,129,126,scheduled,,,,,,,,,,,,,,,,,2026-01-04T18:00:00.000Z,15,15,256944,106.0,-135,0,0,114,0,0,,,,,,,,,,,-2.5,-110,0,0,2.5,-110,0,0,2026-01-04 10:00:00-08:00,2025-12-25 12:21:09.618433
256944,nfl,Patriots,Dolphins,129,126,scheduled,,,,,,,,,,,,,,,,,2026-01-04T18:00:00.000Z,15,15,256944,111.0,-135,0,0,114,0,0,,,,,,,,,,,-2.5,-110,0,0,2.5,-110,0,0,2026-01-04 10:00:00-08:00,2025-12-25 13:26:08.213227
256944,nfl,Patriots,Dolphins,129,126,scheduled,,,,,,,,,,,,,,,,,2026-01-04T18:00:00.000Z,15,15,256944,111.0,-135,0,0,114,0,0,,,,,,,,,,,-2.5,-110,0,0,2.5,-110,0,0,2026-01-04 10:00:00-08:00,2025-12-25 14:11:00.973101
256944,nfl,Patriots,Dolphins,129,126,scheduled,,,,,,,,,,,,,,,,,2026-01-04T18:00:00.000Z,15,15,256944,126.0,-135,0,0,114,0,0,,,,,,,,,,,-2.5,-110,0,0,2.5,-110,0,0,2026-01-04 10:00:00-08:00,2025-12-25 15:11:35.479757
256944,nfl,Patriots,Dolphins,129,126,scheduled,,,,,,,,,,,,,,,,,2026-01-04T18:00:00.000Z,15,15,256944,126.0,-135,0,0,114,0,0,,,,,,,,,,,-2.5,-110,0,0,2.5,-110,0,0,2026-01-04 10:00:00-08:00,2025-12-25 16:14:02.305277
256944,nfl,Patriots,Dolphins,129,126,scheduled,,,,,,,,,,,,,,,,,2026-01-04T18:00:00.000Z,15,15,256944,126.0,-135,0,0,114,0,0,,,,,,,,,,,-2.5,-110,0,0,2.5,-110,0,0,2026-01-04 10:00:00-08:00,2025-12-25 17:10:18.922147
256944,nfl,Patriots,Dolphins,129,126,scheduled,,,,,,,,,,,,,,,,,2026-01-04T18:00:00.000Z,15,15,256944,126.0,-135,0,0,114,0,0,,,,,,,,,,,-2.5,-110,0,0,2.5,-110,0,0,2026-01-04 10:00:00-08:00,2025-12-25 18:16:04.653155
256944,nfl,Patriots,Dolphins,129,126,scheduled,,,,,,,,,,,,,,,,,2026-01-04T18:00:00.000Z,15,15,256944,126.0,-135,0,0,114,0,0,,,,,,,,,,,-2.5,-110,0,0,2.5,-110,0,0,2026-01-04 10:00:00-08:00,2025-12-25 19:08:44.595749
256944,nfl,Patriots,Dolphins,129,126,scheduled,,,,,,,,,,,,,,,,,2026-01-04T18:00:00.000Z,15,15,256944,126.0,-135,0,0,114,0,0,,,,,,,,,,,-2.5,-110,0,0,2.5,-110,0,0,2026-01-04 10:00:00-08:00,2025-12-25 20:12:42.476949
256944,nfl,Patriots,Dolphins,129,126,scheduled,,,,,,,,,,,,,,,,,2026-01-04T18:00:00.000Z,15,15,256944,126.0,-135,0,0,114,0,0,,,,,,,,,,,-2.5,-110,0,0,2.5,-110,0,0,2026-01-04 10:00:00-08:00,2025-12-25 21:10:37.126469
256944,nfl,Patriots,Dolphins,129,126,scheduled,,,,,,,,,,,,,,,,,2026-01-04T18:00:00.000Z,15,15,256944,126.0,-135,0,0,114,0,0,,,,,,,,,,,-2.5,-110,0,0,2.5,-110,0,0,2026-01-04 10:00:00-08:00,2025-12-25 22:10:55.114350
256944,nfl,Patriots,Dolphins,129,126,scheduled,,,,,,,,,,,,,,,,,2026-01-04T18:00:00.000Z,15,15,256944,126.0,-135,0,0,114,0,0,,,,,,,,,,,-2.5,-110,0,0,2.5,-110,0,0,2026-01-04 10:00:00-08:00,2025-12-25 23:10:56.421975
256944,nfl,Patriots,Dolphins,129,126,scheduled,,,,,,,,,,,,,,,,,2026-01-04T18:00:00.000Z,15,15,256944,126.0,-135,0,0,114,0,0,,,,,,,,,,,-2.5,-110,0,0,2.5,-110,0,0,2026-01-04 10:00:00-08:00,2025-12-26 00:53:48.245895
256944,nfl,Patriots,Dolphins,129,126,scheduled,,,,,,,,,,,,,,,,,2026-01-04T18:00:00.000Z,15,15,256944,136.0,-135,0,0,114,0,0,,,,,,,,,,,-2.5,-110,0,0,2.5,-110,0,0,2026-01-04 10:00:00-08:00,2025-12-26 02:48:12.653569
256944,nfl,Patriots,Dolphins,129,126,scheduled,,,,,,,,,,,,,,,,,2026-01-04T18:00:00.000Z,15,15,256944,136.0,-135,0,0,114,0,0,,,,,,,,,,,-2.5,-110,0,0,2.5,-110,0,0,2026-01-04 10:00:00-08:00,2025-12-26 03:53:11.217020
256944,nfl,Patriots,Dolphins,129,126,scheduled,,,,,,,,,,,,,,,,,2026-01-04T18:00:00.000Z,15,15,256944,136.0,-135,0,0,114,0,0,,,,,,,,,,,-2.5,-110,0,0,2.5,-110,0,0,2026-01-04 10:00:00-08:00,2025-12-26 04:26:57.166699
256944,nfl,Patriots,Dolphins,129,126,scheduled,,,,,,,,,,,,,,,,,2026-01-04T18:00:00.000Z,15,15,256944,136.0,-135,0,0,114,0,0,,,,,,,,,,,-2.5,-110,0,0,2.5,-110,0,0,2026-01-04 10:00:00-08:00,2025-12-26 05:14:05.661706
256944,nfl,Patriots,Dolphins,129,126,scheduled,,,,,,,,,,,,,,,,,2026-01-04T18:00:00.000Z,15,15,256944,136.0,-135,0,0,114,0,0,,,,,,,,,,,-2.5,-110,0,0,2.5,-110,0,0,2026-01-04 10:00:00-08:00,2025-12-26 06:18:19.629052
256944,nfl,Patriots,Dolphins,129,126,scheduled,,,,,,,,,,,,,,,,,2026-01-04T18:00:00.000Z,15,15,256944,136.0,-135,0,0,114,0,0,,,,,,,,,,,-2.5,-110,0,0,2.5,-110,0,0,2026-01-04 10:00:00-08:00,2025-12-26 07:14:32.775070
256944,nfl,Patriots,Dolphins,129,126,scheduled,,,,,,,,,,,,,,,,,2026-01-04T18:00:00.000Z,15,15,256944,136.0,-135,0,0,114,0,0,,,,,,,,,,,-2.5,-110,0,0,2.5,-110,0,0,2026-01-04 10:00:00-08:00,2025-12-26 08:15:33.156915
256944,nfl,Patriots,Dolphins,129,126,scheduled,,,,,,,,,,,,,,,,,2026-01-04T18:00:00.000Z,15,15,256944,136.0,-135,0,0,114,0,0,,,,,,,,,,,-2.5,-110,0,0,2.5,-110,0,0,2026-01-04 10:00:00-08:00,2025-12-26 09:13:32.561712
256944,nfl,Patriots,Dolphins,129,126,scheduled,,,,,,,,,,,,,,,,,2026-01-04T18:00:00.000Z,15,15,256944,136.0,-135,0,0,114,0,0,,,,,,,,,,,-2.5,-110,0,0,2.5,-110,0,0,2026-01-04 10:00:00-08:00,2025-12-26 10:12:21.713290
256944,nfl,Patriots,Dolphins,129,126,scheduled,,,,,,,,,,,,,,,,,2026-01-04T18:00:00.000Z,15,15,256944,136.0,-135,0,0,114,0,0,,,,,,,,,,,-2.5,-110,0,0,2.5,-110,0,0,2026-01-04 10:00:00-08:00,2025-12-26 11:10:23.584512
256944,nfl,Patriots,Dolphins,129,126,scheduled,,,,,,,,,,,,,,,,,2026-01-04T18:00:00.000Z,15,15,256944,136.0,-135,0,0,114,0,0,,,,,,,,,,,-2.5,-110,0,0,2.5,-110,0,0,2026-01-04 10:00:00-08:00,2025-12-26 12:21:19.110492
256944,nfl,Patriots,Dolphins,129,126,scheduled,,,,,,,,,,,,,,,,,2026-01-04T18:00:00.000Z,15,15,256944,141.0,-135,0,0,114,0,0,,,,,,,,,,,-2.5,-110,0,0,2.5,-110,0,0,2026-01-04 10:00:00-08:00,2025-12-26 13:26:42.595417
256944,nfl,Patriots,Dolphins,129,126,scheduled,,,,,,,,,,,,,,,,,2026-01-04T18:00:00.000Z,15,15,256944,141.0,-135,0,0,114,0,0,,,,,,,,,,,-2.5,-110,0,0,2.5,-110,0,0,2026-01-04 10:00:00-08:00,2025-12-26 14:11:25.597287
256944,nfl,Patriots,Dolphins,129,126,scheduled,,,,,,,,,,,,,,,,,2026-01-04T18:00:00.000Z,15,15,256944,141.0,-135,0,0,114,0,0,,,,,,,,,,,-2.5,-110,0,0,2.5,-110,0,0,2026-01-04 10:00:00-08:00,2025-12-26 15:11:28.582506
256944,nfl,Patriots,Dolphins,129,126,scheduled,,,,,,,,,,,,,,,,,2026-01-04T18:00:00.000Z,15,15,256944,156.0,-135,0,0,114,0,0,,,,,,,,,,,-2.5,-110,0,0,2.5,-110,0,0,2026-01-04 10:00:00-08:00,2025-12-26 16:13:09.764832
256944,nfl,Patriots,Dolphins,129,126,scheduled,,,,,,,,,,,,,,,,,2026-01-04T18:00:00.000Z,15,15,256944,156.0,-135,0,0,114,0,0,,,,,,,,,,,-2.5,-110,0,0,2.5,-110,0,0,2026-01-04 10:00:00-08:00,2025-12-26 17:09:41.955264
256944,nfl,Patriots,Dolphins,129,126,scheduled,,,,,,,,,,,,,,,,,2026-01-04T18:00:00.000Z,15,15,256944,156.0,-135,0,0,114,0,0,,,,,,,,,,,-2.5,-110,0,0,2.5,-110,0,0,2026-01-04 10:00:00-08:00,2025-12-26 18:16:46.153208
256944,nfl,Patriots,Dolphins,129,126,scheduled,,,,,,,,,,,,,,,,,2026-01-04T18:00:00.000Z,15,15,256944,156.0,-135,0,0,114,0,0,,,,,,,,,,,-2.5,-110,0,0,2.5,-110,0,0,2026-01-04 10:00:00-08:00,2025-12-26 19:09:19.395442
256944,nfl,Patriots,Dolphins,129,126,scheduled,,,,,,,,,,,,,,,,,2026-01-04T18:00:00.000Z,15,15,256944,156.0,-135,0,0,114,0,0,,,,,,,,,,,-2.5,-110,0,0,2.5,-110,0,0,2026-01-04 10:00:00-08:00,2025-12-26 20:11:58.806493
256944,nfl,Patriots,Dolphins,129,126,scheduled,,,,,,,,,,,,,,,,,2026-01-04T18:00:00.000Z,15,15,256944,156.0,-135,0,0,114,0,0,,,,,,,,,,,-2.5,-110,0,0,2.5,-110,0,0,2026-01-04 10:00:00-08:00,2025-12-26 21:10:14.281340
256944,nfl,Patriots,Dolphins,129,126,scheduled,,,,,,,,,,,,,,,,,2026-01-04T18:00:00.000Z,15,15,256944,156.0,-135,0,0,114,0,0,,,,,,,,,,,-2.5,-110,0,0,2.5,-110,0,0,2026-01-04 10:00:00-08:00,2025-12-26 22:11:05.868112
256944,nfl,Patriots,Dolphins,129,126,scheduled,,,,,,,,,,,,,,,,,2026-01-04T18:00:00.000Z,15,15,256944,156.0,-135,0,0,114,0,0,,,,,,,,,,,-2.5,-110,0,0,2.5,-110,0,0,2026-01-04 10:00:00-08:00,2025-12-26 23:11:05.262155
256944,nfl,Patriots,Dolphins,129,126,scheduled,,,,,,,,,,,,,,,,,2026-01-04T18:00:00.000Z,15,15,256944,161.0,-135,0,0,114,0,0,,,,,,,,,,,-2.5,-110,0,0,2.5,-110,0,0,2026-01-04 10:00:00-08:00,2025-12-27 00:52:09.619620
256944,nfl,Patriots,Dolphins,129,126,scheduled,,,,,,,,,,,,,,,,,2026-01-04T18:00:00.000Z,15,15,256944,161.0,-135,0,0,114,0,0,,,,,,,,,,,-2.5,-110,0,0,2.5,-110,0,0,2026-01-04 10:00:00-08:00,2025-12-27 02:45:26.354219
256944,nfl,Patriots,Dolphins,129,126,scheduled,,,,,,,,,,,,,,,,,2026-01-04T18:00:00.000Z,15,15,256944,161.0,-135,0,0,114,0,0,,,,,,,,,,,-2.5,-110,0,0,2.5,-110,0,0,2026-01-04 10:00:00-08:00,2025-12-27 03:50:46.386921
256944,nfl,Patriots,Dolphins,129,126,scheduled,,,,,,,,,,,,,,,,,2026-01-04T18:00:00.000Z,15,15,256944,161.0,-135,0,0,114,0,0,,,,,,,,,,,-2.5,-110,0,0,2.5,-110,0,0,2026-01-04 10:00:00-08:00,2025-12-27 04:23:57.433834
256944,nfl,Patriots,Dolphins,129,126,scheduled,,,,,,,,,,,,,,,,,2026-01-04T18:00:00.000Z,15,15,256944,161.0,-135,0,0,114,0,0,,,,,,,,,,,-2.5,-110,0,0,2.5,-110,0,0,2026-01-04 10:00:00-08:00,2025-12-27 05:12:59.384988
256944,nfl,Patriots,Dolphins,129,126,scheduled,,,,,,,,,,,,,,,,,2026-01-04T18:00:00.000Z,15,15,256944,161.0,-135,0,0,114,0,0,,,,,,,,,,,-2.5,-110,0,0,2.5,-110,0,0,2026-01-04 10:00:00-08:00,2025-12-27 06:16:57.481674
256944,nfl,Patriots,Dolphins,129,126,scheduled,,,,,,,,,,,,,,,,,2026-01-04T18:00:00.000Z,15,15,256944,161.0,-135,0,0,114,0,0,,,,,,,,,,,-2.5,-110,0,0,2.5,-110,0,0,2026-01-04 10:00:00-08:00,2025-12-27 07:11:15.600789
256944,nfl,Patriots,Dolphins,129,126,scheduled,,,,,,,,,,,,,,,,,2026-01-04T18:00:00.000Z,15,15,256944,161.0,-135,0,0,114,0,0,,,,,,,,,,,-2.5,-110,0,0,2.5,-110,0,0,2026-01-04 10:00:00-08:00,2025-12-27 08:14:18.684212
256944,nfl,Patriots,Dolphins,129,126,scheduled,,,,,,,,,,,,,,,,,2026-01-04T18:00:00.000Z,15,15,256944,161.0,-135,0,0,114,0,0,,,,,,,,,,,-2.5,-110,0,0,2.5,-110,0,0,2026-01-04 10:00:00-08:00,2025-12-27 09:11:28.628963
256944,nfl,Patriots,Dolphins,129,126,scheduled,,,,,,,,,,,,,,,,,2026-01-04T18:00:00.000Z,15,15,256944,171.0,-135,0,0,114,0,0,,,,,,,,,,,-2.5,-110,0,0,2.5,-110,0,0,2026-01-04 10:00:00-08:00,2025-12-27 10:10:55.349865
256944,nfl,Patriots,Dolphins,129,126,scheduled,,,,,,,,,,,,,,,,,2026-01-04T18:00:00.000Z,15,15,256944,171.0,-135,0,0,114,0,0,,,,,,,,,,,-2.5,-110,0,0,2.5,-110,0,0,2026-01-04 10:00:00-08:00,2025-12-27 11:09:08.371334
256944,nfl,Patriots,Dolphins,129,126,scheduled,,,,,,,,,,,,,,,,,2026-01-04T18:00:00.000Z,15,15,256944,171.0,-135,0,0,114,0,0,,,,,,,,,,,-2.5,-110,0,0,2.5,-110,0,0,2026-01-04 10:00:00-08:00,2025-12-27 12:20:02.722447
256944,nfl,Patriots,Dolphins,129,126,scheduled,,,,,,,,,,,,,,,,,2026-01-04T18:00:00.000Z,15,15,256944,171.0,-135,0,0,114,0,0,,,,,,,,,,,-2.5,-110,0,0,2.5,-110,0,0,2026-01-04 10:00:00-08:00,2025-12-27 13:22:36.153313
256944,nfl,Patriots,Dolphins,129,126,scheduled,,,,,,,,,,,,,,,,,2026-01-04T18:00:00.000Z,15,15,256944,171.0,-135,0,0,114,0,0,,,,,,,,,,,-2.5,-110,0,0,2.5,-110,0,0,2026-01-04 10:00:00-08:00,2025-12-27 14:10:09.105416
256944,nfl,Patriots,Dolphins,129,126,scheduled,,,,,,,,,,,,,,,,,2026-01-04T18:00:00.000Z,15,15,256944,171.0,-135,0,0,114,0,0,,,,,,,,,,,-2.5,-110,0,0,2.5,-110,0,0,2026-01-04 10:00:00-08:00,2025-12-27 15:10:27.408251
256944,nfl,Patriots,Dolphins,129,126,scheduled,,,,,,,,,,,,,,,,,2026-01-04T18:00:00.000Z,15,15,256944,171.0,-135,0,0,114,0,0,,,,,,,,,,,-2.5,-110,0,0,2.5,-110,0,0,2026-01-04 10:00:00-08:00,2025-12-27 16:12:35.498777
256944,nfl,Patriots,Dolphins,129,126,scheduled,,,,,,,,,,,,,,,,,2026-01-04T18:00:00.000Z,15,15,256944,181.0,-135,0,0,114,0,0,,,,,,,,,,,-2.5,-110,0,0,2.5,-110,0,0,2026-01-04 10:00:00-08:00,2025-12-27 17:09:24.679173
256944,nfl,Patriots,Dolphins,129,126,scheduled,,,,,,,,,,,,,,,,,2026-01-04T18:00:00.000Z,15,15,256944,181.0,-135,0,0,114,0,0,,,,,,,,,,,-2.5,-110,0,0,2.5,-110,0,0,2026-01-04 10:00:00-08:00,2025-12-27 18:15:21.593820
256944,nfl,Patriots,Dolphins,129,126,scheduled,,,,,,,,,,,,,,,,,2026-01-04T18:00:00.000Z,15,15,256944,181.0,-135,0,0,114,0,0,,,,,,,,,,,-2.5,-110,0,0,2.5,-110,0,0,2026-01-04 10:00:00-08:00,2025-12-27 19:08:11.020979
256944,nfl,Patriots,Dolphins,129,126,scheduled,,,,,,,,,,,,,,,,,2026-01-04T18:00:00.000Z,15,15,256944,181.0,-135,0,0,114,0,0,,,,,,,,,,,-2.5,-110,0,0,2.5,-110,0,0,2026-01-04 10:00:00-08:00,2025-12-27 20:11:58.147200
256944,nfl,Patriots,Dolphins,129,126,scheduled,,,,,,,,,,,,,,,,,2026-01-04T18:00:00.000Z,15,15,256944,181.0,-135,0,0,114,0,0,,,,,,,,,,,-2.5,-110,0,0,2.5,-110,0,0,2026-01-04 10:00:00-08:00,2025-12-27 21:09:16.490123
256944,nfl,Patriots,Dolphins,129,126,scheduled,,,,,,,,,,,,,,,,,2026-01-04T18:00:00.000Z,15,15,256944,181.0,-135,0,0,114,0,0,,,,,,,,,,,-2.5,-110,0,0,2.5,-110,0,0,2026-01-04 10:00:00-08:00,2025-12-27 22:10:37.549818
256944,nfl,Patriots,Dolphins,129,126,scheduled,,,,,,,,,,,,,,,,,2026-01-04T18:00:00.000Z,15,15,256944,181.0,-135,0,0,114,0,0,,,,,,,,,,,-2.5,-110,0,0,2.5,-110,0,0,2026-01-04 10:00:00-08:00,2025-12-27 23:10:56.507855
256944,nfl,Patriots,Dolphins,129,126,scheduled,,,,,,,,,,,,,,,,,2026-01-04T18:00:00.000Z,15,15,256944,181.0,-135,0,0,114,0,0,,,,,,,,,,,-2.5,-110,0,0,2.5,-110,0,0,2026-01-04 10:00:00-08:00,2025-12-28 01:00:23.835801
256944,nfl,Patriots,Dolphins,129,126,scheduled,,,,,,,,,,,,,,,,,2026-01-04T18:00:00.000Z,15,15,256944,181.0,-135,0,0,114,0,0,,,,,,,,,,,-2.5,-110,0,0,2.5,-110,0,0,2026-01-04 10:00:00-08:00,2025-12-28 03:06:32.710666
256944,nfl,Patriots,Dolphins,129,126,scheduled,,,,,,,,,,,,,,,,,2026-01-04T18:00:00.000Z,15,15,256944,181.0,-135,0,0,114,0,0,,,,,,,,,,,-2.5,-110,0,0,2.5,-110,0,0,2026-01-04 10:00:00-08:00,2025-12-28 04:37:04.226145
256944,nfl,Patriots,Dolphins,129,126,scheduled,,,,,,,,,,,,,,,,,2026-01-04T18:00:00.000Z,15,15,256944,191.0,-135,0,0,114,0,0,,,,,,,,,,,-2.5,-110,0,0,2.5,-110,0,0,2026-01-04 10:00:00-08:00,2025-12-28 05:16:17.294985
256944,nfl,Patriots,Dolphins,129,126,scheduled,,,,,,,,,,,,,,,,,2026-01-04T18:00:00.000Z,15,15,256944,196.0,-135,0,0,114,0,0,,,,,,,,,,,-2.5,-110,0,0,2.5,-110,0,0,2026-01-04 10:00:00-08:00,2025-12-28 06:17:08.821207
256944,nfl,Patriots,Dolphins,129,126,scheduled,,,,,,,,,,,,,,,,,2026-01-04T18:00:00.000Z,15,15,256944,212.0,-135,0,0,114,0,0,,,,,,,,,,,-2.5,-110,0,0,2.5,-110,0,0,2026-01-04 10:00:00-08:00,2025-12-28 07:12:39.376726
256944,nfl,Patriots,Dolphins,129,126,scheduled,,,,,,,,,,,,,,,,,2026-01-04T18:00:00.000Z,15,15,256944,212.0,-135,0,0,114,0,0,,,,,,,,,,,-2.5,-110,0,0,2.5,-110,0,0,2026-01-04 10:00:00-08:00,2025-12-28 08:15:12.992681
256944,nfl,Patriots,Dolphins,129,126,scheduled,,,,,,,,,,,,,,,,,2026-01-04T18:00:00.000Z,15,15,256944,212.0,-135,0,0,114,0,0,,,,,,,,,,,-2.5,-110,0,0,2.5,-110,0,0,2026-01-04 10:00:00-08:00,2025-12-28 09:11:07.181303
256944,nfl,Patriots,Dolphins,129,126,scheduled,,,,,,,,,,,,,,,,,2026-01-04T18:00:00.000Z,15,15,256944,212.0,-135,0,0,114,0,0,,,,,,,,,,,-2.5,-110,0,0,2.5,-110,0,0,2026-01-04 10:00:00-08:00,2025-12-28 10:11:08.388558
256944,nfl,Patriots,Dolphins,129,126,scheduled,,,,,,,,,,,,,,,,,2026-01-04T18:00:00.000Z,15,15,256944,212.0,-135,0,0,114,0,0,,,,,,,,,,,-2.5,-110,0,0,2.5,-110,0,0,2026-01-04 10:00:00-08:00,2025-12-28 11:09:38.837778
256944,nfl,Patriots,Dolphins,129,126,scheduled,,,,,,,,,,,,,,,,,2026-01-04T18:00:00.000Z,15,15,256944,212.0,-135,0,0,114,0,0,,,,,,,,,,,-2.5,-110,0,0,2.5,-110,0,0,2026-01-04 10:00:00-08:00,2025-12-28 12:20:06.953014
256944,nfl,Patriots,Dolphins,129,126,scheduled,,,,,,,,,,,,,,,,,2026-01-04T18:00:00.000Z,15,15,256944,212.0,-135,0,0,114,0,0,,,,,,,,,,,-2.5,-110,0,0,2.5,-110,0,0,2026-01-04 10:00:00-08:00,2025-12-28 13:23:27.247143
256944,nfl,Patriots,Dolphins,129,126,scheduled,,,,,,,,,,,,,,,,,2026-01-04T18:00:00.000Z,15,15,256944,212.0,-135,0,0,114,0,0,,,,,,,,,,,-2.5,-110,0,0,2.5,-110,0,0,2026-01-04 10:00:00-08:00,2025-12-28 14:10:52.394624
256944,nfl,Patriots,Dolphins,129,126,scheduled,,,,,,,,,,,,,,,,,2026-01-04T18:00:00.000Z,15,15,256944,212.0,-135,0,0,114,0,0,,,,,,,,,,,-2.5,-110,0,0,2.5,-110,0,0,2026-01-04 10:00:00-08:00,2025-12-28 15:10:53.771829
256944,nfl,Patriots,Dolphins,129,126,scheduled,,,,,,,,,,,,,,,,,2026-01-04T18:00:00.000Z,15,15,256944,212.0,-135,0,0,114,0,0,,,,,,,,,,,-2.5,-110,0,0,2.5,-110,0,0,2026-01-04 10:00:00-08:00,2025-12-28 16:12:43.249346
256944,nfl,Patriots,Dolphins,129,126,scheduled,,,,,,,,,,,,,,,,,2026-01-04T18:00:00.000Z,15,15,256944,212.0,-135,0,0,114,0,0,,,,,,,,,,,-2.5,-110,0,0,2.5,-110,0,0,2026-01-04 10:00:00-08:00,2025-12-28 17:09:55.421727
256944,nfl,Patriots,Dolphins,129,126,scheduled,,,,,,,,,,,,,,,,,2026-01-04T18:00:00.000Z,15,15,256944,212.0,-135,0,0,114,0,0,,,,,,,,,,,-2.5,-110,0,0,2.5,-110,0,0,2026-01-04 10:00:00-08:00,2025-12-28 18:16:04.872989
256944,nfl,Patriots,Dolphins,129,126,scheduled,,,,,,,,,,,,,,,,,2026-01-04T18:00:00.000Z,15,15,256944,212.0,-135,0,0,114,0,0,,,,,,,,,,,-2.5,-110,0,0,2.5,-110,0,0,2026-01-04 10:00:00-08:00,2025-12-28 19:08:36.704489
256944,nfl,Patriots,Dolphins,129,126,scheduled,,,,,,,,,,,,,,,,,2026-01-04T18:00:00.000Z,15,15,256944,212.0,-135,0,0,114,0,0,,,,,,,,,,,-2.5,-110,0,0,2.5,-110,0,0,2026-01-04 10:00:00-08:00,2025-12-28 20:12:38.642673
256944,nfl,Patriots,Dolphins,129,126,scheduled,,,,,,,,,,,,,,,,,2026-01-04T18:00:00.000Z,15,15,256944,212.0,-135,0,0,114,0,0,,,,,,,,,,,-2.5,-110,0,0,2.5,-110,0,0,2026-01-04 10:00:00-08:00,2025-12-28 21:10:03.650143
256944,nfl,Patriots,Dolphins,129,126,scheduled,,,,,,,,,,,,,,,,,2026-01-04T18:00:00.000Z,15,15,256944,292.0,-135,0,0,114,0,0,,,,,,,,,,,-2.5,-110,0,0,2.5,-110,0,0,2026-01-04 10:00:00-08:00,2025-12-28 22:10:56.332363
256944,nfl,Patriots,Dolphins,129,126,scheduled,,,,,,,,,,,,,,,,,2026-01-04T18:00:00.000Z,15,15,256944,328.0,-135,0,0,114,0,0,,,,,,,,,,,-2.5,-110,0,0,2.5,-110,0,0,2026-01-04 10:00:00-08:00,2025-12-28 23:10:56.836228
256944,nfl,Patriots,Dolphins,129,126,scheduled,,,,,,,,,,,,,,,,,2026-01-04T18:00:00.000Z,15,15,256944,348.0,-625,0,0,470,0,0,,,,46.5,-105.0,-110.0,0.0,0.0,0.0,0.0,-9.5,-115,0,0,9.5,-105,0,0,2026-01-04 10:00:00-08:00,2025-12-29 00:58:37.946408
256944,nfl,Patriots,Dolphins,129,126,scheduled,,,,,,,,,,,,,,,,,2026-01-04T18:00:00.000Z,15,15,256944,454.0,-625,92,98,450,8,2,,,,46.5,-105.0,-110.0,0.0,0.0,0.0,0.0,-10.0,-110,0,0,10.0,-110,0,0,2026-01-04 10:00:00-08:00,2025-12-29 03:04:36.525929
256944,nfl,Patriots,Dolphins,129,126,scheduled,,,,,,,,,,,,,,,,,2026-01-04T18:00:00.000Z,15,15,256944,822.0,-625,91,91,450,9,9,,,,45.5,-112.0,-108.0,0.0,0.0,0.0,0.0,-10.0,-110,0,0,10.0,-110,0,0,2026-01-04 10:00:00-08:00,2025-12-29 05:20:58.012143
256944,nfl,Patriots,Dolphins,129,126,scheduled,,,,,,,,,,,,,,,,,2026-01-04T21:25:00.000Z,15,15,256944,1065.0,-625,92,94,450,8,6,,,,45.5,-115.0,-108.0,69.0,74.0,31.0,26.0,-10.0,-110,0,0,10.0,-110,0,0,2026-01-04 13:25:00-08:00,2025-12-29 09:20:27.955615
256944,nfl,Patriots,Dolphins,129,126,scheduled,,,,,,,,,,,,,,,,,2026-01-04T21:25:00.000Z,15,15,256944,1348.0,-625,94,94,450,6,6,,,,45.5,-112.0,-108.0,70.0,76.0,30.0,24.0,-10.0,-110,62,68,10.0,-110,38,32,2026-01-04 13:25:00-08:00,2025-12-29 15:12:59.394836
256944,nfl,Patriots,Dolphins,129,126,scheduled,,,,,,,,,,,,,,,,,2026-01-04T21:25:00.000Z,15,15,256944,1443.0,-650,94,94,490,6,6,,,,45.5,-112.0,-108.0,70.0,76.0,30.0,24.0,-10.5,-110,62,68,10.5,-110,38,32,2026-01-04 13:25:00-08:00,2025-12-29 16:13:44.953517
256944,nfl,Patriots,Dolphins,129,126,scheduled,,,,,,,,,,,,,,,,,2026-01-04T21:25:00.000Z,15,15,256944,1600.0,-650,95,94,490,5,6,,,,45.5,-112.0,-108.0,70.0,76.0,30.0,24.0,-10.5,-100,62,68,10.5,-120,38,32,2026-01-04 13:25:00-08:00,2025-12-29 17:10:31.662811
256944,nfl,Patriots,Dolphins,129,126,scheduled,,,,,,,,,,,,,,,,,2026-01-04T21:25:00.000Z,15,15,256944,1726.0,-650,95,94,490,5,6,,,,45.5,-112.0,-108.0,69.0,75.0,31.0,25.0,-11.5,-111,62,68,11.5,-110,38,32,2026-01-04 13:25:00-08:00,2025-12-29 18:17:44.504113
256944,nfl,Patriots,Dolphins,129,126,scheduled,,,,,,,,,,,,,,,,,2026-01-04T21:25:00.000Z,15,15,256944,1817.0,-650,95,94,490,5,6,,,,45.5,-112.0,-108.0,70.0,75.0,30.0,25.0,-11.5,-105,62,67,11.5,-115,38,33,2026-01-04 13:25:00-08:00,2025-12-29 19:09:35.062004
256944,nfl,Patriots,Dolphins,129,126,scheduled,,,,,,,,,,,,,,,,,2026-01-04T21:25:00.000Z,15,15,256944,1868.0,-650,95,94,475,5,6,,,,45.5,-111.0,-110.0,71.0,77.0,29.0,23.0,-11.5,-105,63,70,11.5,-115,37,30,2026-01-04 13:25:00-08:00,2025-12-29 20:13:12.257705
256944,nfl,Patriots,Dolphins,129,126,scheduled,,,,,,,,,,,,,,,,,2026-01-04T21:25:00.000Z,15,15,256944,1989.0,-650,95,96,490,5,4,,,,45.5,-111.0,-110.0,70.0,75.0,30.0,25.0,-11.5,-105,61,72,11.5,-115,39,28,2026-01-04 13:25:00-08:00,2025-12-29 22:11:03.624866
256944,nfl,Patriots,Dolphins,129,126,scheduled,,,,,,,,,,,,,,,,,2026-01-04T21:25:00.000Z,15,15,256944,3044.0,-650,94,83,500,6,17,,,,45.5,-111.0,-110.0,71.0,77.0,29.0,23.0,-11.5,-105,58,73,11.5,-115,42,27,2026-01-04 13:25:00-08:00,2025-12-30 16:14:46.330090
256944,nfl,Patriots,Dolphins,129,126,scheduled,,,,,,,,,,,,,,,,,2026-01-04T21:25:00.000Z,15,15,256944,3094.0,-650,94,83,475,6,17,,,,45.5,-111.0,-110.0,71.0,77.0,29.0,23.0,-10.5,-111,59,73,10.5,-110,41,27,2026-01-04 13:25:00-08:00,2025-12-30 17:13:28.843030
256944,nfl,Patriots,Dolphins,129,126,scheduled,,,,,,,,,,,,,,,,,2026-01-04T21:25:00.000Z,15,15,256944,3205.0,-650,94,81,470,6,19,,,,45.5,-111.0,-110.0,72.0,77.0,28.0,23.0,-10.5,-110,59,74,10.5,-110,41,26,2026-01-04 13:25:00-08:00,2025-12-30 18:17:29.935641
256944,nfl,Patriots,Dolphins,129,126,scheduled,,,,,,,,,,,,,,,,,2026-01-04T21:25:00.000Z,15,15,256944,3412.0,-650,94,80,475,6,20,,,,45.5,-111.0,-110.0,72.0,77.0,28.0,23.0,-10.5,-110,60,75,10.5,-110,40,25,2026-01-04 13:25:00-08:00,2025-12-30 22:10:46.681998
256944,nfl,Patriots,Dolphins,129,126,scheduled,,,,,,,,,,,,,,,,,2026-01-04T21:25:00.000Z,15,15,256944,4129.0,-650,94,81,470,6,19,,,,45.5,-111.0,-110.0,70.0,75.0,30.0,25.0,-10.5,-110,65,78,10.5,-110,35,22,2026-01-04 13:25:00-08:00,2025-12-31 11:11:26.742572
256944,nfl,Patriots,Dolphins,129,126,scheduled,,,,,,,,,,,,,,,,,2026-01-04T21:25:00.000Z,15,15,256944,4251.0,-650,94,81,450,6,19,,,,45.5,-111.0,-110.0,70.0,74.0,30.0,26.0,-10.5,-110,65,78,10.5,-110,35,22,2026-01-04 13:25:00-08:00,2025-12-31 15:12:09.192562
256944,nfl,Patriots,Dolphins,129,126,scheduled,,,,,,,,,,,,,,,,,2026-01-04T21:25:00.000Z,15,15,256944,4659.0,-650,94,82,455,6,18,,,,45.5,-111.0,-110.0,71.0,73.0,29.0,27.0,-10.5,-110,64,74,10.5,-110,36,26,2026-01-04 13:25:00-08:00,2025-12-31 19:09:10.678017
256944,nfl,Patriots,Dolphins,129,126,scheduled,,,,,,,,,,,,,,,,,2026-01-04T21:25:00.000Z,15,15,256944,4720.0,-650,94,82,450,6,18,,,,45.5,-111.0,-110.0,71.0,73.0,29.0,27.0,-10.5,-110,64,75,10.5,-110,36,25,2026-01-04 13:25:00-08:00,2025-12-31 20:12:18.158735
256944,nfl,Patriots,Dolphins,129,126,scheduled,,,,,,,,,,,,,,,,,2026-01-04T21:25:00.000Z,15,15,256944,4776.0,-650,95,82,455,5,18,,,,45.5,-111.0,-110.0,70.0,73.0,30.0,27.0,-10.5,-110,64,75,10.5,-110,36,25,2026-01-04 13:25:00-08:00,2025-12-31 21:10:28.679305
256944,nfl,Patriots,Dolphins,129,126,scheduled,,,,,,,,,,,,,,,,,2026-01-04T21:25:00.000Z,15,15,256944,4892.0,-650,95,83,455,5,17,,,,45.5,-110.0,-110.0,70.0,73.0,30.0,27.0,-10.5,-110,65,75,10.5,-110,35,25,2026-01-04 13:25:00-08:00,2025-12-31 22:11:38.372698
256944,nfl,Patriots,Dolphins,129,126,scheduled,,,,,,,,,,,,,,,,,2026-01-04T21:25:00.000Z,15,15,256944,5286.0,-625,95,84,455,5,16,,,,45.5,-110.0,-110.0,72.0,76.0,28.0,24.0,-10.5,-110,64,75,10.5,-110,36,25,2026-01-04 13:25:00-08:00,2026-01-01 03:08:33.703395
256944,nfl,Patriots,Dolphins,129,126,scheduled,,,,,,,,,,,,,,,,,2026-01-04T21:25:00.000Z,15,15,256944,7679.0,-625,95,85,455,5,15,,,,45.5,-110.0,-110.0,72.0,78.0,28.0,22.0,-10.5,-111,65,74,10.5,-110,35,26,2026-01-04 13:25:00-08:00,2026-01-02 17:10:25.511078
256944,nfl,Patriots,Dolphins,129,126,scheduled,,,,,,,,,,,,,,,,,2026-01-04T21:25:00.000Z,15,15,256944,7906.0,-650,95,82,475,5,18,,,,45.5,-110.0,-110.0,72.0,78.0,28.0,22.0,-11.0,-110,66,75,11.0,-110,34,25,2026-01-04 13:25:00-08:00,2026-01-02 18:16:46.925150
256944,nfl,Patriots,Dolphins,129,126,scheduled,,,,,,,,,,,,,,,,,2026-01-04T21:25:00.000Z,15,15,256944,8032.0,-650,95,78,475,5,22,,,,45.5,-110.0,-110.0,72.0,79.0,28.0,21.0,-11.5,-110,66,74,11.5,-110,34,26,2026-01-04 13:25:00-08:00,2026-01-02 19:08:15.549458
256944,nfl,Patriots,Dolphins,129,126,scheduled,,,,,,,,,,,,,,,,,2026-01-04T21:25:00.000Z,15,15,256944,8199.0,-650,95,78,475,5,22,,,,45.5,-110.0,-110.0,72.0,79.0,28.0,21.0,-11.5,-110,66,74,11.5,-112,34,26,2026-01-04 13:25:00-08:00,2026-01-02 20:12:30.566155
256944,nfl,Patriots,Dolphins,129,126,scheduled,,,,,,,,,,,,,,,,,2026-01-04T21:25:00.000Z,15,15,256944,8441.0,-650,95,78,490,5,22,,,,45.5,-110.0,-110.0,72.0,81.0,28.0,19.0,-11.5,-110,66,74,11.5,-112,34,26,2026-01-04 13:25:00-08:00,2026-01-02 21:09:11.431241
256944,nfl,Patriots,Dolphins,129,126,scheduled,,,,,,,,,,,,,,,,,2026-01-04T21:25:00.000Z,15,15,256944,8719.0,-650,95,78,490,5,22,,,,45.5,-110.0,-110.0,72.0,81.0,28.0,19.0,-11.5,-110,66,75,11.5,-111,34,25,2026-01-04 13:25:00-08:00,2026-01-02 22:11:25.806878
256944,nfl,Patriots,Dolphins,129,126,scheduled,,,,,,,,,,,,,,,,,2026-01-04T21:25:00.000Z,15,15,256944,12980.0,-675,95,76,490,5,24,,,,45.5,-110.0,-110.0,72.0,74.0,28.0,26.0,-11.5,-110,66,76,11.5,-111,34,24,2026-01-04 13:25:00-08:00,2026-01-03 18:15:34.550120
256944,nfl,Patriots,Dolphins,129,126,scheduled,,,,,,,,,,,,,,,,,2026-01-04T21:25:00.000Z,15,15,256944,14045.0,-675,95,76,500,5,24,,,,45.5,-110.0,-110.0,72.0,74.0,28.0,26.0,-11.5,-110,66,79,11.5,-111,34,21,2026-01-04 13:25:00-08:00,2026-01-03 21:09:50.273288
256944,nfl,Patriots,Dolphins,129,126,scheduled,,,,,,,,,,,,,,,,,2026-01-04T21:25:00.000Z,15,15,256944,14515.0,-675,95,76,490,5,24,,,,45.5,-110.0,-110.0,72.0,74.0,28.0,26.0,-11.5,-110,65,78,11.5,-111,35,22,2026-01-04 13:25:00-08:00,2026-01-03 22:10:50.503313
256944,nfl,Patriots,Dolphins,129,126,scheduled,,,,,,,,,,,,,,,,,2026-01-04T21:25:00.000Z,15,15,256944,15337.0,-675,95,77,490,5,23,,,,45.5,-110.0,-110.0,72.0,73.0,28.0,27.0,-11.5,-110,65,78,11.5,-110,35,22,2026-01-04 13:25:00-08:00,2026-01-04 01:00:46.546153
256944,nfl,Patriots,Dolphins,129,126,scheduled,,,,,,,,,,,,,,,,,2026-01-04T21:25:00.000Z,15,15,256944,21154.0,-675,95,73,525,5,27,,,,45.5,-110.0,-110.0,70.0,72.0,30.0,28.0,-11.5,-111,66,76,11.5,-111,34,24,2026-01-04 13:25:00-08:00,2026-01-04 12:20:17.448856
256944,nfl,Patriots,Dolphins,129,126,scheduled,,,,,,,,,,,,,,,,,2026-01-04T21:25:00.000Z,15,15,256944,22002.0,-714,95,72,525,5,28,,,,45.5,-110.0,-110.0,70.0,72.0,30.0,28.0,-12.0,-110,66,76,12.0,-110,34,24,2026-01-04 13:25:00-08:00,2026-01-04 13:24:09.053402
256944,nfl,Patriots,Dolphins,129,126,scheduled,,,,,,,,,,,,,,,,,2026-01-04T21:25:00.000Z,15,15,256944,24960.0,-800,95,69,570,5,31,,,,45.5,-110.0,-110.0,70.0,72.0,30.0,28.0,-13.0,-110,66,75,13.0,-110,34,25,2026-01-04 13:25:00-08:00,2026-01-04 15:10:26.127149
256944,nfl,Patriots,Dolphins,129,126,scheduled,,,,,,,,,,,,,,,,,2026-01-04T21:25:00.000Z,15,15,256944,28626.0,-833,95,70,600,5,30,,,,45.5,-110.0,-110.0,70.0,72.0,30.0,28.0,-13.5,-110,66,76,13.5,-111,34,24,2026-01-04 13:25:00-08:00,2026-01-04 16:12:42.814121
256944,nfl,Patriots,Dolphins,129,126,scheduled,,,,,,,,,,,,,,,,,2026-01-04T21:25:00.000Z,15,15,256944,34967.0,-900,95,71,650,5,29,,,,45.5,-110.0,-110.0,69.0,71.0,31.0,29.0,-13.5,-110,65,72,13.5,-110,35,28,2026-01-04 13:25:00-08:00,2026-01-04 17:09:51.083935
256944,nfl,Patriots,Dolphins,129,126,scheduled,,,,,,,,,,,,,,,,,2026-01-04T21:25:00.000Z,15,15,256944,47397.0,-1000,95,75,650,5,25,,,,45.5,-110.0,-110.0,69.0,71.0,31.0,29.0,-13.5,-110,65,74,13.5,-110,35,26,2026-01-04 13:25:00-08:00,2026-01-04 18:15:39.047415
256944,nfl,Patriots,Dolphins,129,126,scheduled,,,,,,,,,,,,,,,,,2026-01-04T21:25:00.000Z,15,15,256944,52683.0,-1000,94,70,650,6,30,,,,45.5,-110.0,-110.0,71.0,74.0,29.0,26.0,-13.5,-115,65,70,13.5,-105,35,30,2026-01-04 13:25:00-08:00,2026-01-04 20:12:50.856414
256944,nfl,Patriots,Dolphins,129,126,scheduled,,,,,,,,,,,,,,,,,2026-01-04T21:25:00.000Z,15,15,256944,59726.0,-1000,94,70,650,6,30,,,,44.5,-110.0,-110.0,71.0,74.0,29.0,26.0,-13.5,-115,65,70,13.5,-111,35,30,2026-01-04 13:25:00-08:00,2026-01-04 21:10:16.803707
256937,nfl,Giants,Cowboys,144,140,scheduled,,,,,,,,,,,,,,,,,2026-01-04T18:00:00.000Z,15,15,256937,75.0,-105,0,0,-115,0,0,,,,,,,,,,,1.5,-120,0,0,-1.5,-100,0,0,2026-01-04 10:00:00-08:00,2025-12-23 09:16:17.536168
256937,nfl,Giants,Cowboys,144,140,scheduled,,,,,,,,,,,,,,,,,2026-01-04T18:00:00.000Z,15,15,256937,75.0,-105,0,0,-115,0,0,,,,,,,,,,,1.5,-120,0,0,-1.5,-100,0,0,2026-01-04 10:00:00-08:00,2025-12-23 10:13:06.210150
256937,nfl,Giants,Cowboys,144,140,scheduled,,,,,,,,,,,,,,,,,2026-01-04T18:00:00.000Z,15,15,256937,75.0,-105,0,0,-115,0,0,,,,,,,,,,,1.5,-120,0,0,-1.5,-100,0,0,2026-01-04 10:00:00-08:00,2025-12-23 11:11:08.784743
256937,nfl,Giants,Cowboys,144,140,scheduled,,,,,,,,,,,,,,,,,2026-01-04T18:00:00.000Z,15,15,256937,75.0,-105,0,0,-115,0,0,,,,,,,,,,,1.5,-120,0,0,-1.5,-100,0,0,2026-01-04 10:00:00-08:00,2025-12-23 12:22:14.612235
256937,nfl,Giants,Cowboys,144,140,scheduled,,,,,,,,,,,,,,,,,2026-01-04T18:00:00.000Z,15,15,256937,75.0,-105,0,0,-115,0,0,,,,,,,,,,,1.5,-120,0,0,-1.5,-100,0,0,2026-01-04 10:00:00-08:00,2025-12-23 13:29:59.424423
256937,nfl,Giants,Cowboys,144,140,scheduled,,,,,,,,,,,,,,,,,2026-01-04T18:00:00.000Z,15,15,256937,75.0,-105,0,0,-115,0,0,,,,,,,,,,,1.5,-120,0,0,-1.5,-100,0,0,2026-01-04 10:00:00-08:00,2025-12-23 14:17:10.922397
256937,nfl,Giants,Cowboys,144,140,scheduled,,,,,,,,,,,,,,,,,2026-01-04T18:00:00.000Z,15,15,256937,75.0,-105,0,0,-115,0,0,,,,,,,,,,,1.5,-120,0,0,-1.5,-100,0,0,2026-01-04 10:00:00-08:00,2025-12-23 15:12:27.858291
256937,nfl,Giants,Cowboys,144,140,scheduled,,,,,,,,,,,,,,,,,2026-01-04T18:00:00.000Z,15,15,256937,85.0,-105,0,0,-115,0,0,,,,,,,,,,,1.5,-120,0,0,-1.5,-100,0,0,2026-01-04 10:00:00-08:00,2025-12-23 16:14:41.664935
256937,nfl,Giants,Cowboys,144,140,scheduled,,,,,,,,,,,,,,,,,2026-01-04T18:00:00.000Z,15,15,256937,85.0,-105,0,0,-115,0,0,,,,,,,,,,,1.5,-120,0,0,-1.5,-100,0,0,2026-01-04 10:00:00-08:00,2025-12-23 17:12:43.843165
256937,nfl,Giants,Cowboys,144,140,scheduled,,,,,,,,,,,,,,,,,2026-01-04T18:00:00.000Z,15,15,256937,85.0,-105,0,0,-115,0,0,,,,,,,,,,,1.5,-120,0,0,-1.5,-100,0,0,2026-01-04 10:00:00-08:00,2025-12-23 18:17:16.120344
256937,nfl,Giants,Cowboys,144,140,scheduled,,,,,,,,,,,,,,,,,2026-01-04T18:00:00.000Z,15,15,256937,85.0,-105,0,0,-115,0,0,,,,,,,,,,,1.5,-120,0,0,-1.5,-100,0,0,2026-01-04 10:00:00-08:00,2025-12-23 19:11:23.939282
256937,nfl,Giants,Cowboys,144,140,scheduled,,,,,,,,,,,,,,,,,2026-01-04T18:00:00.000Z,15,15,256937,85.0,-105,0,0,-115,0,0,,,,,,,,,,,1.5,-120,0,0,-1.5,-100,0,0,2026-01-04 10:00:00-08:00,2025-12-23 20:12:13.745210
256937,nfl,Giants,Cowboys,144,140,scheduled,,,,,,,,,,,,,,,,,2026-01-04T18:00:00.000Z,15,15,256937,85.0,-105,0,0,-115,0,0,,,,,,,,,,,1.5,-120,0,0,-1.5,-100,0,0,2026-01-04 10:00:00-08:00,2025-12-23 21:11:08.246482
256937,nfl,Giants,Cowboys,144,140,scheduled,,,,,,,,,,,,,,,,,2026-01-04T18:00:00.000Z,15,15,256937,85.0,-105,0,0,-115,0,0,,,,,,,,,,,1.5,-120,0,0,-1.5,-100,0,0,2026-01-04 10:00:00-08:00,2025-12-23 22:11:17.550605
256937,nfl,Giants,Cowboys,144,140,scheduled,,,,,,,,,,,,,,,,,2026-01-04T18:00:00.000Z,15,15,256937,85.0,-105,0,0,-115,0,0,,,,,,,,,,,1.5,-120,0,0,-1.5,-100,0,0,2026-01-04 10:00:00-08:00,2025-12-23 23:10:50.690018
256937,nfl,Giants,Cowboys,144,140,scheduled,,,,,,,,,,,,,,,,,2026-01-04T18:00:00.000Z,15,15,256937,85.0,-105,0,0,-115,0,0,,,,,,,,,,,1.5,-120,0,0,-1.5,-100,0,0,2026-01-04 10:00:00-08:00,2025-12-24 00:52:58.834144
256937,nfl,Giants,Cowboys,144,140,scheduled,,,,,,,,,,,,,,,,,2026-01-04T18:00:00.000Z,15,15,256937,85.0,-105,0,0,-115,0,0,,,,,,,,,,,1.5,-120,0,0,-1.5,-100,0,0,2026-01-04 10:00:00-08:00,2025-12-24 02:46:48.175308
256937,nfl,Giants,Cowboys,144,140,scheduled,,,,,,,,,,,,,,,,,2026-01-04T18:00:00.000Z,15,15,256937,85.0,-105,0,0,-115,0,0,,,,,,,,,,,1.5,-120,0,0,-1.5,-100,0,0,2026-01-04 10:00:00-08:00,2025-12-24 03:53:02.193110
256937,nfl,Giants,Cowboys,144,140,scheduled,,,,,,,,,,,,,,,,,2026-01-04T18:00:00.000Z,15,15,256937,85.0,-105,0,0,-115,0,0,,,,,,,,,,,1.5,-120,0,0,-1.5,-100,0,0,2026-01-04 10:00:00-08:00,2025-12-24 04:27:48.634138
256937,nfl,Giants,Cowboys,144,140,scheduled,,,,,,,,,,,,,,,,,2026-01-04T18:00:00.000Z,15,15,256937,85.0,-105,0,0,-115,0,0,,,,,,,,,,,1.5,-120,0,0,-1.5,-100,0,0,2026-01-04 10:00:00-08:00,2025-12-24 05:16:27.029426
256937,nfl,Giants,Cowboys,144,140,scheduled,,,,,,,,,,,,,,,,,2026-01-04T18:00:00.000Z,15,15,256937,85.0,-105,0,0,-115,0,0,,,,,,,,,,,1.5,-120,0,0,-1.5,-100,0,0,2026-01-04 10:00:00-08:00,2025-12-24 06:18:42.194536
256937,nfl,Giants,Cowboys,144,140,scheduled,,,,,,,,,,,,,,,,,2026-01-04T18:00:00.000Z,15,15,256937,85.0,-105,0,0,-115,0,0,,,,,,,,,,,1.5,-120,0,0,-1.5,-100,0,0,2026-01-04 10:00:00-08:00,2025-12-24 07:16:13.001894
256937,nfl,Giants,Cowboys,144,140,scheduled,,,,,,,,,,,,,,,,,2026-01-04T18:00:00.000Z,15,15,256937,85.0,-105,0,0,-115,0,0,,,,,,,,,,,1.5,-120,0,0,-1.5,-100,0,0,2026-01-04 10:00:00-08:00,2025-12-24 08:16:53.707714
256937,nfl,Giants,Cowboys,144,140,scheduled,,,,,,,,,,,,,,,,,2026-01-04T18:00:00.000Z,15,15,256937,85.0,-105,0,0,-115,0,0,,,,,,,,,,,1.5,-120,0,0,-1.5,-100,0,0,2026-01-04 10:00:00-08:00,2025-12-24 09:15:53.198968
256937,nfl,Giants,Cowboys,144,140,scheduled,,,,,,,,,,,,,,,,,2026-01-04T18:00:00.000Z,15,15,256937,85.0,-105,0,0,-115,0,0,,,,,,,,,,,1.5,-120,0,0,-1.5,-100,0,0,2026-01-04 10:00:00-08:00,2025-12-24 10:12:23.413696
256937,nfl,Giants,Cowboys,144,140,scheduled,,,,,,,,,,,,,,,,,2026-01-04T18:00:00.000Z,15,15,256937,85.0,-105,0,0,-115,0,0,,,,,,,,,,,1.5,-120,0,0,-1.5,-100,0,0,2026-01-04 10:00:00-08:00,2025-12-24 11:11:18.376556
256937,nfl,Giants,Cowboys,144,140,scheduled,,,,,,,,,,,,,,,,,2026-01-04T18:00:00.000Z,15,15,256937,85.0,-105,0,0,-115,0,0,,,,,,,,,,,1.5,-120,0,0,-1.5,-100,0,0,2026-01-04 10:00:00-08:00,2025-12-24 12:21:25.497297
256937,nfl,Giants,Cowboys,144,140,scheduled,,,,,,,,,,,,,,,,,2026-01-04T18:00:00.000Z,15,15,256937,85.0,-105,0,0,-115,0,0,,,,,,,,,,,1.5,-120,0,0,-1.5,-100,0,0,2026-01-04 10:00:00-08:00,2025-12-24 13:26:08.977180
256937,nfl,Giants,Cowboys,144,140,scheduled,,,,,,,,,,,,,,,,,2026-01-04T18:00:00.000Z,15,15,256937,85.0,-105,0,0,-115,0,0,,,,,,,,,,,1.5,-120,0,0,-1.5,-100,0,0,2026-01-04 10:00:00-08:00,2025-12-24 14:10:57.708914
256937,nfl,Giants,Cowboys,144,140,scheduled,,,,,,,,,,,,,,,,,2026-01-04T18:00:00.000Z,15,15,256937,85.0,-105,0,0,-115,0,0,,,,,,,,,,,1.5,-120,0,0,-1.5,-100,0,0,2026-01-04 10:00:00-08:00,2025-12-24 15:12:04.492652
256937,nfl,Giants,Cowboys,144,140,scheduled,,,,,,,,,,,,,,,,,2026-01-04T18:00:00.000Z,15,15,256937,85.0,-105,0,0,-115,0,0,,,,,,,,,,,1.5,-120,0,0,-1.5,-100,0,0,2026-01-04 10:00:00-08:00,2025-12-24 16:14:09.792023
256937,nfl,Giants,Cowboys,144,140,scheduled,,,,,,,,,,,,,,,,,2026-01-04T18:00:00.000Z,15,15,256937,85.0,-105,0,0,-115,0,0,,,,,,,,,,,1.5,-120,0,0,-1.5,-100,0,0,2026-01-04 10:00:00-08:00,2025-12-24 17:09:35.629600
256937,nfl,Giants,Cowboys,144,140,scheduled,,,,,,,,,,,,,,,,,2026-01-04T18:00:00.000Z,15,15,256937,85.0,-105,0,0,-115,0,0,,,,,,,,,,,1.5,-120,0,0,-1.5,-100,0,0,2026-01-04 10:00:00-08:00,2025-12-24 18:16:30.988985
256937,nfl,Giants,Cowboys,144,140,scheduled,,,,,,,,,,,,,,,,,2026-01-04T18:00:00.000Z,15,15,256937,85.0,-105,0,0,-115,0,0,,,,,,,,,,,1.5,-120,0,0,-1.5,-100,0,0,2026-01-04 10:00:00-08:00,2025-12-24 19:09:17.008378
256937,nfl,Giants,Cowboys,144,140,scheduled,,,,,,,,,,,,,,,,,2026-01-04T18:00:00.000Z,15,15,256937,85.0,-105,0,0,-115,0,0,,,,,,,,,,,1.5,-120,0,0,-1.5,-100,0,0,2026-01-04 10:00:00-08:00,2025-12-24 20:12:20.802607
256937,nfl,Giants,Cowboys,144,140,scheduled,,,,,,,,,,,,,,,,,2026-01-04T18:00:00.000Z,15,15,256937,85.0,-105,0,0,-115,0,0,,,,,,,,,,,1.5,-120,0,0,-1.5,-100,0,0,2026-01-04 10:00:00-08:00,2025-12-24 21:10:22.009660
256937,nfl,Giants,Cowboys,144,140,scheduled,,,,,,,,,,,,,,,,,2026-01-04T18:00:00.000Z,15,15,256937,85.0,-105,0,0,-115,0,0,,,,,,,,,,,1.5,-120,0,0,-1.5,-100,0,0,2026-01-04 10:00:00-08:00,2025-12-24 22:11:26.458784
256937,nfl,Giants,Cowboys,144,140,scheduled,,,,,,,,,,,,,,,,,2026-01-04T18:00:00.000Z,15,15,256937,85.0,-105,0,0,-115,0,0,,,,,,,,,,,1.5,-120,0,0,-1.5,-100,0,0,2026-01-04 10:00:00-08:00,2025-12-24 23:11:00.971821
256937,nfl,Giants,Cowboys,144,140,scheduled,,,,,,,,,,,,,,,,,2026-01-04T18:00:00.000Z,15,15,256937,85.0,-105,0,0,-115,0,0,,,,,,,,,,,1.5,-120,0,0,-1.5,-100,0,0,2026-01-04 10:00:00-08:00,2025-12-25 00:53:33.419107
256937,nfl,Giants,Cowboys,144,140,scheduled,,,,,,,,,,,,,,,,,2026-01-04T18:00:00.000Z,15,15,256937,85.0,-105,0,0,-115,0,0,,,,,,,,,,,1.5,-120,0,0,-1.5,-100,0,0,2026-01-04 10:00:00-08:00,2025-12-25 02:49:59.453329
256937,nfl,Giants,Cowboys,144,140,scheduled,,,,,,,,,,,,,,,,,2026-01-04T18:00:00.000Z,15,15,256937,85.0,-105,0,0,-115,0,0,,,,,,,,,,,1.5,-120,0,0,-1.5,-100,0,0,2026-01-04 10:00:00-08:00,2025-12-25 03:55:25.769626
256937,nfl,Giants,Cowboys,144,140,scheduled,,,,,,,,,,,,,,,,,2026-01-04T18:00:00.000Z,15,15,256937,85.0,-105,0,0,-115,0,0,,,,,,,,,,,1.5,-120,0,0,-1.5,-100,0,0,2026-01-04 10:00:00-08:00,2025-12-25 04:29:42.325008
256937,nfl,Giants,Cowboys,144,140,scheduled,,,,,,,,,,,,,,,,,2026-01-04T18:00:00.000Z,15,15,256937,85.0,-105,0,0,-115,0,0,,,,,,,,,,,1.5,-120,0,0,-1.5,-100,0,0,2026-01-04 10:00:00-08:00,2025-12-25 05:15:49.857201
256937,nfl,Giants,Cowboys,144,140,scheduled,,,,,,,,,,,,,,,,,2026-01-04T18:00:00.000Z,15,15,256937,85.0,-105,0,0,-115,0,0,,,,,,,,,,,1.5,-120,0,0,-1.5,-100,0,0,2026-01-04 10:00:00-08:00,2025-12-25 06:18:13.825718
256937,nfl,Giants,Cowboys,144,140,scheduled,,,,,,,,,,,,,,,,,2026-01-04T18:00:00.000Z,15,15,256937,85.0,-105,0,0,-115,0,0,,,,,,,,,,,1.5,-120,0,0,-1.5,-100,0,0,2026-01-04 10:00:00-08:00,2025-12-25 07:14:23.068338
256937,nfl,Giants,Cowboys,144,140,scheduled,,,,,,,,,,,,,,,,,2026-01-04T18:00:00.000Z,15,15,256937,85.0,-105,0,0,-115,0,0,,,,,,,,,,,1.5,-120,0,0,-1.5,-100,0,0,2026-01-04 10:00:00-08:00,2025-12-25 08:16:00.715753
256937,nfl,Giants,Cowboys,144,140,scheduled,,,,,,,,,,,,,,,,,2026-01-04T18:00:00.000Z,15,15,256937,85.0,-105,0,0,-115,0,0,,,,,,,,,,,1.5,-120,0,0,-1.5,-100,0,0,2026-01-04 10:00:00-08:00,2025-12-25 09:14:06.366333
256937,nfl,Giants,Cowboys,144,140,scheduled,,,,,,,,,,,,,,,,,2026-01-04T18:00:00.000Z,15,15,256937,85.0,-105,0,0,-115,0,0,,,,,,,,,,,1.5,-120,0,0,-1.5,-100,0,0,2026-01-04 10:00:00-08:00,2025-12-25 10:12:22.975712
256937,nfl,Giants,Cowboys,144,140,scheduled,,,,,,,,,,,,,,,,,2026-01-04T18:00:00.000Z,15,15,256937,85.0,-105,0,0,-115,0,0,,,,,,,,,,,1.5,-120,0,0,-1.5,-100,0,0,2026-01-04 10:00:00-08:00,2025-12-25 11:09:49.247669
256937,nfl,Giants,Cowboys,144,140,scheduled,,,,,,,,,,,,,,,,,2026-01-04T18:00:00.000Z,15,15,256937,85.0,-105,0,0,-115,0,0,,,,,,,,,,,1.5,-120,0,0,-1.5,-100,0,0,2026-01-04 10:00:00-08:00,2025-12-25 12:21:09.618433
256937,nfl,Giants,Cowboys,144,140,scheduled,,,,,,,,,,,,,,,,,2026-01-04T18:00:00.000Z,15,15,256937,85.0,-105,0,0,-115,0,0,,,,,,,,,,,1.5,-120,0,0,-1.5,-100,0,0,2026-01-04 10:00:00-08:00,2025-12-25 13:26:08.213227
256937,nfl,Giants,Cowboys,144,140,scheduled,,,,,,,,,,,,,,,,,2026-01-04T18:00:00.000Z,15,15,256937,85.0,-105,0,0,-115,0,0,,,,,,,,,,,1.5,-120,0,0,-1.5,-100,0,0,2026-01-04 10:00:00-08:00,2025-12-25 14:11:00.973101
256937,nfl,Giants,Cowboys,144,140,scheduled,,,,,,,,,,,,,,,,,2026-01-04T18:00:00.000Z,15,15,256937,85.0,-105,0,0,-115,0,0,,,,,,,,,,,1.5,-120,0,0,-1.5,-100,0,0,2026-01-04 10:00:00-08:00,2025-12-25 15:11:35.479757
256937,nfl,Giants,Cowboys,144,140,scheduled,,,,,,,,,,,,,,,,,2026-01-04T18:00:00.000Z,15,15,256937,85.0,-105,0,0,-115,0,0,,,,,,,,,,,1.5,-120,0,0,-1.5,-100,0,0,2026-01-04 10:00:00-08:00,2025-12-25 16:14:02.305277
256937,nfl,Giants,Cowboys,144,140,scheduled,,,,,,,,,,,,,,,,,2026-01-04T18:00:00.000Z,15,15,256937,85.0,-105,0,0,-115,0,0,,,,,,,,,,,1.5,-120,0,0,-1.5,-100,0,0,2026-01-04 10:00:00-08:00,2025-12-25 17:10:18.922147
256937,nfl,Giants,Cowboys,144,140,scheduled,,,,,,,,,,,,,,,,,2026-01-04T18:00:00.000Z,15,15,256937,85.0,-105,0,0,-115,0,0,,,,,,,,,,,1.5,-120,0,0,-1.5,-100,0,0,2026-01-04 10:00:00-08:00,2025-12-25 18:16:04.653155
256937,nfl,Giants,Cowboys,144,140,scheduled,,,,,,,,,,,,,,,,,2026-01-04T18:00:00.000Z,15,15,256937,85.0,-105,0,0,-115,0,0,,,,,,,,,,,1.5,-120,0,0,-1.5,-100,0,0,2026-01-04 10:00:00-08:00,2025-12-25 19:08:44.595749
256937,nfl,Giants,Cowboys,144,140,scheduled,,,,,,,,,,,,,,,,,2026-01-04T18:00:00.000Z,15,15,256937,85.0,-105,0,0,-115,0,0,,,,,,,,,,,1.5,-120,0,0,-1.5,-100,0,0,2026-01-04 10:00:00-08:00,2025-12-25 20:12:42.476949
256937,nfl,Giants,Cowboys,144,140,scheduled,,,,,,,,,,,,,,,,,2026-01-04T18:00:00.000Z,15,15,256937,85.0,-105,0,0,-115,0,0,,,,,,,,,,,1.5,-120,0,0,-1.5,-100,0,0,2026-01-04 10:00:00-08:00,2025-12-25 21:10:37.126469
256937,nfl,Giants,Cowboys,144,140,scheduled,,,,,,,,,,,,,,,,,2026-01-04T18:00:00.000Z,15,15,256937,95.0,-105,0,0,-115,0,0,,,,,,,,,,,1.5,-120,0,0,-1.5,-100,0,0,2026-01-04 10:00:00-08:00,2025-12-25 22:10:55.114350
256937,nfl,Giants,Cowboys,144,140,scheduled,,,,,,,,,,,,,,,,,2026-01-04T18:00:00.000Z,15,15,256937,95.0,-105,0,0,-115,0,0,,,,,,,,,,,1.5,-120,0,0,-1.5,-100,0,0,2026-01-04 10:00:00-08:00,2025-12-25 23:10:56.421975
256937,nfl,Giants,Cowboys,144,140,scheduled,,,,,,,,,,,,,,,,,2026-01-04T18:00:00.000Z,15,15,256937,95.0,-105,0,0,-115,0,0,,,,,,,,,,,1.5,-120,0,0,-1.5,-100,0,0,2026-01-04 10:00:00-08:00,2025-12-26 00:53:48.245895
256937,nfl,Giants,Cowboys,144,140,scheduled,,,,,,,,,,,,,,,,,2026-01-04T18:00:00.000Z,15,15,256937,95.0,-105,0,0,-115,0,0,,,,,,,,,,,1.5,-120,0,0,-1.5,-100,0,0,2026-01-04 10:00:00-08:00,2025-12-26 02:48:12.653569
256937,nfl,Giants,Cowboys,144,140,scheduled,,,,,,,,,,,,,,,,,2026-01-04T18:00:00.000Z,15,15,256937,95.0,-105,0,0,-115,0,0,,,,,,,,,,,1.5,-120,0,0,-1.5,-100,0,0,2026-01-04 10:00:00-08:00,2025-12-26 03:53:11.217020
256937,nfl,Giants,Cowboys,144,140,scheduled,,,,,,,,,,,,,,,,,2026-01-04T18:00:00.000Z,15,15,256937,95.0,-105,0,0,-115,0,0,,,,,,,,,,,1.5,-120,0,0,-1.5,-100,0,0,2026-01-04 10:00:00-08:00,2025-12-26 04:26:57.166699
256937,nfl,Giants,Cowboys,144,140,scheduled,,,,,,,,,,,,,,,,,2026-01-04T18:00:00.000Z,15,15,256937,95.0,-105,0,0,-115,0,0,,,,,,,,,,,1.5,-120,0,0,-1.5,-100,0,0,2026-01-04 10:00:00-08:00,2025-12-26 05:14:05.661706
256937,nfl,Giants,Cowboys,144,140,scheduled,,,,,,,,,,,,,,,,,2026-01-04T18:00:00.000Z,15,15,256937,95.0,-105,0,0,-115,0,0,,,,,,,,,,,1.5,-120,0,0,-1.5,-100,0,0,2026-01-04 10:00:00-08:00,2025-12-26 06:18:19.629052
256937,nfl,Giants,Cowboys,144,140,scheduled,,,,,,,,,,,,,,,,,2026-01-04T18:00:00.000Z,15,15,256937,95.0,-105,0,0,-115,0,0,,,,,,,,,,,1.5,-120,0,0,-1.5,-100,0,0,2026-01-04 10:00:00-08:00,2025-12-26 07:14:32.775070
256937,nfl,Giants,Cowboys,144,140,scheduled,,,,,,,,,,,,,,,,,2026-01-04T18:00:00.000Z,15,15,256937,95.0,-105,0,0,-115,0,0,,,,,,,,,,,1.5,-120,0,0,-1.5,-100,0,0,2026-01-04 10:00:00-08:00,2025-12-26 08:15:33.156915
256937,nfl,Giants,Cowboys,144,140,scheduled,,,,,,,,,,,,,,,,,2026-01-04T18:00:00.000Z,15,15,256937,95.0,-105,0,0,-115,0,0,,,,,,,,,,,1.5,-120,0,0,-1.5,-100,0,0,2026-01-04 10:00:00-08:00,2025-12-26 09:13:32.561712
256937,nfl,Giants,Cowboys,144,140,scheduled,,,,,,,,,,,,,,,,,2026-01-04T18:00:00.000Z,15,15,256937,95.0,-105,0,0,-115,0,0,,,,,,,,,,,1.5,-120,0,0,-1.5,-100,0,0,2026-01-04 10:00:00-08:00,2025-12-26 10:12:21.713290
256937,nfl,Giants,Cowboys,144,140,scheduled,,,,,,,,,,,,,,,,,2026-01-04T18:00:00.000Z,15,15,256937,95.0,-105,0,0,-115,0,0,,,,,,,,,,,1.5,-120,0,0,-1.5,-100,0,0,2026-01-04 10:00:00-08:00,2025-12-26 11:10:23.584512
256937,nfl,Giants,Cowboys,144,140,scheduled,,,,,,,,,,,,,,,,,2026-01-04T18:00:00.000Z,15,15,256937,95.0,-105,0,0,-115,0,0,,,,,,,,,,,1.5,-120,0,0,-1.5,-100,0,0,2026-01-04 10:00:00-08:00,2025-12-26 12:21:19.110492
256937,nfl,Giants,Cowboys,144,140,scheduled,,,,,,,,,,,,,,,,,2026-01-04T18:00:00.000Z,15,15,256937,111.0,-105,0,0,-115,0,0,,,,,,,,,,,1.5,-120,0,0,-1.5,-100,0,0,2026-01-04 10:00:00-08:00,2025-12-26 13:26:42.595417
256937,nfl,Giants,Cowboys,144,140,scheduled,,,,,,,,,,,,,,,,,2026-01-04T18:00:00.000Z,15,15,256937,111.0,-105,0,0,-115,0,0,,,,,,,,,,,1.5,-120,0,0,-1.5,-100,0,0,2026-01-04 10:00:00-08:00,2025-12-26 14:11:25.597287
256937,nfl,Giants,Cowboys,144,140,scheduled,,,,,,,,,,,,,,,,,2026-01-04T18:00:00.000Z,15,15,256937,111.0,-105,0,0,-115,0,0,,,,,,,,,,,1.5,-120,0,0,-1.5,-100,0,0,2026-01-04 10:00:00-08:00,2025-12-26 15:11:28.582506
256937,nfl,Giants,Cowboys,144,140,scheduled,,,,,,,,,,,,,,,,,2026-01-04T18:00:00.000Z,15,15,256937,111.0,-105,0,0,-115,0,0,,,,,,,,,,,1.5,-120,0,0,-1.5,-100,0,0,2026-01-04 10:00:00-08:00,2025-12-26 16:13:09.764832
256937,nfl,Giants,Cowboys,144,140,scheduled,,,,,,,,,,,,,,,,,2026-01-04T18:00:00.000Z,15,15,256937,111.0,-105,0,0,-115,0,0,,,,,,,,,,,1.5,-120,0,0,-1.5,-100,0,0,2026-01-04 10:00:00-08:00,2025-12-26 17:09:41.955264
256937,nfl,Giants,Cowboys,144,140,scheduled,,,,,,,,,,,,,,,,,2026-01-04T18:00:00.000Z,15,15,256937,111.0,-105,0,0,-115,0,0,,,,,,,,,,,1.5,-120,0,0,-1.5,-100,0,0,2026-01-04 10:00:00-08:00,2025-12-26 18:16:46.153208
256937,nfl,Giants,Cowboys,144,140,scheduled,,,,,,,,,,,,,,,,,2026-01-04T18:00:00.000Z,15,15,256937,111.0,-105,0,0,-115,0,0,,,,,,,,,,,1.5,-120,0,0,-1.5,-100,0,0,2026-01-04 10:00:00-08:00,2025-12-26 19:09:19.395442
256937,nfl,Giants,Cowboys,144,140,scheduled,,,,,,,,,,,,,,,,,2026-01-04T18:00:00.000Z,15,15,256937,111.0,-105,0,0,-115,0,0,,,,,,,,,,,1.5,-120,0,0,-1.5,-100,0,0,2026-01-04 10:00:00-08:00,2025-12-26 20:11:58.806493
256937,nfl,Giants,Cowboys,144,140,scheduled,,,,,,,,,,,,,,,,,2026-01-04T18:00:00.000Z,15,15,256937,111.0,-105,0,0,-115,0,0,,,,,,,,,,,1.5,-120,0,0,-1.5,-100,0,0,2026-01-04 10:00:00-08:00,2025-12-26 21:10:14.281340
256937,nfl,Giants,Cowboys,144,140,scheduled,,,,,,,,,,,,,,,,,2026-01-04T18:00:00.000Z,15,15,256937,111.0,-105,0,0,-115,0,0,,,,,,,,,,,1.5,-120,0,0,-1.5,-100,0,0,2026-01-04 10:00:00-08:00,2025-12-26 22:11:05.868112
256937,nfl,Giants,Cowboys,144,140,scheduled,,,,,,,,,,,,,,,,,2026-01-04T18:00:00.000Z,15,15,256937,111.0,-105,0,0,-115,0,0,,,,,,,,,,,1.5,-120,0,0,-1.5,-100,0,0,2026-01-04 10:00:00-08:00,2025-12-26 23:11:05.262155
256937,nfl,Giants,Cowboys,144,140,scheduled,,,,,,,,,,,,,,,,,2026-01-04T18:00:00.000Z,15,15,256937,111.0,-105,0,0,-115,0,0,,,,,,,,,,,1.5,-120,0,0,-1.5,-100,0,0,2026-01-04 10:00:00-08:00,2025-12-27 00:52:09.619620
256937,nfl,Giants,Cowboys,144,140,scheduled,,,,,,,,,,,,,,,,,2026-01-04T18:00:00.000Z,15,15,256937,111.0,-105,0,0,-115,0,0,,,,,,,,,,,1.5,-120,0,0,-1.5,-100,0,0,2026-01-04 10:00:00-08:00,2025-12-27 02:45:26.354219
256937,nfl,Giants,Cowboys,144,140,scheduled,,,,,,,,,,,,,,,,,2026-01-04T18:00:00.000Z,15,15,256937,111.0,-105,0,0,-115,0,0,,,,,,,,,,,1.5,-120,0,0,-1.5,-100,0,0,2026-01-04 10:00:00-08:00,2025-12-27 03:50:46.386921
256937,nfl,Giants,Cowboys,144,140,scheduled,,,,,,,,,,,,,,,,,2026-01-04T18:00:00.000Z,15,15,256937,111.0,-105,0,0,-115,0,0,,,,,,,,,,,1.5,-120,0,0,-1.5,-100,0,0,2026-01-04 10:00:00-08:00,2025-12-27 04:23:57.433834
256937,nfl,Giants,Cowboys,144,140,scheduled,,,,,,,,,,,,,,,,,2026-01-04T18:00:00.000Z,15,15,256937,111.0,-105,0,0,-115,0,0,,,,,,,,,,,1.5,-120,0,0,-1.5,-100,0,0,2026-01-04 10:00:00-08:00,2025-12-27 05:12:59.384988
256937,nfl,Giants,Cowboys,144,140,scheduled,,,,,,,,,,,,,,,,,2026-01-04T18:00:00.000Z,15,15,256937,111.0,-105,0,0,-115,0,0,,,,,,,,,,,1.5,-120,0,0,-1.5,-100,0,0,2026-01-04 10:00:00-08:00,2025-12-27 06:16:57.481674
256937,nfl,Giants,Cowboys,144,140,scheduled,,,,,,,,,,,,,,,,,2026-01-04T18:00:00.000Z,15,15,256937,111.0,-105,0,0,-115,0,0,,,,,,,,,,,1.5,-120,0,0,-1.5,-100,0,0,2026-01-04 10:00:00-08:00,2025-12-27 07:11:15.600789
256937,nfl,Giants,Cowboys,144,140,scheduled,,,,,,,,,,,,,,,,,2026-01-04T18:00:00.000Z,15,15,256937,111.0,-105,0,0,-115,0,0,,,,,,,,,,,1.5,-120,0,0,-1.5,-100,0,0,2026-01-04 10:00:00-08:00,2025-12-27 08:14:18.684212
256937,nfl,Giants,Cowboys,144,140,scheduled,,,,,,,,,,,,,,,,,2026-01-04T18:00:00.000Z,15,15,256937,111.0,-105,0,0,-115,0,0,,,,,,,,,,,1.5,-120,0,0,-1.5,-100,0,0,2026-01-04 10:00:00-08:00,2025-12-27 09:11:28.628963
256937,nfl,Giants,Cowboys,144,140,scheduled,,,,,,,,,,,,,,,,,2026-01-04T18:00:00.000Z,15,15,256937,111.0,-105,0,0,-115,0,0,,,,,,,,,,,1.5,-120,0,0,-1.5,-100,0,0,2026-01-04 10:00:00-08:00,2025-12-27 10:10:55.349865
256937,nfl,Giants,Cowboys,144,140,scheduled,,,,,,,,,,,,,,,,,2026-01-04T18:00:00.000Z,15,15,256937,111.0,-105,0,0,-115,0,0,,,,,,,,,,,1.5,-120,0,0,-1.5,-100,0,0,2026-01-04 10:00:00-08:00,2025-12-27 11:09:08.371334
256937,nfl,Giants,Cowboys,144,140,scheduled,,,,,,,,,,,,,,,,,2026-01-04T18:00:00.000Z,15,15,256937,111.0,-105,0,0,-115,0,0,,,,,,,,,,,1.5,-120,0,0,-1.5,-100,0,0,2026-01-04 10:00:00-08:00,2025-12-27 12:20:02.722447
256937,nfl,Giants,Cowboys,144,140,scheduled,,,,,,,,,,,,,,,,,2026-01-04T18:00:00.000Z,15,15,256937,111.0,-105,0,0,-115,0,0,,,,,,,,,,,1.5,-120,0,0,-1.5,-100,0,0,2026-01-04 10:00:00-08:00,2025-12-27 13:22:36.153313
256937,nfl,Giants,Cowboys,144,140,scheduled,,,,,,,,,,,,,,,,,2026-01-04T18:00:00.000Z,15,15,256937,121.0,-105,0,0,-115,0,0,,,,,,,,,,,1.5,-120,0,0,-1.5,-100,0,0,2026-01-04 10:00:00-08:00,2025-12-27 14:10:09.105416
256937,nfl,Giants,Cowboys,144,140,scheduled,,,,,,,,,,,,,,,,,2026-01-04T18:00:00.000Z,15,15,256937,121.0,-105,0,0,-115,0,0,,,,,,,,,,,1.5,-120,0,0,-1.5,-100,0,0,2026-01-04 10:00:00-08:00,2025-12-27 15:10:27.408251
256937,nfl,Giants,Cowboys,144,140,scheduled,,,,,,,,,,,,,,,,,2026-01-04T18:00:00.000Z,15,15,256937,121.0,-105,0,0,-115,0,0,,,,,,,,,,,1.5,-120,0,0,-1.5,-100,0,0,2026-01-04 10:00:00-08:00,2025-12-27 16:12:35.498777
256937,nfl,Giants,Cowboys,144,140,scheduled,,,,,,,,,,,,,,,,,2026-01-04T18:00:00.000Z,15,15,256937,121.0,-105,0,0,-115,0,0,,,,,,,,,,,1.5,-120,0,0,-1.5,-100,0,0,2026-01-04 10:00:00-08:00,2025-12-27 17:09:24.679173
256937,nfl,Giants,Cowboys,144,140,scheduled,,,,,,,,,,,,,,,,,2026-01-04T18:00:00.000Z,15,15,256937,121.0,-105,0,0,-115,0,0,,,,,,,,,,,1.5,-120,0,0,-1.5,-100,0,0,2026-01-04 10:00:00-08:00,2025-12-27 18:15:21.593820
256937,nfl,Giants,Cowboys,144,140,scheduled,,,,,,,,,,,,,,,,,2026-01-04T18:00:00.000Z,15,15,256937,121.0,-105,0,0,-115,0,0,,,,,,,,,,,1.5,-120,0,0,-1.5,-100,0,0,2026-01-04 10:00:00-08:00,2025-12-27 19:08:11.020979
256937,nfl,Giants,Cowboys,144,140,scheduled,,,,,,,,,,,,,,,,,2026-01-04T18:00:00.000Z,15,15,256937,121.0,-105,0,0,-115,0,0,,,,,,,,,,,1.5,-120,0,0,-1.5,-100,0,0,2026-01-04 10:00:00-08:00,2025-12-27 20:11:58.147200
256937,nfl,Giants,Cowboys,144,140,scheduled,,,,,,,,,,,,,,,,,2026-01-04T18:00:00.000Z,15,15,256937,121.0,-105,0,0,-115,0,0,,,,,,,,,,,1.5,-120,0,0,-1.5,-100,0,0,2026-01-04 10:00:00-08:00,2025-12-27 21:09:16.490123
256937,nfl,Giants,Cowboys,144,140,scheduled,,,,,,,,,,,,,,,,,2026-01-04T18:00:00.000Z,15,15,256937,121.0,-105,0,0,-115,0,0,,,,,,,,,,,1.5,-120,0,0,-1.5,-100,0,0,2026-01-04 10:00:00-08:00,2025-12-27 22:10:37.549818
256937,nfl,Giants,Cowboys,144,140,scheduled,,,,,,,,,,,,,,,,,2026-01-04T18:00:00.000Z,15,15,256937,121.0,-105,0,0,-115,0,0,,,,,,,,,,,1.5,-120,0,0,-1.5,-100,0,0,2026-01-04 10:00:00-08:00,2025-12-27 23:10:56.507855
256937,nfl,Giants,Cowboys,144,140,scheduled,,,,,,,,,,,,,,,,,2026-01-04T18:00:00.000Z,15,15,256937,121.0,-105,0,0,-115,0,0,,,,,,,,,,,1.5,-120,0,0,-1.5,-100,0,0,2026-01-04 10:00:00-08:00,2025-12-28 01:00:23.835801
256937,nfl,Giants,Cowboys,144,140,scheduled,,,,,,,,,,,,,,,,,2026-01-04T18:00:00.000Z,15,15,256937,121.0,-105,0,0,-115,0,0,,,,,,,,,,,1.5,-120,0,0,-1.5,-100,0,0,2026-01-04 10:00:00-08:00,2025-12-28 03:06:32.710666
256937,nfl,Giants,Cowboys,144,140,scheduled,,,,,,,,,,,,,,,,,2026-01-04T18:00:00.000Z,15,15,256937,121.0,-105,0,0,-115,0,0,,,,,,,,,,,1.5,-120,0,0,-1.5,-100,0,0,2026-01-04 10:00:00-08:00,2025-12-28 04:37:04.226145
256937,nfl,Giants,Cowboys,144,140,scheduled,,,,,,,,,,,,,,,,,2026-01-04T18:00:00.000Z,15,15,256937,131.0,-105,0,0,-115,0,0,,,,,,,,,,,1.5,-120,0,0,-1.5,-100,0,0,2026-01-04 10:00:00-08:00,2025-12-28 05:16:17.294985
256937,nfl,Giants,Cowboys,144,140,scheduled,,,,,,,,,,,,,,,,,2026-01-04T18:00:00.000Z,15,15,256937,131.0,-105,0,0,-115,0,0,,,,,,,,,,,1.5,-120,0,0,-1.5,-100,0,0,2026-01-04 10:00:00-08:00,2025-12-28 06:17:08.821207
256937,nfl,Giants,Cowboys,144,140,scheduled,,,,,,,,,,,,,,,,,2026-01-04T18:00:00.000Z,15,15,256937,146.0,-105,0,0,-115,0,0,,,,,,,,,,,1.5,-120,0,0,-1.5,-100,0,0,2026-01-04 10:00:00-08:00,2025-12-28 07:12:39.376726
256937,nfl,Giants,Cowboys,144,140,scheduled,,,,,,,,,,,,,,,,,2026-01-04T18:00:00.000Z,15,15,256937,146.0,-105,0,0,-115,0,0,,,,,,,,,,,1.5,-120,0,0,-1.5,-100,0,0,2026-01-04 10:00:00-08:00,2025-12-28 08:15:12.992681
256937,nfl,Giants,Cowboys,144,140,scheduled,,,,,,,,,,,,,,,,,2026-01-04T18:00:00.000Z,15,15,256937,151.0,-105,0,0,-115,0,0,,,,,,,,,,,1.5,-120,0,0,-1.5,-100,0,0,2026-01-04 10:00:00-08:00,2025-12-28 09:11:07.181303
256937,nfl,Giants,Cowboys,144,140,scheduled,,,,,,,,,,,,,,,,,2026-01-04T18:00:00.000Z,15,15,256937,151.0,-105,0,0,-115,0,0,,,,,,,,,,,1.5,-120,0,0,-1.5,-100,0,0,2026-01-04 10:00:00-08:00,2025-12-28 10:11:08.388558
256937,nfl,Giants,Cowboys,144,140,scheduled,,,,,,,,,,,,,,,,,2026-01-04T18:00:00.000Z,15,15,256937,151.0,-105,0,0,-115,0,0,,,,,,,,,,,1.5,-120,0,0,-1.5,-100,0,0,2026-01-04 10:00:00-08:00,2025-12-28 11:09:38.837778
256937,nfl,Giants,Cowboys,144,140,scheduled,,,,,,,,,,,,,,,,,2026-01-04T18:00:00.000Z,15,15,256937,151.0,-105,0,0,-115,0,0,,,,,,,,,,,1.5,-120,0,0,-1.5,-100,0,0,2026-01-04 10:00:00-08:00,2025-12-28 12:20:06.953014
256937,nfl,Giants,Cowboys,144,140,scheduled,,,,,,,,,,,,,,,,,2026-01-04T18:00:00.000Z,15,15,256937,151.0,-105,0,0,-115,0,0,,,,,,,,,,,1.5,-120,0,0,-1.5,-100,0,0,2026-01-04 10:00:00-08:00,2025-12-28 13:23:27.247143
256937,nfl,Giants,Cowboys,144,140,scheduled,,,,,,,,,,,,,,,,,2026-01-04T18:00:00.000Z,15,15,256937,151.0,-105,0,0,-115,0,0,,,,,,,,,,,1.5,-120,0,0,-1.5,-100,0,0,2026-01-04 10:00:00-08:00,2025-12-28 14:10:52.394624
256937,nfl,Giants,Cowboys,144,140,scheduled,,,,,,,,,,,,,,,,,2026-01-04T18:00:00.000Z,15,15,256937,151.0,-105,0,0,-115,0,0,,,,,,,,,,,1.5,-120,0,0,-1.5,-100,0,0,2026-01-04 10:00:00-08:00,2025-12-28 15:10:53.771829
256937,nfl,Giants,Cowboys,144,140,scheduled,,,,,,,,,,,,,,,,,2026-01-04T18:00:00.000Z,15,15,256937,171.0,-105,0,0,-115,0,0,,,,,,,,,,,1.5,-120,0,0,-1.5,-100,0,0,2026-01-04 10:00:00-08:00,2025-12-28 16:12:43.249346
256937,nfl,Giants,Cowboys,144,140,scheduled,,,,,,,,,,,,,,,,,2026-01-04T18:00:00.000Z,15,15,256937,171.0,-105,0,0,-115,0,0,,,,,,,,,,,1.5,-120,0,0,-1.5,-100,0,0,2026-01-04 10:00:00-08:00,2025-12-28 17:09:55.421727
256937,nfl,Giants,Cowboys,144,140,scheduled,,,,,,,,,,,,,,,,,2026-01-04T18:00:00.000Z,15,15,256937,171.0,-105,0,0,-115,0,0,,,,,,,,,,,1.5,-120,0,0,-1.5,-100,0,0,2026-01-04 10:00:00-08:00,2025-12-28 18:16:04.872989
256937,nfl,Giants,Cowboys,144,140,scheduled,,,,,,,,,,,,,,,,,2026-01-04T18:00:00.000Z,15,15,256937,171.0,-105,0,0,-115,0,0,,,,,,,,,,,1.5,-120,0,0,-1.5,-100,0,0,2026-01-04 10:00:00-08:00,2025-12-28 19:08:36.704489
256937,nfl,Giants,Cowboys,144,140,scheduled,,,,,,,,,,,,,,,,,2026-01-04T18:00:00.000Z,15,15,256937,171.0,-105,0,0,-115,0,0,,,,,,,,,,,1.5,-120,0,0,-1.5,-100,0,0,2026-01-04 10:00:00-08:00,2025-12-28 20:12:38.642673
256937,nfl,Giants,Cowboys,144,140,scheduled,,,,,,,,,,,,,,,,,2026-01-04T18:00:00.000Z,15,15,256937,181.0,-105,0,0,-115,0,0,,,,,,,,,,,1.5,-120,0,0,-1.5,-100,0,0,2026-01-04 10:00:00-08:00,2025-12-28 21:10:03.650143
256937,nfl,Giants,Cowboys,144,140,scheduled,,,,,,,,,,,,,,,,,2026-01-04T18:00:00.000Z,15,15,256937,186.0,-105,0,0,-115,0,0,,,,,,,,,,,1.5,-120,0,0,-1.5,-100,0,0,2026-01-04 10:00:00-08:00,2025-12-28 22:10:56.332363
256937,nfl,Giants,Cowboys,144,140,scheduled,,,,,,,,,,,,,,,,,2026-01-04T18:00:00.000Z,15,15,256937,206.0,-105,0,0,-115,0,0,,,,,,,,,,,1.5,-120,0,0,-1.5,-100,0,0,2026-01-04 10:00:00-08:00,2025-12-28 23:10:56.836228
256937,nfl,Giants,Cowboys,144,140,scheduled,,,,,,,,,,,,,,,,,2026-01-04T18:00:00.000Z,15,15,256937,222.0,200,0,0,-244,0,0,,,,52.5,-110.0,-110.0,0.0,0.0,0.0,0.0,4.5,-110,0,0,-4.5,-110,0,0,2026-01-04 10:00:00-08:00,2025-12-29 00:58:37.946408
256937,nfl,Giants,Cowboys,144,140,scheduled,,,,,,,,,,,,,,,,,2026-01-04T18:00:00.000Z,15,15,256937,302.0,195,12,7,-235,88,93,,,,52.5,-105.0,-110.0,0.0,0.0,0.0,0.0,5.0,-105,0,0,-5.0,-115,0,0,2026-01-04 10:00:00-08:00,2025-12-29 03:04:36.525929
256937,nfl,Giants,Cowboys,144,140,scheduled,,,,,,,,,,,,,,,,,2026-01-04T18:00:00.000Z,15,15,256937,398.0,195,14,11,-245,86,89,,,,52.5,-105.0,-115.0,0.0,0.0,0.0,0.0,5.0,-110,0,0,-5.0,-110,0,0,2026-01-04 10:00:00-08:00,2025-12-29 05:20:58.012143
256937,nfl,Giants,Cowboys,144,140,scheduled,,,,,,,,,,,,,,,,,2026-01-04T18:00:00.000Z,15,15,256937,439.0,200,14,11,-245,86,89,,,,52.5,-105.0,-110.0,0.0,0.0,0.0,0.0,5.0,-110,0,0,-5.0,-110,0,0,2026-01-04 10:00:00-08:00,2025-12-29 06:20:42.322318
256937,nfl,Giants,Cowboys,144,140,scheduled,,,,,,,,,,,,,,,,,2026-01-04T18:00:00.000Z,15,15,256937,504.0,200,16,9,-245,84,91,,,,52.5,-110.0,-114.0,45.0,48.0,55.0,52.0,5.0,-110,0,0,-5.0,-110,0,0,2026-01-04 10:00:00-08:00,2025-12-29 08:18:19.189375
256937,nfl,Giants,Cowboys,144,140,scheduled,,,,,,,,,,,,,,,,,2026-01-04T18:00:00.000Z,15,15,256937,504.0,200,16,10,-245,84,90,,,,52.5,-110.0,-114.0,47.0,48.0,53.0,52.0,5.5,-104,0,0,-5.5,-115,0,0,2026-01-04 10:00:00-08:00,2025-12-29 09:20:27.955615
256937,nfl,Giants,Cowboys,144,140,scheduled,,,,,,,,,,,,,,,,,2026-01-04T18:00:00.000Z,15,15,256937,504.0,200,15,9,-245,85,91,,,,52.5,-110.0,-114.0,45.0,46.0,55.0,54.0,5.5,-110,0,0,-5.5,-110,0,0,2026-01-04 10:00:00-08:00,2025-12-29 10:14:08.841334
256937,nfl,Giants,Cowboys,144,140,scheduled,,,,,,,,,,,,,,,,,2026-01-04T18:00:00.000Z,15,15,256937,509.0,200,14,9,-245,86,91,,,,52.5,-105.0,-114.0,45.0,45.0,55.0,55.0,5.5,-110,0,0,-5.5,-110,0,0,2026-01-04 10:00:00-08:00,2025-12-29 11:11:26.034516
256937,nfl,Giants,Cowboys,144,140,scheduled,,,,,,,,,,,,,,,,,2026-01-04T18:00:00.000Z,15,15,256937,525.0,200,13,11,-245,87,89,,,,52.5,-110.0,-111.0,47.0,50.0,53.0,50.0,5.5,-110,0,0,-5.5,-110,0,0,2026-01-04 10:00:00-08:00,2025-12-29 12:22:47.110663
256937,nfl,Giants,Cowboys,144,140,scheduled,,,,,,,,,,,,,,,,,2026-01-04T18:00:00.000Z,15,15,256937,636.0,200,14,11,-245,86,89,,,,52.5,-110.0,-110.0,49.0,52.0,51.0,48.0,5.5,-110,43,35,-5.5,-110,57,65,2026-01-04 10:00:00-08:00,2025-12-29 16:13:44.953517
256937,nfl,Giants,Cowboys,144,140,scheduled,,,,,,,,,,,,,,,,,2026-01-04T18:00:00.000Z,15,15,256937,727.0,200,13,10,-250,87,90,,,,52.5,-110.0,-110.0,47.0,50.0,53.0,50.0,5.5,-110,40,33,-5.5,-110,60,67,2026-01-04 10:00:00-08:00,2025-12-29 19:09:35.062004
256937,nfl,Giants,Cowboys,144,140,scheduled,,,,,,,,,,,,,,,,,2026-01-04T18:00:00.000Z,15,15,256937,802.0,200,13,10,-245,87,90,,,,52.5,-110.0,-110.0,49.0,53.0,51.0,47.0,5.5,-104,36,29,-5.5,-114,64,71,2026-01-04 10:00:00-08:00,2025-12-29 22:11:03.624866
256937,nfl,Giants,Cowboys,144,140,scheduled,,,,,,,,,,,,,,,,,2026-01-04T18:00:00.000Z,15,15,256937,812.0,200,12,9,-250,88,91,,,,52.5,-110.0,-110.0,49.0,52.0,51.0,48.0,5.5,-110,34,28,-5.5,-110,66,72,2026-01-04 10:00:00-08:00,2025-12-29 23:10:56.655569
256937,nfl,Giants,Cowboys,144,140,scheduled,,,,,,,,,,,,,,,,,2026-01-04T18:00:00.000Z,15,15,256937,923.0,200,12,9,-250,88,91,,,,52.5,-110.0,-110.0,47.0,51.0,53.0,49.0,5.0,-115,32,29,-5.0,-105,68,71,2026-01-04 10:00:00-08:00,2025-12-30 02:50:47.172334
256937,nfl,Giants,Cowboys,144,140,scheduled,,,,,,,,,,,,,,,,,2026-01-04T18:00:00.000Z,15,15,256937,1019.0,200,13,10,-250,87,90,,,,52.5,-110.0,-110.0,46.0,51.0,54.0,49.0,4.5,-111,32,29,-4.5,-110,68,71,2026-01-04 10:00:00-08:00,2025-12-30 05:15:56.935717
256937,nfl,Giants,Cowboys,144,140,scheduled,,,,,,,,,,,,,,,,,2026-01-04T18:00:00.000Z,15,15,256937,1262.0,185,13,10,-233,87,90,,,,51.5,-110.0,-110.0,48.0,51.0,52.0,49.0,4.5,-110,33,27,-4.5,-110,67,73,2026-01-04 10:00:00-08:00,2025-12-30 15:12:07.781718
256937,nfl,Giants,Cowboys,144,140,scheduled,,,,,,,,,,,,,,,,,2026-01-04T18:00:00.000Z,15,15,256937,1322.0,190,13,10,-235,87,90,,,,51.5,-110.0,-110.0,49.0,52.0,51.0,48.0,4.5,-110,33,23,-4.5,-110,67,77,2026-01-04 10:00:00-08:00,2025-12-30 16:14:46.330090
256937,nfl,Giants,Cowboys,144,140,scheduled,,,,,,,,,,,,,,,,,2026-01-04T18:00:00.000Z,15,15,256937,1363.0,180,13,10,-222,87,90,,,,51.5,-110.0,-110.0,49.0,52.0,51.0,48.0,4.5,-110,32,19,-4.5,-110,68,81,2026-01-04 10:00:00-08:00,2025-12-30 17:13:28.843030
256937,nfl,Giants,Cowboys,144,140,scheduled,,,,,,,,,,,,,,,,,2026-01-04T18:00:00.000Z,15,15,256937,2231.0,170,13,13,-205,87,87,,,,51.5,-110.0,-110.0,50.0,54.0,50.0,46.0,3.5,-110,34,38,-3.5,-110,66,62,2026-01-04 10:00:00-08:00,2025-12-30 21:11:19.391681
256937,nfl,Giants,Cowboys,144,140,scheduled,,,,,,,,,,,,,,,,,2026-01-04T18:00:00.000Z,15,15,256937,2307.0,165,13,13,-200,87,87,,,,51.5,-110.0,-110.0,50.0,55.0,50.0,45.0,3.5,-110,39,63,-3.5,-110,61,37,2026-01-04 10:00:00-08:00,2025-12-30 22:10:46.681998
256937,nfl,Giants,Cowboys,144,140,scheduled,,,,,,,,,,,,,,,,,2026-01-04T18:00:00.000Z,15,15,256937,3110.0,160,12,13,-192,88,87,,,,51.5,-110.0,-110.0,49.0,53.0,51.0,47.0,3.5,-110,39,59,-3.5,-110,61,41,2026-01-04 10:00:00-08:00,2025-12-31 15:12:09.192562
256937,nfl,Giants,Cowboys,144,140,scheduled,,,,,,,,,,,,,,,,,2026-01-04T18:00:00.000Z,15,15,256937,3539.0,164,12,13,-192,88,87,,,,51.5,-110.0,-110.0,50.0,54.0,50.0,46.0,3.5,-110,40,58,-3.5,-110,60,42,2026-01-04 10:00:00-08:00,2025-12-31 21:10:28.679305
256937,nfl,Giants,Cowboys,144,140,scheduled,,,,,,,,,,,,,,,,,2026-01-04T18:00:00.000Z,15,15,256937,3730.0,164,12,13,-198,88,87,,,,51.5,-110.0,-110.0,51.0,52.0,49.0,48.0,3.5,-110,41,61,-3.5,-110,59,39,2026-01-04 10:00:00-08:00,2026-01-01 01:00:24.309318
256937,nfl,Giants,Cowboys,144,140,scheduled,,,,,,,,,,,,,,,,,2026-01-04T18:00:00.000Z,15,15,256937,4392.0,164,12,12,-198,88,88,,,,51.5,-105.0,-115.0,55.0,55.0,45.0,45.0,3.5,-110,39,55,-3.5,-110,61,45,2026-01-04 10:00:00-08:00,2026-01-01 19:09:57.350420
256937,nfl,Giants,Cowboys,144,140,scheduled,,,,,,,,,,,,,,,,,2026-01-04T18:00:00.000Z,15,15,256937,4513.0,160,12,12,-198,88,88,,,,51.0,-110.0,-110.0,55.0,55.0,45.0,45.0,3.5,-110,39,55,-3.5,-110,61,45,2026-01-04 10:00:00-08:00,2026-01-01 20:13:10.714914
256937,nfl,Giants,Cowboys,144,140,scheduled,,,,,,,,,,,,,,,,,2026-01-04T18:00:00.000Z,15,15,256937,4624.0,160,11,12,-198,89,88,,,,50.5,-132.0,-110.0,55.0,54.0,45.0,46.0,3.5,-110,41,56,-3.5,-110,59,44,2026-01-04 10:00:00-08:00,2026-01-01 21:10:51.329680
256937,nfl,Giants,Cowboys,144,140,scheduled,,,,,,,,,,,,,,,,,2026-01-04T18:00:00.000Z,15,15,256937,4760.0,160,11,11,-190,89,89,,,,50.5,-132.0,-110.0,56.0,55.0,44.0,45.0,3.5,-110,40,55,-3.5,-110,60,45,2026-01-04 10:00:00-08:00,2026-01-01 23:11:14.966269
256937,nfl,Giants,Cowboys,144,140,scheduled,,,,,,,,,,,,,,,,,2026-01-04T18:00:00.000Z,15,15,256937,4942.0,160,11,11,-190,89,89,,,,49.5,-115.0,-110.0,55.0,50.0,45.0,50.0,3.5,-112,40,54,-3.5,-108,60,46,2026-01-04 10:00:00-08:00,2026-01-02 00:55:15.659977
256937,nfl,Giants,Cowboys,144,140,scheduled,,,,,,,,,,,,,,,,,2026-01-04T18:00:00.000Z,15,15,256937,5760.0,160,12,11,-190,88,89,,,,49.5,-120.0,-110.0,56.0,52.0,44.0,48.0,3.5,-112,39,50,-3.5,-108,61,50,2026-01-04 10:00:00-08:00,2026-01-02 16:13:38.267933
256937,nfl,Giants,Cowboys,144,140,scheduled,,,,,,,,,,,,,,,,,2026-01-04T18:00:00.000Z,15,15,256937,6007.0,154,12,11,-185,88,89,,,,49.5,-120.0,-110.0,57.0,54.0,43.0,46.0,3.5,-112,38,50,-3.5,-108,62,50,2026-01-04 10:00:00-08:00,2026-01-02 18:16:46.925150
256937,nfl,Giants,Cowboys,144,140,scheduled,,,,,,,,,,,,,,,,,2026-01-04T18:00:00.000Z,15,15,256937,7517.0,154,12,11,-185,88,89,,,,49.5,-115.0,-110.0,58.0,56.0,42.0,44.0,3.5,-115,39,50,-3.5,-105,61,50,2026-01-04 10:00:00-08:00,2026-01-03 00:51:34.138365
256937,nfl,Giants,Cowboys,144,140,scheduled,,,,,,,,,,,,,,,,,2026-01-04T18:00:00.000Z,15,15,256937,11798.0,150,12,9,-185,88,91,,,,49.5,-115.0,-110.0,60.0,59.0,40.0,41.0,3.5,-115,36,43,-3.5,-105,64,57,2026-01-04 10:00:00-08:00,2026-01-04 01:00:46.546153
256937,nfl,Giants,Cowboys,144,140,scheduled,,,,,,,,,,,,,,,,,2026-01-04T18:00:00.000Z,15,15,256937,21557.0,140,12,9,-167,88,91,,,,49.5,-115.0,-110.0,60.0,58.0,40.0,42.0,3.0,-110,34,45,-3.0,-110,66,55,2026-01-04 10:00:00-08:00,2026-01-04 15:10:26.127149
256937,nfl,Giants,Cowboys,144,140,scheduled,,,,,,,,,,,,,,,,,2026-01-04T18:00:00.000Z,15,15,256937,25783.0,135,13,22,-161,87,78,,,,49.5,-115.0,-110.0,58.0,59.0,42.0,41.0,3.0,-110,33,42,-3.0,-110,67,58,2026-01-04 10:00:00-08:00,2026-01-04 16:12:42.814121
256937,nfl,Giants,Cowboys,144,140,scheduled,,,,,,,,,,,,,,,,,2026-01-04T18:00:00.000Z,15,15,256937,34109.0,136,13,21,-162,87,79,,,,49.5,-118.0,-110.0,57.0,58.0,43.0,42.0,3.0,-112,33,51,-3.0,-108,67,49,2026-01-04 10:00:00-08:00,2026-01-04 17:09:51.083935
256945,nfl,Vikings,Packers,148,147,scheduled,,,,,,,,,,,,,,,,,2026-01-04T18:00:00.000Z,15,15,256945,55.0,105,0,0,-125,0,0,,,,44.5,-110.0,-110.0,0.0,0.0,0.0,0.0,1.5,-115,0,0,-1.5,-105,0,0,2026-01-04 10:00:00-08:00,2025-12-23 09:16:17.536168
256945,nfl,Vikings,Packers,148,147,scheduled,,,,,,,,,,,,,,,,,2026-01-04T18:00:00.000Z,15,15,256945,247.0,-298,0,0,240,0,0,,,,37.5,-110.0,-110.0,0.0,0.0,0.0,0.0,-6.0,-110,0,0,6.0,-110,0,0,2026-01-04 10:00:00-08:00,2025-12-29 00:58:37.946408
256945,nfl,Vikings,Packers,148,147,scheduled,,,,,,,,,,,,,,,,,2026-01-04T18:00:00.000Z,15,15,256945,378.0,-290,55,32,235,45,68,,,,37.5,-105.0,-110.0,0.0,0.0,0.0,0.0,-6.5,-112,0,0,6.5,-107,0,0,2026-01-04 10:00:00-08:00,2025-12-29 03:04:36.525929
256945,nfl,Vikings,Packers,148,147,scheduled,,,,,,,,,,,,,,,,,2026-01-04T18:00:00.000Z,15,15,256945,615.0,-294,57,15,235,43,85,,,,37.5,-105.0,-110.0,74.0,79.0,26.0,21.0,-6.5,-110,0,0,6.5,-110,0,0,2026-01-04 10:00:00-08:00,2025-12-29 09:20:27.955615
256945,nfl,Vikings,Packers,148,147,scheduled,,,,,,,,,,,,,,,,,2026-01-04T18:00:00.000Z,15,15,256945,984.0,-290,60,23,235,40,77,,,,37.0,-120.0,-110.0,77.0,80.0,23.0,20.0,-6.5,-110,30,57,6.5,-110,70,43,2026-01-04 10:00:00-08:00,2025-12-29 19:09:35.062004
256945,nfl,Vikings,Packers,148,147,scheduled,,,,,,,,,,,,,,,,,2026-01-04T18:00:00.000Z,15,15,256945,1176.0,-290,62,19,235,38,81,,,,36.5,-110.0,-110.0,76.0,79.0,24.0,21.0,-6.5,-110,30,53,6.5,-110,70,47,2026-01-04 10:00:00-08:00,2025-12-29 23:10:56.655569
256945,nfl,Vikings,Packers,148,147,scheduled,,,,,,,,,,,,,,,,,2026-01-04T18:00:00.000Z,15,15,256945,1751.0,-290,59,27,235,41,73,,,,36.5,-110.0,-110.0,78.0,80.0,22.0,20.0,-6.5,-111,27,47,6.5,-110,73,53,2026-01-04 10:00:00-08:00,2025-12-30 16:14:46.330090
256945,nfl,Vikings,Packers,148,147,scheduled,,,,,,,,,,,,,,,,,2026-01-04T18:00:00.000Z,15,15,256945,1792.0,-290,59,26,230,41,74,,,,36.5,-110.0,-110.0,77.0,80.0,23.0,20.0,-6.5,-111,26,46,6.5,-110,74,54,2026-01-04 10:00:00-08:00,2025-12-30 17:13:28.843030
256945,nfl,Vikings,Packers,148,147,scheduled,,,,,,,,,,,,,,,,,2026-01-04T18:00:00.000Z,15,15,256945,1857.0,-285,59,26,230,41,74,,,,36.5,-110.0,-110.0,78.0,80.0,22.0,20.0,-6.5,-111,27,46,6.5,-110,73,54,2026-01-04 10:00:00-08:00,2025-12-30 18:17:29.935641
256945,nfl,Vikings,Packers,148,147,scheduled,,,,,,,,,,,,,,,,,2026-01-04T18:00:00.000Z,15,15,256945,2287.0,-290,61,26,230,39,74,,,,36.5,-110.0,-110.0,78.0,81.0,22.0,19.0,-6.5,-111,28,43,6.5,-110,72,57,2026-01-04 10:00:00-08:00,2025-12-31 02:49:55.630090
256945,nfl,Vikings,Packers,148,147,scheduled,,,,,,,,,,,,,,,,,2026-01-04T18:00:00.000Z,15,15,256945,2903.0,-325,62,28,260,38,72,,,,36.5,-110.0,-110.0,79.0,81.0,21.0,19.0,-7.0,-115,26,39,7.0,-105,74,61,2026-01-04 10:00:00-08:00,2025-12-31 17:10:07.591669
256945,nfl,Vikings,Packers,148,147,scheduled,,,,,,,,,,,,,,,,,2026-01-04T18:00:00.000Z,15,15,256945,3029.0,-355,62,27,280,38,73,,,,35.5,-115.0,-110.0,79.0,81.0,21.0,19.0,-7.5,-105,26,38,7.5,-115,74,62,2026-01-04 10:00:00-08:00,2025-12-31 18:16:35.681938
256945,nfl,Vikings,Packers,148,147,scheduled,,,,,,,,,,,,,,,,,2026-01-04T18:00:00.000Z,15,15,256945,3094.0,-355,62,26,280,38,74,,,,35.5,-115.0,-110.0,79.0,81.0,21.0,19.0,-7.5,-110,27,43,7.5,-110,73,57,2026-01-04 10:00:00-08:00,2025-12-31 19:09:10.678017
256945,nfl,Vikings,Packers,148,147,scheduled,,,,,,,,,,,,,,,,,2026-01-04T18:00:00.000Z,15,15,256945,3130.0,-370,62,25,280,38,75,,,,35.5,-115.0,-110.0,79.0,81.0,21.0,19.0,-7.5,-110,26,38,7.5,-111,74,62,2026-01-04 10:00:00-08:00,2025-12-31 20:12:18.158735
256945,nfl,Vikings,Packers,148,147,scheduled,,,,,,,,,,,,,,,,,2026-01-04T18:00:00.000Z,15,15,256945,3200.0,-370,61,24,280,39,76,,,,35.5,-111.0,-110.0,79.0,81.0,21.0,19.0,-7.5,-110,26,37,7.5,-111,74,63,2026-01-04 10:00:00-08:00,2025-12-31 21:10:28.679305
256945,nfl,Vikings,Packers,148,147,scheduled,,,,,,,,,,,,,,,,,2026-01-04T18:00:00.000Z,15,15,256945,3266.0,-370,61,26,290,39,74,,,,35.5,-110.0,-110.0,80.0,82.0,20.0,18.0,-7.5,-110,26,37,7.5,-111,74,63,2026-01-04 10:00:00-08:00,2025-12-31 22:11:38.372698
256945,nfl,Vikings,Packers,148,147,scheduled,,,,,,,,,,,,,,,,,2026-01-04T18:00:00.000Z,15,15,256945,3337.0,-350,61,26,275,39,74,,,,35.5,-110.0,-110.0,80.0,82.0,20.0,18.0,-7.0,-115,25,36,7.0,-105,75,64,2026-01-04 10:00:00-08:00,2025-12-31 23:11:13.765634
256945,nfl,Vikings,Packers,148,147,scheduled,,,,,,,,,,,,,,,,,2026-01-04T18:00:00.000Z,15,15,256945,4851.0,-450,62,22,290,38,78,,,,35.5,-110.0,-110.0,82.0,82.0,18.0,18.0,-7.5,-115,26,34,7.5,-105,74,66,2026-01-04 10:00:00-08:00,2026-01-01 17:11:45.660441
256945,nfl,Vikings,Packers,148,147,scheduled,,,,,,,,,,,,,,,,,2026-01-04T18:00:00.000Z,15,15,256945,5089.0,-400,62,22,310,38,78,,,,35.5,-110.0,-110.0,82.0,82.0,18.0,18.0,-7.5,-115,26,35,7.5,-105,74,65,2026-01-04 10:00:00-08:00,2026-01-01 18:17:02.794481
256945,nfl,Vikings,Packers,148,147,scheduled,,,,,,,,,,,,,,,,,2026-01-04T18:00:00.000Z,15,15,256945,6522.0,-395,62,25,300,38,75,,,,35.5,-110.0,-110.0,82.0,82.0,18.0,18.0,-7.5,-115,29,54,7.5,-105,71,46,2026-01-04 10:00:00-08:00,2026-01-02 09:15:27.584713
256945,nfl,Vikings,Packers,148,147,scheduled,,,,,,,,,,,,,,,,,2026-01-04T18:00:00.000Z,15,15,256945,7249.0,-395,63,23,310,37,77,,,,35.5,-110.0,-110.0,81.0,82.0,19.0,18.0,-8.0,-110,29,53,8.0,-110,71,47,2026-01-04 10:00:00-08:00,2026-01-02 18:16:46.925150
256945,nfl,Vikings,Packers,148,147,scheduled,,,,,,,,,,,,,,,,,2026-01-04T18:00:00.000Z,15,15,256945,7653.0,-450,63,24,350,37,76,,,,36.5,-118.0,-108.0,81.0,82.0,19.0,18.0,-9.5,-111,30,53,9.5,-110,70,47,2026-01-04 10:00:00-08:00,2026-01-02 20:12:30.566155
256945,nfl,Vikings,Packers,148,147,scheduled,,,,,,,,,,,,,,,,,2026-01-04T18:00:00.000Z,15,15,256945,7795.0,-450,63,24,350,37,76,,,,37.0,-110.0,-110.0,81.0,84.0,19.0,16.0,-9.5,-111,30,53,9.5,-110,70,47,2026-01-04 10:00:00-08:00,2026-01-02 21:09:11.431241
256945,nfl,Vikings,Packers,148,147,scheduled,,,,,,,,,,,,,,,,,2026-01-04T18:00:00.000Z,15,15,256945,8502.0,-450,64,25,350,36,75,,,,37.0,-110.0,-110.0,81.0,84.0,19.0,16.0,-9.5,-110,31,59,9.5,-110,69,41,2026-01-04 10:00:00-08:00,2026-01-03 00:51:34.138365
256945,nfl,Vikings,Packers,148,147,scheduled,,,,,,,,,,,,,,,,,2026-01-04T18:00:00.000Z,15,15,256945,8744.0,-455,64,27,350,36,73,,,,37.0,-110.0,-110.0,81.0,84.0,19.0,16.0,-9.5,-110,31,59,9.5,-110,69,41,2026-01-04 10:00:00-08:00,2026-01-03 02:44:40.753351
256945,nfl,Vikings,Packers,148,147,scheduled,,,,,,,,,,,,,,,,,2026-01-04T18:00:00.000Z,15,15,256945,9557.0,-455,64,29,350,36,71,,,,36.5,-118.0,-105.0,81.0,84.0,19.0,16.0,-9.5,-110,31,58,9.5,-110,69,42,2026-01-04 10:00:00-08:00,2026-01-03 07:11:42.196998
256945,nfl,Vikings,Packers,148,147,scheduled,,,,,,,,,,,,,,,,,2026-01-04T18:00:00.000Z,15,15,256945,10965.0,-500,65,30,380,35,70,,,,37.0,-110.0,-110.0,81.0,83.0,19.0,17.0,-9.5,-115,32,57,9.5,-105,68,43,2026-01-04 10:00:00-08:00,2026-01-03 18:15:34.550120
256945,nfl,Vikings,Packers,148,147,scheduled,,,,,,,,,,,,,,,,,2026-01-04T18:00:00.000Z,15,15,256945,11152.0,-500,66,30,380,34,70,,,,37.0,-110.0,-110.0,81.0,83.0,19.0,17.0,-10.0,-108,32,57,10.0,-112,68,43,2026-01-04 10:00:00-08:00,2026-01-03 19:08:23.831758
256945,nfl,Vikings,Packers,148,147,scheduled,,,,,,,,,,,,,,,,,2026-01-04T18:00:00.000Z,15,15,256945,11687.0,-500,66,31,375,34,69,,,,37.0,-110.0,-110.0,81.0,83.0,19.0,17.0,-10.0,-108,32,55,10.0,-112,68,45,2026-01-04 10:00:00-08:00,2026-01-03 21:09:50.273288
256945,nfl,Vikings,Packers,148,147,scheduled,,,,,,,,,,,,,,,,,2026-01-04T18:00:00.000Z,15,15,256945,12753.0,-550,67,31,400,33,69,,,,37.5,-102.0,-115.0,81.0,83.0,19.0,17.0,-10.5,-110,32,51,10.5,-110,68,49,2026-01-04 10:00:00-08:00,2026-01-04 01:00:46.546153
256945,nfl,Vikings,Packers,148,147,scheduled,,,,,,,,,,,,,,,,,2026-01-04T18:00:00.000Z,15,15,256945,13298.0,-556,66,29,400,34,71,,,,37.5,-102.0,-115.0,81.0,83.0,19.0,17.0,-10.5,-110,35,62,10.5,-111,65,38,2026-01-04 10:00:00-08:00,2026-01-04 03:09:39.992128
256945,nfl,Vikings,Packers,148,147,scheduled,,,,,,,,,,,,,,,,,2026-01-04T18:00:00.000Z,15,15,256945,18458.0,-556,69,36,400,31,64,,,,37.0,-110.0,-110.0,79.0,84.0,21.0,16.0,-10.5,-110,33,61,10.5,-111,67,39,2026-01-04 10:00:00-08:00,2026-01-04 13:24:09.053402
256945,nfl,Vikings,Packers,148,147,scheduled,,,,,,,,,,,,,,,,,2026-01-04T18:00:00.000Z,15,15,256945,19144.0,-556,69,36,400,31,64,,,,37.0,-110.0,-110.0,79.0,84.0,21.0,16.0,-10.5,-110,33,61,10.5,-110,67,39,2026-01-04 10:00:00-08:00,2026-01-04 14:10:40.811639
256945,nfl,Vikings,Packers,148,147,scheduled,,,,,,,,,,,,,,,,,2026-01-04T18:00:00.000Z,15,15,256945,24243.0,-650,71,35,475,29,65,,,,37.0,-110.0,-110.0,79.0,83.0,21.0,17.0,-12.5,-110,34,59,12.5,-111,66,41,2026-01-04 10:00:00-08:00,2026-01-04 16:12:42.814121
256945,nfl,Vikings,Packers,148,147,scheduled,,,,,,,,,,,,,,,,,2026-01-04T18:00:00.000Z,15,15,256945,30362.0,-650,71,36,475,29,64,,,,37.0,-110.0,-110.0,78.0,82.0,22.0,18.0,-12.5,-112,33,58,12.5,-108,67,42,2026-01-04 10:00:00-08:00,2026-01-04 17:09:51.083935
256942,nfl,Buccaneers,Panthers,149,150,scheduled,,,,,,,,,,,,,,,,,2026-01-04T18:00:00.000Z,15,15,256942,60.0,-325,0,0,260,0,0,,,,46.5,-110.0,-110.0,0.0,0.0,0.0,0.0,-7.0,-105,0,0,7.0,-115,0,0,2026-01-04 10:00:00-08:00,2025-12-23 09:16:17.536168
256942,nfl,Buccaneers,Panthers,149,150,scheduled,,,,,,,,,,,,,,,,,2026-01-04T18:00:00.000Z,15,15,256942,201.0,-252,82,73,206,18,27,,,,45.0,-114.0,-110.0,73.0,41.0,27.0,59.0,-5.5,-110,35,38,5.5,-110,65,62,2026-01-04 10:00:00-08:00,2025-12-28 17:09:55.421727
256942,nfl,Buccaneers,Panthers,149,150,scheduled,,,,,,,,,,,,,,,,,2026-01-04T18:00:00.000Z,15,15,256942,343.0,-191,82,77,160,18,23,,,,44.5,-105.0,-115.0,74.0,42.0,26.0,58.0,-3.5,-115,37,41,3.5,-105,63,59,2026-01-04 10:00:00-08:00,2025-12-28 22:10:56.332363
256942,nfl,Buccaneers,Panthers,149,150,scheduled,,,,,,,,,,,,,,,,,2026-01-04T18:00:00.000Z,15,15,256942,408.0,-191,82,77,155,18,23,,,,44.5,-105.0,-115.0,74.0,42.0,26.0,58.0,-3.5,-115,37,41,3.5,-105,63,59,2026-01-04 10:00:00-08:00,2025-12-28 23:10:56.836228
256942,nfl,Buccaneers,Panthers,149,150,scheduled,,,,,,,,,,,,,,,,,2026-01-04T18:00:00.000Z,15,15,256942,550.0,-180,82,77,150,18,23,,,,44.5,-105.0,-110.0,74.0,42.0,26.0,58.0,-3.5,-105,37,41,3.5,-115,63,59,2026-01-04 10:00:00-08:00,2025-12-29 00:58:37.946408
256942,nfl,Buccaneers,Panthers,149,150,scheduled,,,,,,,,,,,,,,,,,2026-01-04T18:00:00.000Z,15,15,256942,848.0,-172,81,75,137,19,25,,,,44.0,-110.0,-110.0,74.0,42.0,26.0,58.0,-3.0,-112,37,41,3.0,-108,63,59,2026-01-04 10:00:00-08:00,2025-12-29 03:04:36.525929
256942,nfl,Buccaneers,Panthers,149,150,scheduled,,,,,,,,,,,,,,,,,2026-01-04T18:00:00.000Z,15,15,256942,1034.0,-172,79,70,144,21,30,,,,43.5,-115.0,-108.0,73.0,44.0,27.0,56.0,-3.0,-112,37,41,3.0,-108,63,59,2026-01-04 10:00:00-08:00,2025-12-29 04:40:36.159199
256942,nfl,Buccaneers,Panthers,149,150,scheduled,,,,,,,,,,,,,,,,,2026-01-04T18:00:00.000Z,15,15,256942,1277.0,-166,78,67,140,22,33,,,,43.5,-115.0,-105.0,74.0,46.0,26.0,54.0,-3.0,-112,37,41,3.0,-108,63,59,2026-01-04 10:00:00-08:00,2025-12-29 05:20:58.012143
256942,nfl,Buccaneers,Panthers,149,150,scheduled,,,,,,,,,,,,,,,,,2026-01-04T18:00:00.000Z,15,15,256942,1499.0,-165,78,67,140,22,33,,,,43.5,-115.0,-105.0,74.0,46.0,26.0,54.0,-3.0,-110,37,41,3.0,-110,63,59,2026-01-04 10:00:00-08:00,2025-12-29 06:20:42.322318
256942,nfl,Buccaneers,Panthers,149,150,scheduled,,,,,,,,,,,,,,,,,2026-01-04T18:00:00.000Z,15,15,256942,1575.0,-165,77,67,140,23,33,,,,43.5,-115.0,-108.0,73.0,49.0,27.0,51.0,-3.0,-110,37,41,3.0,-110,63,59,2026-01-04 10:00:00-08:00,2025-12-29 07:18:06.242072
256942,nfl,Buccaneers,Panthers,149,150,scheduled,,,,,,,,,,,,,,,,,2026-01-04T18:00:00.000Z,15,15,256942,1595.0,-165,77,62,140,23,38,,,,43.5,-115.0,-105.0,73.0,52.0,27.0,48.0,-3.0,-110,37,41,3.0,-110,63,59,2026-01-04 10:00:00-08:00,2025-12-29 08:18:19.189375
256942,nfl,Buccaneers,Panthers,149,150,scheduled,,,,,,,,,,,,,,,,,2026-01-04T18:00:00.000Z,15,15,256942,1731.0,-165,75,45,140,25,55,,,,43.5,-115.0,-108.0,73.0,54.0,27.0,46.0,-3.0,-110,36,36,3.0,-110,64,64,2026-01-04 10:00:00-08:00,2025-12-29 12:22:47.110663
256942,nfl,Buccaneers,Panthers,149,150,scheduled,,,,,,,,,,,,,,,,,2026-01-04T18:00:00.000Z,15,15,256942,1822.0,-165,75,45,140,25,55,,,,43.5,-115.0,-110.0,73.0,53.0,27.0,47.0,-3.0,-110,36,30,3.0,-110,64,70,2026-01-04 10:00:00-08:00,2025-12-29 13:31:26.405633
256942,nfl,Buccaneers,Panthers,149,150,scheduled,,,,,,,,,,,,,,,,,2026-01-04T18:00:00.000Z,15,15,256942,1898.0,-165,75,45,136,25,55,,,,43.5,-110.0,-110.0,73.0,53.0,27.0,47.0,-3.0,-110,36,30,3.0,-110,64,70,2026-01-04 10:00:00-08:00,2025-12-29 14:13:32.250284
256942,nfl,Buccaneers,Panthers,149,150,scheduled,,,,,,,,,,,,,,,,,2026-01-03T21:30:00.000Z,15,15,256942,2014.0,-165,74,45,136,26,55,,,,43.5,-111.0,-110.0,73.0,53.0,27.0,47.0,-3.0,-110,37,34,3.0,-110,63,66,2026-01-03 13:30:00-08:00,2025-12-29 15:12:59.394836
256942,nfl,Buccaneers,Panthers,149,150,scheduled,,,,,,,,,,,,,,,,,2026-01-03T21:30:00.000Z,15,15,256942,2170.0,-165,74,43,136,26,57,,,,43.5,-110.0,-111.0,72.0,53.0,28.0,47.0,-3.0,-110,37,33,3.0,-110,63,67,2026-01-03 13:30:00-08:00,2025-12-29 16:13:44.953517
256942,nfl,Buccaneers,Panthers,149,150,scheduled,,,,,,,,,,,,,,,,,2026-01-03T21:30:00.000Z,15,15,256942,2453.0,-156,74,44,132,26,56,,,,44.5,-105.0,-112.0,72.0,53.0,28.0,47.0,-3.0,-108,37,45,3.0,-112,63,55,2026-01-03 13:30:00-08:00,2025-12-29 17:10:31.662811
256942,nfl,Buccaneers,Panthers,149,150,scheduled,,,,,,,,,,,,,,,,,2026-01-03T21:30:00.000Z,15,15,256942,2655.0,-156,74,44,132,26,56,,,,44.5,-108.0,-110.0,72.0,54.0,28.0,46.0,-3.0,-108,37,45,3.0,-112,63,55,2026-01-03 13:30:00-08:00,2025-12-29 18:17:44.504113
256942,nfl,Buccaneers,Panthers,149,150,scheduled,,,,,,,,,,,,,,,,,2026-01-03T21:30:00.000Z,15,15,256942,2766.0,-145,73,43,120,27,57,,,,44.5,-105.0,-110.0,72.0,54.0,28.0,46.0,-2.5,-118,37,44,2.5,-102,63,56,2026-01-03 13:30:00-08:00,2025-12-29 19:09:35.062004
256942,nfl,Buccaneers,Panthers,149,150,scheduled,,,,,,,,,,,,,,,,,2026-01-03T21:30:00.000Z,15,15,256942,2908.0,-145,72,43,120,28,57,,,,44.5,-100.0,-112.0,72.0,55.0,28.0,45.0,-2.5,-118,37,44,2.5,-102,63,56,2026-01-03 13:30:00-08:00,2025-12-29 20:13:12.257705
256942,nfl,Buccaneers,Panthers,149,150,scheduled,,,,,,,,,,,,,,,,,2026-01-03T21:30:00.000Z,15,15,256942,3317.0,-145,72,42,120,28,58,,,,44.5,-105.0,-111.0,71.0,54.0,29.0,46.0,-2.5,-118,38,45,2.5,-102,62,55,2026-01-03 13:30:00-08:00,2025-12-29 22:11:03.624866
256942,nfl,Buccaneers,Panthers,149,150,scheduled,,,,,,,,,,,,,,,,,2026-01-03T21:30:00.000Z,15,15,256942,4437.0,-145,68,46,120,32,54,,,,44.0,-110.0,-110.0,69.0,54.0,31.0,46.0,-2.5,-118,33,33,2.5,-102,67,67,2026-01-03 13:30:00-08:00,2025-12-30 05:15:56.935717
256942,nfl,Buccaneers,Panthers,149,150,scheduled,,,,,,,,,,,,,,,,,2026-01-03T21:30:00.000Z,15,15,256942,16266.0,-146,60,50,124,40,50,,,,43.5,-115.0,-110.0,73.0,68.0,27.0,32.0,-2.5,-118,30,28,2.5,-102,70,72,2026-01-03 13:30:00-08:00,2026-01-01 16:14:26.066742
256942,nfl,Buccaneers,Panthers,149,150,scheduled,,,,,,,,,,,,,,,,,2026-01-03T21:30:00.000Z,15,15,256942,16736.0,-148,60,50,124,40,50,,,,43.5,-115.0,-110.0,73.0,69.0,27.0,31.0,-3.0,-102,30,28,3.0,-118,70,72,2026-01-03 13:30:00-08:00,2026-01-01 17:11:45.660441
256942,nfl,Buccaneers,Panthers,149,150,scheduled,,,,,,,,,,,,,,,,,2026-01-03T21:30:00.000Z,15,15,256942,17170.0,-150,60,51,125,40,49,,,,43.5,-115.0,-110.0,73.0,69.0,27.0,31.0,-3.0,-102,30,27,3.0,-118,70,73,2026-01-03 13:30:00-08:00,2026-01-01 18:17:02.794481
256942,nfl,Buccaneers,Panthers,149,150,scheduled,,,,,,,,,,,,,,,,,2026-01-03T21:30:00.000Z,15,15,256942,17892.0,-150,60,52,125,40,48,,,,43.5,-115.0,-110.0,73.0,69.0,27.0,31.0,-3.0,-108,31,28,3.0,-112,69,72,2026-01-03 13:30:00-08:00,2026-01-01 20:13:10.714914
256942,nfl,Buccaneers,Panthers,149,150,scheduled,,,,,,,,,,,,,,,,,2026-01-03T21:30:00.000Z,15,15,256942,21850.0,-155,59,51,130,41,49,,,,43.5,-115.0,-110.0,73.0,70.0,27.0,30.0,-3.0,-108,32,32,3.0,-112,68,68,2026-01-03 13:30:00-08:00,2026-01-02 12:21:14.212721
256942,nfl,Buccaneers,Panthers,149,150,scheduled,,,,,,,,,,,,,,,,,2026-01-03T21:30:00.000Z,15,15,256942,22072.0,-155,59,50,130,41,50,,,,43.5,-112.0,-110.0,74.0,70.0,26.0,30.0,-3.0,-102,32,31,3.0,-120,68,69,2026-01-03 13:30:00-08:00,2026-01-02 13:26:46.962269
256942,nfl,Buccaneers,Panthers,149,150,scheduled,,,,,,,,,,,,,,,,,2026-01-03T21:30:00.000Z,15,15,256942,22396.0,-152,59,50,125,41,50,,,,43.5,-112.0,-110.0,74.0,70.0,26.0,30.0,-3.0,-102,32,31,3.0,-120,68,69,2026-01-03 13:30:00-08:00,2026-01-02 14:12:14.413288
256942,nfl,Buccaneers,Panthers,149,150,scheduled,,,,,,,,,,,,,,,,,2026-01-03T21:30:00.000Z,15,15,256942,25490.0,-152,59,51,125,41,49,,,,43.5,-112.0,-110.0,74.0,70.0,26.0,30.0,-3.0,100,33,33,3.0,-120,67,67,2026-01-03 13:30:00-08:00,2026-01-02 18:16:46.925150
256942,nfl,Buccaneers,Panthers,149,150,scheduled,,,,,,,,,,,,,,,,,2026-01-03T21:30:00.000Z,15,15,256942,26026.0,-155,59,51,130,41,49,,,,43.5,-112.0,-110.0,74.0,70.0,26.0,30.0,-3.0,100,33,33,3.0,-120,67,67,2026-01-03 13:30:00-08:00,2026-01-02 19:08:15.549458
256942,nfl,Buccaneers,Panthers,149,150,scheduled,,,,,,,,,,,,,,,,,2026-01-03T21:30:00.000Z,15,15,256942,28464.0,-150,59,51,125,41,49,,,,43.5,-112.0,-110.0,74.0,69.0,26.0,31.0,-3.0,100,33,33,3.0,-120,67,67,2026-01-03 13:30:00-08:00,2026-01-02 21:09:11.431241
256942,nfl,Buccaneers,Panthers,149,150,scheduled,,,,,,,,,,,,,,,,,2026-01-03T21:30:00.000Z,15,15,256942,63149.0,-150,61,57,125,39,43,,,,43.5,-111.0,-110.0,75.0,72.0,25.0,28.0,-3.0,100,32,27,3.0,-120,68,73,2026-01-03 13:30:00-08:00,2026-01-03 16:12:51.505589
256942,nfl,Buccaneers,Panthers,149,150,scheduled,,,,,,,,,,,,,,,,,2026-01-03T21:30:00.000Z,15,15,256942,73862.0,-155,62,57,130,38,43,,,,43.5,-111.0,-106.0,75.0,72.0,25.0,28.0,-3.0,100,32,29,3.0,-120,68,71,2026-01-03 13:30:00-08:00,2026-01-03 17:09:37.224216
256942,nfl,Buccaneers,Panthers,149,150,scheduled,,,,,,,,,,,,,,,,,2026-01-03T21:30:00.000Z,15,15,256942,88670.0,-155,62,58,130,38,42,,,,43.5,-110.0,-110.0,75.0,70.0,25.0,30.0,-3.0,-102,33,30,3.0,-120,67,70,2026-01-03 13:30:00-08:00,2026-01-03 18:15:34.550120
256942,nfl,Buccaneers,Panthers,149,150,scheduled,,,,,,,,,,,,,,,,,2026-01-03T21:30:00.000Z,15,15,256942,98525.0,-150,62,56,125,38,44,,,,43.5,-105.0,-111.0,75.0,71.0,25.0,29.0,-3.0,-105,33,30,3.0,-115,67,70,2026-01-03 13:30:00-08:00,2026-01-03 19:08:23.831758
256942,nfl,Buccaneers,Panthers,149,150,scheduled,,,,,,,,,,,,,,,,,2026-01-03T21:30:00.000Z,15,15,256942,118897.0,-150,63,64,125,37,36,,,,43.0,-110.0,-110.0,75.0,73.0,25.0,27.0,-3.0,-105,33,28,3.0,-115,67,72,2026-01-03 13:30:00-08:00,2026-01-03 20:12:08.391760
256942,nfl,Buccaneers,Panthers,149,150,scheduled,,,,,,,,,,,,,,,,,2026-01-03T21:30:00.000Z,15,15,256942,147553.0,-155,63,64,130,37,36,,,,43.0,-110.0,-110.0,75.0,73.0,25.0,27.0,-3.0,-105,33,28,3.0,-115,67,72,2026-01-03 13:30:00-08:00,2026-01-03 21:09:50.273288
256941,nfl,Rams,Cardinals,251,153,scheduled,,,,,,,,,,,,,,,,,2026-01-04T18:00:00.000Z,15,15,256941,60.0,-218,0,0,180,0,0,,,,45.5,-110.0,-110.0,0.0,0.0,0.0,0.0,-4.5,-110,0,0,4.5,-110,0,0,2026-01-04 10:00:00-08:00,2025-12-23 09:16:17.536168
256941,nfl,Rams,Cardinals,251,153,scheduled,,,,,,,,,,,,,,,,,2026-01-04T18:00:00.000Z,15,15,256941,358.0,-500,94,91,375,6,9,,,,46.5,-115.0,-110.0,0.0,0.0,0.0,0.0,-8.5,-110,0,0,8.5,-110,0,0,2026-01-04 10:00:00-08:00,2025-12-29 05:20:58.012143
256941,nfl,Rams,Cardinals,251,153,scheduled,,,,,,,,,,,,,,,,,2026-01-04T18:00:00.000Z,15,15,256941,378.0,-500,94,91,380,6,9,,,,47.5,-110.0,-110.0,0.0,0.0,0.0,0.0,-9.5,-110,0,0,9.5,-110,0,0,2026-01-04 10:00:00-08:00,2025-12-29 06:20:42.322318
256941,nfl,Rams,Cardinals,251,153,scheduled,,,,,,,,,,,,,,,,,2026-01-04T21:25:00.000Z,15,15,256941,585.0,-500,97,79,375,3,21,,,,47.5,-110.0,-110.0,50.0,58.0,50.0,42.0,-9.5,-110,74,75,9.5,-110,26,25,2026-01-04 13:25:00-08:00,2025-12-29 17:10:31.662811
256941,nfl,Rams,Cardinals,251,153,scheduled,,,,,,,,,,,,,,,,,2026-01-04T21:25:00.000Z,15,15,256941,605.0,-500,97,81,377,3,19,,,,47.5,105.0,-110.0,51.0,58.0,49.0,42.0,-9.5,-110,73,76,9.5,-110,27,24,2026-01-04 13:25:00-08:00,2025-12-29 19:09:35.062004
256941,nfl,Rams,Cardinals,251,153,scheduled,,,,,,,,,,,,,,,,,2026-01-04T21:25:00.000Z,15,15,256941,610.0,-500,97,81,375,3,19,,,,47.5,-105.0,-110.0,51.0,59.0,49.0,41.0,-9.5,-110,75,77,9.5,-110,25,23,2026-01-04 13:25:00-08:00,2025-12-29 20:13:12.257705
256941,nfl,Rams,Cardinals,251,153,scheduled,,,,,,,,,,,,,,,,,2026-01-04T21:25:00.000Z,15,15,256941,888.0,-500,97,91,370,3,9,,,,47.5,-105.0,-110.0,52.0,56.0,48.0,44.0,-9.5,-110,73,76,9.5,-110,27,24,2026-01-04 13:25:00-08:00,2025-12-30 00:53:54.752783
256941,nfl,Rams,Cardinals,251,153,scheduled,,,,,,,,,,,,,,,,,2026-01-04T21:25:00.000Z,15,15,256941,944.0,-500,98,91,372,2,9,,,,47.5,-105.0,-110.0,51.0,55.0,49.0,45.0,-9.5,-110,74,77,9.5,-110,26,23,2026-01-04 13:25:00-08:00,2025-12-30 02:50:47.172334
256941,nfl,Rams,Cardinals,251,153,scheduled,,,,,,,,,,,,,,,,,2026-01-04T21:25:00.000Z,15,15,256941,1095.0,-380,98,91,300,2,9,,,,46.5,-110.0,-115.0,51.0,55.0,49.0,45.0,-7.5,-105,74,77,7.5,-115,26,23,2026-01-04 13:25:00-08:00,2025-12-30 05:15:56.935717
256941,nfl,Rams,Cardinals,251,153,scheduled,,,,,,,,,,,,,,,,,2026-01-04T21:25:00.000Z,15,15,256941,1176.0,-380,98,91,300,2,9,,,,46.5,-110.0,-110.0,51.0,55.0,49.0,45.0,-7.5,-105,74,77,7.5,-115,26,23,2026-01-04 13:25:00-08:00,2025-12-30 06:18:32.530531
256941,nfl,Rams,Cardinals,251,153,scheduled,,,,,,,,,,,,,,,,,2026-01-04T21:25:00.000Z,15,15,256941,2317.0,-355,97,85,280,3,15,,,,46.5,-110.0,-110.0,53.0,58.0,47.0,42.0,-7.5,-102,75,78,7.5,-118,25,22,2026-01-04 13:25:00-08:00,2025-12-30 18:17:29.935641
256941,nfl,Rams,Cardinals,251,153,scheduled,,,,,,,,,,,,,,,,,2026-01-04T21:25:00.000Z,15,15,256941,2453.0,-357,97,59,280,3,41,,,,46.5,-110.0,-110.0,53.0,60.0,47.0,40.0,-7.5,-105,76,83,7.5,-115,24,17,2026-01-04 13:25:00-08:00,2025-12-30 20:12:39.710261
256941,nfl,Rams,Cardinals,251,153,scheduled,,,,,,,,,,,,,,,,,2026-01-04T21:25:00.000Z,15,15,256941,2529.0,-350,97,60,275,3,40,,,,46.5,-110.0,-110.0,54.0,60.0,46.0,40.0,-7.5,-105,77,84,7.5,-115,23,16,2026-01-04 13:25:00-08:00,2025-12-30 21:11:19.391681
256941,nfl,Rams,Cardinals,251,153,scheduled,,,,,,,,,,,,,,,,,2026-01-04T21:25:00.000Z,15,15,256941,3630.0,-345,97,42,275,3,58,,,,46.5,-110.0,-110.0,54.0,66.0,46.0,34.0,-7.5,-105,81,70,7.5,-115,19,30,2026-01-04 13:25:00-08:00,2025-12-31 15:12:09.192562
256941,nfl,Rams,Cardinals,251,153,scheduled,,,,,,,,,,,,,,,,,2026-01-04T21:25:00.000Z,15,15,256941,3771.0,-345,97,42,275,3,58,,,,46.5,-110.0,-110.0,54.0,62.0,46.0,38.0,-7.5,-111,80,69,7.5,-115,20,31,2026-01-04 13:25:00-08:00,2025-12-31 17:10:07.591669
256941,nfl,Rams,Cardinals,251,153,scheduled,,,,,,,,,,,,,,,,,2026-01-04T21:25:00.000Z,15,15,256941,4023.0,-345,97,43,275,3,57,,,,46.5,-110.0,-110.0,54.0,62.0,46.0,38.0,-7.5,-105,80,70,7.5,-115,20,30,2026-01-04 13:25:00-08:00,2025-12-31 20:12:18.158735
256941,nfl,Rams,Cardinals,251,153,scheduled,,,,,,,,,,,,,,,,,2026-01-04T21:25:00.000Z,15,15,256941,5699.0,-325,97,60,260,3,40,,,,46.5,-110.0,-110.0,59.0,63.0,41.0,37.0,-7.5,-105,83,72,7.5,-115,17,28,2026-01-04 13:25:00-08:00,2026-01-02 00:55:15.659977
256941,nfl,Rams,Cardinals,251,153,scheduled,,,,,,,,,,,,,,,,,2026-01-04T21:25:00.000Z,15,15,256941,5876.0,-350,97,61,275,3,39,,,,46.5,-110.0,-110.0,59.0,62.0,41.0,38.0,-7.5,-110,83,72,7.5,-110,17,28,2026-01-04 13:25:00-08:00,2026-01-02 02:53:22.068151
256941,nfl,Rams,Cardinals,251,153,scheduled,,,,,,,,,,,,,,,,,2026-01-04T21:25:00.000Z,15,15,256941,6007.0,-350,97,61,280,3,39,,,,46.5,-110.0,-110.0,59.0,62.0,41.0,38.0,-7.5,-110,83,72,7.5,-110,17,28,2026-01-04 13:25:00-08:00,2026-01-02 04:40:50.150213
256941,nfl,Rams,Cardinals,251,153,scheduled,,,,,,,,,,,,,,,,,2026-01-04T21:25:00.000Z,15,15,256941,6608.0,-350,97,62,285,3,38,,,,46.5,-110.0,-110.0,58.0,64.0,42.0,36.0,-7.5,-110,82,72,7.5,-110,18,28,2026-01-04 13:25:00-08:00,2026-01-02 15:11:44.082436
256941,nfl,Rams,Cardinals,251,153,scheduled,,,,,,,,,,,,,,,,,2026-01-04T21:25:00.000Z,15,15,256941,6719.0,-350,97,62,290,3,38,,,,46.5,-110.0,-110.0,58.0,64.0,42.0,36.0,-7.5,-110,82,72,7.5,-110,18,28,2026-01-04 13:25:00-08:00,2026-01-02 16:13:38.267933
256941,nfl,Rams,Cardinals,251,153,scheduled,,,,,,,,,,,,,,,,,2026-01-04T21:25:00.000Z,15,15,256941,7249.0,-375,97,65,300,3,35,,,,46.5,-110.0,-110.0,58.0,69.0,42.0,31.0,-8.0,-120,83,72,8.0,-110,17,28,2026-01-04 13:25:00-08:00,2026-01-02 20:12:30.566155
256941,nfl,Rams,Cardinals,251,153,scheduled,,,,,,,,,,,,,,,,,2026-01-04T21:25:00.000Z,15,15,256941,7416.0,-385,97,64,300,3,36,,,,46.5,-110.0,-110.0,58.0,69.0,42.0,31.0,-8.0,-120,83,72,8.0,-110,17,28,2026-01-04 13:25:00-08:00,2026-01-02 21:09:11.431241
256941,nfl,Rams,Cardinals,251,153,scheduled,,,,,,,,,,,,,,,,,2026-01-04T21:25:00.000Z,15,15,256941,7663.0,-400,97,64,320,3,36,,,,46.5,-110.0,-110.0,58.0,69.0,42.0,31.0,-8.5,-111,82,72,8.5,-110,18,28,2026-01-04 13:25:00-08:00,2026-01-02 22:11:25.806878
256941,nfl,Rams,Cardinals,251,153,scheduled,,,,,,,,,,,,,,,,,2026-01-04T21:25:00.000Z,15,15,256941,8709.0,-420,97,65,325,3,35,,,,46.5,-110.0,-110.0,58.0,69.0,42.0,31.0,-8.5,-110,82,74,8.5,-110,18,26,2026-01-04 13:25:00-08:00,2026-01-03 02:44:40.753351
256941,nfl,Rams,Cardinals,251,153,scheduled,,,,,,,,,,,,,,,,,2026-01-04T21:25:00.000Z,15,15,256941,11132.0,-425,97,68,325,3,32,,,,46.5,-110.0,-110.0,60.0,69.0,40.0,31.0,-8.5,-110,81,75,8.5,-110,19,25,2026-01-04 13:25:00-08:00,2026-01-03 18:15:34.550120
256941,nfl,Rams,Cardinals,251,153,scheduled,,,,,,,,,,,,,,,,,2026-01-04T21:25:00.000Z,15,15,256941,11566.0,-425,97,68,330,3,32,,,,46.5,-110.0,-110.0,60.0,69.0,40.0,31.0,-8.5,-110,82,76,8.5,-110,18,24,2026-01-04 13:25:00-08:00,2026-01-03 20:12:08.391760
256941,nfl,Rams,Cardinals,251,153,scheduled,,,,,,,,,,,,,,,,,2026-01-04T21:25:00.000Z,15,15,256941,12056.0,-425,97,68,330,3,32,,,,46.5,-110.0,-110.0,61.0,69.0,39.0,31.0,-8.5,-110,81,74,8.5,-111,19,26,2026-01-04 13:25:00-08:00,2026-01-03 22:10:50.503313
256941,nfl,Rams,Cardinals,251,153,scheduled,,,,,,,,,,,,,,,,,2026-01-04T21:25:00.000Z,15,15,256941,12238.0,-425,97,69,330,3,31,,,,46.5,-110.0,-110.0,61.0,69.0,39.0,31.0,-9.5,-111,81,74,9.5,-110,19,26,2026-01-04 13:25:00-08:00,2026-01-03 23:11:09.036377
256941,nfl,Rams,Cardinals,251,153,scheduled,,,,,,,,,,,,,,,,,2026-01-04T21:25:00.000Z,15,15,256941,12808.0,-435,97,69,350,3,31,,,,46.5,-110.0,-110.0,61.0,68.0,39.0,32.0,-9.5,-110,81,74,9.5,-110,19,26,2026-01-04 13:25:00-08:00,2026-01-04 01:00:46.546153
256941,nfl,Rams,Cardinals,251,153,scheduled,,,,,,,,,,,,,,,,,2026-01-04T21:25:00.000Z,15,15,256941,13237.0,-535,97,69,410,3,31,,,,46.5,-110.0,-110.0,62.0,69.0,38.0,31.0,-10.5,-110,81,77,10.5,-110,19,23,2026-01-04 13:25:00-08:00,2026-01-04 03:09:39.992128
256941,nfl,Rams,Cardinals,251,153,scheduled,,,,,,,,,,,,,,,,,2026-01-04T21:25:00.000Z,15,15,256941,13919.0,-909,97,70,625,3,30,,,,47.5,-110.0,-110.0,62.0,70.0,38.0,30.0,-13.5,-110,79,77,13.5,-110,21,23,2026-01-04 13:25:00-08:00,2026-01-04 04:40:53.149533
256941,nfl,Rams,Cardinals,251,153,scheduled,,,,,,,,,,,,,,,,,2026-01-04T21:25:00.000Z,15,15,256941,14863.0,-909,97,71,650,3,29,,,,47.5,-110.0,-110.0,62.0,70.0,38.0,30.0,-13.5,-110,78,74,13.5,-110,22,26,2026-01-04 13:25:00-08:00,2026-01-04 06:17:29.585745
256941,nfl,Rams,Cardinals,251,153,scheduled,,,,,,,,,,,,,,,,,2026-01-04T21:25:00.000Z,15,15,256941,15590.0,-909,97,72,625,3,28,,,,47.5,-110.0,-110.0,61.0,69.0,39.0,31.0,-13.5,-110,77,73,13.5,-110,23,27,2026-01-04 13:25:00-08:00,2026-01-04 08:15:29.779351
256941,nfl,Rams,Cardinals,251,153,scheduled,,,,,,,,,,,,,,,,,2026-01-04T21:25:00.000Z,15,15,256941,17407.0,-909,97,74,675,3,26,,,,47.5,-110.0,-110.0,61.0,74.0,39.0,26.0,-13.5,-110,76,70,13.5,-110,24,30,2026-01-04 13:25:00-08:00,2026-01-04 13:24:09.053402
256941,nfl,Rams,Cardinals,251,153,scheduled,,,,,,,,,,,,,,,,,2026-01-04T21:25:00.000Z,15,15,256941,20114.0,-950,97,74,700,3,26,,,,47.5,-110.0,-110.0,62.0,75.0,38.0,25.0,-14.0,-108,75,70,14.0,-112,25,30,2026-01-04 13:25:00-08:00,2026-01-04 15:10:26.127149
256941,nfl,Rams,Cardinals,251,153,scheduled,,,,,,,,,,,,,,,,,2026-01-04T21:25:00.000Z,15,15,256941,23203.0,-950,97,75,700,3,25,,,,47.5,-110.0,-110.0,62.0,76.0,38.0,24.0,-14.0,-110,75,69,14.0,-110,25,31,2026-01-04 13:25:00-08:00,2026-01-04 16:12:42.814121
256941,nfl,Rams,Cardinals,251,153,scheduled,,,,,,,,,,,,,,,,,2026-01-04T21:25:00.000Z,15,15,256941,28116.0,-950,97,75,700,3,25,,,,47.5,-110.0,-110.0,58.0,70.0,42.0,30.0,-14.5,-108,73,66,14.5,-112,27,34,2026-01-04 13:25:00-08:00,2026-01-04 17:09:51.083935
256941,nfl,Rams,Cardinals,251,153,scheduled,,,,,,,,,,,,,,,,,2026-01-04T21:25:00.000Z,15,15,256941,37723.0,-1200,97,76,750,3,24,,,,48.0,-110.0,-110.0,57.0,68.0,43.0,32.0,-14.5,-108,71,64,14.5,-112,29,36,2026-01-04 13:25:00-08:00,2026-01-04 18:15:39.047415
256941,nfl,Rams,Cardinals,251,153,scheduled,,,,,,,,,,,,,,,,,2026-01-04T21:25:00.000Z,15,15,256941,48033.0,-1200,96,77,800,4,23,,,,49.0,-110.0,-110.0,59.0,68.0,41.0,32.0,-14.5,-105,68,62,14.5,-115,32,38,2026-01-04 13:25:00-08:00,2026-01-04 21:10:16.803707
256933,nfl,Bills,Jets,125,127,scheduled,,,,,,,,,,,,,,,,,2026-01-04T18:00:00.000Z,15,15,256933,55.0,-410,0,0,320,0,0,,,,,,,,,,,-9.5,-110,0,0,9.5,-110,0,0,2026-01-04 10:00:00-08:00,2025-12-23 09:16:17.536168
256933,nfl,Bills,Jets,125,127,scheduled,,,,,,,,,,,,,,,,,2026-01-04T18:00:00.000Z,15,15,256933,55.0,-410,0,0,320,0,0,,,,,,,,,,,-9.5,-110,0,0,9.5,-110,0,0,2026-01-04 10:00:00-08:00,2025-12-23 10:13:06.210150
256933,nfl,Bills,Jets,125,127,scheduled,,,,,,,,,,,,,,,,,2026-01-04T18:00:00.000Z,15,15,256933,55.0,-410,0,0,320,0,0,,,,,,,,,,,-9.5,-110,0,0,9.5,-110,0,0,2026-01-04 10:00:00-08:00,2025-12-23 11:11:08.784743
256933,nfl,Bills,Jets,125,127,scheduled,,,,,,,,,,,,,,,,,2026-01-04T18:00:00.000Z,15,15,256933,55.0,-410,0,0,320,0,0,,,,,,,,,,,-9.5,-110,0,0,9.5,-110,0,0,2026-01-04 10:00:00-08:00,2025-12-23 12:22:14.612235
256933,nfl,Bills,Jets,125,127,scheduled,,,,,,,,,,,,,,,,,2026-01-04T18:00:00.000Z,15,15,256933,55.0,-410,0,0,320,0,0,,,,,,,,,,,-9.5,-110,0,0,9.5,-110,0,0,2026-01-04 10:00:00-08:00,2025-12-23 13:29:59.424423
256933,nfl,Bills,Jets,125,127,scheduled,,,,,,,,,,,,,,,,,2026-01-04T18:00:00.000Z,15,15,256933,55.0,-410,0,0,320,0,0,,,,,,,,,,,-9.5,-110,0,0,9.5,-110,0,0,2026-01-04 10:00:00-08:00,2025-12-23 14:17:10.922397
256933,nfl,Bills,Jets,125,127,scheduled,,,,,,,,,,,,,,,,,2026-01-04T18:00:00.000Z,15,15,256933,55.0,-410,0,0,320,0,0,,,,,,,,,,,-9.5,-110,0,0,9.5,-110,0,0,2026-01-04 10:00:00-08:00,2025-12-23 15:12:27.858291
256933,nfl,Bills,Jets,125,127,scheduled,,,,,,,,,,,,,,,,,2026-01-04T18:00:00.000Z,15,15,256933,55.0,-410,0,0,320,0,0,,,,,,,,,,,-9.5,-110,0,0,9.5,-110,0,0,2026-01-04 10:00:00-08:00,2025-12-23 16:14:41.664935
256933,nfl,Bills,Jets,125,127,scheduled,,,,,,,,,,,,,,,,,2026-01-04T18:00:00.000Z,15,15,256933,55.0,-410,0,0,320,0,0,,,,,,,,,,,-9.5,-110,0,0,9.5,-110,0,0,2026-01-04 10:00:00-08:00,2025-12-23 17:12:43.843165
256933,nfl,Bills,Jets,125,127,scheduled,,,,,,,,,,,,,,,,,2026-01-04T18:00:00.000Z,15,15,256933,55.0,-410,0,0,320,0,0,,,,,,,,,,,-9.5,-110,0,0,9.5,-110,0,0,2026-01-04 10:00:00-08:00,2025-12-23 18:17:16.120344
256933,nfl,Bills,Jets,125,127,scheduled,,,,,,,,,,,,,,,,,2026-01-04T18:00:00.000Z,15,15,256933,55.0,-410,0,0,320,0,0,,,,,,,,,,,-9.5,-110,0,0,9.5,-110,0,0,2026-01-04 10:00:00-08:00,2025-12-23 19:11:23.939282
256933,nfl,Bills,Jets,125,127,scheduled,,,,,,,,,,,,,,,,,2026-01-04T18:00:00.000Z,15,15,256933,55.0,-410,0,0,320,0,0,,,,,,,,,,,-9.5,-110,0,0,9.5,-110,0,0,2026-01-04 10:00:00-08:00,2025-12-23 20:12:13.745210
256933,nfl,Bills,Jets,125,127,scheduled,,,,,,,,,,,,,,,,,2026-01-04T18:00:00.000Z,15,15,256933,55.0,-410,0,0,320,0,0,,,,,,,,,,,-9.5,-110,0,0,9.5,-110,0,0,2026-01-04 10:00:00-08:00,2025-12-23 21:11:08.246482
256933,nfl,Bills,Jets,125,127,scheduled,,,,,,,,,,,,,,,,,2026-01-04T18:00:00.000Z,15,15,256933,55.0,-410,0,0,320,0,0,,,,,,,,,,,-9.5,-110,0,0,9.5,-110,0,0,2026-01-04 10:00:00-08:00,2025-12-23 22:11:17.550605
256933,nfl,Bills,Jets,125,127,scheduled,,,,,,,,,,,,,,,,,2026-01-04T18:00:00.000Z,15,15,256933,55.0,-410,0,0,320,0,0,,,,,,,,,,,-9.5,-110,0,0,9.5,-110,0,0,2026-01-04 10:00:00-08:00,2025-12-23 23:10:50.690018
256933,nfl,Bills,Jets,125,127,scheduled,,,,,,,,,,,,,,,,,2026-01-04T18:00:00.000Z,15,15,256933,55.0,-410,0,0,320,0,0,,,,,,,,,,,-9.5,-110,0,0,9.5,-110,0,0,2026-01-04 10:00:00-08:00,2025-12-24 00:52:58.834144
256933,nfl,Bills,Jets,125,127,scheduled,,,,,,,,,,,,,,,,,2026-01-04T18:00:00.000Z,15,15,256933,55.0,-410,0,0,320,0,0,,,,,,,,,,,-9.5,-110,0,0,9.5,-110,0,0,2026-01-04 10:00:00-08:00,2025-12-24 02:46:48.175308
256933,nfl,Bills,Jets,125,127,scheduled,,,,,,,,,,,,,,,,,2026-01-04T18:00:00.000Z,15,15,256933,55.0,-410,0,0,320,0,0,,,,,,,,,,,-9.5,-110,0,0,9.5,-110,0,0,2026-01-04 10:00:00-08:00,2025-12-24 03:53:02.193110
256933,nfl,Bills,Jets,125,127,scheduled,,,,,,,,,,,,,,,,,2026-01-04T18:00:00.000Z,15,15,256933,55.0,-410,0,0,320,0,0,,,,,,,,,,,-9.5,-110,0,0,9.5,-110,0,0,2026-01-04 10:00:00-08:00,2025-12-24 04:27:48.634138
256933,nfl,Bills,Jets,125,127,scheduled,,,,,,,,,,,,,,,,,2026-01-04T18:00:00.000Z,15,15,256933,55.0,-410,0,0,320,0,0,,,,,,,,,,,-9.5,-110,0,0,9.5,-110,0,0,2026-01-04 10:00:00-08:00,2025-12-24 05:16:27.029426
256933,nfl,Bills,Jets,125,127,scheduled,,,,,,,,,,,,,,,,,2026-01-04T18:00:00.000Z,15,15,256933,55.0,-410,0,0,320,0,0,,,,,,,,,,,-9.5,-110,0,0,9.5,-110,0,0,2026-01-04 10:00:00-08:00,2025-12-24 06:18:42.194536
256933,nfl,Bills,Jets,125,127,scheduled,,,,,,,,,,,,,,,,,2026-01-04T18:00:00.000Z,15,15,256933,55.0,-410,0,0,320,0,0,,,,,,,,,,,-9.5,-110,0,0,9.5,-110,0,0,2026-01-04 10:00:00-08:00,2025-12-24 07:16:13.001894
256933,nfl,Bills,Jets,125,127,scheduled,,,,,,,,,,,,,,,,,2026-01-04T18:00:00.000Z,15,15,256933,55.0,-410,0,0,320,0,0,,,,,,,,,,,-9.5,-110,0,0,9.5,-110,0,0,2026-01-04 10:00:00-08:00,2025-12-24 08:16:53.707714
256933,nfl,Bills,Jets,125,127,scheduled,,,,,,,,,,,,,,,,,2026-01-04T18:00:00.000Z,15,15,256933,55.0,-410,0,0,320,0,0,,,,,,,,,,,-9.5,-110,0,0,9.5,-110,0,0,2026-01-04 10:00:00-08:00,2025-12-24 09:15:53.198968
256933,nfl,Bills,Jets,125,127,scheduled,,,,,,,,,,,,,,,,,2026-01-04T18:00:00.000Z,15,15,256933,55.0,-410,0,0,320,0,0,,,,,,,,,,,-9.5,-110,0,0,9.5,-110,0,0,2026-01-04 10:00:00-08:00,2025-12-24 10:12:23.413696
256933,nfl,Bills,Jets,125,127,scheduled,,,,,,,,,,,,,,,,,2026-01-04T18:00:00.000Z,15,15,256933,55.0,-410,0,0,320,0,0,,,,,,,,,,,-9.5,-110,0,0,9.5,-110,0,0,2026-01-04 10:00:00-08:00,2025-12-24 11:11:18.376556
256933,nfl,Bills,Jets,125,127,scheduled,,,,,,,,,,,,,,,,,2026-01-04T18:00:00.000Z,15,15,256933,55.0,-410,0,0,320,0,0,,,,,,,,,,,-9.5,-110,0,0,9.5,-110,0,0,2026-01-04 10:00:00-08:00,2025-12-24 12:21:25.497297
256933,nfl,Bills,Jets,125,127,scheduled,,,,,,,,,,,,,,,,,2026-01-04T18:00:00.000Z,15,15,256933,55.0,-410,0,0,320,0,0,,,,,,,,,,,-9.5,-110,0,0,9.5,-110,0,0,2026-01-04 10:00:00-08:00,2025-12-24 13:26:08.977180
256933,nfl,Bills,Jets,125,127,scheduled,,,,,,,,,,,,,,,,,2026-01-04T18:00:00.000Z,15,15,256933,55.0,-410,0,0,320,0,0,,,,,,,,,,,-9.5,-110,0,0,9.5,-110,0,0,2026-01-04 10:00:00-08:00,2025-12-24 14:10:57.708914
256933,nfl,Bills,Jets,125,127,scheduled,,,,,,,,,,,,,,,,,2026-01-04T18:00:00.000Z,15,15,256933,55.0,-410,0,0,320,0,0,,,,,,,,,,,-9.5,-110,0,0,9.5,-110,0,0,2026-01-04 10:00:00-08:00,2025-12-24 15:12:04.492652
256933,nfl,Bills,Jets,125,127,scheduled,,,,,,,,,,,,,,,,,2026-01-04T18:00:00.000Z,15,15,256933,55.0,-410,0,0,320,0,0,,,,,,,,,,,-9.5,-110,0,0,9.5,-110,0,0,2026-01-04 10:00:00-08:00,2025-12-24 16:14:09.792023
256933,nfl,Bills,Jets,125,127,scheduled,,,,,,,,,,,,,,,,,2026-01-04T18:00:00.000Z,15,15,256933,55.0,-410,0,0,320,0,0,,,,,,,,,,,-9.5,-110,0,0,9.5,-110,0,0,2026-01-04 10:00:00-08:00,2025-12-24 17:09:35.629600
256933,nfl,Bills,Jets,125,127,scheduled,,,,,,,,,,,,,,,,,2026-01-04T18:00:00.000Z,15,15,256933,55.0,-410,0,0,320,0,0,,,,,,,,,,,-9.5,-110,0,0,9.5,-110,0,0,2026-01-04 10:00:00-08:00,2025-12-24 18:16:30.988985
256933,nfl,Bills,Jets,125,127,scheduled,,,,,,,,,,,,,,,,,2026-01-04T18:00:00.000Z,15,15,256933,55.0,-410,0,0,320,0,0,,,,,,,,,,,-9.5,-110,0,0,9.5,-110,0,0,2026-01-04 10:00:00-08:00,2025-12-24 19:09:17.008378
256933,nfl,Bills,Jets,125,127,scheduled,,,,,,,,,,,,,,,,,2026-01-04T18:00:00.000Z,15,15,256933,55.0,-410,0,0,320,0,0,,,,,,,,,,,-9.5,-110,0,0,9.5,-110,0,0,2026-01-04 10:00:00-08:00,2025-12-24 20:12:20.802607
256933,nfl,Bills,Jets,125,127,scheduled,,,,,,,,,,,,,,,,,2026-01-04T18:00:00.000Z,15,15,256933,55.0,-410,0,0,320,0,0,,,,,,,,,,,-9.5,-110,0,0,9.5,-110,0,0,2026-01-04 10:00:00-08:00,2025-12-24 21:10:22.009660
256933,nfl,Bills,Jets,125,127,scheduled,,,,,,,,,,,,,,,,,2026-01-04T18:00:00.000Z,15,15,256933,55.0,-410,0,0,320,0,0,,,,,,,,,,,-9.5,-110,0,0,9.5,-110,0,0,2026-01-04 10:00:00-08:00,2025-12-24 22:11:26.458784
256933,nfl,Bills,Jets,125,127,scheduled,,,,,,,,,,,,,,,,,2026-01-04T18:00:00.000Z,15,15,256933,55.0,-410,0,0,320,0,0,,,,,,,,,,,-9.5,-110,0,0,9.5,-110,0,0,2026-01-04 10:00:00-08:00,2025-12-24 23:11:00.971821
256933,nfl,Bills,Jets,125,127,scheduled,,,,,,,,,,,,,,,,,2026-01-04T18:00:00.000Z,15,15,256933,55.0,-410,0,0,320,0,0,,,,,,,,,,,-9.5,-110,0,0,9.5,-110,0,0,2026-01-04 10:00:00-08:00,2025-12-25 00:53:33.419107
256933,nfl,Bills,Jets,125,127,scheduled,,,,,,,,,,,,,,,,,2026-01-04T18:00:00.000Z,15,15,256933,55.0,-410,0,0,320,0,0,,,,,,,,,,,-9.5,-110,0,0,9.5,-110,0,0,2026-01-04 10:00:00-08:00,2025-12-25 02:49:59.453329
256933,nfl,Bills,Jets,125,127,scheduled,,,,,,,,,,,,,,,,,2026-01-04T18:00:00.000Z,15,15,256933,55.0,-410,0,0,320,0,0,,,,,,,,,,,-9.5,-110,0,0,9.5,-110,0,0,2026-01-04 10:00:00-08:00,2025-12-25 03:55:25.769626
256933,nfl,Bills,Jets,125,127,scheduled,,,,,,,,,,,,,,,,,2026-01-04T18:00:00.000Z,15,15,256933,55.0,-410,0,0,320,0,0,,,,,,,,,,,-9.5,-110,0,0,9.5,-110,0,0,2026-01-04 10:00:00-08:00,2025-12-25 04:29:42.325008
256933,nfl,Bills,Jets,125,127,scheduled,,,,,,,,,,,,,,,,,2026-01-04T18:00:00.000Z,15,15,256933,55.0,-410,0,0,320,0,0,,,,,,,,,,,-9.5,-110,0,0,9.5,-110,0,0,2026-01-04 10:00:00-08:00,2025-12-25 05:15:49.857201
256933,nfl,Bills,Jets,125,127,scheduled,,,,,,,,,,,,,,,,,2026-01-04T18:00:00.000Z,15,15,256933,55.0,-410,0,0,320,0,0,,,,,,,,,,,-9.5,-110,0,0,9.5,-110,0,0,2026-01-04 10:00:00-08:00,2025-12-25 06:18:13.825718
256933,nfl,Bills,Jets,125,127,scheduled,,,,,,,,,,,,,,,,,2026-01-04T18:00:00.000Z,15,15,256933,55.0,-410,0,0,320,0,0,,,,,,,,,,,-9.5,-110,0,0,9.5,-110,0,0,2026-01-04 10:00:00-08:00,2025-12-25 07:14:23.068338
256933,nfl,Bills,Jets,125,127,scheduled,,,,,,,,,,,,,,,,,2026-01-04T18:00:00.000Z,15,15,256933,55.0,-410,0,0,320,0,0,,,,,,,,,,,-9.5,-110,0,0,9.5,-110,0,0,2026-01-04 10:00:00-08:00,2025-12-25 08:16:00.715753
256933,nfl,Bills,Jets,125,127,scheduled,,,,,,,,,,,,,,,,,2026-01-04T18:00:00.000Z,15,15,256933,55.0,-410,0,0,320,0,0,,,,,,,,,,,-9.5,-110,0,0,9.5,-110,0,0,2026-01-04 10:00:00-08:00,2025-12-25 09:14:06.366333
256933,nfl,Bills,Jets,125,127,scheduled,,,,,,,,,,,,,,,,,2026-01-04T18:00:00.000Z,15,15,256933,55.0,-410,0,0,320,0,0,,,,,,,,,,,-9.5,-110,0,0,9.5,-110,0,0,2026-01-04 10:00:00-08:00,2025-12-25 10:12:22.975712
256933,nfl,Bills,Jets,125,127,scheduled,,,,,,,,,,,,,,,,,2026-01-04T18:00:00.000Z,15,15,256933,55.0,-410,0,0,320,0,0,,,,,,,,,,,-9.5,-110,0,0,9.5,-110,0,0,2026-01-04 10:00:00-08:00,2025-12-25 11:09:49.247669
256933,nfl,Bills,Jets,125,127,scheduled,,,,,,,,,,,,,,,,,2026-01-04T18:00:00.000Z,15,15,256933,55.0,-410,0,0,320,0,0,,,,,,,,,,,-9.5,-110,0,0,9.5,-110,0,0,2026-01-04 10:00:00-08:00,2025-12-25 12:21:09.618433
256933,nfl,Bills,Jets,125,127,scheduled,,,,,,,,,,,,,,,,,2026-01-04T18:00:00.000Z,15,15,256933,55.0,-410,0,0,320,0,0,,,,,,,,,,,-9.5,-110,0,0,9.5,-110,0,0,2026-01-04 10:00:00-08:00,2025-12-25 13:26:08.213227
256933,nfl,Bills,Jets,125,127,scheduled,,,,,,,,,,,,,,,,,2026-01-04T18:00:00.000Z,15,15,256933,55.0,-410,0,0,320,0,0,,,,,,,,,,,-9.5,-110,0,0,9.5,-110,0,0,2026-01-04 10:00:00-08:00,2025-12-25 14:11:00.973101
256933,nfl,Bills,Jets,125,127,scheduled,,,,,,,,,,,,,,,,,2026-01-04T18:00:00.000Z,15,15,256933,55.0,-410,0,0,320,0,0,,,,,,,,,,,-9.5,-110,0,0,9.5,-110,0,0,2026-01-04 10:00:00-08:00,2025-12-25 15:11:35.479757
256933,nfl,Bills,Jets,125,127,scheduled,,,,,,,,,,,,,,,,,2026-01-04T18:00:00.000Z,15,15,256933,55.0,-410,0,0,320,0,0,,,,,,,,,,,-9.5,-110,0,0,9.5,-110,0,0,2026-01-04 10:00:00-08:00,2025-12-25 16:14:02.305277
256933,nfl,Bills,Jets,125,127,scheduled,,,,,,,,,,,,,,,,,2026-01-04T18:00:00.000Z,15,15,256933,55.0,-410,0,0,320,0,0,,,,,,,,,,,-9.5,-110,0,0,9.5,-110,0,0,2026-01-04 10:00:00-08:00,2025-12-25 17:10:18.922147
256933,nfl,Bills,Jets,125,127,scheduled,,,,,,,,,,,,,,,,,2026-01-04T18:00:00.000Z,15,15,256933,55.0,-410,0,0,320,0,0,,,,,,,,,,,-9.5,-110,0,0,9.5,-110,0,0,2026-01-04 10:00:00-08:00,2025-12-25 18:16:04.653155
256933,nfl,Bills,Jets,125,127,scheduled,,,,,,,,,,,,,,,,,2026-01-04T18:00:00.000Z,15,15,256933,55.0,-410,0,0,320,0,0,,,,,,,,,,,-9.5,-110,0,0,9.5,-110,0,0,2026-01-04 10:00:00-08:00,2025-12-25 19:08:44.595749
256933,nfl,Bills,Jets,125,127,scheduled,,,,,,,,,,,,,,,,,2026-01-04T18:00:00.000Z,15,15,256933,55.0,-410,0,0,320,0,0,,,,,,,,,,,-9.5,-110,0,0,9.5,-110,0,0,2026-01-04 10:00:00-08:00,2025-12-25 20:12:42.476949
256933,nfl,Bills,Jets,125,127,scheduled,,,,,,,,,,,,,,,,,2026-01-04T18:00:00.000Z,15,15,256933,55.0,-410,0,0,320,0,0,,,,,,,,,,,-9.5,-110,0,0,9.5,-110,0,0,2026-01-04 10:00:00-08:00,2025-12-25 21:10:37.126469
256933,nfl,Bills,Jets,125,127,scheduled,,,,,,,,,,,,,,,,,2026-01-04T18:00:00.000Z,15,15,256933,55.0,-410,0,0,320,0,0,,,,,,,,,,,-9.5,-110,0,0,9.5,-110,0,0,2026-01-04 10:00:00-08:00,2025-12-25 22:10:55.114350
256933,nfl,Bills,Jets,125,127,scheduled,,,,,,,,,,,,,,,,,2026-01-04T18:00:00.000Z,15,15,256933,55.0,-410,0,0,320,0,0,,,,,,,,,,,-9.5,-110,0,0,9.5,-110,0,0,2026-01-04 10:00:00-08:00,2025-12-25 23:10:56.421975
256933,nfl,Bills,Jets,125,127,scheduled,,,,,,,,,,,,,,,,,2026-01-04T18:00:00.000Z,15,15,256933,55.0,-410,0,0,320,0,0,,,,,,,,,,,-9.5,-110,0,0,9.5,-110,0,0,2026-01-04 10:00:00-08:00,2025-12-26 00:53:48.245895
256933,nfl,Bills,Jets,125,127,scheduled,,,,,,,,,,,,,,,,,2026-01-04T18:00:00.000Z,15,15,256933,60.0,-410,0,0,320,0,0,,,,,,,,,,,-9.5,-110,0,0,9.5,-110,0,0,2026-01-04 10:00:00-08:00,2025-12-26 02:48:12.653569
256933,nfl,Bills,Jets,125,127,scheduled,,,,,,,,,,,,,,,,,2026-01-04T18:00:00.000Z,15,15,256933,60.0,-410,0,0,320,0,0,,,,,,,,,,,-9.5,-110,0,0,9.5,-110,0,0,2026-01-04 10:00:00-08:00,2025-12-26 03:53:11.217020
256933,nfl,Bills,Jets,125,127,scheduled,,,,,,,,,,,,,,,,,2026-01-04T18:00:00.000Z,15,15,256933,60.0,-410,0,0,320,0,0,,,,,,,,,,,-9.5,-110,0,0,9.5,-110,0,0,2026-01-04 10:00:00-08:00,2025-12-26 04:26:57.166699
256933,nfl,Bills,Jets,125,127,scheduled,,,,,,,,,,,,,,,,,2026-01-04T18:00:00.000Z,15,15,256933,60.0,-410,0,0,320,0,0,,,,,,,,,,,-9.5,-110,0,0,9.5,-110,0,0,2026-01-04 10:00:00-08:00,2025-12-26 05:14:05.661706
256933,nfl,Bills,Jets,125,127,scheduled,,,,,,,,,,,,,,,,,2026-01-04T18:00:00.000Z,15,15,256933,60.0,-410,0,0,320,0,0,,,,,,,,,,,-9.5,-110,0,0,9.5,-110,0,0,2026-01-04 10:00:00-08:00,2025-12-26 06:18:19.629052
256933,nfl,Bills,Jets,125,127,scheduled,,,,,,,,,,,,,,,,,2026-01-04T18:00:00.000Z,15,15,256933,60.0,-410,0,0,320,0,0,,,,,,,,,,,-9.5,-110,0,0,9.5,-110,0,0,2026-01-04 10:00:00-08:00,2025-12-26 07:14:32.775070
256933,nfl,Bills,Jets,125,127,scheduled,,,,,,,,,,,,,,,,,2026-01-04T18:00:00.000Z,15,15,256933,60.0,-410,0,0,320,0,0,,,,,,,,,,,-9.5,-110,0,0,9.5,-110,0,0,2026-01-04 10:00:00-08:00,2025-12-26 08:15:33.156915
256933,nfl,Bills,Jets,125,127,scheduled,,,,,,,,,,,,,,,,,2026-01-04T18:00:00.000Z,15,15,256933,60.0,-410,0,0,320,0,0,,,,,,,,,,,-9.5,-110,0,0,9.5,-110,0,0,2026-01-04 10:00:00-08:00,2025-12-26 09:13:32.561712
256933,nfl,Bills,Jets,125,127,scheduled,,,,,,,,,,,,,,,,,2026-01-04T18:00:00.000Z,15,15,256933,60.0,-410,0,0,320,0,0,,,,,,,,,,,-9.5,-110,0,0,9.5,-110,0,0,2026-01-04 10:00:00-08:00,2025-12-26 10:12:21.713290
256933,nfl,Bills,Jets,125,127,scheduled,,,,,,,,,,,,,,,,,2026-01-04T18:00:00.000Z,15,15,256933,60.0,-410,0,0,320,0,0,,,,,,,,,,,-9.5,-110,0,0,9.5,-110,0,0,2026-01-04 10:00:00-08:00,2025-12-26 11:10:23.584512
256933,nfl,Bills,Jets,125,127,scheduled,,,,,,,,,,,,,,,,,2026-01-04T18:00:00.000Z,15,15,256933,60.0,-410,0,0,320,0,0,,,,,,,,,,,-9.5,-110,0,0,9.5,-110,0,0,2026-01-04 10:00:00-08:00,2025-12-26 12:21:19.110492
256933,nfl,Bills,Jets,125,127,scheduled,,,,,,,,,,,,,,,,,2026-01-04T18:00:00.000Z,15,15,256933,65.0,-410,0,0,320,0,0,,,,,,,,,,,-9.5,-110,0,0,9.5,-110,0,0,2026-01-04 10:00:00-08:00,2025-12-26 13:26:42.595417
256933,nfl,Bills,Jets,125,127,scheduled,,,,,,,,,,,,,,,,,2026-01-04T18:00:00.000Z,15,15,256933,65.0,-410,0,0,320,0,0,,,,,,,,,,,-9.5,-110,0,0,9.5,-110,0,0,2026-01-04 10:00:00-08:00,2025-12-26 14:11:25.597287
256933,nfl,Bills,Jets,125,127,scheduled,,,,,,,,,,,,,,,,,2026-01-04T18:00:00.000Z,15,15,256933,65.0,-410,0,0,320,0,0,,,,,,,,,,,-9.5,-110,0,0,9.5,-110,0,0,2026-01-04 10:00:00-08:00,2025-12-26 15:11:28.582506
256933,nfl,Bills,Jets,125,127,scheduled,,,,,,,,,,,,,,,,,2026-01-04T18:00:00.000Z,15,15,256933,65.0,-410,0,0,320,0,0,,,,,,,,,,,-9.5,-110,0,0,9.5,-110,0,0,2026-01-04 10:00:00-08:00,2025-12-26 16:13:09.764832
256933,nfl,Bills,Jets,125,127,scheduled,,,,,,,,,,,,,,,,,2026-01-04T18:00:00.000Z,15,15,256933,65.0,-410,0,0,320,0,0,,,,,,,,,,,-9.5,-110,0,0,9.5,-110,0,0,2026-01-04 10:00:00-08:00,2025-12-26 17:09:41.955264
256933,nfl,Bills,Jets,125,127,scheduled,,,,,,,,,,,,,,,,,2026-01-04T18:00:00.000Z,15,15,256933,65.0,-410,0,0,320,0,0,,,,,,,,,,,-9.5,-110,0,0,9.5,-110,0,0,2026-01-04 10:00:00-08:00,2025-12-26 18:16:46.153208
256933,nfl,Bills,Jets,125,127,scheduled,,,,,,,,,,,,,,,,,2026-01-04T18:00:00.000Z,15,15,256933,75.0,-410,0,0,320,0,0,,,,,,,,,,,-9.5,-110,0,0,9.5,-110,0,0,2026-01-04 10:00:00-08:00,2025-12-26 19:09:19.395442
256933,nfl,Bills,Jets,125,127,scheduled,,,,,,,,,,,,,,,,,2026-01-04T18:00:00.000Z,15,15,256933,75.0,-410,0,0,320,0,0,,,,,,,,,,,-9.5,-110,0,0,9.5,-110,0,0,2026-01-04 10:00:00-08:00,2025-12-26 20:11:58.806493
256933,nfl,Bills,Jets,125,127,scheduled,,,,,,,,,,,,,,,,,2026-01-04T18:00:00.000Z,15,15,256933,75.0,-410,0,0,320,0,0,,,,,,,,,,,-9.5,-110,0,0,9.5,-110,0,0,2026-01-04 10:00:00-08:00,2025-12-26 21:10:14.281340
256933,nfl,Bills,Jets,125,127,scheduled,,,,,,,,,,,,,,,,,2026-01-04T18:00:00.000Z,15,15,256933,75.0,-410,0,0,320,0,0,,,,,,,,,,,-9.5,-110,0,0,9.5,-110,0,0,2026-01-04 10:00:00-08:00,2025-12-26 22:11:05.868112
256933,nfl,Bills,Jets,125,127,scheduled,,,,,,,,,,,,,,,,,2026-01-04T18:00:00.000Z,15,15,256933,75.0,-410,0,0,320,0,0,,,,,,,,,,,-9.5,-110,0,0,9.5,-110,0,0,2026-01-04 10:00:00-08:00,2025-12-26 23:11:05.262155
256933,nfl,Bills,Jets,125,127,scheduled,,,,,,,,,,,,,,,,,2026-01-04T18:00:00.000Z,15,15,256933,75.0,-410,0,0,320,0,0,,,,,,,,,,,-9.5,-110,0,0,9.5,-110,0,0,2026-01-04 10:00:00-08:00,2025-12-27 00:52:09.619620
256933,nfl,Bills,Jets,125,127,scheduled,,,,,,,,,,,,,,,,,2026-01-04T18:00:00.000Z,15,15,256933,75.0,-410,0,0,320,0,0,,,,,,,,,,,-9.5,-110,0,0,9.5,-110,0,0,2026-01-04 10:00:00-08:00,2025-12-27 02:45:26.354219
256933,nfl,Bills,Jets,125,127,scheduled,,,,,,,,,,,,,,,,,2026-01-04T18:00:00.000Z,15,15,256933,75.0,-410,0,0,320,0,0,,,,,,,,,,,-9.5,-110,0,0,9.5,-110,0,0,2026-01-04 10:00:00-08:00,2025-12-27 03:50:46.386921
256933,nfl,Bills,Jets,125,127,scheduled,,,,,,,,,,,,,,,,,2026-01-04T18:00:00.000Z,15,15,256933,75.0,-410,0,0,320,0,0,,,,,,,,,,,-9.5,-110,0,0,9.5,-110,0,0,2026-01-04 10:00:00-08:00,2025-12-27 04:23:57.433834
256933,nfl,Bills,Jets,125,127,scheduled,,,,,,,,,,,,,,,,,2026-01-04T18:00:00.000Z,15,15,256933,75.0,-410,0,0,320,0,0,,,,,,,,,,,-9.5,-110,0,0,9.5,-110,0,0,2026-01-04 10:00:00-08:00,2025-12-27 05:12:59.384988
256933,nfl,Bills,Jets,125,127,scheduled,,,,,,,,,,,,,,,,,2026-01-04T18:00:00.000Z,15,15,256933,75.0,-410,0,0,320,0,0,,,,,,,,,,,-9.5,-110,0,0,9.5,-110,0,0,2026-01-04 10:00:00-08:00,2025-12-27 06:16:57.481674
256933,nfl,Bills,Jets,125,127,scheduled,,,,,,,,,,,,,,,,,2026-01-04T18:00:00.000Z,15,15,256933,85.0,-410,0,0,320,0,0,,,,,,,,,,,-9.5,-110,0,0,9.5,-110,0,0,2026-01-04 10:00:00-08:00,2025-12-27 07:11:15.600789
256933,nfl,Bills,Jets,125,127,scheduled,,,,,,,,,,,,,,,,,2026-01-04T18:00:00.000Z,15,15,256933,85.0,-410,0,0,320,0,0,,,,,,,,,,,-9.5,-110,0,0,9.5,-110,0,0,2026-01-04 10:00:00-08:00,2025-12-27 08:14:18.684212
256933,nfl,Bills,Jets,125,127,scheduled,,,,,,,,,,,,,,,,,2026-01-04T18:00:00.000Z,15,15,256933,85.0,-410,0,0,320,0,0,,,,,,,,,,,-9.5,-110,0,0,9.5,-110,0,0,2026-01-04 10:00:00-08:00,2025-12-27 09:11:28.628963
256933,nfl,Bills,Jets,125,127,scheduled,,,,,,,,,,,,,,,,,2026-01-04T18:00:00.000Z,15,15,256933,85.0,-410,0,0,320,0,0,,,,,,,,,,,-9.5,-110,0,0,9.5,-110,0,0,2026-01-04 10:00:00-08:00,2025-12-27 10:10:55.349865
256933,nfl,Bills,Jets,125,127,scheduled,,,,,,,,,,,,,,,,,2026-01-04T18:00:00.000Z,15,15,256933,85.0,-410,0,0,320,0,0,,,,,,,,,,,-9.5,-110,0,0,9.5,-110,0,0,2026-01-04 10:00:00-08:00,2025-12-27 11:09:08.371334
256933,nfl,Bills,Jets,125,127,scheduled,,,,,,,,,,,,,,,,,2026-01-04T18:00:00.000Z,15,15,256933,85.0,-410,0,0,320,0,0,,,,,,,,,,,-9.5,-110,0,0,9.5,-110,0,0,2026-01-04 10:00:00-08:00,2025-12-27 12:20:02.722447
256933,nfl,Bills,Jets,125,127,scheduled,,,,,,,,,,,,,,,,,2026-01-04T18:00:00.000Z,15,15,256933,85.0,-410,0,0,320,0,0,,,,,,,,,,,-9.5,-110,0,0,9.5,-110,0,0,2026-01-04 10:00:00-08:00,2025-12-27 13:22:36.153313
256933,nfl,Bills,Jets,125,127,scheduled,,,,,,,,,,,,,,,,,2026-01-04T18:00:00.000Z,15,15,256933,85.0,-410,0,0,320,0,0,,,,,,,,,,,-9.5,-110,0,0,9.5,-110,0,0,2026-01-04 10:00:00-08:00,2025-12-27 14:10:09.105416
256933,nfl,Bills,Jets,125,127,scheduled,,,,,,,,,,,,,,,,,2026-01-04T18:00:00.000Z,15,15,256933,85.0,-410,0,0,320,0,0,,,,,,,,,,,-9.5,-110,0,0,9.5,-110,0,0,2026-01-04 10:00:00-08:00,2025-12-27 15:10:27.408251
256933,nfl,Bills,Jets,125,127,scheduled,,,,,,,,,,,,,,,,,2026-01-04T18:00:00.000Z,15,15,256933,85.0,-410,0,0,320,0,0,,,,,,,,,,,-9.5,-110,0,0,9.5,-110,0,0,2026-01-04 10:00:00-08:00,2025-12-27 16:12:35.498777
256933,nfl,Bills,Jets,125,127,scheduled,,,,,,,,,,,,,,,,,2026-01-04T18:00:00.000Z,15,15,256933,85.0,-410,0,0,320,0,0,,,,,,,,,,,-9.5,-110,0,0,9.5,-110,0,0,2026-01-04 10:00:00-08:00,2025-12-27 17:09:24.679173
256933,nfl,Bills,Jets,125,127,scheduled,,,,,,,,,,,,,,,,,2026-01-04T18:00:00.000Z,15,15,256933,85.0,-410,0,0,320,0,0,,,,,,,,,,,-9.5,-110,0,0,9.5,-110,0,0,2026-01-04 10:00:00-08:00,2025-12-27 18:15:21.593820
256933,nfl,Bills,Jets,125,127,scheduled,,,,,,,,,,,,,,,,,2026-01-04T18:00:00.000Z,15,15,256933,85.0,-410,0,0,320,0,0,,,,,,,,,,,-9.5,-110,0,0,9.5,-110,0,0,2026-01-04 10:00:00-08:00,2025-12-27 19:08:11.020979
256933,nfl,Bills,Jets,125,127,scheduled,,,,,,,,,,,,,,,,,2026-01-04T18:00:00.000Z,15,15,256933,85.0,-410,0,0,320,0,0,,,,,,,,,,,-9.5,-110,0,0,9.5,-110,0,0,2026-01-04 10:00:00-08:00,2025-12-27 20:11:58.147200
256933,nfl,Bills,Jets,125,127,scheduled,,,,,,,,,,,,,,,,,2026-01-04T18:00:00.000Z,15,15,256933,85.0,-410,0,0,320,0,0,,,,,,,,,,,-9.5,-110,0,0,9.5,-110,0,0,2026-01-04 10:00:00-08:00,2025-12-27 21:09:16.490123
256933,nfl,Bills,Jets,125,127,scheduled,,,,,,,,,,,,,,,,,2026-01-04T18:00:00.000Z,15,15,256933,85.0,-410,0,0,320,0,0,,,,,,,,,,,-9.5,-110,0,0,9.5,-110,0,0,2026-01-04 10:00:00-08:00,2025-12-27 22:10:37.549818
256933,nfl,Bills,Jets,125,127,scheduled,,,,,,,,,,,,,,,,,2026-01-04T18:00:00.000Z,15,15,256933,85.0,-410,0,0,320,0,0,,,,,,,,,,,-9.5,-110,0,0,9.5,-110,0,0,2026-01-04 10:00:00-08:00,2025-12-27 23:10:56.507855
256933,nfl,Bills,Jets,125,127,scheduled,,,,,,,,,,,,,,,,,2026-01-04T18:00:00.000Z,15,15,256933,85.0,-410,0,0,320,0,0,,,,,,,,,,,-9.5,-110,0,0,9.5,-110,0,0,2026-01-04 10:00:00-08:00,2025-12-28 01:00:23.835801
256933,nfl,Bills,Jets,125,127,scheduled,,,,,,,,,,,,,,,,,2026-01-04T18:00:00.000Z,15,15,256933,85.0,-410,0,0,320,0,0,,,,,,,,,,,-9.5,-110,0,0,9.5,-110,0,0,2026-01-04 10:00:00-08:00,2025-12-28 03:06:32.710666
256933,nfl,Bills,Jets,125,127,scheduled,,,,,,,,,,,,,,,,,2026-01-04T18:00:00.000Z,15,15,256933,85.0,-410,0,0,320,0,0,,,,,,,,,,,-9.5,-110,0,0,9.5,-110,0,0,2026-01-04 10:00:00-08:00,2025-12-28 04:37:04.226145
256933,nfl,Bills,Jets,125,127,scheduled,,,,,,,,,,,,,,,,,2026-01-04T18:00:00.000Z,15,15,256933,90.0,-410,0,0,320,0,0,,,,,,,,,,,-9.5,-110,0,0,9.5,-110,0,0,2026-01-04 10:00:00-08:00,2025-12-28 05:16:17.294985
256933,nfl,Bills,Jets,125,127,scheduled,,,,,,,,,,,,,,,,,2026-01-04T18:00:00.000Z,15,15,256933,90.0,-410,0,0,320,0,0,,,,,,,,,,,-9.5,-110,0,0,9.5,-110,0,0,2026-01-04 10:00:00-08:00,2025-12-28 06:17:08.821207
256933,nfl,Bills,Jets,125,127,scheduled,,,,,,,,,,,,,,,,,2026-01-04T18:00:00.000Z,15,15,256933,106.0,-410,0,0,320,0,0,,,,,,,,,,,-9.5,-110,0,0,9.5,-110,0,0,2026-01-04 10:00:00-08:00,2025-12-28 07:12:39.376726
256933,nfl,Bills,Jets,125,127,scheduled,,,,,,,,,,,,,,,,,2026-01-04T18:00:00.000Z,15,15,256933,106.0,-410,0,0,320,0,0,,,,,,,,,,,-9.5,-110,0,0,9.5,-110,0,0,2026-01-04 10:00:00-08:00,2025-12-28 08:15:12.992681
256933,nfl,Bills,Jets,125,127,scheduled,,,,,,,,,,,,,,,,,2026-01-04T18:00:00.000Z,15,15,256933,106.0,-410,0,0,320,0,0,,,,,,,,,,,-9.5,-110,0,0,9.5,-110,0,0,2026-01-04 10:00:00-08:00,2025-12-28 09:11:07.181303
256933,nfl,Bills,Jets,125,127,scheduled,,,,,,,,,,,,,,,,,2026-01-04T18:00:00.000Z,15,15,256933,106.0,-410,0,0,320,0,0,,,,,,,,,,,-9.5,-110,0,0,9.5,-110,0,0,2026-01-04 10:00:00-08:00,2025-12-28 10:11:08.388558
256933,nfl,Bills,Jets,125,127,scheduled,,,,,,,,,,,,,,,,,2026-01-04T18:00:00.000Z,15,15,256933,106.0,-410,0,0,320,0,0,,,,,,,,,,,-9.5,-110,0,0,9.5,-110,0,0,2026-01-04 10:00:00-08:00,2025-12-28 11:09:38.837778
256933,nfl,Bills,Jets,125,127,scheduled,,,,,,,,,,,,,,,,,2026-01-04T18:00:00.000Z,15,15,256933,106.0,-410,0,0,320,0,0,,,,,,,,,,,-9.5,-110,0,0,9.5,-110,0,0,2026-01-04 10:00:00-08:00,2025-12-28 12:20:06.953014
256933,nfl,Bills,Jets,125,127,scheduled,,,,,,,,,,,,,,,,,2026-01-04T18:00:00.000Z,15,15,256933,106.0,-410,0,0,320,0,0,,,,,,,,,,,-9.5,-110,0,0,9.5,-110,0,0,2026-01-04 10:00:00-08:00,2025-12-28 13:23:27.247143
256933,nfl,Bills,Jets,125,127,scheduled,,,,,,,,,,,,,,,,,2026-01-04T18:00:00.000Z,15,15,256933,106.0,-410,0,0,320,0,0,,,,,,,,,,,-9.5,-110,0,0,9.5,-110,0,0,2026-01-04 10:00:00-08:00,2025-12-28 14:10:52.394624
256933,nfl,Bills,Jets,125,127,scheduled,,,,,,,,,,,,,,,,,2026-01-04T18:00:00.000Z,15,15,256933,106.0,-410,0,0,320,0,0,,,,,,,,,,,-9.5,-110,0,0,9.5,-110,0,0,2026-01-04 10:00:00-08:00,2025-12-28 15:10:53.771829
256933,nfl,Bills,Jets,125,127,scheduled,,,,,,,,,,,,,,,,,2026-01-04T18:00:00.000Z,15,15,256933,106.0,-410,0,0,320,0,0,,,,,,,,,,,-9.5,-110,0,0,9.5,-110,0,0,2026-01-04 10:00:00-08:00,2025-12-28 16:12:43.249346
256933,nfl,Bills,Jets,125,127,scheduled,,,,,,,,,,,,,,,,,2026-01-04T18:00:00.000Z,15,15,256933,106.0,-410,0,0,320,0,0,,,,,,,,,,,-9.5,-110,0,0,9.5,-110,0,0,2026-01-04 10:00:00-08:00,2025-12-28 17:09:55.421727
256933,nfl,Bills,Jets,125,127,scheduled,,,,,,,,,,,,,,,,,2026-01-04T18:00:00.000Z,15,15,256933,106.0,-410,0,0,320,0,0,,,,,,,,,,,-9.5,-110,0,0,9.5,-110,0,0,2026-01-04 10:00:00-08:00,2025-12-28 18:16:04.872989
256933,nfl,Bills,Jets,125,127,scheduled,,,,,,,,,,,,,,,,,2026-01-04T18:00:00.000Z,15,15,256933,106.0,-410,0,0,320,0,0,,,,,,,,,,,-9.5,-110,0,0,9.5,-110,0,0,2026-01-04 10:00:00-08:00,2025-12-28 19:08:36.704489
256933,nfl,Bills,Jets,125,127,scheduled,,,,,,,,,,,,,,,,,2026-01-04T18:00:00.000Z,15,15,256933,111.0,-410,0,0,320,0,0,,,,,,,,,,,-9.5,-110,0,0,9.5,-110,0,0,2026-01-04 10:00:00-08:00,2025-12-28 20:12:38.642673
256933,nfl,Bills,Jets,125,127,scheduled,,,,,,,,,,,,,,,,,2026-01-04T18:00:00.000Z,15,15,256933,116.0,-410,0,0,320,0,0,,,,,,,,,,,-9.5,-110,0,0,9.5,-110,0,0,2026-01-04 10:00:00-08:00,2025-12-28 21:10:03.650143
256933,nfl,Bills,Jets,125,127,scheduled,,,,,,,,,,,,,,,,,2026-01-04T18:00:00.000Z,15,15,256933,126.0,-410,0,0,320,0,0,,,,,,,,,,,-9.5,-110,0,0,9.5,-110,0,0,2026-01-04 10:00:00-08:00,2025-12-28 22:10:56.332363
256933,nfl,Bills,Jets,125,127,scheduled,,,,,,,,,,,,,,,,,2026-01-04T18:00:00.000Z,15,15,256933,151.0,-410,0,0,320,0,0,,,,,,,,,,,-9.5,-110,0,0,9.5,-110,0,0,2026-01-04 10:00:00-08:00,2025-12-28 23:10:56.836228
256933,nfl,Bills,Jets,125,127,scheduled,,,,,,,,,,,,,,,,,2026-01-04T18:00:00.000Z,15,15,256933,171.0,-750,0,0,512,0,0,,,,,,,,,,,-12.5,-110,0,0,12.5,-110,0,0,2026-01-04 10:00:00-08:00,2025-12-29 00:58:37.946408
256933,nfl,Bills,Jets,125,127,scheduled,,,,,,,,,,,,,,,,,2026-01-04T18:00:00.000Z,15,15,256933,297.0,-650,0,0,470,0,0,,,,40.5,-100.0,-115.0,0.0,0.0,0.0,0.0,-11.5,-110,0,0,11.5,-110,0,0,2026-01-04 10:00:00-08:00,2025-12-29 03:04:36.525929
256933,nfl,Bills,Jets,125,127,scheduled,,,,,,,,,,,,,,,,,2026-01-04T18:00:00.000Z,15,15,256933,403.0,-650,95,53,450,5,47,,,,40.0,-110.0,-110.0,0.0,0.0,0.0,0.0,-11.5,-105,0,0,11.5,-115,0,0,2026-01-04 10:00:00-08:00,2025-12-29 05:20:58.012143
256933,nfl,Bills,Jets,125,127,scheduled,,,,,,,,,,,,,,,,,2026-01-04T18:00:00.000Z,15,15,256933,449.0,-650,95,53,470,5,47,,,,39.5,-110.0,-110.0,0.0,0.0,0.0,0.0,-11.5,-105,0,0,11.5,-115,0,0,2026-01-04 10:00:00-08:00,2025-12-29 06:20:42.322318
256933,nfl,Bills,Jets,125,127,scheduled,,,,,,,,,,,,,,,,,2026-01-04T21:25:00.000Z,15,15,256933,514.0,-650,93,48,470,7,52,,,,39.5,-110.0,-110.0,73.0,78.0,27.0,22.0,-11.5,-110,0,0,11.5,-115,0,0,2026-01-04 13:25:00-08:00,2025-12-29 09:20:27.955615
256933,nfl,Bills,Jets,125,127,scheduled,,,,,,,,,,,,,,,,,2026-01-04T21:25:00.000Z,15,15,256933,525.0,-650,94,48,470,6,52,,,,39.5,-110.0,-110.0,72.0,77.0,28.0,23.0,-11.5,-105,0,0,11.5,-115,0,0,2026-01-04 13:25:00-08:00,2025-12-29 10:14:08.841334
256933,nfl,Bills,Jets,125,127,scheduled,,,,,,,,,,,,,,,,,2026-01-04T21:25:00.000Z,15,15,256933,661.0,-500,95,51,375,5,49,,,,39.5,-110.0,-110.0,77.0,80.0,23.0,20.0,-8.5,-110,77,90,8.5,-110,23,10,2026-01-04 13:25:00-08:00,2025-12-29 15:12:59.394836
256933,nfl,Bills,Jets,125,127,scheduled,,,,,,,,,,,,,,,,,2026-01-04T21:25:00.000Z,15,15,256933,706.0,-455,95,52,350,5,48,,,,39.5,-110.0,-110.0,74.0,75.0,26.0,25.0,-8.5,-108,75,85,8.5,-112,25,15,2026-01-04 13:25:00-08:00,2025-12-29 16:13:44.953517
256933,nfl,Bills,Jets,125,127,scheduled,,,,,,,,,,,,,,,,,2026-01-04T21:25:00.000Z,15,15,256933,1070.0,-450,96,49,350,4,51,,,,39.5,-110.0,-110.0,74.0,75.0,26.0,25.0,-8.5,-110,77,87,8.5,-110,23,13,2026-01-04 13:25:00-08:00,2025-12-29 19:09:35.062004
256933,nfl,Bills,Jets,125,127,scheduled,,,,,,,,,,,,,,,,,2026-01-04T21:25:00.000Z,15,15,256933,1186.0,-400,96,50,310,4,50,,,,39.5,-110.0,-110.0,76.0,76.0,24.0,24.0,-7.5,-110,79,87,7.5,-111,21,13,2026-01-04 13:25:00-08:00,2025-12-29 20:13:12.257705
256933,nfl,Bills,Jets,125,127,scheduled,,,,,,,,,,,,,,,,,2026-01-04T21:25:00.000Z,15,15,256933,1529.0,-350,97,61,280,3,39,,,,38.5,-105.0,-110.0,70.0,73.0,30.0,27.0,-7.0,-115,78,85,7.0,-105,22,15,2026-01-04 13:25:00-08:00,2025-12-30 00:53:54.752783
256933,nfl,Bills,Jets,125,127,scheduled,,,,,,,,,,,,,,,,,2026-01-04T21:25:00.000Z,15,15,256933,2514.0,-360,97,78,280,3,22,,,,38.0,-110.0,-110.0,73.0,70.0,27.0,30.0,-7.0,-115,82,88,7.0,-105,18,12,2026-01-04 13:25:00-08:00,2025-12-30 21:11:19.391681
256933,nfl,Bills,Jets,125,127,scheduled,,,,,,,,,,,,,,,,,2026-01-04T21:25:00.000Z,15,15,256933,4705.0,-360,98,90,280,2,10,,,,37.5,-120.0,-111.0,77.0,79.0,23.0,21.0,-7.0,-115,87,65,7.0,-105,13,35,2026-01-04 13:25:00-08:00,2026-01-01 18:17:02.794481
256933,nfl,Bills,Jets,125,127,scheduled,,,,,,,,,,,,,,,,,2026-01-04T21:25:00.000Z,15,15,256933,4771.0,-360,98,90,280,2,10,,,,37.5,-120.0,-111.0,77.0,78.0,23.0,22.0,-7.0,-110,87,66,7.0,-110,13,34,2026-01-04 13:25:00-08:00,2026-01-01 19:09:57.350420
256933,nfl,Bills,Jets,125,127,scheduled,,,,,,,,,,,,,,,,,2026-01-04T21:25:00.000Z,15,15,256933,4851.0,-360,98,90,280,2,10,,,,37.5,-115.0,-111.0,77.0,79.0,23.0,21.0,-7.0,-110,87,66,7.0,-110,13,34,2026-01-04 13:25:00-08:00,2026-01-01 20:13:10.714914
256933,nfl,Bills,Jets,125,127,scheduled,,,,,,,,,,,,,,,,,2026-01-04T21:25:00.000Z,15,15,256933,5013.0,-325,98,90,260,2,10,,,,37.5,-112.0,-111.0,77.0,79.0,23.0,21.0,-6.5,-112,88,67,6.5,-108,12,33,2026-01-04 13:25:00-08:00,2026-01-01 21:10:51.329680
256933,nfl,Bills,Jets,125,127,scheduled,,,,,,,,,,,,,,,,,2026-01-04T21:25:00.000Z,15,15,256933,5058.0,-313,98,90,250,2,10,,,,37.5,-112.0,-111.0,78.0,79.0,22.0,21.0,-6.5,-112,87,67,6.5,-108,13,33,2026-01-04 13:25:00-08:00,2026-01-01 22:11:03.132367
256933,nfl,Bills,Jets,125,127,scheduled,,,,,,,,,,,,,,,,,2026-01-04T21:25:00.000Z,15,15,256933,5997.0,-325,98,91,260,2,9,,,,37.5,-112.0,-111.0,79.0,81.0,21.0,19.0,-6.5,-112,87,71,6.5,-108,13,29,2026-01-04 13:25:00-08:00,2026-01-02 14:12:14.413288
256933,nfl,Bills,Jets,125,127,scheduled,,,,,,,,,,,,,,,,,2026-01-04T21:25:00.000Z,15,15,256933,6083.0,-340,98,91,270,2,9,,,,37.5,-112.0,-111.0,79.0,80.0,21.0,20.0,-6.5,-112,87,71,6.5,-108,13,29,2026-01-04 13:25:00-08:00,2026-01-02 15:11:44.082436
256933,nfl,Bills,Jets,125,127,scheduled,,,,,,,,,,,,,,,,,2026-01-04T21:25:00.000Z,15,15,256933,6164.0,-335,98,91,270,2,9,,,,38.0,-110.0,-110.0,79.0,81.0,21.0,19.0,-7.0,-108,87,72,7.0,-112,13,28,2026-01-04 13:25:00-08:00,2026-01-02 16:13:38.267933
256933,nfl,Bills,Jets,125,127,scheduled,,,,,,,,,,,,,,,,,2026-01-04T21:25:00.000Z,15,15,256933,6280.0,-440,98,92,340,2,8,,,,38.0,-110.0,-110.0,79.0,81.0,21.0,19.0,-8.0,-110,87,72,8.0,-110,13,28,2026-01-04 13:25:00-08:00,2026-01-02 17:10:25.511078
256933,nfl,Bills,Jets,125,127,scheduled,,,,,,,,,,,,,,,,,2026-01-04T21:25:00.000Z,15,15,256933,6401.0,-405,98,89,325,2,11,,,,37.5,-110.0,-110.0,79.0,81.0,21.0,19.0,-7.5,-115,87,65,7.5,-105,13,35,2026-01-04 13:25:00-08:00,2026-01-02 18:16:46.925150
256933,nfl,Bills,Jets,125,127,scheduled,,,,,,,,,,,,,,,,,2026-01-04T21:25:00.000Z,15,15,256933,6644.0,-425,98,88,325,2,12,,,,37.5,-110.0,-110.0,79.0,81.0,21.0,19.0,-7.5,-115,87,61,7.5,-111,13,39,2026-01-04 13:25:00-08:00,2026-01-02 20:12:30.566155
256933,nfl,Bills,Jets,125,127,scheduled,,,,,,,,,,,,,,,,,2026-01-04T21:25:00.000Z,15,15,256933,10910.0,-425,97,91,340,3,9,,,,37.5,-110.0,-110.0,79.0,81.0,21.0,19.0,-8.0,-110,84,67,8.0,-110,16,33,2026-01-04 13:25:00-08:00,2026-01-04 01:00:46.546153
256933,nfl,Bills,Jets,125,127,scheduled,,,,,,,,,,,,,,,,,2026-01-04T21:25:00.000Z,15,15,256933,11288.0,-425,97,91,325,3,9,,,,37.5,-110.0,-110.0,79.0,81.0,21.0,19.0,-8.0,-110,84,68,8.0,-110,16,32,2026-01-04 13:25:00-08:00,2026-01-04 03:09:39.992128
256933,nfl,Bills,Jets,125,127,scheduled,,,,,,,,,,,,,,,,,2026-01-04T21:25:00.000Z,15,15,256933,11995.0,-425,97,91,340,3,9,,,,37.5,-110.0,-110.0,79.0,81.0,21.0,19.0,-8.0,-110,84,70,8.0,-110,16,30,2026-01-04 13:25:00-08:00,2026-01-04 04:40:53.149533
256933,nfl,Bills,Jets,125,127,scheduled,,,,,,,,,,,,,,,,,2026-01-04T21:25:00.000Z,15,15,256933,14923.0,-425,97,94,340,3,6,,,,37.5,-110.0,-110.0,78.0,80.0,22.0,20.0,-7.5,-118,85,74,7.5,-111,15,26,2026-01-04 13:25:00-08:00,2026-01-04 13:24:09.053402
256933,nfl,Bills,Jets,125,127,scheduled,,,,,,,,,,,,,,,,,2026-01-04T21:25:00.000Z,15,15,256933,19291.0,-550,97,95,400,3,5,,,,37.5,-118.0,-105.0,77.0,79.0,23.0,21.0,-10.0,-105,85,77,10.0,-115,15,23,2026-01-04 13:25:00-08:00,2026-01-04 16:12:42.814121
256933,nfl,Bills,Jets,125,127,scheduled,,,,,,,,,,,,,,,,,2026-01-04T21:25:00.000Z,15,15,256933,23304.0,-700,97,88,500,3,12,,,,38.0,-110.0,-110.0,77.0,78.0,23.0,22.0,-11.5,-112,85,79,11.5,-111,15,21,2026-01-04 13:25:00-08:00,2026-01-04 17:09:51.083935
256933,nfl,Bills,Jets,125,127,scheduled,,,,,,,,,,,,,,,,,2026-01-04T21:25:00.000Z,15,15,256933,30524.0,-700,97,87,500,3,13,,,,38.5,-110.0,-110.0,77.0,79.0,23.0,21.0,-12.0,-110,85,82,12.0,-110,15,18,2026-01-04 13:25:00-08:00,2026-01-04 18:15:39.047415
256933,nfl,Bills,Jets,125,127,scheduled,,,,,,,,,,,,,,,,,2026-01-04T21:25:00.000Z,15,15,256933,32018.0,-750,97,87,525,3,13,,,,38.5,-118.0,-120.0,77.0,79.0,23.0,21.0,-12.0,-110,85,84,12.0,-110,15,16,2026-01-04 13:25:00-08:00,2026-01-04 19:08:28.425991
256933,nfl,Bills,Jets,125,127,scheduled,,,,,,,,,,,,,,,,,2026-01-04T21:25:00.000Z,15,15,256933,33478.0,-769,97,84,525,3,16,,,,39.0,-110.0,-110.0,78.0,83.0,22.0,17.0,-12.5,-111,85,84,12.5,-112,15,16,2026-01-04 13:25:00-08:00,2026-01-04 20:12:50.856414
256933,nfl,Bills,Jets,125,127,scheduled,,,,,,,,,,,,,,,,,2026-01-04T21:25:00.000Z,15,15,256933,38213.0,-769,97,84,525,3,16,,,,39.5,-105.0,-115.0,78.0,83.0,22.0,17.0,-12.5,-111,85,84,12.5,-112,15,16,2026-01-04 13:25:00-08:00,2026-01-04 21:10:16.803707
256932,nfl,Raiders,Chiefs,2045,139,scheduled,,,,,,,,,,,,,,,,,2026-01-04T18:00:00.000Z,15,15,256932,65.0,205,0,0,-258,0,0,,,,,,,,,,,6.0,-110,0,0,-6.0,-110,0,0,2026-01-04 10:00:00-08:00,2025-12-23 09:16:17.536168
256932,nfl,Raiders,Chiefs,2045,139,scheduled,,,,,,,,,,,,,,,,,2026-01-04T18:00:00.000Z,15,15,256932,65.0,205,0,0,-258,0,0,,,,,,,,,,,6.0,-110,0,0,-6.0,-110,0,0,2026-01-04 10:00:00-08:00,2025-12-23 10:13:06.210150
256932,nfl,Raiders,Chiefs,2045,139,scheduled,,,,,,,,,,,,,,,,,2026-01-04T18:00:00.000Z,15,15,256932,65.0,205,0,0,-258,0,0,,,,,,,,,,,6.0,-110,0,0,-6.0,-110,0,0,2026-01-04 10:00:00-08:00,2025-12-23 11:11:08.784743
256932,nfl,Raiders,Chiefs,2045,139,scheduled,,,,,,,,,,,,,,,,,2026-01-04T18:00:00.000Z,15,15,256932,65.0,205,0,0,-258,0,0,,,,,,,,,,,6.0,-110,0,0,-6.0,-110,0,0,2026-01-04 10:00:00-08:00,2025-12-23 12:22:14.612235
256932,nfl,Raiders,Chiefs,2045,139,scheduled,,,,,,,,,,,,,,,,,2026-01-04T18:00:00.000Z,15,15,256932,65.0,205,0,0,-258,0,0,,,,,,,,,,,6.0,-110,0,0,-6.0,-110,0,0,2026-01-04 10:00:00-08:00,2025-12-23 13:29:59.424423
256932,nfl,Raiders,Chiefs,2045,139,scheduled,,,,,,,,,,,,,,,,,2026-01-04T18:00:00.000Z,15,15,256932,65.0,205,0,0,-258,0,0,,,,,,,,,,,6.0,-110,0,0,-6.0,-110,0,0,2026-01-04 10:00:00-08:00,2025-12-23 14:17:10.922397
256932,nfl,Raiders,Chiefs,2045,139,scheduled,,,,,,,,,,,,,,,,,2026-01-04T18:00:00.000Z,15,15,256932,65.0,205,0,0,-258,0,0,,,,,,,,,,,6.0,-110,0,0,-6.0,-110,0,0,2026-01-04 10:00:00-08:00,2025-12-23 15:12:27.858291
256932,nfl,Raiders,Chiefs,2045,139,scheduled,,,,,,,,,,,,,,,,,2026-01-04T18:00:00.000Z,15,15,256932,65.0,205,0,0,-258,0,0,,,,,,,,,,,6.0,-110,0,0,-6.0,-110,0,0,2026-01-04 10:00:00-08:00,2025-12-23 16:14:41.664935
256932,nfl,Raiders,Chiefs,2045,139,scheduled,,,,,,,,,,,,,,,,,2026-01-04T18:00:00.000Z,15,15,256932,65.0,205,0,0,-258,0,0,,,,,,,,,,,6.0,-110,0,0,-6.0,-110,0,0,2026-01-04 10:00:00-08:00,2025-12-23 17:12:43.843165
256932,nfl,Raiders,Chiefs,2045,139,scheduled,,,,,,,,,,,,,,,,,2026-01-04T18:00:00.000Z,15,15,256932,65.0,205,0,0,-258,0,0,,,,,,,,,,,6.0,-110,0,0,-6.0,-110,0,0,2026-01-04 10:00:00-08:00,2025-12-23 18:17:16.120344
256932,nfl,Raiders,Chiefs,2045,139,scheduled,,,,,,,,,,,,,,,,,2026-01-04T18:00:00.000Z,15,15,256932,65.0,205,0,0,-258,0,0,,,,,,,,,,,6.0,-110,0,0,-6.0,-110,0,0,2026-01-04 10:00:00-08:00,2025-12-23 19:11:23.939282
256932,nfl,Raiders,Chiefs,2045,139,scheduled,,,,,,,,,,,,,,,,,2026-01-04T18:00:00.000Z,15,15,256932,80.0,205,0,0,-258,0,0,,,,,,,,,,,6.0,-110,0,0,-6.0,-110,0,0,2026-01-04 10:00:00-08:00,2025-12-23 20:12:13.745210
256932,nfl,Raiders,Chiefs,2045,139,scheduled,,,,,,,,,,,,,,,,,2026-01-04T18:00:00.000Z,15,15,256932,80.0,205,0,0,-258,0,0,,,,,,,,,,,6.0,-110,0,0,-6.0,-110,0,0,2026-01-04 10:00:00-08:00,2025-12-23 21:11:08.246482
256932,nfl,Raiders,Chiefs,2045,139,scheduled,,,,,,,,,,,,,,,,,2026-01-04T18:00:00.000Z,15,15,256932,80.0,205,0,0,-258,0,0,,,,,,,,,,,6.0,-110,0,0,-6.0,-110,0,0,2026-01-04 10:00:00-08:00,2025-12-23 22:11:17.550605
256932,nfl,Raiders,Chiefs,2045,139,scheduled,,,,,,,,,,,,,,,,,2026-01-04T18:00:00.000Z,15,15,256932,80.0,205,0,0,-258,0,0,,,,,,,,,,,6.0,-110,0,0,-6.0,-110,0,0,2026-01-04 10:00:00-08:00,2025-12-23 23:10:50.690018
256932,nfl,Raiders,Chiefs,2045,139,scheduled,,,,,,,,,,,,,,,,,2026-01-04T18:00:00.000Z,15,15,256932,80.0,205,0,0,-258,0,0,,,,,,,,,,,6.0,-110,0,0,-6.0,-110,0,0,2026-01-04 10:00:00-08:00,2025-12-24 00:52:58.834144
256932,nfl,Raiders,Chiefs,2045,139,scheduled,,,,,,,,,,,,,,,,,2026-01-04T18:00:00.000Z,15,15,256932,80.0,205,0,0,-258,0,0,,,,,,,,,,,6.0,-110,0,0,-6.0,-110,0,0,2026-01-04 10:00:00-08:00,2025-12-24 02:46:48.175308
256932,nfl,Raiders,Chiefs,2045,139,scheduled,,,,,,,,,,,,,,,,,2026-01-04T18:00:00.000Z,15,15,256932,80.0,205,0,0,-258,0,0,,,,,,,,,,,6.0,-110,0,0,-6.0,-110,0,0,2026-01-04 10:00:00-08:00,2025-12-24 03:53:02.193110
256932,nfl,Raiders,Chiefs,2045,139,scheduled,,,,,,,,,,,,,,,,,2026-01-04T18:00:00.000Z,15,15,256932,80.0,205,0,0,-258,0,0,,,,,,,,,,,6.0,-110,0,0,-6.0,-110,0,0,2026-01-04 10:00:00-08:00,2025-12-24 04:27:48.634138
256932,nfl,Raiders,Chiefs,2045,139,scheduled,,,,,,,,,,,,,,,,,2026-01-04T18:00:00.000Z,15,15,256932,80.0,205,0,0,-258,0,0,,,,,,,,,,,6.0,-110,0,0,-6.0,-110,0,0,2026-01-04 10:00:00-08:00,2025-12-24 05:16:27.029426
256932,nfl,Raiders,Chiefs,2045,139,scheduled,,,,,,,,,,,,,,,,,2026-01-04T18:00:00.000Z,15,15,256932,80.0,205,0,0,-258,0,0,,,,,,,,,,,6.0,-110,0,0,-6.0,-110,0,0,2026-01-04 10:00:00-08:00,2025-12-24 06:18:42.194536
256932,nfl,Raiders,Chiefs,2045,139,scheduled,,,,,,,,,,,,,,,,,2026-01-04T18:00:00.000Z,15,15,256932,80.0,205,0,0,-258,0,0,,,,,,,,,,,6.0,-110,0,0,-6.0,-110,0,0,2026-01-04 10:00:00-08:00,2025-12-24 07:16:13.001894
256932,nfl,Raiders,Chiefs,2045,139,scheduled,,,,,,,,,,,,,,,,,2026-01-04T18:00:00.000Z,15,15,256932,80.0,205,0,0,-258,0,0,,,,,,,,,,,6.0,-110,0,0,-6.0,-110,0,0,2026-01-04 10:00:00-08:00,2025-12-24 08:16:53.707714
256932,nfl,Raiders,Chiefs,2045,139,scheduled,,,,,,,,,,,,,,,,,2026-01-04T18:00:00.000Z,15,15,256932,80.0,205,0,0,-258,0,0,,,,,,,,,,,6.0,-110,0,0,-6.0,-110,0,0,2026-01-04 10:00:00-08:00,2025-12-24 09:15:53.198968
256932,nfl,Raiders,Chiefs,2045,139,scheduled,,,,,,,,,,,,,,,,,2026-01-04T18:00:00.000Z,15,15,256932,80.0,205,0,0,-258,0,0,,,,,,,,,,,6.0,-110,0,0,-6.0,-110,0,0,2026-01-04 10:00:00-08:00,2025-12-24 10:12:23.413696
256932,nfl,Raiders,Chiefs,2045,139,scheduled,,,,,,,,,,,,,,,,,2026-01-04T18:00:00.000Z,15,15,256932,80.0,205,0,0,-258,0,0,,,,,,,,,,,6.0,-110,0,0,-6.0,-110,0,0,2026-01-04 10:00:00-08:00,2025-12-24 11:11:18.376556
256932,nfl,Raiders,Chiefs,2045,139,scheduled,,,,,,,,,,,,,,,,,2026-01-04T18:00:00.000Z,15,15,256932,80.0,205,0,0,-258,0,0,,,,,,,,,,,6.0,-110,0,0,-6.0,-110,0,0,2026-01-04 10:00:00-08:00,2025-12-24 12:21:25.497297
256932,nfl,Raiders,Chiefs,2045,139,scheduled,,,,,,,,,,,,,,,,,2026-01-04T18:00:00.000Z,15,15,256932,80.0,205,0,0,-258,0,0,,,,,,,,,,,6.0,-110,0,0,-6.0,-110,0,0,2026-01-04 10:00:00-08:00,2025-12-24 13:26:08.977180
256932,nfl,Raiders,Chiefs,2045,139,scheduled,,,,,,,,,,,,,,,,,2026-01-04T18:00:00.000Z,15,15,256932,80.0,205,0,0,-258,0,0,,,,,,,,,,,6.0,-110,0,0,-6.0,-110,0,0,2026-01-04 10:00:00-08:00,2025-12-24 14:10:57.708914
256932,nfl,Raiders,Chiefs,2045,139,scheduled,,,,,,,,,,,,,,,,,2026-01-04T18:00:00.000Z,15,15,256932,80.0,205,0,0,-258,0,0,,,,,,,,,,,6.0,-110,0,0,-6.0,-110,0,0,2026-01-04 10:00:00-08:00,2025-12-24 15:12:04.492652
256932,nfl,Raiders,Chiefs,2045,139,scheduled,,,,,,,,,,,,,,,,,2026-01-04T18:00:00.000Z,15,15,256932,80.0,205,0,0,-258,0,0,,,,,,,,,,,6.0,-110,0,0,-6.0,-110,0,0,2026-01-04 10:00:00-08:00,2025-12-24 16:14:09.792023
256932,nfl,Raiders,Chiefs,2045,139,scheduled,,,,,,,,,,,,,,,,,2026-01-04T18:00:00.000Z,15,15,256932,80.0,205,0,0,-258,0,0,,,,,,,,,,,6.0,-110,0,0,-6.0,-110,0,0,2026-01-04 10:00:00-08:00,2025-12-24 17:09:35.629600
256932,nfl,Raiders,Chiefs,2045,139,scheduled,,,,,,,,,,,,,,,,,2026-01-04T18:00:00.000Z,15,15,256932,80.0,205,0,0,-258,0,0,,,,,,,,,,,6.0,-110,0,0,-6.0,-110,0,0,2026-01-04 10:00:00-08:00,2025-12-24 18:16:30.988985
256932,nfl,Raiders,Chiefs,2045,139,scheduled,,,,,,,,,,,,,,,,,2026-01-04T18:00:00.000Z,15,15,256932,80.0,205,0,0,-258,0,0,,,,,,,,,,,6.0,-110,0,0,-6.0,-110,0,0,2026-01-04 10:00:00-08:00,2025-12-24 19:09:17.008378
256932,nfl,Raiders,Chiefs,2045,139,scheduled,,,,,,,,,,,,,,,,,2026-01-04T18:00:00.000Z,15,15,256932,80.0,205,0,0,-258,0,0,,,,,,,,,,,6.0,-110,0,0,-6.0,-110,0,0,2026-01-04 10:00:00-08:00,2025-12-24 20:12:20.802607
256932,nfl,Raiders,Chiefs,2045,139,scheduled,,,,,,,,,,,,,,,,,2026-01-04T18:00:00.000Z,15,15,256932,80.0,205,0,0,-258,0,0,,,,,,,,,,,6.0,-110,0,0,-6.0,-110,0,0,2026-01-04 10:00:00-08:00,2025-12-24 21:10:22.009660
256932,nfl,Raiders,Chiefs,2045,139,scheduled,,,,,,,,,,,,,,,,,2026-01-04T18:00:00.000Z,15,15,256932,80.0,205,0,0,-258,0,0,,,,,,,,,,,6.0,-110,0,0,-6.0,-110,0,0,2026-01-04 10:00:00-08:00,2025-12-24 22:11:26.458784
256932,nfl,Raiders,Chiefs,2045,139,scheduled,,,,,,,,,,,,,,,,,2026-01-04T18:00:00.000Z,15,15,256932,80.0,205,0,0,-258,0,0,,,,,,,,,,,6.0,-110,0,0,-6.0,-110,0,0,2026-01-04 10:00:00-08:00,2025-12-24 23:11:00.971821
256932,nfl,Raiders,Chiefs,2045,139,scheduled,,,,,,,,,,,,,,,,,2026-01-04T18:00:00.000Z,15,15,256932,80.0,205,0,0,-258,0,0,,,,,,,,,,,6.0,-110,0,0,-6.0,-110,0,0,2026-01-04 10:00:00-08:00,2025-12-25 00:53:33.419107
256932,nfl,Raiders,Chiefs,2045,139,scheduled,,,,,,,,,,,,,,,,,2026-01-04T18:00:00.000Z,15,15,256932,80.0,205,0,0,-258,0,0,,,,,,,,,,,6.0,-110,0,0,-6.0,-110,0,0,2026-01-04 10:00:00-08:00,2025-12-25 02:49:59.453329
256932,nfl,Raiders,Chiefs,2045,139,scheduled,,,,,,,,,,,,,,,,,2026-01-04T18:00:00.000Z,15,15,256932,80.0,205,0,0,-258,0,0,,,,,,,,,,,6.0,-110,0,0,-6.0,-110,0,0,2026-01-04 10:00:00-08:00,2025-12-25 03:55:25.769626
256932,nfl,Raiders,Chiefs,2045,139,scheduled,,,,,,,,,,,,,,,,,2026-01-04T18:00:00.000Z,15,15,256932,80.0,205,0,0,-258,0,0,,,,,,,,,,,6.0,-110,0,0,-6.0,-110,0,0,2026-01-04 10:00:00-08:00,2025-12-25 04:29:42.325008
256932,nfl,Raiders,Chiefs,2045,139,scheduled,,,,,,,,,,,,,,,,,2026-01-04T18:00:00.000Z,15,15,256932,80.0,205,0,0,-258,0,0,,,,,,,,,,,6.0,-110,0,0,-6.0,-110,0,0,2026-01-04 10:00:00-08:00,2025-12-25 05:15:49.857201
256932,nfl,Raiders,Chiefs,2045,139,scheduled,,,,,,,,,,,,,,,,,2026-01-04T18:00:00.000Z,15,15,256932,80.0,205,0,0,-258,0,0,,,,,,,,,,,6.0,-110,0,0,-6.0,-110,0,0,2026-01-04 10:00:00-08:00,2025-12-25 06:18:13.825718
256932,nfl,Raiders,Chiefs,2045,139,scheduled,,,,,,,,,,,,,,,,,2026-01-04T18:00:00.000Z,15,15,256932,80.0,205,0,0,-258,0,0,,,,,,,,,,,6.0,-110,0,0,-6.0,-110,0,0,2026-01-04 10:00:00-08:00,2025-12-25 07:14:23.068338
256932,nfl,Raiders,Chiefs,2045,139,scheduled,,,,,,,,,,,,,,,,,2026-01-04T18:00:00.000Z,15,15,256932,80.0,205,0,0,-258,0,0,,,,,,,,,,,6.0,-110,0,0,-6.0,-110,0,0,2026-01-04 10:00:00-08:00,2025-12-25 08:16:00.715753
256932,nfl,Raiders,Chiefs,2045,139,scheduled,,,,,,,,,,,,,,,,,2026-01-04T18:00:00.000Z,15,15,256932,80.0,205,0,0,-258,0,0,,,,,,,,,,,6.0,-110,0,0,-6.0,-110,0,0,2026-01-04 10:00:00-08:00,2025-12-25 09:14:06.366333
256932,nfl,Raiders,Chiefs,2045,139,scheduled,,,,,,,,,,,,,,,,,2026-01-04T18:00:00.000Z,15,15,256932,80.0,205,0,0,-258,0,0,,,,,,,,,,,6.0,-110,0,0,-6.0,-110,0,0,2026-01-04 10:00:00-08:00,2025-12-25 10:12:22.975712
256932,nfl,Raiders,Chiefs,2045,139,scheduled,,,,,,,,,,,,,,,,,2026-01-04T18:00:00.000Z,15,15,256932,80.0,205,0,0,-258,0,0,,,,,,,,,,,6.0,-110,0,0,-6.0,-110,0,0,2026-01-04 10:00:00-08:00,2025-12-25 11:09:49.247669
256932,nfl,Raiders,Chiefs,2045,139,scheduled,,,,,,,,,,,,,,,,,2026-01-04T18:00:00.000Z,15,15,256932,80.0,205,0,0,-258,0,0,,,,,,,,,,,6.0,-110,0,0,-6.0,-110,0,0,2026-01-04 10:00:00-08:00,2025-12-25 12:21:09.618433
256932,nfl,Raiders,Chiefs,2045,139,scheduled,,,,,,,,,,,,,,,,,2026-01-04T18:00:00.000Z,15,15,256932,80.0,205,0,0,-258,0,0,,,,,,,,,,,6.0,-110,0,0,-6.0,-110,0,0,2026-01-04 10:00:00-08:00,2025-12-25 13:26:08.213227
256932,nfl,Raiders,Chiefs,2045,139,scheduled,,,,,,,,,,,,,,,,,2026-01-04T18:00:00.000Z,15,15,256932,80.0,205,0,0,-258,0,0,,,,,,,,,,,6.0,-110,0,0,-6.0,-110,0,0,2026-01-04 10:00:00-08:00,2025-12-25 14:11:00.973101
256932,nfl,Raiders,Chiefs,2045,139,scheduled,,,,,,,,,,,,,,,,,2026-01-04T18:00:00.000Z,15,15,256932,80.0,205,0,0,-258,0,0,,,,,,,,,,,6.0,-110,0,0,-6.0,-110,0,0,2026-01-04 10:00:00-08:00,2025-12-25 15:11:35.479757
256932,nfl,Raiders,Chiefs,2045,139,scheduled,,,,,,,,,,,,,,,,,2026-01-04T18:00:00.000Z,15,15,256932,80.0,205,0,0,-258,0,0,,,,,,,,,,,6.0,-110,0,0,-6.0,-110,0,0,2026-01-04 10:00:00-08:00,2025-12-25 16:14:02.305277
256932,nfl,Raiders,Chiefs,2045,139,scheduled,,,,,,,,,,,,,,,,,2026-01-04T18:00:00.000Z,15,15,256932,80.0,205,0,0,-258,0,0,,,,,,,,,,,6.0,-110,0,0,-6.0,-110,0,0,2026-01-04 10:00:00-08:00,2025-12-25 17:10:18.922147
256932,nfl,Raiders,Chiefs,2045,139,scheduled,,,,,,,,,,,,,,,,,2026-01-04T18:00:00.000Z,15,15,256932,80.0,205,0,0,-258,0,0,,,,,,,,,,,6.0,-110,0,0,-6.0,-110,0,0,2026-01-04 10:00:00-08:00,2025-12-25 18:16:04.653155
256932,nfl,Raiders,Chiefs,2045,139,scheduled,,,,,,,,,,,,,,,,,2026-01-04T18:00:00.000Z,15,15,256932,80.0,205,0,0,-258,0,0,,,,,,,,,,,6.0,-110,0,0,-6.0,-110,0,0,2026-01-04 10:00:00-08:00,2025-12-25 19:08:44.595749
256932,nfl,Raiders,Chiefs,2045,139,scheduled,,,,,,,,,,,,,,,,,2026-01-04T18:00:00.000Z,15,15,256932,80.0,205,0,0,-258,0,0,,,,,,,,,,,6.0,-110,0,0,-6.0,-110,0,0,2026-01-04 10:00:00-08:00,2025-12-25 20:12:42.476949
256932,nfl,Raiders,Chiefs,2045,139,scheduled,,,,,,,,,,,,,,,,,2026-01-04T18:00:00.000Z,15,15,256932,80.0,205,0,0,-258,0,0,,,,,,,,,,,6.0,-110,0,0,-6.0,-110,0,0,2026-01-04 10:00:00-08:00,2025-12-25 21:10:37.126469
256932,nfl,Raiders,Chiefs,2045,139,scheduled,,,,,,,,,,,,,,,,,2026-01-04T18:00:00.000Z,15,15,256932,90.0,205,0,0,-258,0,0,,,,,,,,,,,6.0,-110,0,0,-6.0,-110,0,0,2026-01-04 10:00:00-08:00,2025-12-25 22:10:55.114350
256932,nfl,Raiders,Chiefs,2045,139,scheduled,,,,,,,,,,,,,,,,,2026-01-04T18:00:00.000Z,15,15,256932,90.0,205,0,0,-258,0,0,,,,,,,,,,,6.0,-110,0,0,-6.0,-110,0,0,2026-01-04 10:00:00-08:00,2025-12-25 23:10:56.421975
256932,nfl,Raiders,Chiefs,2045,139,scheduled,,,,,,,,,,,,,,,,,2026-01-04T18:00:00.000Z,15,15,256932,90.0,205,0,0,-258,0,0,,,,,,,,,,,6.0,-110,0,0,-6.0,-110,0,0,2026-01-04 10:00:00-08:00,2025-12-26 00:53:48.245895
256932,nfl,Raiders,Chiefs,2045,139,scheduled,,,,,,,,,,,,,,,,,2026-01-04T18:00:00.000Z,15,15,256932,90.0,205,0,0,-258,0,0,,,,,,,,,,,6.0,-110,0,0,-6.0,-110,0,0,2026-01-04 10:00:00-08:00,2025-12-26 02:48:12.653569
256932,nfl,Raiders,Chiefs,2045,139,scheduled,,,,,,,,,,,,,,,,,2026-01-04T18:00:00.000Z,15,15,256932,90.0,205,0,0,-258,0,0,,,,,,,,,,,6.0,-110,0,0,-6.0,-110,0,0,2026-01-04 10:00:00-08:00,2025-12-26 03:53:11.217020
256932,nfl,Raiders,Chiefs,2045,139,scheduled,,,,,,,,,,,,,,,,,2026-01-04T18:00:00.000Z,15,15,256932,90.0,205,0,0,-258,0,0,,,,,,,,,,,6.0,-110,0,0,-6.0,-110,0,0,2026-01-04 10:00:00-08:00,2025-12-26 04:26:57.166699
256932,nfl,Raiders,Chiefs,2045,139,scheduled,,,,,,,,,,,,,,,,,2026-01-04T18:00:00.000Z,15,15,256932,95.0,205,0,0,-258,0,0,,,,,,,,,,,6.0,-110,0,0,-6.0,-110,0,0,2026-01-04 10:00:00-08:00,2025-12-26 05:14:05.661706
256932,nfl,Raiders,Chiefs,2045,139,scheduled,,,,,,,,,,,,,,,,,2026-01-04T18:00:00.000Z,15,15,256932,95.0,205,0,0,-258,0,0,,,,,,,,,,,6.0,-110,0,0,-6.0,-110,0,0,2026-01-04 10:00:00-08:00,2025-12-26 06:18:19.629052
256932,nfl,Raiders,Chiefs,2045,139,scheduled,,,,,,,,,,,,,,,,,2026-01-04T18:00:00.000Z,15,15,256932,95.0,205,0,0,-258,0,0,,,,,,,,,,,6.0,-110,0,0,-6.0,-110,0,0,2026-01-04 10:00:00-08:00,2025-12-26 07:14:32.775070
256932,nfl,Raiders,Chiefs,2045,139,scheduled,,,,,,,,,,,,,,,,,2026-01-04T18:00:00.000Z,15,15,256932,95.0,205,0,0,-258,0,0,,,,,,,,,,,6.0,-110,0,0,-6.0,-110,0,0,2026-01-04 10:00:00-08:00,2025-12-26 08:15:33.156915
256932,nfl,Raiders,Chiefs,2045,139,scheduled,,,,,,,,,,,,,,,,,2026-01-04T18:00:00.000Z,15,15,256932,95.0,205,0,0,-258,0,0,,,,,,,,,,,6.0,-110,0,0,-6.0,-110,0,0,2026-01-04 10:00:00-08:00,2025-12-26 09:13:32.561712
256932,nfl,Raiders,Chiefs,2045,139,scheduled,,,,,,,,,,,,,,,,,2026-01-04T18:00:00.000Z,15,15,256932,95.0,205,0,0,-258,0,0,,,,,,,,,,,6.0,-110,0,0,-6.0,-110,0,0,2026-01-04 10:00:00-08:00,2025-12-26 10:12:21.713290
256932,nfl,Raiders,Chiefs,2045,139,scheduled,,,,,,,,,,,,,,,,,2026-01-04T18:00:00.000Z,15,15,256932,95.0,205,0,0,-258,0,0,,,,,,,,,,,6.0,-110,0,0,-6.0,-110,0,0,2026-01-04 10:00:00-08:00,2025-12-26 11:10:23.584512
256932,nfl,Raiders,Chiefs,2045,139,scheduled,,,,,,,,,,,,,,,,,2026-01-04T18:00:00.000Z,15,15,256932,95.0,205,0,0,-258,0,0,,,,,,,,,,,6.0,-110,0,0,-6.0,-110,0,0,2026-01-04 10:00:00-08:00,2025-12-26 12:21:19.110492
256932,nfl,Raiders,Chiefs,2045,139,scheduled,,,,,,,,,,,,,,,,,2026-01-04T18:00:00.000Z,15,15,256932,95.0,205,0,0,-258,0,0,,,,,,,,,,,6.0,-110,0,0,-6.0,-110,0,0,2026-01-04 10:00:00-08:00,2025-12-26 13:26:42.595417
256932,nfl,Raiders,Chiefs,2045,139,scheduled,,,,,,,,,,,,,,,,,2026-01-04T18:00:00.000Z,15,15,256932,95.0,205,0,0,-258,0,0,,,,,,,,,,,6.0,-110,0,0,-6.0,-110,0,0,2026-01-04 10:00:00-08:00,2025-12-26 14:11:25.597287
256932,nfl,Raiders,Chiefs,2045,139,scheduled,,,,,,,,,,,,,,,,,2026-01-04T18:00:00.000Z,15,15,256932,95.0,205,0,0,-258,0,0,,,,,,,,,,,6.0,-110,0,0,-6.0,-110,0,0,2026-01-04 10:00:00-08:00,2025-12-26 15:11:28.582506
256932,nfl,Raiders,Chiefs,2045,139,scheduled,,,,,,,,,,,,,,,,,2026-01-04T18:00:00.000Z,15,15,256932,95.0,205,0,0,-258,0,0,,,,,,,,,,,6.0,-110,0,0,-6.0,-110,0,0,2026-01-04 10:00:00-08:00,2025-12-26 16:13:09.764832
256932,nfl,Raiders,Chiefs,2045,139,scheduled,,,,,,,,,,,,,,,,,2026-01-04T18:00:00.000Z,15,15,256932,95.0,205,0,0,-258,0,0,,,,,,,,,,,6.0,-110,0,0,-6.0,-110,0,0,2026-01-04 10:00:00-08:00,2025-12-26 17:09:41.955264
256932,nfl,Raiders,Chiefs,2045,139,scheduled,,,,,,,,,,,,,,,,,2026-01-04T18:00:00.000Z,15,15,256932,95.0,205,0,0,-258,0,0,,,,,,,,,,,6.0,-110,0,0,-6.0,-110,0,0,2026-01-04 10:00:00-08:00,2025-12-26 18:16:46.153208
256932,nfl,Raiders,Chiefs,2045,139,scheduled,,,,,,,,,,,,,,,,,2026-01-04T18:00:00.000Z,15,15,256932,116.0,205,0,0,-258,0,0,,,,,,,,,,,6.0,-110,0,0,-6.0,-110,0,0,2026-01-04 10:00:00-08:00,2025-12-26 19:09:19.395442
256932,nfl,Raiders,Chiefs,2045,139,scheduled,,,,,,,,,,,,,,,,,2026-01-04T18:00:00.000Z,15,15,256932,121.0,205,0,0,-258,0,0,,,,,,,,,,,6.0,-110,0,0,-6.0,-110,0,0,2026-01-04 10:00:00-08:00,2025-12-26 20:11:58.806493
256932,nfl,Raiders,Chiefs,2045,139,scheduled,,,,,,,,,,,,,,,,,2026-01-04T18:00:00.000Z,15,15,256932,121.0,205,0,0,-258,0,0,,,,,,,,,,,6.0,-110,0,0,-6.0,-110,0,0,2026-01-04 10:00:00-08:00,2025-12-26 21:10:14.281340
256932,nfl,Raiders,Chiefs,2045,139,scheduled,,,,,,,,,,,,,,,,,2026-01-04T18:00:00.000Z,15,15,256932,121.0,205,0,0,-258,0,0,,,,,,,,,,,6.0,-110,0,0,-6.0,-110,0,0,2026-01-04 10:00:00-08:00,2025-12-26 22:11:05.868112
256932,nfl,Raiders,Chiefs,2045,139,scheduled,,,,,,,,,,,,,,,,,2026-01-04T18:00:00.000Z,15,15,256932,121.0,205,0,0,-258,0,0,,,,,,,,,,,6.0,-110,0,0,-6.0,-110,0,0,2026-01-04 10:00:00-08:00,2025-12-26 23:11:05.262155
256932,nfl,Raiders,Chiefs,2045,139,scheduled,,,,,,,,,,,,,,,,,2026-01-04T18:00:00.000Z,15,15,256932,121.0,205,0,0,-258,0,0,,,,,,,,,,,6.0,-110,0,0,-6.0,-110,0,0,2026-01-04 10:00:00-08:00,2025-12-27 00:52:09.619620
256932,nfl,Raiders,Chiefs,2045,139,scheduled,,,,,,,,,,,,,,,,,2026-01-04T18:00:00.000Z,15,15,256932,121.0,205,0,0,-258,0,0,,,,,,,,,,,6.0,-110,0,0,-6.0,-110,0,0,2026-01-04 10:00:00-08:00,2025-12-27 02:45:26.354219
256932,nfl,Raiders,Chiefs,2045,139,scheduled,,,,,,,,,,,,,,,,,2026-01-04T18:00:00.000Z,15,15,256932,121.0,205,0,0,-258,0,0,,,,,,,,,,,6.0,-110,0,0,-6.0,-110,0,0,2026-01-04 10:00:00-08:00,2025-12-27 03:50:46.386921
256932,nfl,Raiders,Chiefs,2045,139,scheduled,,,,,,,,,,,,,,,,,2026-01-04T18:00:00.000Z,15,15,256932,121.0,205,0,0,-258,0,0,,,,,,,,,,,6.0,-110,0,0,-6.0,-110,0,0,2026-01-04 10:00:00-08:00,2025-12-27 04:23:57.433834
256932,nfl,Raiders,Chiefs,2045,139,scheduled,,,,,,,,,,,,,,,,,2026-01-04T18:00:00.000Z,15,15,256932,121.0,205,0,0,-258,0,0,,,,,,,,,,,6.0,-110,0,0,-6.0,-110,0,0,2026-01-04 10:00:00-08:00,2025-12-27 05:12:59.384988
256932,nfl,Raiders,Chiefs,2045,139,scheduled,,,,,,,,,,,,,,,,,2026-01-04T18:00:00.000Z,15,15,256932,121.0,205,0,0,-258,0,0,,,,,,,,,,,6.0,-110,0,0,-6.0,-110,0,0,2026-01-04 10:00:00-08:00,2025-12-27 06:16:57.481674
256932,nfl,Raiders,Chiefs,2045,139,scheduled,,,,,,,,,,,,,,,,,2026-01-04T18:00:00.000Z,15,15,256932,121.0,205,0,0,-258,0,0,,,,,,,,,,,6.0,-110,0,0,-6.0,-110,0,0,2026-01-04 10:00:00-08:00,2025-12-27 07:11:15.600789
256932,nfl,Raiders,Chiefs,2045,139,scheduled,,,,,,,,,,,,,,,,,2026-01-04T18:00:00.000Z,15,15,256932,121.0,205,0,0,-258,0,0,,,,,,,,,,,6.0,-110,0,0,-6.0,-110,0,0,2026-01-04 10:00:00-08:00,2025-12-27 08:14:18.684212
256932,nfl,Raiders,Chiefs,2045,139,scheduled,,,,,,,,,,,,,,,,,2026-01-04T18:00:00.000Z,15,15,256932,121.0,205,0,0,-258,0,0,,,,,,,,,,,6.0,-110,0,0,-6.0,-110,0,0,2026-01-04 10:00:00-08:00,2025-12-27 09:11:28.628963
256932,nfl,Raiders,Chiefs,2045,139,scheduled,,,,,,,,,,,,,,,,,2026-01-04T18:00:00.000Z,15,15,256932,121.0,205,0,0,-258,0,0,,,,,,,,,,,6.0,-110,0,0,-6.0,-110,0,0,2026-01-04 10:00:00-08:00,2025-12-27 10:10:55.349865
256932,nfl,Raiders,Chiefs,2045,139,scheduled,,,,,,,,,,,,,,,,,2026-01-04T18:00:00.000Z,15,15,256932,121.0,205,0,0,-258,0,0,,,,,,,,,,,6.0,-110,0,0,-6.0,-110,0,0,2026-01-04 10:00:00-08:00,2025-12-27 11:09:08.371334
256932,nfl,Raiders,Chiefs,2045,139,scheduled,,,,,,,,,,,,,,,,,2026-01-04T18:00:00.000Z,15,15,256932,121.0,205,0,0,-258,0,0,,,,,,,,,,,6.0,-110,0,0,-6.0,-110,0,0,2026-01-04 10:00:00-08:00,2025-12-27 12:20:02.722447
256932,nfl,Raiders,Chiefs,2045,139,scheduled,,,,,,,,,,,,,,,,,2026-01-04T18:00:00.000Z,15,15,256932,121.0,205,0,0,-258,0,0,,,,,,,,,,,6.0,-110,0,0,-6.0,-110,0,0,2026-01-04 10:00:00-08:00,2025-12-27 13:22:36.153313
256932,nfl,Raiders,Chiefs,2045,139,scheduled,,,,,,,,,,,,,,,,,2026-01-04T18:00:00.000Z,15,15,256932,126.0,205,0,0,-258,0,0,,,,,,,,,,,6.0,-110,0,0,-6.0,-110,0,0,2026-01-04 10:00:00-08:00,2025-12-27 14:10:09.105416
256932,nfl,Raiders,Chiefs,2045,139,scheduled,,,,,,,,,,,,,,,,,2026-01-04T18:00:00.000Z,15,15,256932,126.0,205,0,0,-258,0,0,,,,,,,,,,,6.0,-110,0,0,-6.0,-110,0,0,2026-01-04 10:00:00-08:00,2025-12-27 15:10:27.408251
256932,nfl,Raiders,Chiefs,2045,139,scheduled,,,,,,,,,,,,,,,,,2026-01-04T18:00:00.000Z,15,15,256932,126.0,205,0,0,-258,0,0,,,,,,,,,,,6.0,-110,0,0,-6.0,-110,0,0,2026-01-04 10:00:00-08:00,2025-12-27 16:12:35.498777
256932,nfl,Raiders,Chiefs,2045,139,scheduled,,,,,,,,,,,,,,,,,2026-01-04T18:00:00.000Z,15,15,256932,126.0,205,0,0,-258,0,0,,,,,,,,,,,6.0,-110,0,0,-6.0,-110,0,0,2026-01-04 10:00:00-08:00,2025-12-27 17:09:24.679173
256932,nfl,Raiders,Chiefs,2045,139,scheduled,,,,,,,,,,,,,,,,,2026-01-04T18:00:00.000Z,15,15,256932,126.0,205,0,0,-258,0,0,,,,,,,,,,,6.0,-110,0,0,-6.0,-110,0,0,2026-01-04 10:00:00-08:00,2025-12-27 18:15:21.593820
256932,nfl,Raiders,Chiefs,2045,139,scheduled,,,,,,,,,,,,,,,,,2026-01-04T18:00:00.000Z,15,15,256932,126.0,205,0,0,-258,0,0,,,,,,,,,,,6.0,-110,0,0,-6.0,-110,0,0,2026-01-04 10:00:00-08:00,2025-12-27 19:08:11.020979
256932,nfl,Raiders,Chiefs,2045,139,scheduled,,,,,,,,,,,,,,,,,2026-01-04T18:00:00.000Z,15,15,256932,126.0,205,0,0,-258,0,0,,,,,,,,,,,6.0,-110,0,0,-6.0,-110,0,0,2026-01-04 10:00:00-08:00,2025-12-27 20:11:58.147200
256932,nfl,Raiders,Chiefs,2045,139,scheduled,,,,,,,,,,,,,,,,,2026-01-04T18:00:00.000Z,15,15,256932,126.0,205,0,0,-258,0,0,,,,,,,,,,,6.0,-110,0,0,-6.0,-110,0,0,2026-01-04 10:00:00-08:00,2025-12-27 21:09:16.490123
256932,nfl,Raiders,Chiefs,2045,139,scheduled,,,,,,,,,,,,,,,,,2026-01-04T18:00:00.000Z,15,15,256932,126.0,205,0,0,-258,0,0,,,,,,,,,,,6.0,-110,0,0,-6.0,-110,0,0,2026-01-04 10:00:00-08:00,2025-12-27 22:10:37.549818
256932,nfl,Raiders,Chiefs,2045,139,scheduled,,,,,,,,,,,,,,,,,2026-01-04T18:00:00.000Z,15,15,256932,126.0,205,0,0,-258,0,0,,,,,,,,,,,6.0,-110,0,0,-6.0,-110,0,0,2026-01-04 10:00:00-08:00,2025-12-27 23:10:56.507855
256932,nfl,Raiders,Chiefs,2045,139,scheduled,,,,,,,,,,,,,,,,,2026-01-04T18:00:00.000Z,15,15,256932,126.0,205,0,0,-258,0,0,,,,,,,,,,,6.0,-110,0,0,-6.0,-110,0,0,2026-01-04 10:00:00-08:00,2025-12-28 01:00:23.835801
256932,nfl,Raiders,Chiefs,2045,139,scheduled,,,,,,,,,,,,,,,,,2026-01-04T18:00:00.000Z,15,15,256932,126.0,205,0,0,-258,0,0,,,,,,,,,,,6.0,-110,0,0,-6.0,-110,0,0,2026-01-04 10:00:00-08:00,2025-12-28 03:06:32.710666
256932,nfl,Raiders,Chiefs,2045,139,scheduled,,,,,,,,,,,,,,,,,2026-01-04T18:00:00.000Z,15,15,256932,126.0,205,0,0,-258,0,0,,,,,,,,,,,6.0,-110,0,0,-6.0,-110,0,0,2026-01-04 10:00:00-08:00,2025-12-28 04:37:04.226145
256932,nfl,Raiders,Chiefs,2045,139,scheduled,,,,,,,,,,,,,,,,,2026-01-04T18:00:00.000Z,15,15,256932,146.0,205,0,0,-258,0,0,,,,,,,,,,,6.0,-110,0,0,-6.0,-110,0,0,2026-01-04 10:00:00-08:00,2025-12-28 05:16:17.294985
256932,nfl,Raiders,Chiefs,2045,139,scheduled,,,,,,,,,,,,,,,,,2026-01-04T18:00:00.000Z,15,15,256932,146.0,205,0,0,-258,0,0,,,,,,,,,,,6.0,-110,0,0,-6.0,-110,0,0,2026-01-04 10:00:00-08:00,2025-12-28 06:17:08.821207
256932,nfl,Raiders,Chiefs,2045,139,scheduled,,,,,,,,,,,,,,,,,2026-01-04T18:00:00.000Z,15,15,256932,151.0,205,0,0,-258,0,0,,,,,,,,,,,6.0,-110,0,0,-6.0,-110,0,0,2026-01-04 10:00:00-08:00,2025-12-28 07:12:39.376726
256932,nfl,Raiders,Chiefs,2045,139,scheduled,,,,,,,,,,,,,,,,,2026-01-04T18:00:00.000Z,15,15,256932,151.0,205,0,0,-258,0,0,,,,,,,,,,,6.0,-110,0,0,-6.0,-110,0,0,2026-01-04 10:00:00-08:00,2025-12-28 08:15:12.992681
256932,nfl,Raiders,Chiefs,2045,139,scheduled,,,,,,,,,,,,,,,,,2026-01-04T18:00:00.000Z,15,15,256932,151.0,205,0,0,-258,0,0,,,,,,,,,,,6.0,-110,0,0,-6.0,-110,0,0,2026-01-04 10:00:00-08:00,2025-12-28 09:11:07.181303
256932,nfl,Raiders,Chiefs,2045,139,scheduled,,,,,,,,,,,,,,,,,2026-01-04T18:00:00.000Z,15,15,256932,151.0,205,0,0,-258,0,0,,,,,,,,,,,6.0,-110,0,0,-6.0,-110,0,0,2026-01-04 10:00:00-08:00,2025-12-28 10:11:08.388558
256932,nfl,Raiders,Chiefs,2045,139,scheduled,,,,,,,,,,,,,,,,,2026-01-04T18:00:00.000Z,15,15,256932,151.0,205,0,0,-258,0,0,,,,,,,,,,,6.0,-110,0,0,-6.0,-110,0,0,2026-01-04 10:00:00-08:00,2025-12-28 11:09:38.837778
256932,nfl,Raiders,Chiefs,2045,139,scheduled,,,,,,,,,,,,,,,,,2026-01-04T18:00:00.000Z,15,15,256932,151.0,205,0,0,-258,0,0,,,,,,,,,,,6.0,-110,0,0,-6.0,-110,0,0,2026-01-04 10:00:00-08:00,2025-12-28 12:20:06.953014
256932,nfl,Raiders,Chiefs,2045,139,scheduled,,,,,,,,,,,,,,,,,2026-01-04T18:00:00.000Z,15,15,256932,151.0,205,0,0,-258,0,0,,,,,,,,,,,6.0,-110,0,0,-6.0,-110,0,0,2026-01-04 10:00:00-08:00,2025-12-28 13:23:27.247143
256932,nfl,Raiders,Chiefs,2045,139,scheduled,,,,,,,,,,,,,,,,,2026-01-04T18:00:00.000Z,15,15,256932,151.0,205,0,0,-258,0,0,,,,,,,,,,,6.0,-110,0,0,-6.0,-110,0,0,2026-01-04 10:00:00-08:00,2025-12-28 14:10:52.394624
256932,nfl,Raiders,Chiefs,2045,139,scheduled,,,,,,,,,,,,,,,,,2026-01-04T18:00:00.000Z,15,15,256932,151.0,205,0,0,-258,0,0,,,,,,,,,,,6.0,-110,0,0,-6.0,-110,0,0,2026-01-04 10:00:00-08:00,2025-12-28 15:10:53.771829
256932,nfl,Raiders,Chiefs,2045,139,scheduled,,,,,,,,,,,,,,,,,2026-01-04T18:00:00.000Z,15,15,256932,151.0,205,0,0,-258,0,0,,,,,,,,,,,6.0,-110,0,0,-6.0,-110,0,0,2026-01-04 10:00:00-08:00,2025-12-28 16:12:43.249346
256932,nfl,Raiders,Chiefs,2045,139,scheduled,,,,,,,,,,,,,,,,,2026-01-04T18:00:00.000Z,15,15,256932,151.0,205,0,0,-258,0,0,,,,,,,,,,,6.0,-110,0,0,-6.0,-110,0,0,2026-01-04 10:00:00-08:00,2025-12-28 17:09:55.421727
256932,nfl,Raiders,Chiefs,2045,139,scheduled,,,,,,,,,,,,,,,,,2026-01-04T18:00:00.000Z,15,15,256932,151.0,205,0,0,-258,0,0,,,,,,,,,,,6.0,-110,0,0,-6.0,-110,0,0,2026-01-04 10:00:00-08:00,2025-12-28 18:16:04.872989
256932,nfl,Raiders,Chiefs,2045,139,scheduled,,,,,,,,,,,,,,,,,2026-01-04T18:00:00.000Z,15,15,256932,151.0,205,0,0,-258,0,0,,,,,,,,,,,6.0,-110,0,0,-6.0,-110,0,0,2026-01-04 10:00:00-08:00,2025-12-28 19:08:36.704489
256932,nfl,Raiders,Chiefs,2045,139,scheduled,,,,,,,,,,,,,,,,,2026-01-04T18:00:00.000Z,15,15,256932,151.0,205,0,0,-258,0,0,,,,,,,,,,,6.0,-110,0,0,-6.0,-110,0,0,2026-01-04 10:00:00-08:00,2025-12-28 20:12:38.642673
256932,nfl,Raiders,Chiefs,2045,139,scheduled,,,,,,,,,,,,,,,,,2026-01-04T18:00:00.000Z,15,15,256932,151.0,205,0,0,-258,0,0,,,,,,,,,,,6.0,-110,0,0,-6.0,-110,0,0,2026-01-04 10:00:00-08:00,2025-12-28 21:10:03.650143
256932,nfl,Raiders,Chiefs,2045,139,scheduled,,,,,,,,,,,,,,,,,2026-01-04T18:00:00.000Z,15,15,256932,156.0,205,0,0,-258,0,0,,,,,,,,,,,6.0,-110,0,0,-6.0,-110,0,0,2026-01-04 10:00:00-08:00,2025-12-28 22:10:56.332363
256932,nfl,Raiders,Chiefs,2045,139,scheduled,,,,,,,,,,,,,,,,,2026-01-04T18:00:00.000Z,15,15,256932,186.0,205,0,0,-258,0,0,,,,,,,,,,,6.0,-110,0,0,-6.0,-110,0,0,2026-01-04 10:00:00-08:00,2025-12-28 23:10:56.836228
256932,nfl,Raiders,Chiefs,2045,139,scheduled,,,,,,,,,,,,,,,,,2026-01-04T18:00:00.000Z,15,15,256932,217.0,195,0,0,-244,0,0,,,,35.5,-110.0,-110.0,0.0,0.0,0.0,0.0,4.5,-110,0,0,-4.5,-110,0,0,2026-01-04 10:00:00-08:00,2025-12-29 00:58:37.946408
256932,nfl,Raiders,Chiefs,2045,139,scheduled,,,,,,,,,,,,,,,,,2026-01-04T18:00:00.000Z,15,15,256932,302.0,230,20,19,-286,80,81,,,,35.5,-110.0,-110.0,0.0,0.0,0.0,0.0,6.0,-110,0,0,-6.0,-110,0,0,2026-01-04 10:00:00-08:00,2025-12-29 03:04:36.525929
256932,nfl,Raiders,Chiefs,2045,139,scheduled,,,,,,,,,,,,,,,,,2026-01-04T18:00:00.000Z,15,15,256932,393.0,230,21,26,-286,79,74,,,,35.5,-110.0,-110.0,0.0,0.0,0.0,0.0,6.0,-105,0,0,-6.0,-115,0,0,2026-01-04 10:00:00-08:00,2025-12-29 06:20:42.322318
256932,nfl,Raiders,Chiefs,2045,139,scheduled,,,,,,,,,,,,,,,,,2026-01-04T21:25:00.000Z,15,15,256932,419.0,230,20,25,-286,80,75,,,,35.5,-110.0,-110.0,79.0,80.0,21.0,20.0,6.0,-110,0,0,-6.0,-110,0,0,2026-01-04 13:25:00-08:00,2025-12-29 08:18:19.189375
256932,nfl,Raiders,Chiefs,2045,139,scheduled,,,,,,,,,,,,,,,,,2026-01-04T21:25:00.000Z,15,15,256932,419.0,235,19,25,-286,81,75,,,,35.5,-110.0,-110.0,79.0,80.0,21.0,20.0,6.0,-108,0,0,-6.0,-112,0,0,2026-01-04 13:25:00-08:00,2025-12-29 09:20:27.955615
256932,nfl,Raiders,Chiefs,2045,139,scheduled,,,,,,,,,,,,,,,,,2026-01-04T21:25:00.000Z,15,15,256932,429.0,240,18,23,-300,82,77,,,,35.5,-110.0,-110.0,77.0,80.0,23.0,20.0,6.0,-108,0,0,-6.0,-112,0,0,2026-01-04 13:25:00-08:00,2025-12-29 10:14:08.841334
256932,nfl,Raiders,Chiefs,2045,139,scheduled,,,,,,,,,,,,,,,,,2026-01-04T21:25:00.000Z,15,15,256932,525.0,210,16,22,-263,84,78,,,,36.5,-110.0,-110.0,79.0,81.0,21.0,19.0,5.5,-110,0,0,-5.5,-110,0,0,2026-01-04 13:25:00-08:00,2025-12-29 15:12:59.394836
256932,nfl,Raiders,Chiefs,2045,139,scheduled,,,,,,,,,,,,,,,,,2026-01-04T21:25:00.000Z,15,15,256932,535.0,220,16,22,-263,84,78,,,,36.5,-110.0,-110.0,72.0,74.0,28.0,26.0,5.5,-110,0,0,-5.5,-110,0,0,2026-01-04 13:25:00-08:00,2025-12-29 17:10:31.662811
256932,nfl,Raiders,Chiefs,2045,139,scheduled,,,,,,,,,,,,,,,,,2026-01-04T21:25:00.000Z,15,15,256932,600.0,200,16,23,-250,84,77,,,,36.5,-110.0,-110.0,71.0,73.0,29.0,27.0,5.5,-110,0,0,-5.5,-110,0,0,2026-01-04 13:25:00-08:00,2025-12-29 19:09:35.062004
256932,nfl,Raiders,Chiefs,2045,139,scheduled,,,,,,,,,,,,,,,,,2026-01-04T21:25:00.000Z,15,15,256932,1827.0,220,17,17,-270,83,83,,,,36.5,-115.0,-105.0,71.0,67.0,29.0,33.0,5.5,-110,39,31,-5.5,-110,61,69,2026-01-04 13:25:00-08:00,2025-12-31 15:12:09.192562
256932,nfl,Raiders,Chiefs,2045,139,scheduled,,,,,,,,,,,,,,,,,2026-01-04T21:25:00.000Z,15,15,256932,1893.0,220,17,17,-270,83,83,,,,36.5,-115.0,-110.0,71.0,67.0,29.0,33.0,5.5,-110,39,31,-5.5,-110,61,69,2026-01-04 13:25:00-08:00,2025-12-31 16:14:19.663126
256932,nfl,Raiders,Chiefs,2045,139,scheduled,,,,,,,,,,,,,,,,,2026-01-04T21:25:00.000Z,15,15,256932,2186.0,225,16,17,-270,84,83,,,,36.5,-115.0,-110.0,72.0,69.0,28.0,31.0,5.5,-110,41,30,-5.5,-110,59,70,2026-01-04 13:25:00-08:00,2025-12-31 23:11:13.765634
256932,nfl,Raiders,Chiefs,2045,139,scheduled,,,,,,,,,,,,,,,,,2026-01-04T21:25:00.000Z,15,15,256932,2362.0,225,16,17,-275,84,83,,,,36.5,-115.0,-110.0,73.0,71.0,27.0,29.0,5.5,-110,41,32,-5.5,-110,59,68,2026-01-04 13:25:00-08:00,2026-01-01 03:08:33.703395
256932,nfl,Raiders,Chiefs,2045,139,scheduled,,,,,,,,,,,,,,,,,2026-01-04T21:25:00.000Z,15,15,256932,2514.0,225,16,16,-275,84,84,,,,36.5,-115.0,-105.0,73.0,74.0,27.0,26.0,5.5,-110,43,27,-5.5,-110,57,73,2026-01-04 13:25:00-08:00,2026-01-01 14:11:18.467831
256932,nfl,Raiders,Chiefs,2045,139,scheduled,,,,,,,,,,,,,,,,,2026-01-04T21:25:00.000Z,15,15,256932,3064.0,225,16,15,-278,84,85,,,,36.5,-115.0,-105.0,71.0,75.0,29.0,25.0,5.5,-110,45,30,-5.5,-110,55,70,2026-01-04 13:25:00-08:00,2026-01-01 23:11:14.966269
256932,nfl,Raiders,Chiefs,2045,139,scheduled,,,,,,,,,,,,,,,,,2026-01-04T21:25:00.000Z,15,15,256932,3205.0,225,16,15,-278,84,85,,,,36.5,-110.0,-110.0,71.0,74.0,29.0,26.0,5.5,-110,45,30,-5.5,-110,55,70,2026-01-04 13:25:00-08:00,2026-01-02 02:53:22.068151
256932,nfl,Raiders,Chiefs,2045,139,scheduled,,,,,,,,,,,,,,,,,2026-01-04T21:25:00.000Z,15,15,256932,3236.0,225,16,15,-278,84,85,,,,36.5,-108.0,-111.0,71.0,74.0,29.0,26.0,5.5,-110,45,31,-5.5,-110,55,69,2026-01-04 13:25:00-08:00,2026-01-02 03:59:30.282059
256932,nfl,Raiders,Chiefs,2045,139,scheduled,,,,,,,,,,,,,,,,,2026-01-04T21:25:00.000Z,15,15,256932,3256.0,225,16,15,-278,84,85,,,,36.5,-108.0,-112.0,71.0,74.0,29.0,26.0,5.5,-110,44,31,-5.5,-110,56,69,2026-01-04 13:25:00-08:00,2026-01-02 04:40:50.150213
256932,nfl,Raiders,Chiefs,2045,139,scheduled,,,,,,,,,,,,,,,,,2026-01-04T21:25:00.000Z,15,15,256932,4013.0,230,16,15,-278,84,85,,,,36.5,-108.0,-112.0,69.0,73.0,31.0,27.0,5.5,-110,44,30,-5.5,-110,56,70,2026-01-04 13:25:00-08:00,2026-01-02 18:16:46.925150
256932,nfl,Raiders,Chiefs,2045,139,scheduled,,,,,,,,,,,,,,,,,2026-01-04T21:25:00.000Z,15,15,256932,4442.0,225,16,16,-278,84,84,,,,36.5,-108.0,-112.0,69.0,73.0,31.0,27.0,5.5,-110,44,31,-5.5,-110,56,69,2026-01-04 13:25:00-08:00,2026-01-02 21:09:11.431241
256932,nfl,Raiders,Chiefs,2045,139,scheduled,,,,,,,,,,,,,,,,,2026-01-04T21:25:00.000Z,15,15,256932,6013.0,225,16,18,-278,84,82,,,,36.5,-105.0,-114.0,68.0,71.0,32.0,29.0,5.5,-110,45,32,-5.5,-110,55,68,2026-01-04 13:25:00-08:00,2026-01-03 14:10:41.961023
256932,nfl,Raiders,Chiefs,2045,139,scheduled,,,,,,,,,,,,,,,,,2026-01-04T21:25:00.000Z,15,15,256932,8108.0,200,16,18,-250,84,82,,,,36.5,-102.0,-115.0,68.0,69.0,32.0,31.0,4.5,-110,48,33,-4.5,-110,52,67,2026-01-04 13:25:00-08:00,2026-01-04 01:00:46.546153
256932,nfl,Raiders,Chiefs,2045,139,scheduled,,,,,,,,,,,,,,,,,2026-01-04T21:25:00.000Z,15,15,256932,17680.0,200,16,19,-250,84,81,,,,36.5,-102.0,-118.0,66.0,68.0,34.0,32.0,4.5,-110,47,45,-4.5,-110,53,55,2026-01-04 13:25:00-08:00,2026-01-04 16:12:42.814121
256932,nfl,Raiders,Chiefs,2045,139,scheduled,,,,,,,,,,,,,,,,,2026-01-04T21:25:00.000Z,15,15,256932,21467.0,200,16,19,-250,84,81,,,,36.5,-102.0,-118.0,66.0,67.0,34.0,33.0,4.5,-115,46,45,-4.5,-105,54,55,2026-01-04 13:25:00-08:00,2026-01-04 17:09:51.083935
256932,nfl,Raiders,Chiefs,2045,139,scheduled,,,,,,,,,,,,,,,,,2026-01-04T21:25:00.000Z,15,15,256932,28959.0,185,16,19,-227,84,81,,,,36.5,-100.0,-118.0,66.0,68.0,34.0,32.0,4.0,-110,47,43,-4.0,-110,53,57,2026-01-04 13:25:00-08:00,2026-01-04 18:15:39.047415
256932,nfl,Raiders,Chiefs,2045,139,scheduled,,,,,,,,,,,,,,,,,2026-01-04T21:25:00.000Z,15,15,256932,30272.0,185,16,19,-227,84,81,,,,36.5,-100.0,-118.0,66.0,66.0,34.0,34.0,4.5,-115,46,48,-4.5,-105,54,52,2026-01-04 13:25:00-08:00,2026-01-04 19:08:28.425991
256932,nfl,Raiders,Chiefs,2045,139,scheduled,,,,,,,,,,,,,,,,,2026-01-04T21:25:00.000Z,15,15,256932,31852.0,185,17,21,-227,83,79,,,,36.5,-100.0,-118.0,66.0,67.0,34.0,33.0,4.0,-110,46,53,-4.0,-110,54,47,2026-01-04 13:25:00-08:00,2026-01-04 20:12:50.856414
256932,nfl,Raiders,Chiefs,2045,139,scheduled,,,,,,,,,,,,,,,,,2026-01-04T21:25:00.000Z,15,15,256932,37486.0,180,17,21,-210,83,79,,,,35.5,-115.0,-111.0,66.0,67.0,34.0,33.0,3.5,-141,46,53,-3.5,-108,54,47,2026-01-04 13:25:00-08:00,2026-01-04 21:10:16.803707
256939,nfl,Texans,Colts,137,133,scheduled,,,,,,,,,,,,,,,,,2026-01-04T18:00:00.000Z,15,15,256939,70.0,-218,0,0,180,0,0,,,,,,,,,,,-4.5,-110,0,0,4.5,-110,0,0,2026-01-04 10:00:00-08:00,2025-12-23 09:16:17.536168
256939,nfl,Texans,Colts,137,133,scheduled,,,,,,,,,,,,,,,,,2026-01-04T18:00:00.000Z,15,15,256939,70.0,-218,0,0,180,0,0,,,,,,,,,,,-4.5,-110,0,0,4.5,-110,0,0,2026-01-04 10:00:00-08:00,2025-12-23 10:13:06.210150
256939,nfl,Texans,Colts,137,133,scheduled,,,,,,,,,,,,,,,,,2026-01-04T18:00:00.000Z,15,15,256939,70.0,-218,0,0,180,0,0,,,,,,,,,,,-4.5,-110,0,0,4.5,-110,0,0,2026-01-04 10:00:00-08:00,2025-12-23 11:11:08.784743
256939,nfl,Texans,Colts,137,133,scheduled,,,,,,,,,,,,,,,,,2026-01-04T18:00:00.000Z,15,15,256939,70.0,-218,0,0,180,0,0,,,,,,,,,,,-4.5,-110,0,0,4.5,-110,0,0,2026-01-04 10:00:00-08:00,2025-12-23 12:22:14.612235
256939,nfl,Texans,Colts,137,133,scheduled,,,,,,,,,,,,,,,,,2026-01-04T18:00:00.000Z,15,15,256939,70.0,-218,0,0,180,0,0,,,,,,,,,,,-4.5,-110,0,0,4.5,-110,0,0,2026-01-04 10:00:00-08:00,2025-12-23 13:29:59.424423
256939,nfl,Texans,Colts,137,133,scheduled,,,,,,,,,,,,,,,,,2026-01-04T18:00:00.000Z,15,15,256939,70.0,-218,0,0,180,0,0,,,,,,,,,,,-4.5,-110,0,0,4.5,-110,0,0,2026-01-04 10:00:00-08:00,2025-12-23 14:17:10.922397
256939,nfl,Texans,Colts,137,133,scheduled,,,,,,,,,,,,,,,,,2026-01-04T18:00:00.000Z,15,15,256939,70.0,-218,0,0,180,0,0,,,,,,,,,,,-4.5,-110,0,0,4.5,-110,0,0,2026-01-04 10:00:00-08:00,2025-12-23 15:12:27.858291
256939,nfl,Texans,Colts,137,133,scheduled,,,,,,,,,,,,,,,,,2026-01-04T18:00:00.000Z,15,15,256939,80.0,-218,0,0,180,0,0,,,,,,,,,,,-4.5,-110,0,0,4.5,-110,0,0,2026-01-04 10:00:00-08:00,2025-12-23 16:14:41.664935
256939,nfl,Texans,Colts,137,133,scheduled,,,,,,,,,,,,,,,,,2026-01-04T18:00:00.000Z,15,15,256939,80.0,-218,0,0,180,0,0,,,,,,,,,,,-4.5,-110,0,0,4.5,-110,0,0,2026-01-04 10:00:00-08:00,2025-12-23 17:12:43.843165
256939,nfl,Texans,Colts,137,133,scheduled,,,,,,,,,,,,,,,,,2026-01-04T18:00:00.000Z,15,15,256939,80.0,-218,0,0,180,0,0,,,,,,,,,,,-4.5,-110,0,0,4.5,-110,0,0,2026-01-04 10:00:00-08:00,2025-12-23 18:17:16.120344
256939,nfl,Texans,Colts,137,133,scheduled,,,,,,,,,,,,,,,,,2026-01-04T18:00:00.000Z,15,15,256939,80.0,-218,0,0,180,0,0,,,,,,,,,,,-4.5,-110,0,0,4.5,-110,0,0,2026-01-04 10:00:00-08:00,2025-12-23 19:11:23.939282
256939,nfl,Texans,Colts,137,133,scheduled,,,,,,,,,,,,,,,,,2026-01-04T18:00:00.000Z,15,15,256939,80.0,-218,0,0,180,0,0,,,,,,,,,,,-4.5,-110,0,0,4.5,-110,0,0,2026-01-04 10:00:00-08:00,2025-12-23 20:12:13.745210
256939,nfl,Texans,Colts,137,133,scheduled,,,,,,,,,,,,,,,,,2026-01-04T18:00:00.000Z,15,15,256939,80.0,-218,0,0,180,0,0,,,,,,,,,,,-4.5,-110,0,0,4.5,-110,0,0,2026-01-04 10:00:00-08:00,2025-12-23 21:11:08.246482
256939,nfl,Texans,Colts,137,133,scheduled,,,,,,,,,,,,,,,,,2026-01-04T18:00:00.000Z,15,15,256939,80.0,-218,0,0,180,0,0,,,,,,,,,,,-4.5,-110,0,0,4.5,-110,0,0,2026-01-04 10:00:00-08:00,2025-12-23 22:11:17.550605
256939,nfl,Texans,Colts,137,133,scheduled,,,,,,,,,,,,,,,,,2026-01-04T18:00:00.000Z,15,15,256939,80.0,-218,0,0,180,0,0,,,,,,,,,,,-4.5,-110,0,0,4.5,-110,0,0,2026-01-04 10:00:00-08:00,2025-12-23 23:10:50.690018
256939,nfl,Texans,Colts,137,133,scheduled,,,,,,,,,,,,,,,,,2026-01-04T18:00:00.000Z,15,15,256939,80.0,-218,0,0,180,0,0,,,,,,,,,,,-4.5,-110,0,0,4.5,-110,0,0,2026-01-04 10:00:00-08:00,2025-12-24 00:52:58.834144
256939,nfl,Texans,Colts,137,133,scheduled,,,,,,,,,,,,,,,,,2026-01-04T18:00:00.000Z,15,15,256939,80.0,-218,0,0,180,0,0,,,,,,,,,,,-4.5,-110,0,0,4.5,-110,0,0,2026-01-04 10:00:00-08:00,2025-12-24 02:46:48.175308
256939,nfl,Texans,Colts,137,133,scheduled,,,,,,,,,,,,,,,,,2026-01-04T18:00:00.000Z,15,15,256939,80.0,-218,0,0,180,0,0,,,,,,,,,,,-4.5,-110,0,0,4.5,-110,0,0,2026-01-04 10:00:00-08:00,2025-12-24 03:53:02.193110
256939,nfl,Texans,Colts,137,133,scheduled,,,,,,,,,,,,,,,,,2026-01-04T18:00:00.000Z,15,15,256939,80.0,-218,0,0,180,0,0,,,,,,,,,,,-4.5,-110,0,0,4.5,-110,0,0,2026-01-04 10:00:00-08:00,2025-12-24 04:27:48.634138
256939,nfl,Texans,Colts,137,133,scheduled,,,,,,,,,,,,,,,,,2026-01-04T18:00:00.000Z,15,15,256939,80.0,-218,0,0,180,0,0,,,,,,,,,,,-4.5,-110,0,0,4.5,-110,0,0,2026-01-04 10:00:00-08:00,2025-12-24 05:16:27.029426
256939,nfl,Texans,Colts,137,133,scheduled,,,,,,,,,,,,,,,,,2026-01-04T18:00:00.000Z,15,15,256939,80.0,-218,0,0,180,0,0,,,,,,,,,,,-4.5,-110,0,0,4.5,-110,0,0,2026-01-04 10:00:00-08:00,2025-12-24 06:18:42.194536
256939,nfl,Texans,Colts,137,133,scheduled,,,,,,,,,,,,,,,,,2026-01-04T18:00:00.000Z,15,15,256939,80.0,-218,0,0,180,0,0,,,,,,,,,,,-4.5,-110,0,0,4.5,-110,0,0,2026-01-04 10:00:00-08:00,2025-12-24 07:16:13.001894
256939,nfl,Texans,Colts,137,133,scheduled,,,,,,,,,,,,,,,,,2026-01-04T18:00:00.000Z,15,15,256939,80.0,-218,0,0,180,0,0,,,,,,,,,,,-4.5,-110,0,0,4.5,-110,0,0,2026-01-04 10:00:00-08:00,2025-12-24 08:16:53.707714
256939,nfl,Texans,Colts,137,133,scheduled,,,,,,,,,,,,,,,,,2026-01-04T18:00:00.000Z,15,15,256939,80.0,-218,0,0,180,0,0,,,,,,,,,,,-4.5,-110,0,0,4.5,-110,0,0,2026-01-04 10:00:00-08:00,2025-12-24 09:15:53.198968
256939,nfl,Texans,Colts,137,133,scheduled,,,,,,,,,,,,,,,,,2026-01-04T18:00:00.000Z,15,15,256939,80.0,-218,0,0,180,0,0,,,,,,,,,,,-4.5,-110,0,0,4.5,-110,0,0,2026-01-04 10:00:00-08:00,2025-12-24 10:12:23.413696
256939,nfl,Texans,Colts,137,133,scheduled,,,,,,,,,,,,,,,,,2026-01-04T18:00:00.000Z,15,15,256939,80.0,-218,0,0,180,0,0,,,,,,,,,,,-4.5,-110,0,0,4.5,-110,0,0,2026-01-04 10:00:00-08:00,2025-12-24 11:11:18.376556
256939,nfl,Texans,Colts,137,133,scheduled,,,,,,,,,,,,,,,,,2026-01-04T18:00:00.000Z,15,15,256939,80.0,-218,0,0,180,0,0,,,,,,,,,,,-4.5,-110,0,0,4.5,-110,0,0,2026-01-04 10:00:00-08:00,2025-12-24 12:21:25.497297
256939,nfl,Texans,Colts,137,133,scheduled,,,,,,,,,,,,,,,,,2026-01-04T18:00:00.000Z,15,15,256939,80.0,-218,0,0,180,0,0,,,,,,,,,,,-4.5,-110,0,0,4.5,-110,0,0,2026-01-04 10:00:00-08:00,2025-12-24 13:26:08.977180
256939,nfl,Texans,Colts,137,133,scheduled,,,,,,,,,,,,,,,,,2026-01-04T18:00:00.000Z,15,15,256939,80.0,-218,0,0,180,0,0,,,,,,,,,,,-4.5,-110,0,0,4.5,-110,0,0,2026-01-04 10:00:00-08:00,2025-12-24 14:10:57.708914
256939,nfl,Texans,Colts,137,133,scheduled,,,,,,,,,,,,,,,,,2026-01-04T18:00:00.000Z,15,15,256939,80.0,-218,0,0,180,0,0,,,,,,,,,,,-4.5,-110,0,0,4.5,-110,0,0,2026-01-04 10:00:00-08:00,2025-12-24 15:12:04.492652
256939,nfl,Texans,Colts,137,133,scheduled,,,,,,,,,,,,,,,,,2026-01-04T18:00:00.000Z,15,15,256939,80.0,-218,0,0,180,0,0,,,,,,,,,,,-4.5,-110,0,0,4.5,-110,0,0,2026-01-04 10:00:00-08:00,2025-12-24 16:14:09.792023
256939,nfl,Texans,Colts,137,133,scheduled,,,,,,,,,,,,,,,,,2026-01-04T18:00:00.000Z,15,15,256939,80.0,-218,0,0,180,0,0,,,,,,,,,,,-4.5,-110,0,0,4.5,-110,0,0,2026-01-04 10:00:00-08:00,2025-12-24 17:09:35.629600
256939,nfl,Texans,Colts,137,133,scheduled,,,,,,,,,,,,,,,,,2026-01-04T18:00:00.000Z,15,15,256939,80.0,-218,0,0,180,0,0,,,,,,,,,,,-4.5,-110,0,0,4.5,-110,0,0,2026-01-04 10:00:00-08:00,2025-12-24 18:16:30.988985
256939,nfl,Texans,Colts,137,133,scheduled,,,,,,,,,,,,,,,,,2026-01-04T18:00:00.000Z,15,15,256939,80.0,-218,0,0,180,0,0,,,,,,,,,,,-4.5,-110,0,0,4.5,-110,0,0,2026-01-04 10:00:00-08:00,2025-12-24 19:09:17.008378
256939,nfl,Texans,Colts,137,133,scheduled,,,,,,,,,,,,,,,,,2026-01-04T18:00:00.000Z,15,15,256939,80.0,-218,0,0,180,0,0,,,,,,,,,,,-4.5,-110,0,0,4.5,-110,0,0,2026-01-04 10:00:00-08:00,2025-12-24 20:12:20.802607
256939,nfl,Texans,Colts,137,133,scheduled,,,,,,,,,,,,,,,,,2026-01-04T18:00:00.000Z,15,15,256939,80.0,-218,0,0,180,0,0,,,,,,,,,,,-4.5,-110,0,0,4.5,-110,0,0,2026-01-04 10:00:00-08:00,2025-12-24 21:10:22.009660
256939,nfl,Texans,Colts,137,133,scheduled,,,,,,,,,,,,,,,,,2026-01-04T18:00:00.000Z,15,15,256939,80.0,-218,0,0,180,0,0,,,,,,,,,,,-4.5,-110,0,0,4.5,-110,0,0,2026-01-04 10:00:00-08:00,2025-12-24 22:11:26.458784
256939,nfl,Texans,Colts,137,133,scheduled,,,,,,,,,,,,,,,,,2026-01-04T18:00:00.000Z,15,15,256939,80.0,-218,0,0,180,0,0,,,,,,,,,,,-4.5,-110,0,0,4.5,-110,0,0,2026-01-04 10:00:00-08:00,2025-12-24 23:11:00.971821
256939,nfl,Texans,Colts,137,133,scheduled,,,,,,,,,,,,,,,,,2026-01-04T18:00:00.000Z,15,15,256939,85.0,-218,0,0,180,0,0,,,,,,,,,,,-4.5,-110,0,0,4.5,-110,0,0,2026-01-04 10:00:00-08:00,2025-12-25 00:53:33.419107
256939,nfl,Texans,Colts,137,133,scheduled,,,,,,,,,,,,,,,,,2026-01-04T18:00:00.000Z,15,15,256939,85.0,-218,0,0,180,0,0,,,,,,,,,,,-4.5,-110,0,0,4.5,-110,0,0,2026-01-04 10:00:00-08:00,2025-12-25 02:49:59.453329
256939,nfl,Texans,Colts,137,133,scheduled,,,,,,,,,,,,,,,,,2026-01-04T18:00:00.000Z,15,15,256939,85.0,-218,0,0,180,0,0,,,,,,,,,,,-4.5,-110,0,0,4.5,-110,0,0,2026-01-04 10:00:00-08:00,2025-12-25 03:55:25.769626
256939,nfl,Texans,Colts,137,133,scheduled,,,,,,,,,,,,,,,,,2026-01-04T18:00:00.000Z,15,15,256939,85.0,-218,0,0,180,0,0,,,,,,,,,,,-4.5,-110,0,0,4.5,-110,0,0,2026-01-04 10:00:00-08:00,2025-12-25 04:29:42.325008
256939,nfl,Texans,Colts,137,133,scheduled,,,,,,,,,,,,,,,,,2026-01-04T18:00:00.000Z,15,15,256939,85.0,-218,0,0,180,0,0,,,,,,,,,,,-4.5,-110,0,0,4.5,-110,0,0,2026-01-04 10:00:00-08:00,2025-12-25 05:15:49.857201
256939,nfl,Texans,Colts,137,133,scheduled,,,,,,,,,,,,,,,,,2026-01-04T18:00:00.000Z,15,15,256939,90.0,-218,0,0,180,0,0,,,,,,,,,,,-4.5,-110,0,0,4.5,-110,0,0,2026-01-04 10:00:00-08:00,2025-12-25 06:18:13.825718
256939,nfl,Texans,Colts,137,133,scheduled,,,,,,,,,,,,,,,,,2026-01-04T18:00:00.000Z,15,15,256939,90.0,-218,0,0,180,0,0,,,,,,,,,,,-4.5,-110,0,0,4.5,-110,0,0,2026-01-04 10:00:00-08:00,2025-12-25 07:14:23.068338
256939,nfl,Texans,Colts,137,133,scheduled,,,,,,,,,,,,,,,,,2026-01-04T18:00:00.000Z,15,15,256939,90.0,-218,0,0,180,0,0,,,,,,,,,,,-4.5,-110,0,0,4.5,-110,0,0,2026-01-04 10:00:00-08:00,2025-12-25 08:16:00.715753
256939,nfl,Texans,Colts,137,133,scheduled,,,,,,,,,,,,,,,,,2026-01-04T18:00:00.000Z,15,15,256939,90.0,-218,0,0,180,0,0,,,,,,,,,,,-4.5,-110,0,0,4.5,-110,0,0,2026-01-04 10:00:00-08:00,2025-12-25 09:14:06.366333
256939,nfl,Texans,Colts,137,133,scheduled,,,,,,,,,,,,,,,,,2026-01-04T18:00:00.000Z,15,15,256939,90.0,-218,0,0,180,0,0,,,,,,,,,,,-4.5,-110,0,0,4.5,-110,0,0,2026-01-04 10:00:00-08:00,2025-12-25 10:12:22.975712
256939,nfl,Texans,Colts,137,133,scheduled,,,,,,,,,,,,,,,,,2026-01-04T18:00:00.000Z,15,15,256939,90.0,-218,0,0,180,0,0,,,,,,,,,,,-4.5,-110,0,0,4.5,-110,0,0,2026-01-04 10:00:00-08:00,2025-12-25 11:09:49.247669
256939,nfl,Texans,Colts,137,133,scheduled,,,,,,,,,,,,,,,,,2026-01-04T18:00:00.000Z,15,15,256939,90.0,-218,0,0,180,0,0,,,,,,,,,,,-4.5,-110,0,0,4.5,-110,0,0,2026-01-04 10:00:00-08:00,2025-12-25 12:21:09.618433
256939,nfl,Texans,Colts,137,133,scheduled,,,,,,,,,,,,,,,,,2026-01-04T18:00:00.000Z,15,15,256939,90.0,-218,0,0,180,0,0,,,,,,,,,,,-4.5,-110,0,0,4.5,-110,0,0,2026-01-04 10:00:00-08:00,2025-12-25 13:26:08.213227
256939,nfl,Texans,Colts,137,133,scheduled,,,,,,,,,,,,,,,,,2026-01-04T18:00:00.000Z,15,15,256939,90.0,-218,0,0,180,0,0,,,,,,,,,,,-4.5,-110,0,0,4.5,-110,0,0,2026-01-04 10:00:00-08:00,2025-12-25 14:11:00.973101
256939,nfl,Texans,Colts,137,133,scheduled,,,,,,,,,,,,,,,,,2026-01-04T18:00:00.000Z,15,15,256939,90.0,-218,0,0,180,0,0,,,,,,,,,,,-4.5,-110,0,0,4.5,-110,0,0,2026-01-04 10:00:00-08:00,2025-12-25 15:11:35.479757
256939,nfl,Texans,Colts,137,133,scheduled,,,,,,,,,,,,,,,,,2026-01-04T18:00:00.000Z,15,15,256939,90.0,-218,0,0,180,0,0,,,,,,,,,,,-4.5,-110,0,0,4.5,-110,0,0,2026-01-04 10:00:00-08:00,2025-12-25 16:14:02.305277
256939,nfl,Texans,Colts,137,133,scheduled,,,,,,,,,,,,,,,,,2026-01-04T18:00:00.000Z,15,15,256939,90.0,-218,0,0,180,0,0,,,,,,,,,,,-4.5,-110,0,0,4.5,-110,0,0,2026-01-04 10:00:00-08:00,2025-12-25 17:10:18.922147
256939,nfl,Texans,Colts,137,133,scheduled,,,,,,,,,,,,,,,,,2026-01-04T18:00:00.000Z,15,15,256939,90.0,-218,0,0,180,0,0,,,,,,,,,,,-4.5,-110,0,0,4.5,-110,0,0,2026-01-04 10:00:00-08:00,2025-12-25 18:16:04.653155
256939,nfl,Texans,Colts,137,133,scheduled,,,,,,,,,,,,,,,,,2026-01-04T18:00:00.000Z,15,15,256939,90.0,-218,0,0,180,0,0,,,,,,,,,,,-4.5,-110,0,0,4.5,-110,0,0,2026-01-04 10:00:00-08:00,2025-12-25 19:08:44.595749
256939,nfl,Texans,Colts,137,133,scheduled,,,,,,,,,,,,,,,,,2026-01-04T18:00:00.000Z,15,15,256939,90.0,-218,0,0,180,0,0,,,,,,,,,,,-4.5,-110,0,0,4.5,-110,0,0,2026-01-04 10:00:00-08:00,2025-12-25 20:12:42.476949
256939,nfl,Texans,Colts,137,133,scheduled,,,,,,,,,,,,,,,,,2026-01-04T18:00:00.000Z,15,15,256939,90.0,-218,0,0,180,0,0,,,,,,,,,,,-4.5,-110,0,0,4.5,-110,0,0,2026-01-04 10:00:00-08:00,2025-12-25 21:10:37.126469
256939,nfl,Texans,Colts,137,133,scheduled,,,,,,,,,,,,,,,,,2026-01-04T18:00:00.000Z,15,15,256939,90.0,-218,0,0,180,0,0,,,,,,,,,,,-4.5,-110,0,0,4.5,-110,0,0,2026-01-04 10:00:00-08:00,2025-12-25 22:10:55.114350
256939,nfl,Texans,Colts,137,133,scheduled,,,,,,,,,,,,,,,,,2026-01-04T18:00:00.000Z,15,15,256939,90.0,-218,0,0,180,0,0,,,,,,,,,,,-4.5,-110,0,0,4.5,-110,0,0,2026-01-04 10:00:00-08:00,2025-12-25 23:10:56.421975
256939,nfl,Texans,Colts,137,133,scheduled,,,,,,,,,,,,,,,,,2026-01-04T18:00:00.000Z,15,15,256939,90.0,-218,0,0,180,0,0,,,,,,,,,,,-4.5,-110,0,0,4.5,-110,0,0,2026-01-04 10:00:00-08:00,2025-12-26 00:53:48.245895
256939,nfl,Texans,Colts,137,133,scheduled,,,,,,,,,,,,,,,,,2026-01-04T18:00:00.000Z,15,15,256939,90.0,-218,0,0,180,0,0,,,,,,,,,,,-4.5,-110,0,0,4.5,-110,0,0,2026-01-04 10:00:00-08:00,2025-12-26 02:48:12.653569
256939,nfl,Texans,Colts,137,133,scheduled,,,,,,,,,,,,,,,,,2026-01-04T18:00:00.000Z,15,15,256939,90.0,-218,0,0,180,0,0,,,,,,,,,,,-4.5,-110,0,0,4.5,-110,0,0,2026-01-04 10:00:00-08:00,2025-12-26 03:53:11.217020
256939,nfl,Texans,Colts,137,133,scheduled,,,,,,,,,,,,,,,,,2026-01-04T18:00:00.000Z,15,15,256939,90.0,-218,0,0,180,0,0,,,,,,,,,,,-4.5,-110,0,0,4.5,-110,0,0,2026-01-04 10:00:00-08:00,2025-12-26 04:26:57.166699
256939,nfl,Texans,Colts,137,133,scheduled,,,,,,,,,,,,,,,,,2026-01-04T18:00:00.000Z,15,15,256939,90.0,-218,0,0,180,0,0,,,,,,,,,,,-4.5,-110,0,0,4.5,-110,0,0,2026-01-04 10:00:00-08:00,2025-12-26 05:14:05.661706
256939,nfl,Texans,Colts,137,133,scheduled,,,,,,,,,,,,,,,,,2026-01-04T18:00:00.000Z,15,15,256939,90.0,-218,0,0,180,0,0,,,,,,,,,,,-4.5,-110,0,0,4.5,-110,0,0,2026-01-04 10:00:00-08:00,2025-12-26 06:18:19.629052
256939,nfl,Texans,Colts,137,133,scheduled,,,,,,,,,,,,,,,,,2026-01-04T18:00:00.000Z,15,15,256939,90.0,-218,0,0,180,0,0,,,,,,,,,,,-4.5,-110,0,0,4.5,-110,0,0,2026-01-04 10:00:00-08:00,2025-12-26 07:14:32.775070
256939,nfl,Texans,Colts,137,133,scheduled,,,,,,,,,,,,,,,,,2026-01-04T18:00:00.000Z,15,15,256939,90.0,-218,0,0,180,0,0,,,,,,,,,,,-4.5,-110,0,0,4.5,-110,0,0,2026-01-04 10:00:00-08:00,2025-12-26 08:15:33.156915
256939,nfl,Texans,Colts,137,133,scheduled,,,,,,,,,,,,,,,,,2026-01-04T18:00:00.000Z,15,15,256939,90.0,-218,0,0,180,0,0,,,,,,,,,,,-4.5,-110,0,0,4.5,-110,0,0,2026-01-04 10:00:00-08:00,2025-12-26 09:13:32.561712
256939,nfl,Texans,Colts,137,133,scheduled,,,,,,,,,,,,,,,,,2026-01-04T18:00:00.000Z,15,15,256939,90.0,-218,0,0,180,0,0,,,,,,,,,,,-4.5,-110,0,0,4.5,-110,0,0,2026-01-04 10:00:00-08:00,2025-12-26 10:12:21.713290
256939,nfl,Texans,Colts,137,133,scheduled,,,,,,,,,,,,,,,,,2026-01-04T18:00:00.000Z,15,15,256939,90.0,-218,0,0,180,0,0,,,,,,,,,,,-4.5,-110,0,0,4.5,-110,0,0,2026-01-04 10:00:00-08:00,2025-12-26 11:10:23.584512
256939,nfl,Texans,Colts,137,133,scheduled,,,,,,,,,,,,,,,,,2026-01-04T18:00:00.000Z,15,15,256939,90.0,-218,0,0,180,0,0,,,,,,,,,,,-4.5,-110,0,0,4.5,-110,0,0,2026-01-04 10:00:00-08:00,2025-12-26 12:21:19.110492
256939,nfl,Texans,Colts,137,133,scheduled,,,,,,,,,,,,,,,,,2026-01-04T18:00:00.000Z,15,15,256939,95.0,-218,0,0,180,0,0,,,,,,,,,,,-4.5,-110,0,0,4.5,-110,0,0,2026-01-04 10:00:00-08:00,2025-12-26 13:26:42.595417
256939,nfl,Texans,Colts,137,133,scheduled,,,,,,,,,,,,,,,,,2026-01-04T18:00:00.000Z,15,15,256939,95.0,-218,0,0,180,0,0,,,,,,,,,,,-4.5,-110,0,0,4.5,-110,0,0,2026-01-04 10:00:00-08:00,2025-12-26 14:11:25.597287
256939,nfl,Texans,Colts,137,133,scheduled,,,,,,,,,,,,,,,,,2026-01-04T18:00:00.000Z,15,15,256939,95.0,-218,0,0,180,0,0,,,,,,,,,,,-4.5,-110,0,0,4.5,-110,0,0,2026-01-04 10:00:00-08:00,2025-12-26 15:11:28.582506
256939,nfl,Texans,Colts,137,133,scheduled,,,,,,,,,,,,,,,,,2026-01-04T18:00:00.000Z,15,15,256939,95.0,-218,0,0,180,0,0,,,,,,,,,,,-4.5,-110,0,0,4.5,-110,0,0,2026-01-04 10:00:00-08:00,2025-12-26 16:13:09.764832
256939,nfl,Texans,Colts,137,133,scheduled,,,,,,,,,,,,,,,,,2026-01-04T18:00:00.000Z,15,15,256939,95.0,-218,0,0,180,0,0,,,,,,,,,,,-4.5,-110,0,0,4.5,-110,0,0,2026-01-04 10:00:00-08:00,2025-12-26 17:09:41.955264
256939,nfl,Texans,Colts,137,133,scheduled,,,,,,,,,,,,,,,,,2026-01-04T18:00:00.000Z,15,15,256939,95.0,-218,0,0,180,0,0,,,,,,,,,,,-4.5,-110,0,0,4.5,-110,0,0,2026-01-04 10:00:00-08:00,2025-12-26 18:16:46.153208
256939,nfl,Texans,Colts,137,133,scheduled,,,,,,,,,,,,,,,,,2026-01-04T18:00:00.000Z,15,15,256939,95.0,-218,0,0,180,0,0,,,,,,,,,,,-4.5,-110,0,0,4.5,-110,0,0,2026-01-04 10:00:00-08:00,2025-12-26 19:09:19.395442
256939,nfl,Texans,Colts,137,133,scheduled,,,,,,,,,,,,,,,,,2026-01-04T18:00:00.000Z,15,15,256939,95.0,-218,0,0,180,0,0,,,,,,,,,,,-4.5,-110,0,0,4.5,-110,0,0,2026-01-04 10:00:00-08:00,2025-12-26 20:11:58.806493
256939,nfl,Texans,Colts,137,133,scheduled,,,,,,,,,,,,,,,,,2026-01-04T18:00:00.000Z,15,15,256939,95.0,-218,0,0,180,0,0,,,,,,,,,,,-4.5,-110,0,0,4.5,-110,0,0,2026-01-04 10:00:00-08:00,2025-12-26 21:10:14.281340
256939,nfl,Texans,Colts,137,133,scheduled,,,,,,,,,,,,,,,,,2026-01-04T18:00:00.000Z,15,15,256939,95.0,-218,0,0,180,0,0,,,,,,,,,,,-4.5,-110,0,0,4.5,-110,0,0,2026-01-04 10:00:00-08:00,2025-12-26 22:11:05.868112
256939,nfl,Texans,Colts,137,133,scheduled,,,,,,,,,,,,,,,,,2026-01-04T18:00:00.000Z,15,15,256939,95.0,-218,0,0,180,0,0,,,,,,,,,,,-4.5,-110,0,0,4.5,-110,0,0,2026-01-04 10:00:00-08:00,2025-12-26 23:11:05.262155
256939,nfl,Texans,Colts,137,133,scheduled,,,,,,,,,,,,,,,,,2026-01-04T18:00:00.000Z,15,15,256939,95.0,-218,0,0,180,0,0,,,,,,,,,,,-4.5,-110,0,0,4.5,-110,0,0,2026-01-04 10:00:00-08:00,2025-12-27 00:52:09.619620
256939,nfl,Texans,Colts,137,133,scheduled,,,,,,,,,,,,,,,,,2026-01-04T18:00:00.000Z,15,15,256939,95.0,-218,0,0,180,0,0,,,,,,,,,,,-4.5,-110,0,0,4.5,-110,0,0,2026-01-04 10:00:00-08:00,2025-12-27 02:45:26.354219
256939,nfl,Texans,Colts,137,133,scheduled,,,,,,,,,,,,,,,,,2026-01-04T18:00:00.000Z,15,15,256939,95.0,-218,0,0,180,0,0,,,,,,,,,,,-4.5,-110,0,0,4.5,-110,0,0,2026-01-04 10:00:00-08:00,2025-12-27 03:50:46.386921
256939,nfl,Texans,Colts,137,133,scheduled,,,,,,,,,,,,,,,,,2026-01-04T18:00:00.000Z,15,15,256939,95.0,-218,0,0,180,0,0,,,,,,,,,,,-4.5,-110,0,0,4.5,-110,0,0,2026-01-04 10:00:00-08:00,2025-12-27 04:23:57.433834
256939,nfl,Texans,Colts,137,133,scheduled,,,,,,,,,,,,,,,,,2026-01-04T18:00:00.000Z,15,15,256939,95.0,-218,0,0,180,0,0,,,,,,,,,,,-4.5,-110,0,0,4.5,-110,0,0,2026-01-04 10:00:00-08:00,2025-12-27 05:12:59.384988
256939,nfl,Texans,Colts,137,133,scheduled,,,,,,,,,,,,,,,,,2026-01-04T18:00:00.000Z,15,15,256939,95.0,-218,0,0,180,0,0,,,,,,,,,,,-4.5,-110,0,0,4.5,-110,0,0,2026-01-04 10:00:00-08:00,2025-12-27 06:16:57.481674
256939,nfl,Texans,Colts,137,133,scheduled,,,,,,,,,,,,,,,,,2026-01-04T18:00:00.000Z,15,15,256939,95.0,-218,0,0,180,0,0,,,,,,,,,,,-4.5,-110,0,0,4.5,-110,0,0,2026-01-04 10:00:00-08:00,2025-12-27 07:11:15.600789
256939,nfl,Texans,Colts,137,133,scheduled,,,,,,,,,,,,,,,,,2026-01-04T18:00:00.000Z,15,15,256939,95.0,-218,0,0,180,0,0,,,,,,,,,,,-4.5,-110,0,0,4.5,-110,0,0,2026-01-04 10:00:00-08:00,2025-12-27 08:14:18.684212
256939,nfl,Texans,Colts,137,133,scheduled,,,,,,,,,,,,,,,,,2026-01-04T18:00:00.000Z,15,15,256939,95.0,-218,0,0,180,0,0,,,,,,,,,,,-4.5,-110,0,0,4.5,-110,0,0,2026-01-04 10:00:00-08:00,2025-12-27 09:11:28.628963
256939,nfl,Texans,Colts,137,133,scheduled,,,,,,,,,,,,,,,,,2026-01-04T18:00:00.000Z,15,15,256939,95.0,-218,0,0,180,0,0,,,,,,,,,,,-4.5,-110,0,0,4.5,-110,0,0,2026-01-04 10:00:00-08:00,2025-12-27 10:10:55.349865
256939,nfl,Texans,Colts,137,133,scheduled,,,,,,,,,,,,,,,,,2026-01-04T18:00:00.000Z,15,15,256939,95.0,-218,0,0,180,0,0,,,,,,,,,,,-4.5,-110,0,0,4.5,-110,0,0,2026-01-04 10:00:00-08:00,2025-12-27 11:09:08.371334
256939,nfl,Texans,Colts,137,133,scheduled,,,,,,,,,,,,,,,,,2026-01-04T18:00:00.000Z,15,15,256939,95.0,-218,0,0,180,0,0,,,,,,,,,,,-4.5,-110,0,0,4.5,-110,0,0,2026-01-04 10:00:00-08:00,2025-12-27 12:20:02.722447
256939,nfl,Texans,Colts,137,133,scheduled,,,,,,,,,,,,,,,,,2026-01-04T18:00:00.000Z,15,15,256939,95.0,-218,0,0,180,0,0,,,,,,,,,,,-4.5,-110,0,0,4.5,-110,0,0,2026-01-04 10:00:00-08:00,2025-12-27 13:22:36.153313
256939,nfl,Texans,Colts,137,133,scheduled,,,,,,,,,,,,,,,,,2026-01-04T18:00:00.000Z,15,15,256939,95.0,-218,0,0,180,0,0,,,,,,,,,,,-4.5,-110,0,0,4.5,-110,0,0,2026-01-04 10:00:00-08:00,2025-12-27 14:10:09.105416
256939,nfl,Texans,Colts,137,133,scheduled,,,,,,,,,,,,,,,,,2026-01-04T18:00:00.000Z,15,15,256939,95.0,-218,0,0,180,0,0,,,,,,,,,,,-4.5,-110,0,0,4.5,-110,0,0,2026-01-04 10:00:00-08:00,2025-12-27 15:10:27.408251
256939,nfl,Texans,Colts,137,133,scheduled,,,,,,,,,,,,,,,,,2026-01-04T18:00:00.000Z,15,15,256939,95.0,-218,0,0,180,0,0,,,,,,,,,,,-4.5,-110,0,0,4.5,-110,0,0,2026-01-04 10:00:00-08:00,2025-12-27 16:12:35.498777
256939,nfl,Texans,Colts,137,133,scheduled,,,,,,,,,,,,,,,,,2026-01-04T18:00:00.000Z,15,15,256939,95.0,-218,0,0,180,0,0,,,,,,,,,,,-4.5,-110,0,0,4.5,-110,0,0,2026-01-04 10:00:00-08:00,2025-12-27 17:09:24.679173
256939,nfl,Texans,Colts,137,133,scheduled,,,,,,,,,,,,,,,,,2026-01-04T18:00:00.000Z,15,15,256939,95.0,-218,0,0,180,0,0,,,,,,,,,,,-4.5,-110,0,0,4.5,-110,0,0,2026-01-04 10:00:00-08:00,2025-12-27 18:15:21.593820
256939,nfl,Texans,Colts,137,133,scheduled,,,,,,,,,,,,,,,,,2026-01-04T18:00:00.000Z,15,15,256939,95.0,-218,0,0,180,0,0,,,,,,,,,,,-4.5,-110,0,0,4.5,-110,0,0,2026-01-04 10:00:00-08:00,2025-12-27 19:08:11.020979
256939,nfl,Texans,Colts,137,133,scheduled,,,,,,,,,,,,,,,,,2026-01-04T18:00:00.000Z,15,15,256939,95.0,-218,0,0,180,0,0,,,,,,,,,,,-4.5,-110,0,0,4.5,-110,0,0,2026-01-04 10:00:00-08:00,2025-12-27 20:11:58.147200
256939,nfl,Texans,Colts,137,133,scheduled,,,,,,,,,,,,,,,,,2026-01-04T18:00:00.000Z,15,15,256939,95.0,-218,0,0,180,0,0,,,,,,,,,,,-4.5,-110,0,0,4.5,-110,0,0,2026-01-04 10:00:00-08:00,2025-12-27 21:09:16.490123
256939,nfl,Texans,Colts,137,133,scheduled,,,,,,,,,,,,,,,,,2026-01-04T18:00:00.000Z,15,15,256939,95.0,-218,0,0,180,0,0,,,,,,,,,,,-4.5,-110,0,0,4.5,-110,0,0,2026-01-04 10:00:00-08:00,2025-12-27 22:10:37.549818
256939,nfl,Texans,Colts,137,133,scheduled,,,,,,,,,,,,,,,,,2026-01-04T18:00:00.000Z,15,15,256939,95.0,-218,0,0,180,0,0,,,,,,,,,,,-4.5,-110,0,0,4.5,-110,0,0,2026-01-04 10:00:00-08:00,2025-12-27 23:10:56.507855
256939,nfl,Texans,Colts,137,133,scheduled,,,,,,,,,,,,,,,,,2026-01-04T18:00:00.000Z,15,15,256939,106.0,-218,0,0,180,0,0,,,,,,,,,,,-4.5,-110,0,0,4.5,-110,0,0,2026-01-04 10:00:00-08:00,2025-12-28 01:00:23.835801
256939,nfl,Texans,Colts,137,133,scheduled,,,,,,,,,,,,,,,,,2026-01-04T18:00:00.000Z,15,15,256939,106.0,-218,0,0,180,0,0,,,,,,,,,,,-4.5,-110,0,0,4.5,-110,0,0,2026-01-04 10:00:00-08:00,2025-12-28 03:06:32.710666
256939,nfl,Texans,Colts,137,133,scheduled,,,,,,,,,,,,,,,,,2026-01-04T18:00:00.000Z,15,15,256939,106.0,-218,0,0,180,0,0,,,,,,,,,,,-4.5,-110,0,0,4.5,-110,0,0,2026-01-04 10:00:00-08:00,2025-12-28 04:37:04.226145
256939,nfl,Texans,Colts,137,133,scheduled,,,,,,,,,,,,,,,,,2026-01-04T18:00:00.000Z,15,15,256939,106.0,-218,0,0,180,0,0,,,,,,,,,,,-4.5,-110,0,0,4.5,-110,0,0,2026-01-04 10:00:00-08:00,2025-12-28 05:16:17.294985
256939,nfl,Texans,Colts,137,133,scheduled,,,,,,,,,,,,,,,,,2026-01-04T18:00:00.000Z,15,15,256939,121.0,-218,0,0,180,0,0,,,,,,,,,,,-4.5,-110,0,0,4.5,-110,0,0,2026-01-04 10:00:00-08:00,2025-12-28 06:17:08.821207
256939,nfl,Texans,Colts,137,133,scheduled,,,,,,,,,,,,,,,,,2026-01-04T18:00:00.000Z,15,15,256939,131.0,-218,0,0,180,0,0,,,,,,,,,,,-4.5,-110,0,0,4.5,-110,0,0,2026-01-04 10:00:00-08:00,2025-12-28 07:12:39.376726
256939,nfl,Texans,Colts,137,133,scheduled,,,,,,,,,,,,,,,,,2026-01-04T18:00:00.000Z,15,15,256939,131.0,-218,0,0,180,0,0,,,,,,,,,,,-4.5,-110,0,0,4.5,-110,0,0,2026-01-04 10:00:00-08:00,2025-12-28 08:15:12.992681
256939,nfl,Texans,Colts,137,133,scheduled,,,,,,,,,,,,,,,,,2026-01-04T18:00:00.000Z,15,15,256939,136.0,-218,0,0,180,0,0,,,,,,,,,,,-4.5,-110,0,0,4.5,-110,0,0,2026-01-04 10:00:00-08:00,2025-12-28 09:11:07.181303
256939,nfl,Texans,Colts,137,133,scheduled,,,,,,,,,,,,,,,,,2026-01-04T18:00:00.000Z,15,15,256939,136.0,-218,0,0,180,0,0,,,,,,,,,,,-4.5,-110,0,0,4.5,-110,0,0,2026-01-04 10:00:00-08:00,2025-12-28 10:11:08.388558
256939,nfl,Texans,Colts,137,133,scheduled,,,,,,,,,,,,,,,,,2026-01-04T18:00:00.000Z,15,15,256939,136.0,-218,0,0,180,0,0,,,,,,,,,,,-4.5,-110,0,0,4.5,-110,0,0,2026-01-04 10:00:00-08:00,2025-12-28 11:09:38.837778
256939,nfl,Texans,Colts,137,133,scheduled,,,,,,,,,,,,,,,,,2026-01-04T18:00:00.000Z,15,15,256939,136.0,-218,0,0,180,0,0,,,,,,,,,,,-4.5,-110,0,0,4.5,-110,0,0,2026-01-04 10:00:00-08:00,2025-12-28 12:20:06.953014
256939,nfl,Texans,Colts,137,133,scheduled,,,,,,,,,,,,,,,,,2026-01-04T18:00:00.000Z,15,15,256939,136.0,-218,0,0,180,0,0,,,,,,,,,,,-4.5,-110,0,0,4.5,-110,0,0,2026-01-04 10:00:00-08:00,2025-12-28 13:23:27.247143
256939,nfl,Texans,Colts,137,133,scheduled,,,,,,,,,,,,,,,,,2026-01-04T18:00:00.000Z,15,15,256939,136.0,-218,0,0,180,0,0,,,,,,,,,,,-4.5,-110,0,0,4.5,-110,0,0,2026-01-04 10:00:00-08:00,2025-12-28 14:10:52.394624
256939,nfl,Texans,Colts,137,133,scheduled,,,,,,,,,,,,,,,,,2026-01-04T18:00:00.000Z,15,15,256939,141.0,-218,0,0,180,0,0,,,,,,,,,,,-4.5,-110,0,0,4.5,-110,0,0,2026-01-04 10:00:00-08:00,2025-12-28 15:10:53.771829
256939,nfl,Texans,Colts,137,133,scheduled,,,,,,,,,,,,,,,,,2026-01-04T18:00:00.000Z,15,15,256939,141.0,-218,0,0,180,0,0,,,,,,,,,,,-4.5,-110,0,0,4.5,-110,0,0,2026-01-04 10:00:00-08:00,2025-12-28 16:12:43.249346
256939,nfl,Texans,Colts,137,133,scheduled,,,,,,,,,,,,,,,,,2026-01-04T18:00:00.000Z,15,15,256939,141.0,-218,0,0,180,0,0,,,,,,,,,,,-4.5,-110,0,0,4.5,-110,0,0,2026-01-04 10:00:00-08:00,2025-12-28 17:09:55.421727
256939,nfl,Texans,Colts,137,133,scheduled,,,,,,,,,,,,,,,,,2026-01-04T18:00:00.000Z,15,15,256939,141.0,-218,0,0,180,0,0,,,,,,,,,,,-4.5,-110,0,0,4.5,-110,0,0,2026-01-04 10:00:00-08:00,2025-12-28 18:16:04.872989
256939,nfl,Texans,Colts,137,133,scheduled,,,,,,,,,,,,,,,,,2026-01-04T18:00:00.000Z,15,15,256939,141.0,-218,0,0,180,0,0,,,,,,,,,,,-4.5,-110,0,0,4.5,-110,0,0,2026-01-04 10:00:00-08:00,2025-12-28 19:08:36.704489
256939,nfl,Texans,Colts,137,133,scheduled,,,,,,,,,,,,,,,,,2026-01-04T18:00:00.000Z,15,15,256939,141.0,-218,0,0,180,0,0,,,,,,,,,,,-4.5,-110,0,0,4.5,-110,0,0,2026-01-04 10:00:00-08:00,2025-12-28 20:12:38.642673
256939,nfl,Texans,Colts,137,133,scheduled,,,,,,,,,,,,,,,,,2026-01-04T18:00:00.000Z,15,15,256939,141.0,-218,0,0,180,0,0,,,,,,,,,,,-4.5,-110,0,0,4.5,-110,0,0,2026-01-04 10:00:00-08:00,2025-12-28 21:10:03.650143
256939,nfl,Texans,Colts,137,133,scheduled,,,,,,,,,,,,,,,,,2026-01-04T18:00:00.000Z,15,15,256939,146.0,-218,0,0,180,0,0,,,,,,,,,,,-4.5,-110,0,0,4.5,-110,0,0,2026-01-04 10:00:00-08:00,2025-12-28 22:10:56.332363
256939,nfl,Texans,Colts,137,133,scheduled,,,,,,,,,,,,,,,,,2026-01-04T18:00:00.000Z,15,15,256939,176.0,-218,0,0,180,0,0,,,,,,,,,,,-4.5,-110,0,0,4.5,-110,0,0,2026-01-04 10:00:00-08:00,2025-12-28 23:10:56.836228
256939,nfl,Texans,Colts,137,133,scheduled,,,,,,,,,,,,,,,,,2026-01-04T18:00:00.000Z,15,15,256939,191.0,-556,0,0,400,0,0,,,,39.5,-110.0,-110.0,0.0,0.0,0.0,0.0,-10.0,-110,0,0,10.0,-110,0,0,2026-01-04 10:00:00-08:00,2025-12-29 00:58:37.946408
256939,nfl,Texans,Colts,137,133,scheduled,,,,,,,,,,,,,,,,,2026-01-04T18:00:00.000Z,15,15,256939,262.0,-600,92,97,425,8,3,,,,40.5,-105.0,-115.0,0.0,0.0,0.0,0.0,-10.0,-110,0,0,10.0,-110,0,0,2026-01-04 10:00:00-08:00,2025-12-29 03:04:36.525929
256939,nfl,Texans,Colts,137,133,scheduled,,,,,,,,,,,,,,,,,2026-01-04T18:00:00.000Z,15,15,256939,782.0,-600,89,78,440,11,22,,,,40.5,-105.0,-115.0,0.0,0.0,0.0,0.0,-10.0,-110,0,0,10.0,-110,0,0,2026-01-04 10:00:00-08:00,2025-12-29 06:20:42.322318
256939,nfl,Texans,Colts,137,133,scheduled,,,,,,,,,,,,,,,,,2026-01-04T18:00:00.000Z,15,15,256939,903.0,-600,90,86,440,10,14,,,,40.5,-105.0,-115.0,71.0,73.0,29.0,27.0,-10.5,-111,0,0,10.5,-111,0,0,2026-01-04 10:00:00-08:00,2025-12-29 09:20:27.955615
256939,nfl,Texans,Colts,137,133,scheduled,,,,,,,,,,,,,,,,,2026-01-04T18:00:00.000Z,15,15,256939,1393.0,-600,91,73,425,9,27,,,,40.5,-105.0,-115.0,72.0,74.0,28.0,26.0,-10.5,-111,55,73,10.5,-111,45,27,2026-01-04 10:00:00-08:00,2025-12-29 17:10:31.662811
256939,nfl,Texans,Colts,137,133,scheduled,,,,,,,,,,,,,,,,,2026-01-04T18:00:00.000Z,15,15,256939,1509.0,-600,91,73,425,9,27,,,,40.5,-105.0,-115.0,70.0,71.0,30.0,29.0,-10.0,-110,55,71,10.0,-110,45,29,2026-01-04 10:00:00-08:00,2025-12-29 18:17:44.504113
256939,nfl,Texans,Colts,137,133,scheduled,,,,,,,,,,,,,,,,,2026-01-04T18:00:00.000Z,15,15,256939,1605.0,-550,91,73,425,9,27,,,,40.5,-105.0,-115.0,70.0,72.0,30.0,28.0,-10.0,-110,54,71,10.0,-110,46,29,2026-01-04 10:00:00-08:00,2025-12-29 19:09:35.062004
256939,nfl,Texans,Colts,137,133,scheduled,,,,,,,,,,,,,,,,,2026-01-04T18:00:00.000Z,15,15,256939,1908.0,-550,92,80,400,8,20,,,,40.5,-105.0,-115.0,64.0,65.0,36.0,35.0,-10.0,-110,47,63,10.0,-110,53,37,2026-01-04 10:00:00-08:00,2025-12-30 00:53:54.752783
256939,nfl,Texans,Colts,137,133,scheduled,,,,,,,,,,,,,,,,,2026-01-04T18:00:00.000Z,15,15,256939,2625.0,-600,92,70,440,8,30,,,,39.5,-110.0,-110.0,65.0,65.0,35.0,35.0,-10.0,-110,41,55,10.0,-110,59,45,2026-01-04 10:00:00-08:00,2025-12-30 15:12:07.781718
256939,nfl,Texans,Colts,137,133,scheduled,,,,,,,,,,,,,,,,,2026-01-04T18:00:00.000Z,15,15,256939,2721.0,-625,92,70,450,8,30,,,,39.5,-105.0,-115.0,66.0,72.0,34.0,28.0,-10.5,-105,41,54,10.5,-115,59,46,2026-01-04 10:00:00-08:00,2025-12-30 16:14:46.330090
256939,nfl,Texans,Colts,137,133,scheduled,,,,,,,,,,,,,,,,,2026-01-04T18:00:00.000Z,15,15,256939,2827.0,-556,92,68,400,8,32,,,,39.5,-105.0,-115.0,67.0,73.0,33.0,27.0,-10.0,-110,41,52,10.0,-110,59,48,2026-01-04 10:00:00-08:00,2025-12-30 18:17:29.935641
256939,nfl,Texans,Colts,137,133,scheduled,,,,,,,,,,,,,,,,,2026-01-04T18:00:00.000Z,15,15,256939,2998.0,-600,91,60,430,9,40,,,,39.0,-110.0,-110.0,68.0,73.0,32.0,27.0,-10.5,-108,41,43,10.5,-112,59,57,2026-01-04 10:00:00-08:00,2025-12-30 21:11:19.391681
256939,nfl,Texans,Colts,137,133,scheduled,,,,,,,,,,,,,,,,,2026-01-04T18:00:00.000Z,15,15,256939,3195.0,-600,91,55,450,9,45,,,,39.0,-110.0,-110.0,69.0,76.0,31.0,24.0,-10.5,-108,45,46,10.5,-112,55,54,2026-01-04 10:00:00-08:00,2025-12-31 00:55:22.465968
256939,nfl,Texans,Colts,137,133,scheduled,,,,,,,,,,,,,,,,,2026-01-04T18:00:00.000Z,15,15,256939,3559.0,-600,91,51,450,9,49,,,,39.0,-110.0,-110.0,70.0,78.0,30.0,22.0,-10.5,-108,46,48,10.5,-114,54,52,2026-01-04 10:00:00-08:00,2025-12-31 06:18:39.149841
256939,nfl,Texans,Colts,137,133,scheduled,,,,,,,,,,,,,,,,,2026-01-04T18:00:00.000Z,15,15,256939,3675.0,-600,91,52,450,9,48,,,,39.0,-110.0,-110.0,71.0,79.0,29.0,21.0,-10.5,-106,48,58,10.5,-114,52,42,2026-01-04 10:00:00-08:00,2025-12-31 08:17:00.818336
256939,nfl,Texans,Colts,137,133,scheduled,,,,,,,,,,,,,,,,,2026-01-04T18:00:00.000Z,15,15,256939,4054.0,-600,91,52,440,9,48,,,,39.0,-110.0,-110.0,73.0,80.0,27.0,20.0,-10.5,-106,47,55,10.5,-114,53,45,2026-01-04 10:00:00-08:00,2025-12-31 17:10:07.591669
256939,nfl,Texans,Colts,137,133,scheduled,,,,,,,,,,,,,,,,,2026-01-04T18:00:00.000Z,15,15,256939,4276.0,-600,91,53,440,9,47,,,,39.0,-110.0,-110.0,73.0,80.0,27.0,20.0,-10.5,-108,47,55,10.5,-114,53,45,2026-01-04 10:00:00-08:00,2025-12-31 19:09:10.678017
256939,nfl,Texans,Colts,137,133,scheduled,,,,,,,,,,,,,,,,,2026-01-04T18:00:00.000Z,15,15,256939,5563.0,-625,92,54,450,8,46,,,,39.0,-110.0,-110.0,77.0,83.0,23.0,17.0,-10.5,-108,46,52,10.5,-112,54,48,2026-01-04 10:00:00-08:00,2026-01-01 14:11:18.467831
256939,nfl,Texans,Colts,137,133,scheduled,,,,,,,,,,,,,,,,,2026-01-04T18:00:00.000Z,15,15,256939,5750.0,-625,92,54,450,8,46,,,,39.0,-110.0,-110.0,76.0,81.0,24.0,19.0,-10.5,-110,46,55,10.5,-111,54,45,2026-01-04 10:00:00-08:00,2026-01-01 16:14:26.066742
256939,nfl,Texans,Colts,137,133,scheduled,,,,,,,,,,,,,,,,,2026-01-04T18:00:00.000Z,15,15,256939,5831.0,-625,92,54,450,8,46,,,,39.0,-110.0,-110.0,76.0,80.0,24.0,20.0,-10.5,-108,46,56,10.5,-112,54,44,2026-01-04 10:00:00-08:00,2026-01-01 17:11:45.660441
256939,nfl,Texans,Colts,137,133,scheduled,,,,,,,,,,,,,,,,,2026-01-04T18:00:00.000Z,15,15,256939,5927.0,-625,92,54,450,8,46,,,,39.0,-110.0,-110.0,76.0,80.0,24.0,20.0,-10.5,-110,47,56,10.5,-111,53,44,2026-01-04 10:00:00-08:00,2026-01-01 18:17:02.794481
256939,nfl,Texans,Colts,137,133,scheduled,,,,,,,,,,,,,,,,,2026-01-04T18:00:00.000Z,15,15,256939,7855.0,-575,92,57,410,8,43,,,,39.0,-110.0,-110.0,72.0,74.0,28.0,26.0,-10.5,-110,51,59,10.5,-110,49,41,2026-01-04 10:00:00-08:00,2026-01-02 18:16:46.925150
256939,nfl,Texans,Colts,137,133,scheduled,,,,,,,,,,,,,,,,,2026-01-04T18:00:00.000Z,15,15,256939,7987.0,-575,92,57,410,8,43,,,,39.0,-110.0,-110.0,72.0,74.0,28.0,26.0,-10.5,-111,51,59,10.5,-110,49,41,2026-01-04 10:00:00-08:00,2026-01-02 19:08:15.549458
256939,nfl,Texans,Colts,137,133,scheduled,,,,,,,,,,,,,,,,,2026-01-04T18:00:00.000Z,15,15,256939,8163.0,-575,92,57,410,8,43,,,,39.0,-110.0,-110.0,72.0,74.0,28.0,26.0,-10.0,-108,51,59,10.0,-112,49,41,2026-01-04 10:00:00-08:00,2026-01-02 20:12:30.566155
256939,nfl,Texans,Colts,137,133,scheduled,,,,,,,,,,,,,,,,,2026-01-04T18:00:00.000Z,15,15,256939,8234.0,-575,92,57,410,8,43,,,,39.0,-110.0,-110.0,72.0,74.0,28.0,26.0,-10.5,-111,51,60,10.5,-110,49,40,2026-01-04 10:00:00-08:00,2026-01-02 21:09:11.431241
256939,nfl,Texans,Colts,137,133,scheduled,,,,,,,,,,,,,,,,,2026-01-04T18:00:00.000Z,15,15,256939,8527.0,-575,92,57,410,8,43,,,,39.0,-110.0,-110.0,72.0,74.0,28.0,26.0,-10.5,-110,51,60,10.5,-110,49,40,2026-01-04 10:00:00-08:00,2026-01-02 22:11:25.806878
256939,nfl,Texans,Colts,137,133,scheduled,,,,,,,,,,,,,,,,,2026-01-04T18:00:00.000Z,15,15,256939,8663.0,-575,92,58,410,8,42,,,,39.0,-110.0,-110.0,72.0,74.0,28.0,26.0,-10.0,-108,51,60,10.0,-112,49,40,2026-01-04 10:00:00-08:00,2026-01-02 23:11:09.331885
256939,nfl,Texans,Colts,137,133,scheduled,,,,,,,,,,,,,,,,,2026-01-04T18:00:00.000Z,15,15,256939,9249.0,-550,92,60,400,8,40,,,,39.0,-110.0,-110.0,72.0,75.0,28.0,25.0,-10.0,-108,52,61,10.0,-112,48,39,2026-01-04 10:00:00-08:00,2026-01-03 02:44:40.753351
256939,nfl,Texans,Colts,137,133,scheduled,,,,,,,,,,,,,,,,,2026-01-04T18:00:00.000Z,15,15,256939,11223.0,-550,93,63,400,7,37,,,,39.0,-110.0,-110.0,73.0,75.0,27.0,25.0,-10.0,-110,53,63,10.0,-110,47,37,2026-01-04 10:00:00-08:00,2026-01-03 17:09:37.224216
256939,nfl,Texans,Colts,137,133,scheduled,,,,,,,,,,,,,,,,,2026-01-04T18:00:00.000Z,15,15,256939,11516.0,-650,93,63,470,7,37,,,,39.0,-110.0,-110.0,73.0,76.0,27.0,24.0,-10.5,-110,53,63,10.5,-110,47,37,2026-01-04 10:00:00-08:00,2026-01-03 18:15:34.550120
256939,nfl,Texans,Colts,137,133,scheduled,,,,,,,,,,,,,,,,,2026-01-04T18:00:00.000Z,15,15,256939,11965.0,-650,93,60,470,7,40,,,,39.0,-110.0,-110.0,74.0,76.0,26.0,24.0,-10.5,-110,53,63,10.5,-111,47,37,2026-01-04 10:00:00-08:00,2026-01-03 19:08:23.831758
256939,nfl,Texans,Colts,137,133,scheduled,,,,,,,,,,,,,,,,,2026-01-04T18:00:00.000Z,15,15,256939,12328.0,-650,93,60,470,7,40,,,,39.0,-110.0,-110.0,74.0,76.0,26.0,24.0,-10.5,-110,53,65,10.5,-110,47,35,2026-01-04 10:00:00-08:00,2026-01-03 20:12:08.391760
256939,nfl,Texans,Colts,137,133,scheduled,,,,,,,,,,,,,,,,,2026-01-04T18:00:00.000Z,15,15,256939,16832.0,-625,92,52,450,8,48,,,,38.5,-112.0,-110.0,74.0,76.0,26.0,24.0,-11.0,-110,54,63,11.0,-110,46,37,2026-01-04 10:00:00-08:00,2026-01-04 04:40:53.149533
256939,nfl,Texans,Colts,137,133,scheduled,,,,,,,,,,,,,,,,,2026-01-04T18:00:00.000Z,15,15,256939,18407.0,-625,92,52,450,8,48,,,,38.5,-112.0,-110.0,74.0,76.0,26.0,24.0,-10.5,-110,55,63,10.5,-110,45,37,2026-01-04 10:00:00-08:00,2026-01-04 06:17:29.585745
256939,nfl,Texans,Colts,137,133,scheduled,,,,,,,,,,,,,,,,,2026-01-04T18:00:00.000Z,15,15,256939,18973.0,-625,92,54,450,8,46,,,,38.5,-112.0,-110.0,74.0,76.0,26.0,24.0,-11.0,-110,54,65,11.0,-110,46,35,2026-01-04 10:00:00-08:00,2026-01-04 07:13:55.481528
256939,nfl,Texans,Colts,137,133,scheduled,,,,,,,,,,,,,,,,,2026-01-04T18:00:00.000Z,15,15,256939,21063.0,-625,92,52,450,8,48,,,,39.0,-110.0,-110.0,73.0,76.0,27.0,24.0,-11.0,-110,55,49,11.0,-110,45,51,2026-01-04 10:00:00-08:00,2026-01-04 12:20:17.448856
256939,nfl,Texans,Colts,137,133,scheduled,,,,,,,,,,,,,,,,,2026-01-04T18:00:00.000Z,15,15,256939,21694.0,-625,92,54,455,8,46,,,,39.0,-110.0,-110.0,73.0,77.0,27.0,23.0,-11.0,-110,55,50,11.0,-110,45,50,2026-01-04 10:00:00-08:00,2026-01-04 13:24:09.053402
256939,nfl,Texans,Colts,137,133,scheduled,,,,,,,,,,,,,,,,,2026-01-04T18:00:00.000Z,15,15,256939,25344.0,-600,92,55,425,8,45,,,,38.5,100.0,-110.0,73.0,77.0,27.0,23.0,-10.5,-111,56,50,10.5,-110,44,50,2026-01-04 10:00:00-08:00,2026-01-04 15:10:26.127149
256939,nfl,Texans,Colts,137,133,scheduled,,,,,,,,,,,,,,,,,2026-01-04T18:00:00.000Z,15,15,256939,30115.0,-600,92,56,425,8,44,,,,37.5,-112.0,-110.0,71.0,53.0,29.0,47.0,-10.0,-115,57,55,10.0,-105,43,45,2026-01-04 10:00:00-08:00,2026-01-04 16:12:42.814121
256939,nfl,Texans,Colts,137,133,scheduled,,,,,,,,,,,,,,,,,2026-01-04T18:00:00.000Z,15,15,256939,38339.0,-575,93,59,400,7,41,,,,37.5,-111.0,-110.0,71.0,55.0,29.0,45.0,-10.0,-110,57,52,10.0,-110,43,48,2026-01-04 10:00:00-08:00,2026-01-04 17:09:51.083935
256935,nfl,Falcons,Saints,151,152,scheduled,,,,,,,,,,,,,,,,,2026-01-04T18:00:00.000Z,15,15,256935,45.0,-230,0,0,190,0,0,,,,,,,,,,,-5.5,-105,0,0,5.5,-115,0,0,2026-01-04 10:00:00-08:00,2025-12-23 09:16:17.536168
256935,nfl,Falcons,Saints,151,152,scheduled,,,,,,,,,,,,,,,,,2026-01-04T18:00:00.000Z,15,15,256935,45.0,-230,0,0,190,0,0,,,,,,,,,,,-5.5,-105,0,0,5.5,-115,0,0,2026-01-04 10:00:00-08:00,2025-12-23 10:13:06.210150
256935,nfl,Falcons,Saints,151,152,scheduled,,,,,,,,,,,,,,,,,2026-01-04T18:00:00.000Z,15,15,256935,45.0,-230,0,0,190,0,0,,,,,,,,,,,-5.5,-105,0,0,5.5,-115,0,0,2026-01-04 10:00:00-08:00,2025-12-23 11:11:08.784743
256935,nfl,Falcons,Saints,151,152,scheduled,,,,,,,,,,,,,,,,,2026-01-04T18:00:00.000Z,15,15,256935,45.0,-230,0,0,190,0,0,,,,,,,,,,,-5.5,-105,0,0,5.5,-115,0,0,2026-01-04 10:00:00-08:00,2025-12-23 12:22:14.612235
256935,nfl,Falcons,Saints,151,152,scheduled,,,,,,,,,,,,,,,,,2026-01-04T18:00:00.000Z,15,15,256935,45.0,-230,0,0,190,0,0,,,,,,,,,,,-5.5,-105,0,0,5.5,-115,0,0,2026-01-04 10:00:00-08:00,2025-12-23 13:29:59.424423
256935,nfl,Falcons,Saints,151,152,scheduled,,,,,,,,,,,,,,,,,2026-01-04T18:00:00.000Z,15,15,256935,45.0,-230,0,0,190,0,0,,,,,,,,,,,-5.5,-105,0,0,5.5,-115,0,0,2026-01-04 10:00:00-08:00,2025-12-23 14:17:10.922397
256935,nfl,Falcons,Saints,151,152,scheduled,,,,,,,,,,,,,,,,,2026-01-04T18:00:00.000Z,15,15,256935,45.0,-230,0,0,190,0,0,,,,,,,,,,,-5.5,-105,0,0,5.5,-115,0,0,2026-01-04 10:00:00-08:00,2025-12-23 15:12:27.858291
256935,nfl,Falcons,Saints,151,152,scheduled,,,,,,,,,,,,,,,,,2026-01-04T18:00:00.000Z,15,15,256935,55.0,-230,0,0,190,0,0,,,,,,,,,,,-5.5,-105,0,0,5.5,-115,0,0,2026-01-04 10:00:00-08:00,2025-12-23 16:14:41.664935
256935,nfl,Falcons,Saints,151,152,scheduled,,,,,,,,,,,,,,,,,2026-01-04T18:00:00.000Z,15,15,256935,55.0,-230,0,0,190,0,0,,,,,,,,,,,-5.5,-105,0,0,5.5,-115,0,0,2026-01-04 10:00:00-08:00,2025-12-23 17:12:43.843165
256935,nfl,Falcons,Saints,151,152,scheduled,,,,,,,,,,,,,,,,,2026-01-04T18:00:00.000Z,15,15,256935,55.0,-230,0,0,190,0,0,,,,,,,,,,,-5.5,-105,0,0,5.5,-115,0,0,2026-01-04 10:00:00-08:00,2025-12-23 18:17:16.120344
256935,nfl,Falcons,Saints,151,152,scheduled,,,,,,,,,,,,,,,,,2026-01-04T18:00:00.000Z,15,15,256935,55.0,-230,0,0,190,0,0,,,,,,,,,,,-5.5,-105,0,0,5.5,-115,0,0,2026-01-04 10:00:00-08:00,2025-12-23 19:11:23.939282
256935,nfl,Falcons,Saints,151,152,scheduled,,,,,,,,,,,,,,,,,2026-01-04T18:00:00.000Z,15,15,256935,60.0,-230,0,0,190,0,0,,,,,,,,,,,-5.5,-105,0,0,5.5,-115,0,0,2026-01-04 10:00:00-08:00,2025-12-23 20:12:13.745210
256935,nfl,Falcons,Saints,151,152,scheduled,,,,,,,,,,,,,,,,,2026-01-04T18:00:00.000Z,15,15,256935,60.0,-230,0,0,190,0,0,,,,,,,,,,,-5.5,-105,0,0,5.5,-115,0,0,2026-01-04 10:00:00-08:00,2025-12-23 21:11:08.246482
256935,nfl,Falcons,Saints,151,152,scheduled,,,,,,,,,,,,,,,,,2026-01-04T18:00:00.000Z,15,15,256935,60.0,-230,0,0,190,0,0,,,,,,,,,,,-5.5,-105,0,0,5.5,-115,0,0,2026-01-04 10:00:00-08:00,2025-12-23 22:11:17.550605
256935,nfl,Falcons,Saints,151,152,scheduled,,,,,,,,,,,,,,,,,2026-01-04T18:00:00.000Z,15,15,256935,60.0,-230,0,0,190,0,0,,,,,,,,,,,-5.5,-105,0,0,5.5,-115,0,0,2026-01-04 10:00:00-08:00,2025-12-23 23:10:50.690018
256935,nfl,Falcons,Saints,151,152,scheduled,,,,,,,,,,,,,,,,,2026-01-04T18:00:00.000Z,15,15,256935,60.0,-230,0,0,190,0,0,,,,,,,,,,,-5.5,-105,0,0,5.5,-115,0,0,2026-01-04 10:00:00-08:00,2025-12-24 00:52:58.834144
256935,nfl,Falcons,Saints,151,152,scheduled,,,,,,,,,,,,,,,,,2026-01-04T18:00:00.000Z,15,15,256935,60.0,-230,0,0,190,0,0,,,,,,,,,,,-5.5,-105,0,0,5.5,-115,0,0,2026-01-04 10:00:00-08:00,2025-12-24 02:46:48.175308
256935,nfl,Falcons,Saints,151,152,scheduled,,,,,,,,,,,,,,,,,2026-01-04T18:00:00.000Z,15,15,256935,60.0,-230,0,0,190,0,0,,,,,,,,,,,-5.5,-105,0,0,5.5,-115,0,0,2026-01-04 10:00:00-08:00,2025-12-24 03:53:02.193110
256935,nfl,Falcons,Saints,151,152,scheduled,,,,,,,,,,,,,,,,,2026-01-04T18:00:00.000Z,15,15,256935,60.0,-230,0,0,190,0,0,,,,,,,,,,,-5.5,-105,0,0,5.5,-115,0,0,2026-01-04 10:00:00-08:00,2025-12-24 04:27:48.634138
256935,nfl,Falcons,Saints,151,152,scheduled,,,,,,,,,,,,,,,,,2026-01-04T18:00:00.000Z,15,15,256935,60.0,-230,0,0,190,0,0,,,,,,,,,,,-5.5,-105,0,0,5.5,-115,0,0,2026-01-04 10:00:00-08:00,2025-12-24 05:16:27.029426
256935,nfl,Falcons,Saints,151,152,scheduled,,,,,,,,,,,,,,,,,2026-01-04T18:00:00.000Z,15,15,256935,60.0,-230,0,0,190,0,0,,,,,,,,,,,-5.5,-105,0,0,5.5,-115,0,0,2026-01-04 10:00:00-08:00,2025-12-24 06:18:42.194536
256935,nfl,Falcons,Saints,151,152,scheduled,,,,,,,,,,,,,,,,,2026-01-04T18:00:00.000Z,15,15,256935,60.0,-230,0,0,190,0,0,,,,,,,,,,,-5.5,-105,0,0,5.5,-115,0,0,2026-01-04 10:00:00-08:00,2025-12-24 07:16:13.001894
256935,nfl,Falcons,Saints,151,152,scheduled,,,,,,,,,,,,,,,,,2026-01-04T18:00:00.000Z,15,15,256935,60.0,-230,0,0,190,0,0,,,,,,,,,,,-5.5,-105,0,0,5.5,-115,0,0,2026-01-04 10:00:00-08:00,2025-12-24 08:16:53.707714
256935,nfl,Falcons,Saints,151,152,scheduled,,,,,,,,,,,,,,,,,2026-01-04T18:00:00.000Z,15,15,256935,60.0,-230,0,0,190,0,0,,,,,,,,,,,-5.5,-105,0,0,5.5,-115,0,0,2026-01-04 10:00:00-08:00,2025-12-24 09:15:53.198968
256935,nfl,Falcons,Saints,151,152,scheduled,,,,,,,,,,,,,,,,,2026-01-04T18:00:00.000Z,15,15,256935,60.0,-230,0,0,190,0,0,,,,,,,,,,,-5.5,-105,0,0,5.5,-115,0,0,2026-01-04 10:00:00-08:00,2025-12-24 10:12:23.413696
256935,nfl,Falcons,Saints,151,152,scheduled,,,,,,,,,,,,,,,,,2026-01-04T18:00:00.000Z,15,15,256935,60.0,-230,0,0,190,0,0,,,,,,,,,,,-5.5,-105,0,0,5.5,-115,0,0,2026-01-04 10:00:00-08:00,2025-12-24 11:11:18.376556
256935,nfl,Falcons,Saints,151,152,scheduled,,,,,,,,,,,,,,,,,2026-01-04T18:00:00.000Z,15,15,256935,60.0,-230,0,0,190,0,0,,,,,,,,,,,-5.5,-105,0,0,5.5,-115,0,0,2026-01-04 10:00:00-08:00,2025-12-24 12:21:25.497297
256935,nfl,Falcons,Saints,151,152,scheduled,,,,,,,,,,,,,,,,,2026-01-04T18:00:00.000Z,15,15,256935,60.0,-230,0,0,190,0,0,,,,,,,,,,,-5.5,-105,0,0,5.5,-115,0,0,2026-01-04 10:00:00-08:00,2025-12-24 13:26:08.977180
256935,nfl,Falcons,Saints,151,152,scheduled,,,,,,,,,,,,,,,,,2026-01-04T18:00:00.000Z,15,15,256935,60.0,-230,0,0,190,0,0,,,,,,,,,,,-5.5,-105,0,0,5.5,-115,0,0,2026-01-04 10:00:00-08:00,2025-12-24 14:10:57.708914
256935,nfl,Falcons,Saints,151,152,scheduled,,,,,,,,,,,,,,,,,2026-01-04T18:00:00.000Z,15,15,256935,75.0,-230,0,0,190,0,0,,,,,,,,,,,-5.5,-105,0,0,5.5,-115,0,0,2026-01-04 10:00:00-08:00,2025-12-24 15:12:04.492652
256935,nfl,Falcons,Saints,151,152,scheduled,,,,,,,,,,,,,,,,,2026-01-04T18:00:00.000Z,15,15,256935,75.0,-230,0,0,190,0,0,,,,,,,,,,,-5.5,-105,0,0,5.5,-115,0,0,2026-01-04 10:00:00-08:00,2025-12-24 16:14:09.792023
256935,nfl,Falcons,Saints,151,152,scheduled,,,,,,,,,,,,,,,,,2026-01-04T18:00:00.000Z,15,15,256935,75.0,-230,0,0,190,0,0,,,,,,,,,,,-5.5,-105,0,0,5.5,-115,0,0,2026-01-04 10:00:00-08:00,2025-12-24 17:09:35.629600
256935,nfl,Falcons,Saints,151,152,scheduled,,,,,,,,,,,,,,,,,2026-01-04T18:00:00.000Z,15,15,256935,75.0,-230,0,0,190,0,0,,,,,,,,,,,-5.5,-105,0,0,5.5,-115,0,0,2026-01-04 10:00:00-08:00,2025-12-24 18:16:30.988985
256935,nfl,Falcons,Saints,151,152,scheduled,,,,,,,,,,,,,,,,,2026-01-04T18:00:00.000Z,15,15,256935,75.0,-230,0,0,190,0,0,,,,,,,,,,,-5.5,-105,0,0,5.5,-115,0,0,2026-01-04 10:00:00-08:00,2025-12-24 19:09:17.008378
256935,nfl,Falcons,Saints,151,152,scheduled,,,,,,,,,,,,,,,,,2026-01-04T18:00:00.000Z,15,15,256935,75.0,-230,0,0,190,0,0,,,,,,,,,,,-5.5,-105,0,0,5.5,-115,0,0,2026-01-04 10:00:00-08:00,2025-12-24 20:12:20.802607
256935,nfl,Falcons,Saints,151,152,scheduled,,,,,,,,,,,,,,,,,2026-01-04T18:00:00.000Z,15,15,256935,75.0,-230,0,0,190,0,0,,,,,,,,,,,-5.5,-105,0,0,5.5,-115,0,0,2026-01-04 10:00:00-08:00,2025-12-24 21:10:22.009660
256935,nfl,Falcons,Saints,151,152,scheduled,,,,,,,,,,,,,,,,,2026-01-04T18:00:00.000Z,15,15,256935,75.0,-230,0,0,190,0,0,,,,,,,,,,,-5.5,-105,0,0,5.5,-115,0,0,2026-01-04 10:00:00-08:00,2025-12-24 22:11:26.458784
256935,nfl,Falcons,Saints,151,152,scheduled,,,,,,,,,,,,,,,,,2026-01-04T18:00:00.000Z,15,15,256935,75.0,-230,0,0,190,0,0,,,,,,,,,,,-5.5,-105,0,0,5.5,-115,0,0,2026-01-04 10:00:00-08:00,2025-12-24 23:11:00.971821
256935,nfl,Falcons,Saints,151,152,scheduled,,,,,,,,,,,,,,,,,2026-01-04T18:00:00.000Z,15,15,256935,75.0,-230,0,0,190,0,0,,,,,,,,,,,-5.5,-105,0,0,5.5,-115,0,0,2026-01-04 10:00:00-08:00,2025-12-25 00:53:33.419107
256935,nfl,Falcons,Saints,151,152,scheduled,,,,,,,,,,,,,,,,,2026-01-04T18:00:00.000Z,15,15,256935,75.0,-230,0,0,190,0,0,,,,,,,,,,,-5.5,-105,0,0,5.5,-115,0,0,2026-01-04 10:00:00-08:00,2025-12-25 02:49:59.453329
256935,nfl,Falcons,Saints,151,152,scheduled,,,,,,,,,,,,,,,,,2026-01-04T18:00:00.000Z,15,15,256935,75.0,-230,0,0,190,0,0,,,,,,,,,,,-5.5,-105,0,0,5.5,-115,0,0,2026-01-04 10:00:00-08:00,2025-12-25 03:55:25.769626
256935,nfl,Falcons,Saints,151,152,scheduled,,,,,,,,,,,,,,,,,2026-01-04T18:00:00.000Z,15,15,256935,75.0,-230,0,0,190,0,0,,,,,,,,,,,-5.5,-105,0,0,5.5,-115,0,0,2026-01-04 10:00:00-08:00,2025-12-25 04:29:42.325008
256935,nfl,Falcons,Saints,151,152,scheduled,,,,,,,,,,,,,,,,,2026-01-04T18:00:00.000Z,15,15,256935,75.0,-230,0,0,190,0,0,,,,,,,,,,,-5.5,-105,0,0,5.5,-115,0,0,2026-01-04 10:00:00-08:00,2025-12-25 05:15:49.857201
256935,nfl,Falcons,Saints,151,152,scheduled,,,,,,,,,,,,,,,,,2026-01-04T18:00:00.000Z,15,15,256935,75.0,-230,0,0,190,0,0,,,,,,,,,,,-5.5,-105,0,0,5.5,-115,0,0,2026-01-04 10:00:00-08:00,2025-12-25 06:18:13.825718
256935,nfl,Falcons,Saints,151,152,scheduled,,,,,,,,,,,,,,,,,2026-01-04T18:00:00.000Z,15,15,256935,75.0,-230,0,0,190,0,0,,,,,,,,,,,-5.5,-105,0,0,5.5,-115,0,0,2026-01-04 10:00:00-08:00,2025-12-25 07:14:23.068338
256935,nfl,Falcons,Saints,151,152,scheduled,,,,,,,,,,,,,,,,,2026-01-04T18:00:00.000Z,15,15,256935,75.0,-230,0,0,190,0,0,,,,,,,,,,,-5.5,-105,0,0,5.5,-115,0,0,2026-01-04 10:00:00-08:00,2025-12-25 08:16:00.715753
256935,nfl,Falcons,Saints,151,152,scheduled,,,,,,,,,,,,,,,,,2026-01-04T18:00:00.000Z,15,15,256935,75.0,-230,0,0,190,0,0,,,,,,,,,,,-5.5,-105,0,0,5.5,-115,0,0,2026-01-04 10:00:00-08:00,2025-12-25 09:14:06.366333
256935,nfl,Falcons,Saints,151,152,scheduled,,,,,,,,,,,,,,,,,2026-01-04T18:00:00.000Z,15,15,256935,75.0,-230,0,0,190,0,0,,,,,,,,,,,-5.5,-105,0,0,5.5,-115,0,0,2026-01-04 10:00:00-08:00,2025-12-25 10:12:22.975712
256935,nfl,Falcons,Saints,151,152,scheduled,,,,,,,,,,,,,,,,,2026-01-04T18:00:00.000Z,15,15,256935,75.0,-230,0,0,190,0,0,,,,,,,,,,,-5.5,-105,0,0,5.5,-115,0,0,2026-01-04 10:00:00-08:00,2025-12-25 11:09:49.247669
256935,nfl,Falcons,Saints,151,152,scheduled,,,,,,,,,,,,,,,,,2026-01-04T18:00:00.000Z,15,15,256935,75.0,-230,0,0,190,0,0,,,,,,,,,,,-5.5,-105,0,0,5.5,-115,0,0,2026-01-04 10:00:00-08:00,2025-12-25 12:21:09.618433
256935,nfl,Falcons,Saints,151,152,scheduled,,,,,,,,,,,,,,,,,2026-01-04T18:00:00.000Z,15,15,256935,75.0,-230,0,0,190,0,0,,,,,,,,,,,-5.5,-105,0,0,5.5,-115,0,0,2026-01-04 10:00:00-08:00,2025-12-25 13:26:08.213227
256935,nfl,Falcons,Saints,151,152,scheduled,,,,,,,,,,,,,,,,,2026-01-04T18:00:00.000Z,15,15,256935,75.0,-230,0,0,190,0,0,,,,,,,,,,,-5.5,-105,0,0,5.5,-115,0,0,2026-01-04 10:00:00-08:00,2025-12-25 14:11:00.973101
256935,nfl,Falcons,Saints,151,152,scheduled,,,,,,,,,,,,,,,,,2026-01-04T18:00:00.000Z,15,15,256935,75.0,-230,0,0,190,0,0,,,,,,,,,,,-5.5,-105,0,0,5.5,-115,0,0,2026-01-04 10:00:00-08:00,2025-12-25 15:11:35.479757
256935,nfl,Falcons,Saints,151,152,scheduled,,,,,,,,,,,,,,,,,2026-01-04T18:00:00.000Z,15,15,256935,75.0,-230,0,0,190,0,0,,,,,,,,,,,-5.5,-105,0,0,5.5,-115,0,0,2026-01-04 10:00:00-08:00,2025-12-25 16:14:02.305277
256935,nfl,Falcons,Saints,151,152,scheduled,,,,,,,,,,,,,,,,,2026-01-04T18:00:00.000Z,15,15,256935,75.0,-230,0,0,190,0,0,,,,,,,,,,,-5.5,-105,0,0,5.5,-115,0,0,2026-01-04 10:00:00-08:00,2025-12-25 17:10:18.922147
256935,nfl,Falcons,Saints,151,152,scheduled,,,,,,,,,,,,,,,,,2026-01-04T18:00:00.000Z,15,15,256935,75.0,-230,0,0,190,0,0,,,,,,,,,,,-5.5,-105,0,0,5.5,-115,0,0,2026-01-04 10:00:00-08:00,2025-12-25 18:16:04.653155
256935,nfl,Falcons,Saints,151,152,scheduled,,,,,,,,,,,,,,,,,2026-01-04T18:00:00.000Z,15,15,256935,75.0,-230,0,0,190,0,0,,,,,,,,,,,-5.5,-105,0,0,5.5,-115,0,0,2026-01-04 10:00:00-08:00,2025-12-25 19:08:44.595749
256935,nfl,Falcons,Saints,151,152,scheduled,,,,,,,,,,,,,,,,,2026-01-04T18:00:00.000Z,15,15,256935,75.0,-230,0,0,190,0,0,,,,,,,,,,,-5.5,-105,0,0,5.5,-115,0,0,2026-01-04 10:00:00-08:00,2025-12-25 20:12:42.476949
256935,nfl,Falcons,Saints,151,152,scheduled,,,,,,,,,,,,,,,,,2026-01-04T18:00:00.000Z,15,15,256935,75.0,-230,0,0,190,0,0,,,,,,,,,,,-5.5,-105,0,0,5.5,-115,0,0,2026-01-04 10:00:00-08:00,2025-12-25 21:10:37.126469
256935,nfl,Falcons,Saints,151,152,scheduled,,,,,,,,,,,,,,,,,2026-01-04T18:00:00.000Z,15,15,256935,75.0,-230,0,0,190,0,0,,,,,,,,,,,-5.5,-105,0,0,5.5,-115,0,0,2026-01-04 10:00:00-08:00,2025-12-25 22:10:55.114350
256935,nfl,Falcons,Saints,151,152,scheduled,,,,,,,,,,,,,,,,,2026-01-04T18:00:00.000Z,15,15,256935,75.0,-230,0,0,190,0,0,,,,,,,,,,,-5.5,-105,0,0,5.5,-115,0,0,2026-01-04 10:00:00-08:00,2025-12-25 23:10:56.421975
256935,nfl,Falcons,Saints,151,152,scheduled,,,,,,,,,,,,,,,,,2026-01-04T18:00:00.000Z,15,15,256935,75.0,-230,0,0,190,0,0,,,,,,,,,,,-5.5,-105,0,0,5.5,-115,0,0,2026-01-04 10:00:00-08:00,2025-12-26 00:53:48.245895
256935,nfl,Falcons,Saints,151,152,scheduled,,,,,,,,,,,,,,,,,2026-01-04T18:00:00.000Z,15,15,256935,75.0,-230,0,0,190,0,0,,,,,,,,,,,-5.5,-105,0,0,5.5,-115,0,0,2026-01-04 10:00:00-08:00,2025-12-26 02:48:12.653569
256935,nfl,Falcons,Saints,151,152,scheduled,,,,,,,,,,,,,,,,,2026-01-04T18:00:00.000Z,15,15,256935,75.0,-230,0,0,190,0,0,,,,,,,,,,,-5.5,-105,0,0,5.5,-115,0,0,2026-01-04 10:00:00-08:00,2025-12-26 03:53:11.217020
256935,nfl,Falcons,Saints,151,152,scheduled,,,,,,,,,,,,,,,,,2026-01-04T18:00:00.000Z,15,15,256935,75.0,-230,0,0,190,0,0,,,,,,,,,,,-5.5,-105,0,0,5.5,-115,0,0,2026-01-04 10:00:00-08:00,2025-12-26 04:26:57.166699
256935,nfl,Falcons,Saints,151,152,scheduled,,,,,,,,,,,,,,,,,2026-01-04T18:00:00.000Z,15,15,256935,75.0,-230,0,0,190,0,0,,,,,,,,,,,-5.5,-105,0,0,5.5,-115,0,0,2026-01-04 10:00:00-08:00,2025-12-26 05:14:05.661706
256935,nfl,Falcons,Saints,151,152,scheduled,,,,,,,,,,,,,,,,,2026-01-04T18:00:00.000Z,15,15,256935,75.0,-230,0,0,190,0,0,,,,,,,,,,,-5.5,-105,0,0,5.5,-115,0,0,2026-01-04 10:00:00-08:00,2025-12-26 06:18:19.629052
256935,nfl,Falcons,Saints,151,152,scheduled,,,,,,,,,,,,,,,,,2026-01-04T18:00:00.000Z,15,15,256935,75.0,-230,0,0,190,0,0,,,,,,,,,,,-5.5,-105,0,0,5.5,-115,0,0,2026-01-04 10:00:00-08:00,2025-12-26 07:14:32.775070
256935,nfl,Falcons,Saints,151,152,scheduled,,,,,,,,,,,,,,,,,2026-01-04T18:00:00.000Z,15,15,256935,75.0,-230,0,0,190,0,0,,,,,,,,,,,-5.5,-105,0,0,5.5,-115,0,0,2026-01-04 10:00:00-08:00,2025-12-26 08:15:33.156915
256935,nfl,Falcons,Saints,151,152,scheduled,,,,,,,,,,,,,,,,,2026-01-04T18:00:00.000Z,15,15,256935,75.0,-230,0,0,190,0,0,,,,,,,,,,,-5.5,-105,0,0,5.5,-115,0,0,2026-01-04 10:00:00-08:00,2025-12-26 09:13:32.561712
256935,nfl,Falcons,Saints,151,152,scheduled,,,,,,,,,,,,,,,,,2026-01-04T18:00:00.000Z,15,15,256935,75.0,-230,0,0,190,0,0,,,,,,,,,,,-5.5,-105,0,0,5.5,-115,0,0,2026-01-04 10:00:00-08:00,2025-12-26 10:12:21.713290
256935,nfl,Falcons,Saints,151,152,scheduled,,,,,,,,,,,,,,,,,2026-01-04T18:00:00.000Z,15,15,256935,75.0,-230,0,0,190,0,0,,,,,,,,,,,-5.5,-105,0,0,5.5,-115,0,0,2026-01-04 10:00:00-08:00,2025-12-26 11:10:23.584512
256935,nfl,Falcons,Saints,151,152,scheduled,,,,,,,,,,,,,,,,,2026-01-04T18:00:00.000Z,15,15,256935,75.0,-230,0,0,190,0,0,,,,,,,,,,,-5.5,-105,0,0,5.5,-115,0,0,2026-01-04 10:00:00-08:00,2025-12-26 12:21:19.110492
256935,nfl,Falcons,Saints,151,152,scheduled,,,,,,,,,,,,,,,,,2026-01-04T18:00:00.000Z,15,15,256935,75.0,-230,0,0,190,0,0,,,,,,,,,,,-5.5,-105,0,0,5.5,-115,0,0,2026-01-04 10:00:00-08:00,2025-12-26 13:26:42.595417
256935,nfl,Falcons,Saints,151,152,scheduled,,,,,,,,,,,,,,,,,2026-01-04T18:00:00.000Z,15,15,256935,75.0,-230,0,0,190,0,0,,,,,,,,,,,-5.5,-105,0,0,5.5,-115,0,0,2026-01-04 10:00:00-08:00,2025-12-26 14:11:25.597287
256935,nfl,Falcons,Saints,151,152,scheduled,,,,,,,,,,,,,,,,,2026-01-04T18:00:00.000Z,15,15,256935,75.0,-230,0,0,190,0,0,,,,,,,,,,,-5.5,-105,0,0,5.5,-115,0,0,2026-01-04 10:00:00-08:00,2025-12-26 15:11:28.582506
256935,nfl,Falcons,Saints,151,152,scheduled,,,,,,,,,,,,,,,,,2026-01-04T18:00:00.000Z,15,15,256935,75.0,-230,0,0,190,0,0,,,,,,,,,,,-5.5,-105,0,0,5.5,-115,0,0,2026-01-04 10:00:00-08:00,2025-12-26 16:13:09.764832
256935,nfl,Falcons,Saints,151,152,scheduled,,,,,,,,,,,,,,,,,2026-01-04T18:00:00.000Z,15,15,256935,75.0,-230,0,0,190,0,0,,,,,,,,,,,-5.5,-105,0,0,5.5,-115,0,0,2026-01-04 10:00:00-08:00,2025-12-26 17:09:41.955264
256935,nfl,Falcons,Saints,151,152,scheduled,,,,,,,,,,,,,,,,,2026-01-04T18:00:00.000Z,15,15,256935,75.0,-230,0,0,190,0,0,,,,,,,,,,,-5.5,-105,0,0,5.5,-115,0,0,2026-01-04 10:00:00-08:00,2025-12-26 18:16:46.153208
256935,nfl,Falcons,Saints,151,152,scheduled,,,,,,,,,,,,,,,,,2026-01-04T18:00:00.000Z,15,15,256935,75.0,-230,0,0,190,0,0,,,,,,,,,,,-5.5,-105,0,0,5.5,-115,0,0,2026-01-04 10:00:00-08:00,2025-12-26 19:09:19.395442
256935,nfl,Falcons,Saints,151,152,scheduled,,,,,,,,,,,,,,,,,2026-01-04T18:00:00.000Z,15,15,256935,75.0,-230,0,0,190,0,0,,,,,,,,,,,-5.5,-105,0,0,5.5,-115,0,0,2026-01-04 10:00:00-08:00,2025-12-26 20:11:58.806493
256935,nfl,Falcons,Saints,151,152,scheduled,,,,,,,,,,,,,,,,,2026-01-04T18:00:00.000Z,15,15,256935,75.0,-230,0,0,190,0,0,,,,,,,,,,,-5.5,-105,0,0,5.5,-115,0,0,2026-01-04 10:00:00-08:00,2025-12-26 21:10:14.281340
256935,nfl,Falcons,Saints,151,152,scheduled,,,,,,,,,,,,,,,,,2026-01-04T18:00:00.000Z,15,15,256935,75.0,-230,0,0,190,0,0,,,,,,,,,,,-5.5,-105,0,0,5.5,-115,0,0,2026-01-04 10:00:00-08:00,2025-12-26 22:11:05.868112
256935,nfl,Falcons,Saints,151,152,scheduled,,,,,,,,,,,,,,,,,2026-01-04T18:00:00.000Z,15,15,256935,75.0,-230,0,0,190,0,0,,,,,,,,,,,-5.5,-105,0,0,5.5,-115,0,0,2026-01-04 10:00:00-08:00,2025-12-26 23:11:05.262155
256935,nfl,Falcons,Saints,151,152,scheduled,,,,,,,,,,,,,,,,,2026-01-04T18:00:00.000Z,15,15,256935,75.0,-230,0,0,190,0,0,,,,,,,,,,,-5.5,-105,0,0,5.5,-115,0,0,2026-01-04 10:00:00-08:00,2025-12-27 00:52:09.619620
256935,nfl,Falcons,Saints,151,152,scheduled,,,,,,,,,,,,,,,,,2026-01-04T18:00:00.000Z,15,15,256935,75.0,-230,0,0,190,0,0,,,,,,,,,,,-5.5,-105,0,0,5.5,-115,0,0,2026-01-04 10:00:00-08:00,2025-12-27 02:45:26.354219
256935,nfl,Falcons,Saints,151,152,scheduled,,,,,,,,,,,,,,,,,2026-01-04T18:00:00.000Z,15,15,256935,75.0,-230,0,0,190,0,0,,,,,,,,,,,-5.5,-105,0,0,5.5,-115,0,0,2026-01-04 10:00:00-08:00,2025-12-27 03:50:46.386921
256935,nfl,Falcons,Saints,151,152,scheduled,,,,,,,,,,,,,,,,,2026-01-04T18:00:00.000Z,15,15,256935,75.0,-230,0,0,190,0,0,,,,,,,,,,,-5.5,-105,0,0,5.5,-115,0,0,2026-01-04 10:00:00-08:00,2025-12-27 04:23:57.433834
256935,nfl,Falcons,Saints,151,152,scheduled,,,,,,,,,,,,,,,,,2026-01-04T18:00:00.000Z,15,15,256935,75.0,-230,0,0,190,0,0,,,,,,,,,,,-5.5,-105,0,0,5.5,-115,0,0,2026-01-04 10:00:00-08:00,2025-12-27 05:12:59.384988
256935,nfl,Falcons,Saints,151,152,scheduled,,,,,,,,,,,,,,,,,2026-01-04T18:00:00.000Z,15,15,256935,75.0,-230,0,0,190,0,0,,,,,,,,,,,-5.5,-105,0,0,5.5,-115,0,0,2026-01-04 10:00:00-08:00,2025-12-27 06:16:57.481674
256935,nfl,Falcons,Saints,151,152,scheduled,,,,,,,,,,,,,,,,,2026-01-04T18:00:00.000Z,15,15,256935,75.0,-230,0,0,190,0,0,,,,,,,,,,,-5.5,-105,0,0,5.5,-115,0,0,2026-01-04 10:00:00-08:00,2025-12-27 07:11:15.600789
256935,nfl,Falcons,Saints,151,152,scheduled,,,,,,,,,,,,,,,,,2026-01-04T18:00:00.000Z,15,15,256935,75.0,-230,0,0,190,0,0,,,,,,,,,,,-5.5,-105,0,0,5.5,-115,0,0,2026-01-04 10:00:00-08:00,2025-12-27 08:14:18.684212
256935,nfl,Falcons,Saints,151,152,scheduled,,,,,,,,,,,,,,,,,2026-01-04T18:00:00.000Z,15,15,256935,75.0,-230,0,0,190,0,0,,,,,,,,,,,-5.5,-105,0,0,5.5,-115,0,0,2026-01-04 10:00:00-08:00,2025-12-27 09:11:28.628963
256935,nfl,Falcons,Saints,151,152,scheduled,,,,,,,,,,,,,,,,,2026-01-04T18:00:00.000Z,15,15,256935,75.0,-230,0,0,190,0,0,,,,,,,,,,,-5.5,-105,0,0,5.5,-115,0,0,2026-01-04 10:00:00-08:00,2025-12-27 10:10:55.349865
256935,nfl,Falcons,Saints,151,152,scheduled,,,,,,,,,,,,,,,,,2026-01-04T18:00:00.000Z,15,15,256935,75.0,-230,0,0,190,0,0,,,,,,,,,,,-5.5,-105,0,0,5.5,-115,0,0,2026-01-04 10:00:00-08:00,2025-12-27 11:09:08.371334
256935,nfl,Falcons,Saints,151,152,scheduled,,,,,,,,,,,,,,,,,2026-01-04T18:00:00.000Z,15,15,256935,75.0,-230,0,0,190,0,0,,,,,,,,,,,-5.5,-105,0,0,5.5,-115,0,0,2026-01-04 10:00:00-08:00,2025-12-27 12:20:02.722447
256935,nfl,Falcons,Saints,151,152,scheduled,,,,,,,,,,,,,,,,,2026-01-04T18:00:00.000Z,15,15,256935,75.0,-230,0,0,190,0,0,,,,,,,,,,,-5.5,-105,0,0,5.5,-115,0,0,2026-01-04 10:00:00-08:00,2025-12-27 13:22:36.153313
256935,nfl,Falcons,Saints,151,152,scheduled,,,,,,,,,,,,,,,,,2026-01-04T18:00:00.000Z,15,15,256935,75.0,-230,0,0,190,0,0,,,,,,,,,,,-5.5,-105,0,0,5.5,-115,0,0,2026-01-04 10:00:00-08:00,2025-12-27 14:10:09.105416
256935,nfl,Falcons,Saints,151,152,scheduled,,,,,,,,,,,,,,,,,2026-01-04T18:00:00.000Z,15,15,256935,75.0,-230,0,0,190,0,0,,,,,,,,,,,-5.5,-105,0,0,5.5,-115,0,0,2026-01-04 10:00:00-08:00,2025-12-27 15:10:27.408251
256935,nfl,Falcons,Saints,151,152,scheduled,,,,,,,,,,,,,,,,,2026-01-04T18:00:00.000Z,15,15,256935,75.0,-230,0,0,190,0,0,,,,,,,,,,,-5.5,-105,0,0,5.5,-115,0,0,2026-01-04 10:00:00-08:00,2025-12-27 16:12:35.498777
256935,nfl,Falcons,Saints,151,152,scheduled,,,,,,,,,,,,,,,,,2026-01-04T18:00:00.000Z,15,15,256935,75.0,-230,0,0,190,0,0,,,,,,,,,,,-5.5,-105,0,0,5.5,-115,0,0,2026-01-04 10:00:00-08:00,2025-12-27 17:09:24.679173
256935,nfl,Falcons,Saints,151,152,scheduled,,,,,,,,,,,,,,,,,2026-01-04T18:00:00.000Z,15,15,256935,75.0,-230,0,0,190,0,0,,,,,,,,,,,-5.5,-105,0,0,5.5,-115,0,0,2026-01-04 10:00:00-08:00,2025-12-27 18:15:21.593820
256935,nfl,Falcons,Saints,151,152,scheduled,,,,,,,,,,,,,,,,,2026-01-04T18:00:00.000Z,15,15,256935,75.0,-230,0,0,190,0,0,,,,,,,,,,,-5.5,-105,0,0,5.5,-115,0,0,2026-01-04 10:00:00-08:00,2025-12-27 19:08:11.020979
256935,nfl,Falcons,Saints,151,152,scheduled,,,,,,,,,,,,,,,,,2026-01-04T18:00:00.000Z,15,15,256935,75.0,-230,0,0,190,0,0,,,,,,,,,,,-5.5,-105,0,0,5.5,-115,0,0,2026-01-04 10:00:00-08:00,2025-12-27 20:11:58.147200
256935,nfl,Falcons,Saints,151,152,scheduled,,,,,,,,,,,,,,,,,2026-01-04T18:00:00.000Z,15,15,256935,75.0,-230,0,0,190,0,0,,,,,,,,,,,-5.5,-105,0,0,5.5,-115,0,0,2026-01-04 10:00:00-08:00,2025-12-27 21:09:16.490123
256935,nfl,Falcons,Saints,151,152,scheduled,,,,,,,,,,,,,,,,,2026-01-04T18:00:00.000Z,15,15,256935,75.0,-230,0,0,190,0,0,,,,,,,,,,,-5.5,-105,0,0,5.5,-115,0,0,2026-01-04 10:00:00-08:00,2025-12-27 22:10:37.549818
256935,nfl,Falcons,Saints,151,152,scheduled,,,,,,,,,,,,,,,,,2026-01-04T18:00:00.000Z,15,15,256935,75.0,-230,0,0,190,0,0,,,,,,,,,,,-5.5,-105,0,0,5.5,-115,0,0,2026-01-04 10:00:00-08:00,2025-12-27 23:10:56.507855
256935,nfl,Falcons,Saints,151,152,scheduled,,,,,,,,,,,,,,,,,2026-01-04T18:00:00.000Z,15,15,256935,75.0,-230,0,0,190,0,0,,,,,,,,,,,-5.5,-105,0,0,5.5,-115,0,0,2026-01-04 10:00:00-08:00,2025-12-28 01:00:23.835801
256935,nfl,Falcons,Saints,151,152,scheduled,,,,,,,,,,,,,,,,,2026-01-04T18:00:00.000Z,15,15,256935,75.0,-230,0,0,190,0,0,,,,,,,,,,,-5.5,-105,0,0,5.5,-115,0,0,2026-01-04 10:00:00-08:00,2025-12-28 03:06:32.710666
256935,nfl,Falcons,Saints,151,152,scheduled,,,,,,,,,,,,,,,,,2026-01-04T18:00:00.000Z,15,15,256935,75.0,-230,0,0,190,0,0,,,,,,,,,,,-5.5,-105,0,0,5.5,-115,0,0,2026-01-04 10:00:00-08:00,2025-12-28 04:37:04.226145
256935,nfl,Falcons,Saints,151,152,scheduled,,,,,,,,,,,,,,,,,2026-01-04T18:00:00.000Z,15,15,256935,90.0,-230,0,0,190,0,0,,,,,,,,,,,-5.5,-105,0,0,5.5,-115,0,0,2026-01-04 10:00:00-08:00,2025-12-28 05:16:17.294985
256935,nfl,Falcons,Saints,151,152,scheduled,,,,,,,,,,,,,,,,,2026-01-04T18:00:00.000Z,15,15,256935,100.0,-230,0,0,190,0,0,,,,,,,,,,,-5.5,-105,0,0,5.5,-115,0,0,2026-01-04 10:00:00-08:00,2025-12-28 06:17:08.821207
256935,nfl,Falcons,Saints,151,152,scheduled,,,,,,,,,,,,,,,,,2026-01-04T18:00:00.000Z,15,15,256935,106.0,-230,0,0,190,0,0,,,,,,,,,,,-5.5,-105,0,0,5.5,-115,0,0,2026-01-04 10:00:00-08:00,2025-12-28 07:12:39.376726
256935,nfl,Falcons,Saints,151,152,scheduled,,,,,,,,,,,,,,,,,2026-01-04T18:00:00.000Z,15,15,256935,106.0,-230,0,0,190,0,0,,,,,,,,,,,-5.5,-105,0,0,5.5,-115,0,0,2026-01-04 10:00:00-08:00,2025-12-28 08:15:12.992681
256935,nfl,Falcons,Saints,151,152,scheduled,,,,,,,,,,,,,,,,,2026-01-04T18:00:00.000Z,15,15,256935,106.0,-230,0,0,190,0,0,,,,,,,,,,,-5.5,-105,0,0,5.5,-115,0,0,2026-01-04 10:00:00-08:00,2025-12-28 09:11:07.181303
256935,nfl,Falcons,Saints,151,152,scheduled,,,,,,,,,,,,,,,,,2026-01-04T18:00:00.000Z,15,15,256935,106.0,-230,0,0,190,0,0,,,,,,,,,,,-5.5,-105,0,0,5.5,-115,0,0,2026-01-04 10:00:00-08:00,2025-12-28 10:11:08.388558
256935,nfl,Falcons,Saints,151,152,scheduled,,,,,,,,,,,,,,,,,2026-01-04T18:00:00.000Z,15,15,256935,106.0,-230,0,0,190,0,0,,,,,,,,,,,-5.5,-105,0,0,5.5,-115,0,0,2026-01-04 10:00:00-08:00,2025-12-28 11:09:38.837778
256935,nfl,Falcons,Saints,151,152,scheduled,,,,,,,,,,,,,,,,,2026-01-04T18:00:00.000Z,15,15,256935,106.0,-230,0,0,190,0,0,,,,,,,,,,,-5.5,-105,0,0,5.5,-115,0,0,2026-01-04 10:00:00-08:00,2025-12-28 12:20:06.953014
256935,nfl,Falcons,Saints,151,152,scheduled,,,,,,,,,,,,,,,,,2026-01-04T18:00:00.000Z,15,15,256935,106.0,-230,0,0,190,0,0,,,,,,,,,,,-5.5,-105,0,0,5.5,-115,0,0,2026-01-04 10:00:00-08:00,2025-12-28 13:23:27.247143
256935,nfl,Falcons,Saints,151,152,scheduled,,,,,,,,,,,,,,,,,2026-01-04T18:00:00.000Z,15,15,256935,111.0,-230,0,0,190,0,0,,,,,,,,,,,-5.5,-105,0,0,5.5,-115,0,0,2026-01-04 10:00:00-08:00,2025-12-28 14:10:52.394624
256935,nfl,Falcons,Saints,151,152,scheduled,,,,,,,,,,,,,,,,,2026-01-04T18:00:00.000Z,15,15,256935,111.0,-230,0,0,190,0,0,,,,,,,,,,,-5.5,-105,0,0,5.5,-115,0,0,2026-01-04 10:00:00-08:00,2025-12-28 15:10:53.771829
256935,nfl,Falcons,Saints,151,152,scheduled,,,,,,,,,,,,,,,,,2026-01-04T18:00:00.000Z,15,15,256935,111.0,-230,0,0,190,0,0,,,,,,,,,,,-5.5,-105,0,0,5.5,-115,0,0,2026-01-04 10:00:00-08:00,2025-12-28 16:12:43.249346
256935,nfl,Falcons,Saints,151,152,scheduled,,,,,,,,,,,,,,,,,2026-01-04T18:00:00.000Z,15,15,256935,111.0,-230,0,0,190,0,0,,,,,,,,,,,-5.5,-105,0,0,5.5,-115,0,0,2026-01-04 10:00:00-08:00,2025-12-28 17:09:55.421727
256935,nfl,Falcons,Saints,151,152,scheduled,,,,,,,,,,,,,,,,,2026-01-04T18:00:00.000Z,15,15,256935,111.0,-230,0,0,190,0,0,,,,,,,,,,,-5.5,-105,0,0,5.5,-115,0,0,2026-01-04 10:00:00-08:00,2025-12-28 18:16:04.872989
256935,nfl,Falcons,Saints,151,152,scheduled,,,,,,,,,,,,,,,,,2026-01-04T18:00:00.000Z,15,15,256935,111.0,-230,0,0,190,0,0,,,,,,,,,,,-5.5,-105,0,0,5.5,-115,0,0,2026-01-04 10:00:00-08:00,2025-12-28 19:08:36.704489
256935,nfl,Falcons,Saints,151,152,scheduled,,,,,,,,,,,,,,,,,2026-01-04T18:00:00.000Z,15,15,256935,111.0,-230,0,0,190,0,0,,,,,,,,,,,-5.5,-105,0,0,5.5,-115,0,0,2026-01-04 10:00:00-08:00,2025-12-28 20:12:38.642673
256935,nfl,Falcons,Saints,151,152,scheduled,,,,,,,,,,,,,,,,,2026-01-04T18:00:00.000Z,15,15,256935,111.0,-230,0,0,190,0,0,,,,,,,,,,,-5.5,-105,0,0,5.5,-115,0,0,2026-01-04 10:00:00-08:00,2025-12-28 21:10:03.650143
256935,nfl,Falcons,Saints,151,152,scheduled,,,,,,,,,,,,,,,,,2026-01-04T18:00:00.000Z,15,15,256935,136.0,-230,0,0,190,0,0,,,,,,,,,,,-5.5,-105,0,0,5.5,-115,0,0,2026-01-04 10:00:00-08:00,2025-12-28 22:10:56.332363
256935,nfl,Falcons,Saints,151,152,scheduled,,,,,,,,,,,,,,,,,2026-01-04T18:00:00.000Z,15,15,256935,161.0,-230,0,0,190,0,0,,,,,,,,,,,-5.5,-105,0,0,5.5,-115,0,0,2026-01-04 10:00:00-08:00,2025-12-28 23:10:56.836228
256935,nfl,Falcons,Saints,151,152,scheduled,,,,,,,,,,,,,,,,,2026-01-04T18:00:00.000Z,15,15,256935,171.0,-155,0,0,130,0,0,,,,43.0,-110.0,-110.0,0.0,0.0,0.0,0.0,-2.5,-118,0,0,2.5,-104,0,0,2026-01-04 10:00:00-08:00,2025-12-29 00:58:37.946408
256935,nfl,Falcons,Saints,151,152,scheduled,,,,,,,,,,,,,,,,,2026-01-04T18:00:00.000Z,15,15,256935,302.0,-150,69,89,125,31,11,,,,43.5,-100.0,-115.0,0.0,0.0,0.0,0.0,-2.5,-115,0,0,2.5,-105,0,0,2026-01-04 10:00:00-08:00,2025-12-29 03:04:36.525929
256935,nfl,Falcons,Saints,151,152,scheduled,,,,,,,,,,,,,,,,,2026-01-04T18:00:00.000Z,15,15,256935,459.0,-146,65,81,124,35,19,,,,43.5,-105.0,-115.0,0.0,0.0,0.0,0.0,-2.5,-115,0,0,2.5,-105,0,0,2026-01-04 10:00:00-08:00,2025-12-29 06:20:42.322318
256935,nfl,Falcons,Saints,151,152,scheduled,,,,,,,,,,,,,,,,,2026-01-04T18:00:00.000Z,15,15,256935,565.0,-146,64,68,124,36,32,,,,43.5,-110.0,-110.0,59.0,59.0,41.0,41.0,-2.5,-111,0,0,2.5,-110,0,0,2026-01-04 10:00:00-08:00,2025-12-29 12:22:47.110663
256935,nfl,Falcons,Saints,151,152,scheduled,,,,,,,,,,,,,,,,,2026-01-04T18:00:00.000Z,15,15,256935,747.0,-142,63,67,120,37,33,,,,43.5,-110.0,-110.0,57.0,56.0,43.0,44.0,-2.5,-110,0,0,2.5,-110,0,0,2026-01-04 10:00:00-08:00,2025-12-29 19:09:35.062004
256935,nfl,Falcons,Saints,151,152,scheduled,,,,,,,,,,,,,,,,,2026-01-04T18:00:00.000Z,15,15,256935,989.0,-146,64,65,124,36,35,,,,43.5,-111.0,-110.0,57.0,57.0,43.0,43.0,-2.5,-110,49,50,2.5,-110,51,50,2026-01-04 10:00:00-08:00,2025-12-30 02:50:47.172334
256935,nfl,Falcons,Saints,151,152,scheduled,,,,,,,,,,,,,,,,,2026-01-04T18:00:00.000Z,15,15,256935,1075.0,-152,64,65,125,36,35,,,,43.5,-110.0,-110.0,57.0,57.0,43.0,43.0,-2.5,-110,49,50,2.5,-111,51,50,2026-01-04 10:00:00-08:00,2025-12-30 04:32:59.972002
256935,nfl,Falcons,Saints,151,152,scheduled,,,,,,,,,,,,,,,,,2026-01-04T18:00:00.000Z,15,15,256935,1171.0,-162,64,65,136,36,35,,,,43.5,-110.0,-110.0,57.0,57.0,43.0,43.0,-3.0,-110,49,50,3.0,-110,51,50,2026-01-04 10:00:00-08:00,2025-12-30 05:15:56.935717
256935,nfl,Falcons,Saints,151,152,scheduled,,,,,,,,,,,,,,,,,2026-01-04T18:00:00.000Z,15,15,256935,1211.0,-161,64,66,135,36,34,,,,43.5,-110.0,-110.0,58.0,58.0,42.0,42.0,-3.0,-110,49,50,3.0,-110,51,50,2026-01-04 10:00:00-08:00,2025-12-30 06:18:32.530531
256935,nfl,Falcons,Saints,151,152,scheduled,,,,,,,,,,,,,,,,,2026-01-04T18:00:00.000Z,15,15,256935,1650.0,-162,70,85,136,30,15,,,,43.5,-110.0,-110.0,60.0,66.0,40.0,34.0,-3.0,-105,55,43,3.0,-115,45,57,2026-01-04 10:00:00-08:00,2025-12-30 16:14:46.330090
256935,nfl,Falcons,Saints,151,152,scheduled,,,,,,,,,,,,,,,,,2026-01-04T18:00:00.000Z,15,15,256935,1782.0,-162,70,85,140,30,15,,,,43.5,-110.0,-110.0,60.0,66.0,40.0,34.0,-3.0,-110,55,43,3.0,-110,45,57,2026-01-04 10:00:00-08:00,2025-12-30 17:13:28.843030
256935,nfl,Falcons,Saints,151,152,scheduled,,,,,,,,,,,,,,,,,2026-01-04T18:00:00.000Z,15,15,256935,1913.0,-166,71,85,140,29,15,,,,43.5,-110.0,-110.0,61.0,67.0,39.0,33.0,-3.0,-110,56,43,3.0,-110,44,57,2026-01-04 10:00:00-08:00,2025-12-30 18:17:29.935641
256935,nfl,Falcons,Saints,151,152,scheduled,,,,,,,,,,,,,,,,,2026-01-04T18:00:00.000Z,15,15,256935,1968.0,-175,71,86,145,29,14,,,,43.5,-110.0,-110.0,62.0,67.0,38.0,33.0,-3.5,-110,56,42,3.5,-110,44,58,2026-01-04 10:00:00-08:00,2025-12-30 19:10:27.022932
256935,nfl,Falcons,Saints,151,152,scheduled,,,,,,,,,,,,,,,,,2026-01-04T18:00:00.000Z,15,15,256935,2191.0,-185,72,86,155,28,14,,,,43.5,-111.0,-110.0,63.0,69.0,37.0,31.0,-3.5,-108,55,41,3.5,-112,45,59,2026-01-04 10:00:00-08:00,2025-12-30 21:11:19.391681
256935,nfl,Falcons,Saints,151,152,scheduled,,,,,,,,,,,,,,,,,2026-01-04T18:00:00.000Z,15,15,256935,2418.0,-180,73,85,150,27,15,,,,43.5,-111.0,-110.0,63.0,70.0,37.0,30.0,-3.5,-102,54,41,3.5,-118,46,59,2026-01-04 10:00:00-08:00,2025-12-30 23:10:34.579765
256935,nfl,Falcons,Saints,151,152,scheduled,,,,,,,,,,,,,,,,,2026-01-04T18:00:00.000Z,15,15,256935,3594.0,-180,75,81,150,25,19,,,,43.5,-111.0,-110.0,66.0,72.0,34.0,28.0,-3.0,-115,55,51,3.0,-105,45,49,2026-01-04 10:00:00-08:00,2025-12-31 14:11:49.969719
256935,nfl,Falcons,Saints,151,152,scheduled,,,,,,,,,,,,,,,,,2026-01-04T18:00:00.000Z,15,15,256935,3715.0,-180,75,81,150,25,19,,,,43.5,-111.0,-110.0,66.0,71.0,34.0,29.0,-3.5,-102,54,51,3.5,-118,46,49,2026-01-04 10:00:00-08:00,2025-12-31 15:12:09.192562
256935,nfl,Falcons,Saints,151,152,scheduled,,,,,,,,,,,,,,,,,2026-01-04T18:00:00.000Z,15,15,256935,3902.0,-175,75,81,145,25,19,,,,45.0,-110.0,-110.0,66.0,70.0,34.0,30.0,-3.0,-115,54,51,3.0,-105,46,49,2026-01-04 10:00:00-08:00,2025-12-31 16:14:19.663126
256935,nfl,Falcons,Saints,151,152,scheduled,,,,,,,,,,,,,,,,,2026-01-04T18:00:00.000Z,15,15,256935,5518.0,-185,77,78,160,23,22,,,,44.5,102.0,-120.0,70.0,75.0,30.0,25.0,-3.5,-105,48,47,3.5,-115,52,53,2026-01-04 10:00:00-08:00,2026-01-01 16:14:26.066742
256935,nfl,Falcons,Saints,151,152,scheduled,,,,,,,,,,,,,,,,,2026-01-04T18:00:00.000Z,15,15,256935,5705.0,-185,77,78,154,23,22,,,,44.5,102.0,-120.0,71.0,75.0,29.0,25.0,-3.5,-105,48,48,3.5,-115,52,52,2026-01-04 10:00:00-08:00,2026-01-01 17:11:45.660441
256935,nfl,Falcons,Saints,151,152,scheduled,,,,,,,,,,,,,,,,,2026-01-04T18:00:00.000Z,15,15,256935,5891.0,-185,77,78,154,23,22,,,,44.5,-105.0,-115.0,71.0,75.0,29.0,25.0,-3.5,-105,48,48,3.5,-115,52,52,2026-01-04 10:00:00-08:00,2026-01-01 18:17:02.794481
256935,nfl,Falcons,Saints,151,152,scheduled,,,,,,,,,,,,,,,,,2026-01-04T18:00:00.000Z,15,15,256935,6033.0,-185,77,78,154,23,22,,,,44.0,-110.0,-110.0,71.0,76.0,29.0,24.0,-3.5,-105,49,48,3.5,-115,51,52,2026-01-04 10:00:00-08:00,2026-01-01 19:09:57.350420
256935,nfl,Falcons,Saints,151,152,scheduled,,,,,,,,,,,,,,,,,2026-01-04T18:00:00.000Z,15,15,256935,6447.0,-185,77,77,154,23,23,,,,44.5,102.0,-120.0,71.0,75.0,29.0,25.0,-3.5,-108,50,50,3.5,-112,50,50,2026-01-04 10:00:00-08:00,2026-01-01 22:11:03.132367
256935,nfl,Falcons,Saints,151,152,scheduled,,,,,,,,,,,,,,,,,2026-01-04T18:00:00.000Z,15,15,256935,8471.0,-185,77,77,155,23,23,,,,44.0,-110.0,-110.0,69.0,70.0,31.0,30.0,-3.5,-108,49,49,3.5,-112,51,51,2026-01-04 10:00:00-08:00,2026-01-02 19:08:15.549458
256935,nfl,Falcons,Saints,151,152,scheduled,,,,,,,,,,,,,,,,,2026-01-04T18:00:00.000Z,15,15,256935,8709.0,-190,77,77,160,23,23,,,,44.5,100.0,-120.0,69.0,70.0,31.0,30.0,-3.5,-108,49,49,3.5,-112,51,51,2026-01-04 10:00:00-08:00,2026-01-02 20:12:30.566155
256935,nfl,Falcons,Saints,151,152,scheduled,,,,,,,,,,,,,,,,,2026-01-04T18:00:00.000Z,15,15,256935,12783.0,-190,77,78,160,23,22,,,,44.0,-110.0,-110.0,67.0,71.0,33.0,29.0,-3.5,-108,49,50,3.5,-112,51,50,2026-01-04 10:00:00-08:00,2026-01-03 14:10:41.961023
256935,nfl,Falcons,Saints,151,152,scheduled,,,,,,,,,,,,,,,,,2026-01-04T18:00:00.000Z,15,15,256935,13030.0,-190,77,78,160,23,22,,,,43.5,-115.0,-111.0,67.0,71.0,33.0,29.0,-3.5,-110,49,50,3.5,-111,51,50,2026-01-04 10:00:00-08:00,2026-01-03 15:10:44.198057
256935,nfl,Falcons,Saints,151,152,scheduled,,,,,,,,,,,,,,,,,2026-01-04T18:00:00.000Z,15,15,256935,13429.0,-190,77,78,160,23,22,,,,43.5,-120.0,-111.0,68.0,71.0,32.0,29.0,-3.5,-110,49,50,3.5,-111,51,50,2026-01-04 10:00:00-08:00,2026-01-03 16:12:51.505589
256935,nfl,Falcons,Saints,151,152,scheduled,,,,,,,,,,,,,,,,,2026-01-04T18:00:00.000Z,15,15,256935,13823.0,-190,77,79,160,23,21,,,,43.5,-115.0,-111.0,68.0,71.0,32.0,29.0,-3.5,-110,48,50,3.5,-111,52,50,2026-01-04 10:00:00-08:00,2026-01-03 17:09:37.224216
256935,nfl,Falcons,Saints,151,152,scheduled,,,,,,,,,,,,,,,,,2026-01-04T18:00:00.000Z,15,15,256935,14282.0,-190,77,79,160,23,21,,,,43.5,-110.0,-110.0,68.0,71.0,32.0,29.0,-3.5,-110,49,50,3.5,-111,51,50,2026-01-04 10:00:00-08:00,2026-01-03 18:15:34.550120
256935,nfl,Falcons,Saints,151,152,scheduled,,,,,,,,,,,,,,,,,2026-01-04T18:00:00.000Z,15,15,256935,19588.0,-180,77,77,150,23,23,,,,43.5,-110.0,-105.0,67.0,66.0,33.0,34.0,-3.5,-105,49,43,3.5,-115,51,57,2026-01-04 10:00:00-08:00,2026-01-04 04:40:53.149533
256935,nfl,Falcons,Saints,151,152,scheduled,,,,,,,,,,,,,,,,,2026-01-04T18:00:00.000Z,15,15,256935,20598.0,-180,77,77,150,23,23,,,,43.5,-110.0,-105.0,67.0,66.0,33.0,34.0,-3.5,-108,49,43,3.5,-112,51,57,2026-01-04 10:00:00-08:00,2026-01-04 05:18:52.322360
256935,nfl,Falcons,Saints,151,152,scheduled,,,,,,,,,,,,,,,,,2026-01-04T18:00:00.000Z,15,15,256935,21805.0,-180,77,76,154,23,24,,,,43.5,-110.0,-105.0,67.0,63.0,33.0,37.0,-3.5,-105,49,44,3.5,-115,51,56,2026-01-04 10:00:00-08:00,2026-01-04 06:17:29.585745
256935,nfl,Falcons,Saints,151,152,scheduled,,,,,,,,,,,,,,,,,2026-01-04T18:00:00.000Z,15,15,256935,22623.0,-180,77,76,154,23,24,,,,43.5,-110.0,-105.0,66.0,61.0,34.0,39.0,-3.5,-108,49,45,3.5,-112,51,55,2026-01-04 10:00:00-08:00,2026-01-04 07:13:55.481528
256935,nfl,Falcons,Saints,151,152,scheduled,,,,,,,,,,,,,,,,,2026-01-04T18:00:00.000Z,15,15,256935,24955.0,-180,77,78,154,23,22,,,,43.5,-115.0,-105.0,65.0,55.0,35.0,45.0,-3.5,-108,49,42,3.5,-112,51,58,2026-01-04 10:00:00-08:00,2026-01-04 11:09:39.769549
256935,nfl,Falcons,Saints,151,152,scheduled,,,,,,,,,,,,,,,,,2026-01-04T18:00:00.000Z,15,15,256935,25662.0,-180,77,78,154,23,22,,,,43.5,-110.0,-110.0,65.0,55.0,35.0,45.0,-3.5,-108,48,43,3.5,-112,52,57,2026-01-04 10:00:00-08:00,2026-01-04 12:20:17.448856
256935,nfl,Falcons,Saints,151,152,scheduled,,,,,,,,,,,,,,,,,2026-01-04T18:00:00.000Z,15,15,256935,26783.0,-180,77,79,154,23,21,,,,43.5,-111.0,-110.0,65.0,55.0,35.0,45.0,-3.5,-105,48,46,3.5,-115,52,54,2026-01-04 10:00:00-08:00,2026-01-04 13:24:09.053402
256935,nfl,Falcons,Saints,151,152,scheduled,,,,,,,,,,,,,,,,,2026-01-04T18:00:00.000Z,15,15,256935,28277.0,-180,77,79,154,23,21,,,,43.5,-115.0,-105.0,65.0,55.0,35.0,45.0,-3.5,-105,48,46,3.5,-115,52,54,2026-01-04 10:00:00-08:00,2026-01-04 14:10:40.811639
256935,nfl,Falcons,Saints,151,152,scheduled,,,,,,,,,,,,,,,,,2026-01-04T18:00:00.000Z,15,15,256935,31705.0,-180,78,79,154,22,21,,,,43.5,-111.0,-110.0,65.0,56.0,35.0,44.0,-3.5,-105,48,45,3.5,-115,52,55,2026-01-04 10:00:00-08:00,2026-01-04 15:10:26.127149
256935,nfl,Falcons,Saints,151,152,scheduled,,,,,,,,,,,,,,,,,2026-01-04T18:00:00.000Z,15,15,256935,37910.0,-192,78,77,160,22,23,,,,43.5,-110.0,-110.0,65.0,58.0,35.0,42.0,-3.5,-110,48,43,3.5,-111,52,57,2026-01-04 10:00:00-08:00,2026-01-04 16:12:42.814121
256935,nfl,Falcons,Saints,151,152,scheduled,,,,,,,,,,,,,,,,,2026-01-04T18:00:00.000Z,15,15,256935,48800.0,-200,78,81,170,22,19,,,,43.5,-110.0,-110.0,65.0,60.0,35.0,40.0,-4.0,-105,47,44,4.0,-115,53,56,2026-01-04 10:00:00-08:00,2026-01-04 17:09:51.083935
256931,nfl,Broncos,Chargers,136,1325,scheduled,,,,,,,,,,,,,,,,,2026-01-04T18:00:00.000Z,15,15,256931,55.0,-142,0,0,120,0,0,,,,42.5,-110.0,-110.0,0.0,0.0,0.0,0.0,-2.5,-110,0,0,2.5,-110,0,0,2026-01-04 10:00:00-08:00,2025-12-23 09:16:17.536168
256931,nfl,Broncos,Chargers,136,1325,scheduled,,,,,,,,,,,,,,,,,2026-01-04T18:00:00.000Z,15,15,256931,474.0,-366,85,88,277,15,12,,,,38.5,-110.0,-110.0,74.0,66.0,26.0,34.0,-7.5,-110,0,0,7.5,-110,0,0,2026-01-04 10:00:00-08:00,2025-12-29 03:04:36.525929
256931,nfl,Broncos,Chargers,136,1325,scheduled,,,,,,,,,,,,,,,,,2026-01-04T18:00:00.000Z,15,15,256931,747.0,-340,83,85,267,17,15,,,,39.5,-110.0,-110.0,74.0,66.0,26.0,34.0,-7.0,-110,0,0,7.0,-110,0,0,2026-01-04 10:00:00-08:00,2025-12-29 04:40:36.159199
256931,nfl,Broncos,Chargers,136,1325,scheduled,,,,,,,,,,,,,,,,,2026-01-04T18:00:00.000Z,15,15,256931,893.0,-340,81,79,275,19,21,,,,39.5,-110.0,-110.0,75.0,67.0,25.0,33.0,-7.0,-110,0,0,7.0,-110,0,0,2026-01-04 10:00:00-08:00,2025-12-29 05:20:58.012143
256931,nfl,Broncos,Chargers,136,1325,scheduled,,,,,,,,,,,,,,,,,2026-01-04T18:00:00.000Z,15,15,256931,1034.0,-375,81,79,280,19,21,,,,39.5,-110.0,-110.0,75.0,67.0,25.0,33.0,-7.5,-110,0,0,7.5,-110,0,0,2026-01-04 10:00:00-08:00,2025-12-29 06:20:42.322318
256931,nfl,Broncos,Chargers,136,1325,scheduled,,,,,,,,,,,,,,,,,2026-01-04T21:25:00.000Z,15,15,256931,1151.0,-375,79,74,280,21,26,,,,39.5,-109.0,-110.0,75.0,69.0,25.0,31.0,-7.5,-110,24,14,7.5,-110,76,86,2026-01-04 13:25:00-08:00,2025-12-29 08:18:19.189375
256931,nfl,Broncos,Chargers,136,1325,scheduled,,,,,,,,,,,,,,,,,2026-01-04T21:25:00.000Z,15,15,256931,1166.0,-375,78,74,280,22,26,,,,39.5,-108.0,-110.0,75.0,68.0,25.0,32.0,-7.5,-110,24,14,7.5,-110,76,86,2026-01-04 13:25:00-08:00,2025-12-29 09:20:27.955615
256931,nfl,Broncos,Chargers,136,1325,scheduled,,,,,,,,,,,,,,,,,2026-01-04T21:25:00.000Z,15,15,256931,1585.0,-375,80,70,280,20,30,,,,39.5,-108.0,-112.0,76.0,71.0,24.0,29.0,-7.5,-110,26,13,7.5,-110,74,87,2026-01-04 13:25:00-08:00,2025-12-29 16:13:44.953517
256931,nfl,Broncos,Chargers,136,1325,scheduled,,,,,,,,,,,,,,,,,2026-01-04T21:25:00.000Z,15,15,256931,1802.0,-340,80,69,275,20,31,,,,39.5,-108.0,-112.0,76.0,70.0,24.0,30.0,-7.5,-110,25,13,7.5,-110,75,87,2026-01-04 13:25:00-08:00,2025-12-29 17:10:31.662811
256931,nfl,Broncos,Chargers,136,1325,scheduled,,,,,,,,,,,,,,,,,2026-01-04T21:25:00.000Z,15,15,256931,2044.0,-385,80,67,300,20,33,,,,39.5,-108.0,-112.0,76.0,70.0,24.0,30.0,-7.5,-110,24,11,7.5,-110,76,89,2026-01-04 13:25:00-08:00,2025-12-29 19:09:35.062004
256931,nfl,Broncos,Chargers,136,1325,scheduled,,,,,,,,,,,,,,,,,2026-01-04T21:25:00.000Z,15,15,256931,2453.0,-550,81,66,450,19,34,,,,37.5,-110.0,-110.0,75.0,70.0,25.0,30.0,-11.5,-110,23,11,11.5,-110,77,89,2026-01-04 13:25:00-08:00,2025-12-29 22:11:03.624866
256931,nfl,Broncos,Chargers,136,1325,scheduled,,,,,,,,,,,,,,,,,2026-01-04T21:25:00.000Z,15,15,256931,2600.0,-667,80,63,475,20,37,,,,37.5,-110.0,-110.0,74.0,70.0,26.0,30.0,-11.5,-110,24,18,11.5,-110,76,82,2026-01-04 13:25:00-08:00,2025-12-29 23:10:56.655569
256931,nfl,Broncos,Chargers,136,1325,scheduled,,,,,,,,,,,,,,,,,2026-01-04T21:25:00.000Z,15,15,256931,2675.0,-770,81,74,550,19,26,,,,37.5,-110.0,-110.0,74.0,71.0,26.0,29.0,-12.5,-110,23,21,12.5,-110,77,79,2026-01-04 13:25:00-08:00,2025-12-30 00:53:54.752783
256931,nfl,Broncos,Chargers,136,1325,scheduled,,,,,,,,,,,,,,,,,2026-01-04T21:25:00.000Z,15,15,256931,3433.0,-770,79,74,570,21,26,,,,37.5,-110.0,-110.0,74.0,75.0,26.0,25.0,-12.5,-110,20,27,12.5,-110,80,73,2026-01-04 13:25:00-08:00,2025-12-30 12:22:15.314614
256931,nfl,Broncos,Chargers,136,1325,scheduled,,,,,,,,,,,,,,,,,2026-01-04T21:25:00.000Z,15,15,256931,3842.0,-820,79,73,570,21,27,,,,37.5,-110.0,-110.0,75.0,76.0,25.0,24.0,-12.5,-110,21,32,12.5,-110,79,68,2026-01-04 13:25:00-08:00,2025-12-30 18:17:29.935641
256931,nfl,Broncos,Chargers,136,1325,scheduled,,,,,,,,,,,,,,,,,2026-01-04T21:25:00.000Z,15,15,256931,6255.0,-820,83,62,550,17,38,,,,37.5,-110.0,-110.0,78.0,83.0,22.0,17.0,-12.5,-110,26,36,12.5,-110,74,64,2026-01-04 13:25:00-08:00,2026-01-01 16:14:26.066742
256931,nfl,Broncos,Chargers,136,1325,scheduled,,,,,,,,,,,,,,,,,2026-01-04T21:25:00.000Z,15,15,256931,6437.0,-820,83,61,575,17,39,,,,37.5,-110.0,-110.0,78.0,82.0,22.0,18.0,-12.5,-110,26,36,12.5,-110,74,64,2026-01-04 13:25:00-08:00,2026-01-01 18:17:02.794481
256931,nfl,Broncos,Chargers,136,1325,scheduled,,,,,,,,,,,,,,,,,2026-01-04T21:25:00.000Z,15,15,256931,6558.0,-820,83,60,550,17,40,,,,37.5,-110.0,-110.0,78.0,82.0,22.0,18.0,-12.5,-110,26,36,12.5,-110,74,64,2026-01-04 13:25:00-08:00,2026-01-01 19:09:57.350420
256931,nfl,Broncos,Chargers,136,1325,scheduled,,,,,,,,,,,,,,,,,2026-01-04T21:25:00.000Z,15,15,256931,6634.0,-820,83,60,575,17,40,,,,37.5,-110.0,-110.0,78.0,82.0,22.0,18.0,-12.5,-110,24,27,12.5,-110,76,73,2026-01-04 13:25:00-08:00,2026-01-01 20:13:10.714914
256931,nfl,Broncos,Chargers,136,1325,scheduled,,,,,,,,,,,,,,,,,2026-01-04T21:25:00.000Z,15,15,256931,6755.0,-850,83,60,600,17,40,,,,37.5,-110.0,-110.0,78.0,83.0,22.0,17.0,-12.5,-110,24,26,12.5,-110,76,74,2026-01-04 13:25:00-08:00,2026-01-01 21:10:51.329680
256931,nfl,Broncos,Chargers,136,1325,scheduled,,,,,,,,,,,,,,,,,2026-01-04T21:25:00.000Z,15,15,256931,9143.0,-850,84,58,590,16,42,,,,37.5,-110.0,-110.0,79.0,86.0,21.0,14.0,-12.5,-110,26,33,12.5,-110,74,67,2026-01-04 13:25:00-08:00,2026-01-02 22:11:25.806878
256931,nfl,Broncos,Chargers,136,1325,scheduled,,,,,,,,,,,,,,,,,2026-01-04T21:25:00.000Z,15,15,256931,10016.0,-909,84,59,650,16,41,,,,37.5,-110.0,-110.0,79.0,86.0,21.0,14.0,-13.5,-110,26,33,13.5,-110,74,67,2026-01-04 13:25:00-08:00,2026-01-03 02:44:40.753351
256931,nfl,Broncos,Chargers,136,1325,scheduled,,,,,,,,,,,,,,,,,2026-01-04T21:25:00.000Z,15,15,256931,10471.0,-909,84,57,650,16,43,,,,37.5,-110.0,-110.0,79.0,85.0,21.0,15.0,-13.5,-110,26,32,13.5,-115,74,68,2026-01-04 13:25:00-08:00,2026-01-03 04:24:00.701727
256931,nfl,Broncos,Chargers,136,1325,scheduled,,,,,,,,,,,,,,,,,2026-01-04T21:25:00.000Z,15,15,256931,11066.0,-1000,84,58,660,16,42,,,,37.5,-110.0,-110.0,79.0,86.0,21.0,14.0,-13.5,-110,27,31,13.5,-115,73,69,2026-01-04 13:25:00-08:00,2026-01-03 11:09:25.145253
256931,nfl,Broncos,Chargers,136,1325,scheduled,,,,,,,,,,,,,,,,,2026-01-04T21:25:00.000Z,15,15,256931,11132.0,-1000,84,58,650,16,42,,,,37.5,-110.0,-110.0,79.0,85.0,21.0,15.0,-13.5,-110,27,31,13.5,-115,73,69,2026-01-04 13:25:00-08:00,2026-01-03 12:19:55.404976
256931,nfl,Broncos,Chargers,136,1325,scheduled,,,,,,,,,,,,,,,,,2026-01-04T21:25:00.000Z,15,15,256931,11293.0,-1000,84,58,660,16,42,,,,37.5,-110.0,-110.0,79.0,85.0,21.0,15.0,-13.5,-110,27,31,13.5,-115,73,69,2026-01-04 13:25:00-08:00,2026-01-03 14:10:41.961023
256931,nfl,Broncos,Chargers,136,1325,scheduled,,,,,,,,,,,,,,,,,2026-01-04T21:25:00.000Z,15,15,256931,11410.0,-1000,84,58,650,16,42,,,,37.5,-110.0,-110.0,79.0,85.0,21.0,15.0,-13.5,-110,27,31,13.5,-115,73,69,2026-01-04 13:25:00-08:00,2026-01-03 15:10:44.198057
256931,nfl,Broncos,Chargers,136,1325,scheduled,,,,,,,,,,,,,,,,,2026-01-04T21:25:00.000Z,15,15,256931,11642.0,-1000,84,58,660,16,42,,,,37.5,-110.0,-110.0,79.0,85.0,21.0,15.0,-13.5,-110,28,30,13.5,-115,72,70,2026-01-04 13:25:00-08:00,2026-01-03 16:12:51.505589
256931,nfl,Broncos,Chargers,136,1325,scheduled,,,,,,,,,,,,,,,,,2026-01-04T21:25:00.000Z,15,15,256931,11965.0,-1000,84,58,660,16,42,,,,37.5,-110.0,-110.0,79.0,85.0,21.0,15.0,-13.5,-110,28,30,13.5,-110,72,70,2026-01-04 13:25:00-08:00,2026-01-03 17:09:37.224216
256931,nfl,Broncos,Chargers,136,1325,scheduled,,,,,,,,,,,,,,,,,2026-01-04T21:25:00.000Z,15,15,256931,12616.0,-1000,84,58,650,16,42,,,,37.5,-110.0,-110.0,79.0,85.0,21.0,15.0,-13.5,-110,28,30,13.5,-110,72,70,2026-01-04 13:25:00-08:00,2026-01-03 19:08:23.831758
256931,nfl,Broncos,Chargers,136,1325,scheduled,,,,,,,,,,,,,,,,,2026-01-04T21:25:00.000Z,15,15,256931,12990.0,-1000,84,58,660,16,42,,,,37.5,-110.0,-110.0,79.0,85.0,21.0,15.0,-13.5,-110,28,30,13.5,-110,72,70,2026-01-04 13:25:00-08:00,2026-01-03 20:12:08.391760
256931,nfl,Broncos,Chargers,136,1325,scheduled,,,,,,,,,,,,,,,,,2026-01-04T21:25:00.000Z,15,15,256931,14348.0,-1100,84,59,730,16,41,,,,37.5,-111.0,-110.0,79.0,84.0,21.0,16.0,-14.0,-110,29,29,14.0,-110,71,71,2026-01-04 13:25:00-08:00,2026-01-04 01:00:46.546153
256931,nfl,Broncos,Chargers,136,1325,scheduled,,,,,,,,,,,,,,,,,2026-01-04T21:25:00.000Z,15,15,256931,15479.0,-1200,84,59,800,16,41,,,,37.5,-111.0,-110.0,80.0,83.0,20.0,17.0,-14.0,-110,29,32,14.0,-110,71,68,2026-01-04 13:25:00-08:00,2026-01-04 04:40:53.149533
256931,nfl,Broncos,Chargers,136,1325,scheduled,,,,,,,,,,,,,,,,,2026-01-04T21:25:00.000Z,15,15,256931,38526.0,-1350,86,56,800,14,44,,,,37.5,-111.0,-110.0,78.0,77.0,22.0,23.0,-14.0,-110,35,41,14.0,-110,65,59,2026-01-04 13:25:00-08:00,2026-01-04 19:08:28.425991
256931,nfl,Broncos,Chargers,136,1325,scheduled,,,,,,,,,,,,,,,,,2026-01-04T21:25:00.000Z,15,15,256931,40697.0,-1350,85,49,800,15,51,,,,37.5,-111.0,-110.0,78.0,75.0,22.0,25.0,-14.5,-105,36,47,14.5,-115,64,53,2026-01-04 13:25:00-08:00,2026-01-04 20:12:50.856414
256931,nfl,Broncos,Chargers,136,1325,scheduled,,,,,,,,,,,,,,,,,2026-01-04T21:25:00.000Z,15,15,256931,46634.0,-1350,85,49,850,15,51,,,,37.5,-111.0,-110.0,78.0,75.0,22.0,25.0,-14.5,-110,36,47,14.5,-110,64,53,2026-01-04 13:25:00-08:00,2026-01-04 21:10:16.803707
283792,nfl,Jaguars,Bills,134,125,complete,24.0,27.0,,,,,,,,,,,,,,,2026-01-11T18:00:00.000Z,15,15,283792,234522.0,-125,41,43,105,59,57,,,,51.5,-106.0,-112.0,69.0,59.0,31.0,41.0,-1.5,-110,41,41,1.5,-105,59,59,2026-01-11 10:00:00-08:00,2026-04-22 04:38:34.361918
283792,nfl,Jaguars,Bills,134,125,complete,24.0,27.0,,,,,,,,,,,,,,,2026-01-11T18:00:00.000Z,15,15,283792,234522.0,-125,41,43,105,59,57,,,,51.5,-106.0,-112.0,69.0,59.0,31.0,41.0,-1.5,-110,41,41,1.5,-105,59,59,2026-01-11 10:00:00-08:00,2026-05-12 13:51:07.754473
283790,nfl,Panthers,Rams,150,251,complete,31.0,34.0,,,,,,,,,,,,,,,2026-01-10T21:30:00.000Z,15,15,283790,203261.0,425,13,39,-567,87,61,,,,45.0,-110.0,-110.0,75.0,66.0,25.0,34.0,10.0,-102,51,55,-10.0,-110,49,45,2026-01-10 13:30:00-08:00,2026-04-22 04:38:34.361918
283790,nfl,Panthers,Rams,150,251,complete,31.0,34.0,,,,,,,,,,,,,,,2026-01-10T21:30:00.000Z,15,15,283790,203261.0,425,13,39,-567,87,61,,,,45.0,-110.0,-110.0,75.0,66.0,25.0,34.0,10.0,-102,51,55,-10.0,-110,49,45,2026-01-10 13:30:00-08:00,2026-05-12 13:51:07.754473
283974,nfl,Broncos,Bills,136,125,complete,33.0,30.0,,,,,,,,,,,,,,,2026-01-17T21:30:00.000Z,15,15,283974,258483.0,-125,34,41,105,66,59,,,,45.5,-110.0,-112.0,65.0,57.0,35.0,43.0,-1.5,-112,28,31,1.5,-108,72,69,2026-01-17 13:30:00-08:00,2026-04-22 04:38:34.361918
283974,nfl,Broncos,Bills,136,125,complete,33.0,30.0,,,,,,,,,,,,,,,2026-01-17T21:30:00.000Z,15,15,283974,258483.0,-125,34,41,105,66,59,,,,45.5,-110.0,-112.0,65.0,57.0,35.0,43.0,-1.5,-112,28,31,1.5,-108,72,69,2026-01-17 13:30:00-08:00,2026-05-12 13:51:07.754473
283976,nfl,Bears,Rams,143,251,complete,17.0,20.0,,,,,,,,,,,,,,,2026-01-18T23:30:00.000Z,15,15,283976,242227.0,170,38,51,-205,62,49,,,,49.5,-108.0,-110.0,64.0,61.0,36.0,39.0,3.5,-102,63,63,-3.5,-120,37,37,2026-01-18 15:30:00-08:00,2026-04-22 04:38:34.361918
283976,nfl,Bears,Rams,143,251,complete,17.0,20.0,,,,,,,,,,,,,,,2026-01-18T23:30:00.000Z,15,15,283976,242227.0,170,38,51,-205,62,49,,,,49.5,-108.0,-110.0,64.0,61.0,36.0,39.0,3.5,-102,63,63,-3.5,-120,37,37,2026-01-18 15:30:00-08:00,2026-05-12 13:51:07.754473
283791,nfl,Bears,Packers,143,147,complete,31.0,27.0,,,,,,,,,,,,,,,2026-01-11T01:00:00.000Z,15,15,283791,192093.0,105,64,64,-125,36,36,,,,46.5,-110.0,-110.0,62.0,60.0,38.0,40.0,1.5,-105,71,72,-1.5,-107,29,28,2026-01-10 17:00:00-08:00,2026-04-22 04:38:34.361918
283791,nfl,Bears,Packers,143,147,complete,31.0,27.0,,,,,,,,,,,,,,,2026-01-11T01:00:00.000Z,15,15,283791,192093.0,105,64,64,-125,36,36,,,,46.5,-110.0,-110.0,62.0,60.0,38.0,40.0,1.5,-105,71,72,-1.5,-107,29,28,2026-01-10 17:00:00-08:00,2026-05-12 13:51:07.754473
284238,nfl,Seahawks,Rams,156,251,complete,31.0,27.0,,,,,,,,,,,,,,,2026-01-25T23:30:00.000Z,15,15,284238,256974.0,-142,65,54,120,35,46,,,,45.5,-115.0,-105.0,77.0,72.0,23.0,28.0,-2.5,-105,51,54,2.5,-115,49,46,2026-01-25 15:30:00-08:00,2026-04-22 04:38:34.361918
284238,nfl,Seahawks,Rams,156,251,complete,31.0,27.0,,,,,,,,,,,,,,,2026-01-25T23:30:00.000Z,15,15,284238,256974.0,-142,65,54,120,35,46,,,,45.5,-115.0,-105.0,77.0,72.0,23.0,28.0,-2.5,-105,51,54,2.5,-115,49,46,2026-01-25 15:30:00-08:00,2026-05-12 13:51:07.754473
283794,nfl,Patriots,Chargers,129,1325,complete,16.0,3.0,,,,,,,,,,,,,,,2026-01-12T01:15:00.000Z,15,15,283794,205679.0,-202,83,73,159,17,27,,,,45.5,-110.0,-120.0,79.0,77.0,21.0,23.0,-3.5,-114,56,48,3.5,-110,44,52,2026-01-11 17:15:00-08:00,2026-04-22 04:38:34.361918
283794,nfl,Patriots,Chargers,129,1325,complete,16.0,3.0,,,,,,,,,,,,,,,2026-01-12T01:15:00.000Z,15,15,283794,205679.0,-202,83,73,159,17,27,,,,45.5,-110.0,-120.0,79.0,77.0,21.0,23.0,-3.5,-114,56,48,3.5,-110,44,52,2026-01-11 17:15:00-08:00,2026-05-12 13:51:07.754473
283988,nfl,Patriots,Texans,129,137,complete,28.0,16.0,,,,,,,,,,,,,,,2026-01-18T20:00:00.000Z,15,15,283988,232316.0,-180,67,48,150,33,52,,,,41.0,-112.0,-107.0,63.0,61.0,37.0,39.0,-3.5,-117,41,40,3.5,-102,59,60,2026-01-18 12:00:00-08:00,2026-04-22 04:38:34.361918
283988,nfl,Patriots,Texans,129,137,complete,28.0,16.0,,,,,,,,,,,,,,,2026-01-18T20:00:00.000Z,15,15,283988,232316.0,-180,67,48,150,33,52,,,,41.0,-112.0,-107.0,63.0,61.0,37.0,39.0,-3.5,-117,41,40,3.5,-102,59,60,2026-01-18 12:00:00-08:00,2026-05-12 13:51:07.754473
283975,nfl,Seahawks,49ers,156,154,complete,41.0,6.0,,,,,,,,,,,,,,,2026-01-18T01:00:00.000Z,15,15,283975,208542.0,-310,61,32,250,39,68,,,,44.5,-105.0,-114.0,55.0,45.0,45.0,55.0,-7.0,-109,25,29,7.0,-111,75,71,2026-01-17 17:00:00-08:00,2026-04-22 04:38:34.361918
283975,nfl,Seahawks,49ers,156,154,complete,41.0,6.0,,,,,,,,,,,,,,,2026-01-18T01:00:00.000Z,15,15,283975,208542.0,-310,61,32,250,39,68,,,,44.5,-105.0,-114.0,55.0,45.0,45.0,55.0,-7.0,-109,25,29,7.0,-111,75,71,2026-01-17 17:00:00-08:00,2026-05-12 13:51:07.754473
284237,nfl,Broncos,Patriots,136,129,complete,7.0,10.0,,,,,,,,,,,,,,,2026-01-25T20:00:00.000Z,15,15,284237,271151.0,172,20,20,-207,80,80,,,,43.0,-110.0,-110.0,62.0,57.0,38.0,43.0,3.5,-105,35,47,-3.5,-109,65,53,2026-01-25 12:00:00-08:00,2026-04-22 04:38:34.361918
284237,nfl,Broncos,Patriots,136,129,complete,7.0,10.0,,,,,,,,,,,,,,,2026-01-25T20:00:00.000Z,15,15,284237,271151.0,172,20,20,-207,80,80,,,,43.0,-110.0,-110.0,62.0,57.0,38.0,43.0,3.5,-105,35,47,-3.5,-109,65,53,2026-01-25 12:00:00-08:00,2026-05-12 13:51:07.754473
283793,nfl,Eagles,49ers,142,154,complete,19.0,23.0,,,,,,,,,,,,,,,2026-01-11T21:30:00.000Z,15,15,283793,217114.0,-250,66,42,205,34,58,,,,44.5,-110.0,-110.0,73.0,71.0,27.0,29.0,-5.5,-110,24,22,5.5,-110,76,78,2026-01-11 13:30:00-08:00,2026-04-22 04:38:34.361918
283793,nfl,Eagles,49ers,142,154,complete,19.0,23.0,,,,,,,,,,,,,,,2026-01-11T21:30:00.000Z,15,15,283793,217114.0,-250,66,42,205,34,58,,,,44.5,-110.0,-110.0,73.0,71.0,27.0,29.0,-5.5,-110,24,22,5.5,-110,76,78,2026-01-11 13:30:00-08:00,2026-05-12 13:51:07.754473
284635,nfl,Patriots,Seahawks,129,156,complete,13.0,29.0,,,,,,,,,,,,,,,2026-02-08T23:30:00.000Z,15,15,284635,771135.0,190,35,44,-230,65,56,,,,45.5,-105.0,-113.0,65.0,60.0,35.0,40.0,4.5,-109,46,54,-4.5,-111,54,46,2026-02-08 15:30:00-08:00,2026-04-22 04:38:34.361918
284635,nfl,Patriots,Seahawks,129,156,complete,13.0,29.0,,,,,,,,,,,,,,,2026-02-08T23:30:00.000Z,15,15,284635,771135.0,190,35,44,-230,65,56,,,,45.5,-105.0,-113.0,65.0,60.0,35.0,40.0,4.5,-109,46,54,-4.5,-111,54,46,2026-02-08 15:30:00-08:00,2026-05-12 13:51:07.754473
283795,nfl,Steelers,Texans,132,137,complete,6.0,30.0,,,,,,,,,,,,,,,2026-01-13T01:15:00.000Z,15,15,283795,244837.0,130,33,42,-155,67,58,,,,38.5,-105.0,-115.0,69.0,66.0,31.0,34.0,3.0,-115,51,50,-3.0,-105,49,50,2026-01-12 17:15:00-08:00,2026-04-22 04:38:34.361918
283795,nfl,Steelers,Texans,132,137,complete,6.0,30.0,,,,,,,,,,,,,,,2026-01-13T01:15:00.000Z,15,15,283795,244837.0,130,33,42,-155,67,58,,,,38.5,-105.0,-115.0,69.0,66.0,31.0,34.0,3.0,-115,51,50,-3.0,-105,49,50,2026-01-12 17:15:00-08:00,2026-05-12 13:51:07.754473
290800,nfl,Giants,Cowboys,144,140,scheduled,,,,,,,,,,,,,,,,,2026-09-14T00:20:00.000Z,15,15,290800,,125,0,0,-150,0,0,,,,48.5,-110.0,-110.0,0.0,0.0,0.0,0.0,2.5,-102,0,0,-2.5,-120,0,0,2026-09-13 17:20:00-07:00,2026-05-12 16:13:17.387841
290800,nfl,Giants,Cowboys,144,140,scheduled,N/A,N/A,,,,,,,,,,,,,,,2026-09-14T00:20:00.000Z,15,15,290800,,125,0,0,-150,0,0,N/A,N/A,N/A,48.5,-110,-110,0,0,0,0,2.5,-102,0,0,-2.5,-120,0,0,2026-09-13 17:20:00-07:00,2026-05-12 20:24:53.560766
290805,nfl,Cowboys,Eagles,140,142,scheduled,,,,,,,,,,,,,,,,,2026-11-26T21:30:00.000Z,15,15,290805,,-105,0,0,-115,0,0,,,,49.5,-115.0,-105.0,0.0,0.0,0.0,0.0,1.5,-115,0,0,-1.5,-105,0,0,2026-11-26 13:30:00-08:00,2026-05-12 18:30:49.207939
290805,nfl,Cowboys,Eagles,140,142,scheduled,N/A,N/A,,,,,,,,,,,,,,,2026-11-26T21:30:00.000Z,15,15,290805,,-105,0,0,-115,0,0,N/A,N/A,N/A,49.5,-115,-105,0,0,0,0,1.5,-115,0,0,-1.5,-105,0,0,2026-11-26 13:30:00-08:00,2026-05-12 20:24:53.560766
290804,nfl,Cowboys,Ravens,140,131,scheduled,,,,,,,,,,,,,,,,,2026-09-27T20:25:00.000Z,15,15,290804,,110,0,0,-130,0,0,,,,,,,,,,,2.5,-115,0,0,-2.5,-107,0,0,2026-09-27 13:25:00-07:00,2026-05-12 18:30:49.207939
290804,nfl,Cowboys,Ravens,140,131,scheduled,N/A,N/A,,,,,,,,,,,,,,,2026-09-27T20:25:00.000Z,15,15,290804,,110,0,0,-130,0,0,N/A,N/A,N/A,N/A,N/A,N/A,N/A,N/A,N/A,N/A,2.5,-115,0,0,-2.5,-107,0,0,2026-09-27 13:25:00-07:00,2026-05-12 20:24:53.560766
290803,nfl,Bills,Lions,125,146,scheduled,,,,,,,,,,,,,,,,,2026-09-18T00:15:00.000Z,15,15,290803,,-165,0,0,140,0,0,,,,52.5,-115.0,-105.0,0.0,0.0,0.0,0.0,-3.0,-110,0,0,3.0,-110,0,0,2026-09-17 17:15:00-07:00,2026-05-12 18:30:49.207939
290803,nfl,Bills,Lions,125,146,scheduled,N/A,N/A,,,,,,,,,,,,,,,2026-09-18T00:15:00.000Z,15,15,290803,,-165,0,0,140,0,0,N/A,N/A,N/A,52.5,-115,-105,0,0,0,0,-3.0,-110,0,0,3.0,-110,0,0,2026-09-17 17:15:00-07:00,2026-05-12 20:24:53.560766
290802,nfl,Rams,49ers,251,154,scheduled,,,,,,,,,,,,,,,,,2026-09-11T00:35:00.000Z,15,15,290802,,-140,0,0,115,0,0,,,,49.5,-110.0,-110.0,0.0,0.0,0.0,0.0,-2.5,-105,0,0,2.5,-115,0,0,2026-09-10 17:35:00-07:00,2026-05-12 18:30:49.207939
290802,nfl,Rams,49ers,251,154,scheduled,N/A,N/A,,,,,,,,,,,,,,,2026-09-11T00:35:00.000Z,15,15,290802,,-140,0,0,115,0,0,N/A,N/A,N/A,49.5,-110,-110,0,0,0,0,-2.5,-105,0,0,2.5,-115,0,0,2026-09-10 17:35:00-07:00,2026-05-12 20:24:53.560766
